[
  {
    "question": "1",
    "text": "1",
    "x": 164,
    "y": 199,
    "page_width": 1754,
    "page_height": 1241,
    "page_no": 5
  },
  {
    "question": "2",
    "text": "2a",
    "x": 163,
    "y": 504,
    "page_width": 1754,
    "page_height": 1241,
    "page_no": 5
  },
  {
    "question": "2",
    "text": "2b",
    "x": 163,
    "y": 800,
    "page_width": 1754,
    "page_height": 1241,
    "page_no": 5
  },
  {
    "question": "3",
    "text": "3",
    "x": 162,
    "y": 199,
    "page_width": 1754,
    "page_height": 1241,
    "page_no": 6
  },
  {
    "question": "4",
    "text": "4",
    "x": 162,
    "y": 493,
    "page_width": 1754,
    "page_height": 1241,
    "page_no": 6
  },
  {
    "question": "5",
    "text": "5",
    "x": 163,
    "y": 789,
    "page_width": 1754,
    "page_height": 1241,
    "page_no": 6
  },
  {
    "question": "6",
    "text": "6",
    "x": 163,
    "y": 199,
    "page_width": 1754,
    "page_height": 1241,
    "page_no": 7
  },
  {
    "question": "7",
    "text": "7",
    "x": 163,
    "y": 524,
    "page_width": 1754,
    "page_height": 1241,
    "page_no": 7
  },
  {
    "question": "8",
    "text": "8",
    "x": 163,
    "y": 820,
    "page_width": 1754,
    "page_height": 1241,
    "page_no": 7
  },
  {
    "question": "9",
    "text": "9",
    "x": 163,
    "y": 199,
    "page_width": 1754,
    "page_height": 1241,
    "page_no": 8
  },
  {
    "question": "10",
    "text": "10",
    "x": 164,
    "y": 524,
    "page_width": 1754,
    "page_height": 1241,
    "page_no": 8
  },
  {
    "question": "11",
    "text": "11a",
    "x": 164,
    "y": 820,
    "page_width": 1754,
    "page_height": 1241,
    "page_no": 8
  },
  {
    "question": "11",
    "text": "11b",
    "x": 164,
    "y": 199,
    "page_width": 1754,
    "page_height": 1241,
    "page_no": 9
  },
  {
    "question": "12",
    "text": "12a",
    "x": 164,
    "y": 610,
    "page_width": 1754,
    "page_height": 1241,
    "page_no": 9
  },
  {
    "question": "12",
    "text": "12b",
    "x": 164,
    "y": 906,
    "page_width": 1754,
    "page_height": 1241,
    "page_no": 9
  },
  {
    "question": "13",
    "text": "13",
    "x": 164,
    "y": 228,
    "page_width": 1754,
    "page_height": 1241,
    "page_no": 10
  },
  {
    "question": "14",
    "text": "14",
    "x": 164,
    "y": 521,
    "page_width": 1754,
    "page_height": 1241,
    "page_no": 10
  },
  {
    "question": "15",
    "text": "15a",
    "x": 164,
    "y": 817,
    "page_width": 1754,
    "page_height": 1241,
    "page_no": 10
  },
  {
    "question": "15",
    "text": "15b",
    "x": 164,
    "y": 199,
    "page_width": 1754,
    "page_height": 1241,
    "page_no": 11
  },
  {
    "question": "16",
    "text": "16",
    "x": 164,
    "y": 505,
    "page_width": 1754,
    "page_height": 1241,
    "page_no": 11
  },
  {
    "question": "17",
    "text": "17a",
    "x": 164,
    "y": 227,
    "page_width": 1754,
    "page_height": 1241,
    "page_no": 12
  },
  {
    "question": "17",
    "text": "17b",
    "x": 164,
    "y": 225,
    "page_width": 1754,
    "page_height": 1241,
    "page_no": 13
  },
  {
    "question": "17",
    "text": "17c",
    "x": 164,
    "y": 198,
    "page_width": 1754,
    "page_height": 1241,
    "page_no": 14
  },
  {
    "question": "17",
    "text": "17d",
    "x": 164,
    "y": 198,
    "page_width": 1754,
    "page_height": 1241,
    "page_no": 15
  },
  {
    "question": "18",
    "text": "18a",
    "x": 164,
    "y": 198,
    "page_width": 1754,
    "page_height": 1241,
    "page_no": 16
  },
  {
    "question": "18",
    "text": "18b",
    "x": 164,
    "y": 374,
    "page_width": 1754,
    "page_height": 1241,
    "page_no": 16
  },
  {
    "question": "18",
    "text": "18c",
    "x": 164,
    "y": 198,
    "page_width": 1754,
    "page_height": 1241,
    "page_no": 17
  },
  {
    "question": "18",
    "text": "18di",
    "x": 164,
    "y": 198,
    "page_width": 1754,
    "page_height": 1241,
    "page_no": 18
  },
  {
    "question": "18",
    "text": "18dii",
    "x": 164,
    "y": 661,
    "page_width": 1754,
    "page_height": 1241,
    "page_no": 18
  },
  {
    "question": "18",
    "text": "18e",
    "x": 164,
    "y": 198,
    "page_width": 1754,
    "page_height": 1241,
    "page_no": 19
  },
  {
    "question": "19",
    "text": "19ai",
    "x": 164,
    "y": 225,
    "page_width": 1754,
    "page_height": 1241,
    "page_no": 22
  },
  {
    "question": "19",
    "text": "19aii",
    "x": 164,
    "y": 256,
    "page_width": 1754,
    "page_height": 1241,
    "page_no": 23
  },
  {
    "question": "19",
    "text": "19b",
    "x": 164,
    "y": 198,
    "page_width": 1754,
    "page_height": 1241,
    "page_no": 24
  },
  {
    "question": "19",
    "text": "19ci",
    "x": 164,
    "y": 198,
    "page_width": 1754,
    "page_height": 1241,
    "page_no": 26
  },
  {
    "question": "19",
    "text": "19cii",
    "x": 164,
    "y": 198,
    "page_width": 1754,
    "page_height": 1241,
    "page_no": 27
  },
  {
    "question": "19",
    "text": "19ciii",
    "x": 164,
    "y": 806,
    "page_width": 1754,
    "page_height": 1241,
    "page_no": 27
  },
  {
    "question": "19",
    "text": "19civ",
    "x": 164,
    "y": 198,
    "page_width": 1754,
    "page_height": 1241,
    "page_no": 28
  },
  {
    "question": "19",
    "text": "19cv",
    "x": 164,
    "y": 198,
    "page_width": 1754,
    "page_height": 1241,
    "page_no": 29
  },
  {
    "question": "19",
    "text": "19cvi",
    "x": 164,
    "y": 256,
    "page_width": 1754,
    "page_height": 1241,
    "page_no": 30
  },
  {
    "question": "20",
    "text": "20ai",
    "x": 163,
    "y": 256,
    "page_width": 1754,
    "page_height": 1241,
    "page_no": 31
  },
  {
    "question": "20",
    "text": "20aii",
    "x": 163,
    "y": 223,
    "page_width": 1754,
    "page_height": 1241,
    "page_no": 32
  },
  {
    "question": "20",
    "text": "20bi",
    "x": 163,
    "y": 198,
    "page_width": 1754,
    "page_height": 1241,
    "page_no": 33
  },
  {
    "question": "20",
    "text": "20b",
    "x": 163,
    "y": 221,
    "page_width": 1754,
    "page_height": 1241,
    "page_no": 34
  },
  {
    "question": "20",
    "text": "20c",
    "x": 163,
    "y": 214,
    "page_width": 1754,
    "page_height": 1241,
    "page_no": 35
  },
  {
    "question": "20",
    "text": "20d",
    "x": 163,
    "y": 642,
    "page_width": 1754,
    "page_height": 1241,
    "page_no": 35
  },
  {
    "question": "20",
    "text": "20e",
    "x": 163,
    "y": 214,
    "page_width": 1754,
    "page_height": 1241,
    "page_no": 36
  },
  {
    "question": "20",
    "text": "20eii",
    "x": 163,
    "y": 238,
    "page_width": 1754,
    "page_height": 1241,
    "page_no": 37
  },
  {
    "question": "20",
    "text": "20H@",
    "x": 163,
    "y": 629,
    "page_width": 1754,
    "page_height": 1241,
    "page_no": 37
  },
  {
    "question": "20",
    "text": "20f",
    "x": 163,
    "y": 251,
    "page_width": 1754,
    "page_height": 1241,
    "page_no": 38
  }
]