[
  {
    "question": "1",
    "text": "1b",
    "x": 87,
    "y": 196,
    "page_width": 1241,
    "page_height": 1754,
    "page_no": 5
  },
  {
    "question": "2",
    "text": "2a",
    "x": 86,
    "y": 197,
    "page_width": 1241,
    "page_height": 1754,
    "page_no": 6
  },
  {
    "question": "2",
    "text": "2b",
    "x": 86,
    "y": 905,
    "page_width": 1241,
    "page_height": 1754,
    "page_no": 6
  },
  {
    "question": "2",
    "text": "2c",
    "x": 86,
    "y": 197,
    "page_width": 1241,
    "page_height": 1754,
    "page_no": 7
  },
  {
    "question": "3",
    "text": "3a",
    "x": 86,
    "y": 825,
    "page_width": 1241,
    "page_height": 1754,
    "page_no": 7
  },
  {
    "question": "3",
    "text": "3b",
    "x": 86,
    "y": 196,
    "page_width": 1241,
    "page_height": 1754,
    "page_no": 8
  },
  {
    "question": "6",
    "text": "6",
    "x": 86,
    "y": 279,
    "page_width": 1241,
    "page_height": 1754,
    "page_no": 13
  },
  {
    "question": "7",
    "text": "7c",
    "x": 86,
    "y": 198,
    "page_width": 1241,
    "page_height": 1754,
    "page_no": 15
  },
  {
    "question": "8",
    "text": "8",
    "x": 86,
    "y": 894,
    "page_width": 1241,
    "page_height": 1754,
    "page_no": 15
  },
  {
    "question": "9",
    "text": "9",
    "x": 86,
    "y": 197,
    "page_width": 1241,
    "page_height": 1754,
    "page_no": 16
  },
  {
    "question": "10",
    "text": "10",
    "x": 81,
    "y": 185,
    "page_width": 1241,
    "page_height": 1754,
    "page_no": 17
  },
  {
    "question": "12",
    "text": "12",
    "x": 87,
    "y": 279,
    "page_width": 1241,
    "page_height": 1754,
    "page_no": 21
  },
  {
    "question": "13",
    "text": "13a",
    "x": 87,
    "y": 781,
    "page_width": 1241,
    "page_height": 1754,
    "page_no": 21
  },
  {
    "question": "13",
    "text": "13c",
    "x": 87,
    "y": 197,
    "page_width": 1241,
    "page_height": 1754,
    "page_no": 23
  },
  {
    "question": "14",
    "text": "14",
    "x": 87,
    "y": 845,
    "page_width": 1241,
    "page_height": 1754,
    "page_no": 23
  },
  {
    "question": "15",
    "text": "15",
    "x": 87,
    "y": 198,
    "page_width": 1241,
    "page_height": 1754,
    "page_no": 24
  },
  {
    "question": "4",
    "text": "4",
    "x": 95,
    "y": 186,
    "page_width": 1241,
    "page_height": 1754,
    "page_no": 9
  },
  {
    "question": "1",
    "text": "1",
    "x": 97,
    "y": 350,
    "page_width": 1241,
    "page_height": 1754,
    "page_no": 10
  },
  {
    "question": "2",
    "text": "2",
    "x": 96,
    "y": 463,
    "page_width": 1241,
    "page_height": 1754,
    "page_no": 10
  },
  {
    "question": "3",
    "text": "3",
    "x": 95,
    "y": 607,
    "page_width": 1241,
    "page_height": 1754,
    "page_no": 10
  },
  {
    "question": "4",
    "text": "4",
    "x": 95,
    "y": 783,
    "page_width": 1241,
    "page_height": 1754,
    "page_no": 10
  },
  {
    "question": "5",
    "text": "5",
    "x": 96,
    "y": 186,
    "page_width": 1241,
    "page_height": 1754,
    "page_no": 11
  },
  {
    "question": "1",
    "text": "1",
    "x": 97,
    "y": 363,
    "page_width": 1241,
    "page_height": 1754,
    "page_no": 12
  },
  {
    "question": "2",
    "text": "2",
    "x": 96,
    "y": 475,
    "page_width": 1241,
    "page_height": 1754,
    "page_no": 12
  },
  {
    "question": "3",
    "text": "3",
    "x": 95,
    "y": 620,
    "page_width": 1241,
    "page_height": 1754,
    "page_no": 12
  },
  {
    "question": "4",
    "text": "4",
    "x": 95,
    "y": 827,
    "page_width": 1241,
    "page_height": 1754,
    "page_no": 12
  },
  {
    "question": "11",
    "text": "11",
    "x": 96,
    "y": 186,
    "page_width": 1241,
    "page_height": 1754,
    "page_no": 19
  },
  {
    "question": "1",
    "text": "1",
    "x": 97,
    "y": 363,
    "page_width": 1241,
    "page_height": 1754,
    "page_no": 20
  },
  {
    "question": "2",
    "text": "2",
    "x": 96,
    "y": 475,
    "page_width": 1241,
    "page_height": 1754,
    "page_no": 20
  },
  {
    "question": "3",
    "text": "3",
    "x": 95,
    "y": 620,
    "page_width": 1241,
    "page_height": 1754,
    "page_no": 20
  },
  {
    "question": "4",
    "text": "4",
    "x": 95,
    "y": 765,
    "page_width": 1241,
    "page_height": 1754,
    "page_no": 20
  },
  {
    "question": "16",
    "text": "16",
    "x": 96,
    "y": 185,
    "page_width": 1241,
    "page_height": 1754,
    "page_no": 25
  },
  {
    "question": "1",
    "text": "1",
    "x": 97,
    "y": 363,
    "page_width": 1241,
    "page_height": 1754,
    "page_no": 26
  },
  {
    "question": "2",
    "text": "2",
    "x": 96,
    "y": 475,
    "page_width": 1241,
    "page_height": 1754,
    "page_no": 26
  },
  {
    "question": "3",
    "text": "3",
    "x": 95,
    "y": 620,
    "page_width": 1241,
    "page_height": 1754,
    "page_no": 26
  },
  {
    "question": "4",
    "text": "4",
    "x": 95,
    "y": 827,
    "page_width": 1241,
    "page_height": 1754,
    "page_no": 26
  },
  {
    "question": "17",
    "text": "17",
    "x": 96,
    "y": 217,
    "page_width": 1241,
    "page_height": 1754,
    "page_no": 27
  },
  {
    "question": "1",
    "text": "1",
    "x": 97,
    "y": 363,
    "page_width": 1241,
    "page_height": 1754,
    "page_no": 28
  },
  {
    "question": "2",
    "text": "2",
    "x": 96,
    "y": 475,
    "page_width": 1241,
    "page_height": 1754,
    "page_no": 28
  },
  {
    "question": "3",
    "text": "3",
    "x": 95,
    "y": 620,
    "page_width": 1241,
    "page_height": 1754,
    "page_no": 28
  },
  {
    "question": "4",
    "text": "4",
    "x": 95,
    "y": 765,
    "page_width": 1241,
    "page_height": 1754,
    "page_no": 28
  },
  {
    "question": "1",
    "text": "1",
    "x": 112,
    "y": 363,
    "page_width": 1241,
    "page_height": 1754,
    "page_no": 18
  },
  {
    "question": "2",
    "text": "2",
    "x": 110,
    "y": 475,
    "page_width": 1241,
    "page_height": 1754,
    "page_no": 18
  },
  {
    "question": "3",
    "text": "3",
    "x": 110,
    "y": 620,
    "page_width": 1241,
    "page_height": 1754,
    "page_no": 18
  },
  {
    "question": "4",
    "text": "4",
    "x": 110,
    "y": 827,
    "page_width": 1241,
    "page_height": 1754,
    "page_no": 18
  }
]