[
  {
    "question": 0,
    "x": 138,
    "y": 1591,
    "page_no": 13,
    "page_width": 1241,
    "page_height": 1754
  },
  {
    "question": 1,
    "x": 155,
    "y": 296,
    "page_no": 7,
    "page_width": 1241,
    "page_height": 1754
  },
  {
    "question": "2",
    "text": "2",
    "x": 145,
    "y": 253,
    "page_width": 1241,
    "page_height": 1754,
    "page_no": 8
  },
  {
    "question": "3",
    "text": "3a",
    "x": 145,
    "y": 253,
    "page_width": 1241,
    "page_height": 1754,
    "page_no": 9
  },
  {
    "question": "4",
    "text": "4a@",
    "x": 145,
    "y": 279,
    "page_width": 1241,
    "page_height": 1754,
    "page_no": 12
  },
  {
    "question": "4",
    "text": "4d",
    "x": 145,
    "y": 832,
    "page_width": 1241,
    "page_height": 1754,
    "page_no": 13
  }
]