[
  {
    "question": "5",
    "text": "5",
    "x": 194,
    "y": 124,
    "page_width": 1754,
    "page_height": 1241,
    "page_no": 18
  },
  {
    "question": "1",
    "text": "1]",
    "x": 195,
    "y": 317,
    "page_width": 1754,
    "page_height": 1241,
    "page_no": 18
  },
  {
    "question": "1",
    "text": "1]",
    "x": 195,
    "y": 419,
    "page_width": 1754,
    "page_height": 1241,
    "page_no": 18
  },
  {
    "question": "2",
    "text": "2]",
    "x": 194,
    "y": 791,
    "page_width": 1754,
    "page_height": 1241,
    "page_no": 18
  },
  {
    "question": "2",
    "text": "2]",
    "x": 194,
    "y": 163,
    "page_width": 1754,
    "page_height": 1241,
    "page_no": 19
  }
]