[
  {
    "question": "1",
    "text": "1.",
    "x": 150,
    "y": 370,
    "page_width": 1359,
    "page_height": 1873,
    "page_no": 2
  },
  {
    "question": "3",
    "text": "3",
    "x": 148,
    "y": 190,
    "page_width": 1359,
    "page_height": 1873,
    "page_no": 8
  },
  {
    "question": "4",
    "text": "4",
    "x": 148,
    "y": 191,
    "page_width": 1359,
    "page_height": 1873,
    "page_no": 10
  },
  {
    "question": "5",
    "text": "5",
    "x": 149,
    "y": 191,
    "page_width": 1359,
    "page_height": 1873,
    "page_no": 15
  },
  {
    "question": "6",
    "text": "6",
    "x": 148,
    "y": 190,
    "page_width": 1359,
    "page_height": 1873,
    "page_no": 18
  },
  {
    "question": "7",
    "text": "7",
    "x": 148,
    "y": 191,
    "page_width": 1359,
    "page_height": 1873,
    "page_no": 22
  },
  {
    "question": "1",
    "text": "1.",
    "x": 150,
    "y": 268,
    "page_width": 1359,
    "page_height": 1873,
    "page_no": 34
  },
  {
    "question": "2",
    "text": "2.",
    "x": 149,
    "y": 492,
    "page_width": 1359,
    "page_height": 1873,
    "page_no": 34
  },
  {
    "question": "3",
    "text": "3.",
    "x": 149,
    "y": 971,
    "page_width": 1359,
    "page_height": 1873,
    "page_no": 34
  },
  {
    "question": "4",
    "text": "4.",
    "x": 148,
    "y": 1313,
    "page_width": 1359,
    "page_height": 1873,
    "page_no": 34
  },
  {
    "question": "5",
    "text": "5.",
    "x": 149,
    "y": 638,
    "page_width": 1359,
    "page_height": 1873,
    "page_no": 35
  },
  {
    "question": "6",
    "text": "6.",
    "x": 148,
    "y": 922,
    "page_width": 1359,
    "page_height": 1873,
    "page_no": 35
  },
  {
    "question": "7",
    "text": "7.",
    "x": 149,
    "y": 1059,
    "page_width": 1359,
    "page_height": 1873,
    "page_no": 35
  },
  {
    "question": "8",
    "text": "8.",
    "x": 148,
    "y": 1254,
    "page_width": 1359,
    "page_height": 1873,
    "page_no": 35
  },
  {
    "question": "9",
    "text": "9.",
    "x": 149,
    "y": 1566,
    "page_width": 1359,
    "page_height": 1873,
    "page_no": 35
  },
  {
    "question": "10",
    "text": "10.",
    "x": 150,
    "y": 167,
    "page_width": 1359,
    "page_height": 1873,
    "page_no": 36
  },
  {
    "question": "11",
    "text": "11.",
    "x": 150,
    "y": 422,
    "page_width": 1359,
    "page_height": 1873,
    "page_no": 36
  },
  {
    "question": "12",
    "text": "12.",
    "x": 150,
    "y": 667,
    "page_width": 1359,
    "page_height": 1873,
    "page_no": 36
  },
  {
    "question": "13",
    "text": "13.",
    "x": 150,
    "y": 1146,
    "page_width": 1359,
    "page_height": 1873,
    "page_no": 36
  },
  {
    "question": "2",
    "text": "2",
    "x": 71,
    "y": 1677,
    "page_width": 1359,
    "page_height": 1873,
    "page_no": 3
  },
  {
    "question": "28",
    "text": "28",
    "x": 71,
    "y": 1643,
    "page_width": 1359,
    "page_height": 1873,
    "page_no": 5
  },
  {
    "question": "2",
    "text": "2",
    "x": 71,
    "y": 813,
    "page_width": 1359,
    "page_height": 1873,
    "page_no": 9
  },
  {
    "question": "8",
    "text": "8",
    "x": 71,
    "y": 1199,
    "page_width": 1359,
    "page_height": 1873,
    "page_no": 25
  },
  {
    "question": "10",
    "text": "10",
    "x": 163,
    "y": 1728,
    "page_width": 1359,
    "page_height": 1873,
    "page_no": 10
  },
  {
    "question": "12",
    "text": "12",
    "x": 163,
    "y": 1728,
    "page_width": 1359,
    "page_height": 1873,
    "page_no": 12
  },
  {
    "question": "14",
    "text": "14",
    "x": 163,
    "y": 1728,
    "page_width": 1359,
    "page_height": 1873,
    "page_no": 14
  },
  {
    "question": "16",
    "text": "16",
    "x": 163,
    "y": 1728,
    "page_width": 1359,
    "page_height": 1873,
    "page_no": 16
  },
  {
    "question": "18",
    "text": "18",
    "x": 163,
    "y": 1728,
    "page_width": 1359,
    "page_height": 1873,
    "page_no": 18
  },
  {
    "question": "20",
    "text": "20",
    "x": 162,
    "y": 1728,
    "page_width": 1359,
    "page_height": 1873,
    "page_no": 20
  },
  {
    "question": "22",
    "text": "22",
    "x": 162,
    "y": 1728,
    "page_width": 1359,
    "page_height": 1873,
    "page_no": 22
  },
  {
    "question": "24",
    "text": "24",
    "x": 162,
    "y": 1728,
    "page_width": 1359,
    "page_height": 1873,
    "page_no": 24
  },
  {
    "question": "26",
    "text": "26",
    "x": 162,
    "y": 1728,
    "page_width": 1359,
    "page_height": 1873,
    "page_no": 26
  },
  {
    "question": "28",
    "text": "28",
    "x": 162,
    "y": 1728,
    "page_width": 1359,
    "page_height": 1873,
    "page_no": 28
  },
  {
    "question": "30",
    "text": "30",
    "x": 163,
    "y": 1728,
    "page_width": 1359,
    "page_height": 1873,
    "page_no": 30
  },
  {
    "question": "32",
    "text": "32",
    "x": 163,
    "y": 1728,
    "page_width": 1359,
    "page_height": 1873,
    "page_no": 32
  }
]