[
  {
    "question": "1",
    "text": "1",
    "x": 150,
    "y": 370,
    "page_width": 1359,
    "page_height": 1873,
    "page_no": 2
  },
  {
    "question": "2",
    "text": "2.",
    "x": 148,
    "y": 190,
    "page_width": 1359,
    "page_height": 1873,
    "page_no": 4
  },
  {
    "question": "3",
    "text": "3",
    "x": 148,
    "y": 190,
    "page_width": 1359,
    "page_height": 1873,
    "page_no": 6
  },
  {
    "question": "4",
    "text": "4",
    "x": 148,
    "y": 191,
    "page_width": 1359,
    "page_height": 1873,
    "page_no": 8
  },
  {
    "question": "5",
    "text": "5",
    "x": 149,
    "y": 191,
    "page_width": 1359,
    "page_height": 1873,
    "page_no": 12
  },
  {
    "question": "6",
    "text": "6",
    "x": 148,
    "y": 190,
    "page_width": 1359,
    "page_height": 1873,
    "page_no": 16
  },
  {
    "question": "7",
    "text": "7",
    "x": 149,
    "y": 191,
    "page_width": 1359,
    "page_height": 1873,
    "page_no": 23
  },
  {
    "question": "8",
    "text": "8",
    "x": 148,
    "y": 190,
    "page_width": 1359,
    "page_height": 1873,
    "page_no": 28
  },
  {
    "question": "1",
    "text": "1",
    "x": 150,
    "y": 268,
    "page_width": 1359,
    "page_height": 1873,
    "page_no": 34
  },
  {
    "question": "2",
    "text": "2.",
    "x": 149,
    "y": 550,
    "page_width": 1359,
    "page_height": 1873,
    "page_no": 34
  },
  {
    "question": "3",
    "text": "3",
    "x": 149,
    "y": 1029,
    "page_width": 1359,
    "page_height": 1873,
    "page_no": 34
  },
  {
    "question": "4",
    "text": "4",
    "x": 148,
    "y": 1363,
    "page_width": 1359,
    "page_height": 1873,
    "page_no": 34
  },
  {
    "question": "5",
    "text": "5",
    "x": 149,
    "y": 215,
    "page_width": 1359,
    "page_height": 1873,
    "page_no": 35
  },
  {
    "question": "6",
    "text": "6",
    "x": 148,
    "y": 368,
    "page_width": 1359,
    "page_height": 1873,
    "page_no": 35
  },
  {
    "question": "7",
    "text": "7",
    "x": 149,
    "y": 766,
    "page_width": 1359,
    "page_height": 1873,
    "page_no": 35
  },
  {
    "question": "8",
    "text": "8",
    "x": 148,
    "y": 1017,
    "page_width": 1359,
    "page_height": 1873,
    "page_no": 35
  },
  {
    "question": "9",
    "text": "9",
    "x": 149,
    "y": 1239,
    "page_width": 1359,
    "page_height": 1873,
    "page_no": 35
  },
  {
    "question": "10",
    "text": "10",
    "x": 150,
    "y": 296,
    "page_width": 1359,
    "page_height": 1873,
    "page_no": 36
  },
  {
    "question": "11",
    "text": "11",
    "x": 150,
    "y": 580,
    "page_width": 1359,
    "page_height": 1873,
    "page_no": 36
  },
  {
    "question": "12",
    "text": "12",
    "x": 150,
    "y": 746,
    "page_width": 1359,
    "page_height": 1873,
    "page_no": 36
  },
  {
    "question": "13",
    "text": "13",
    "x": 150,
    "y": 1080,
    "page_width": 1359,
    "page_height": 1873,
    "page_no": 36
  },
  {
    "question": "38",
    "text": "38",
    "x": 71,
    "y": 198,
    "page_width": 1359,
    "page_height": 1873,
    "page_no": 3
  },
  {
    "question": "5",
    "text": "5",
    "x": 71,
    "y": 159,
    "page_width": 1359,
    "page_height": 1873,
    "page_no": 7
  },
  {
    "question": "28",
    "text": "28",
    "x": 71,
    "y": 230,
    "page_width": 1359,
    "page_height": 1873,
    "page_no": 23
  },
  {
    "question": "5",
    "text": "5",
    "x": 71,
    "y": 315,
    "page_width": 1359,
    "page_height": 1873,
    "page_no": 23
  },
  {
    "question": "0",
    "text": "0\u00a2",
    "x": 0,
    "y": 261,
    "page_width": 1359,
    "page_height": 1873,
    "page_no": 9
  },
  {
    "question": "0",
    "text": "0c",
    "x": 0,
    "y": 261,
    "page_width": 1359,
    "page_height": 1873,
    "page_no": 21
  },
  {
    "question": "8",
    "text": "8",
    "x": 0,
    "y": 1049,
    "page_width": 1359,
    "page_height": 1873,
    "page_no": 23
  },
  {
    "question": "0",
    "text": "0\u00a2",
    "x": 0,
    "y": 261,
    "page_width": 1359,
    "page_height": 1873,
    "page_no": 27
  },
  {
    "question": "4",
    "text": "4",
    "x": 0,
    "y": 846,
    "page_width": 1359,
    "page_height": 1873,
    "page_no": 29
  },
  {
    "question": "85",
    "text": "85",
    "x": 0,
    "y": 1262,
    "page_width": 1359,
    "page_height": 1873,
    "page_no": 29
  },
  {
    "question": "4",
    "text": "4ONOG",
    "x": 0,
    "y": 1296,
    "page_width": 1359,
    "page_height": 1873,
    "page_no": 31
  },
  {
    "question": "10",
    "text": "10",
    "x": 163,
    "y": 1728,
    "page_width": 1359,
    "page_height": 1873,
    "page_no": 10
  },
  {
    "question": "12",
    "text": "12",
    "x": 163,
    "y": 1728,
    "page_width": 1359,
    "page_height": 1873,
    "page_no": 12
  },
  {
    "question": "16",
    "text": "16",
    "x": 163,
    "y": 1728,
    "page_width": 1359,
    "page_height": 1873,
    "page_no": 16
  },
  {
    "question": "18",
    "text": "18",
    "x": 163,
    "y": 1728,
    "page_width": 1359,
    "page_height": 1873,
    "page_no": 18
  },
  {
    "question": "20",
    "text": "20",
    "x": 162,
    "y": 1728,
    "page_width": 1359,
    "page_height": 1873,
    "page_no": 20
  },
  {
    "question": "22",
    "text": "22",
    "x": 162,
    "y": 1728,
    "page_width": 1359,
    "page_height": 1873,
    "page_no": 22
  },
  {
    "question": "24",
    "text": "24",
    "x": 162,
    "y": 1728,
    "page_width": 1359,
    "page_height": 1873,
    "page_no": 24
  },
  {
    "question": "26",
    "text": "26",
    "x": 162,
    "y": 1728,
    "page_width": 1359,
    "page_height": 1873,
    "page_no": 26
  },
  {
    "question": "28",
    "text": "28",
    "x": 162,
    "y": 1728,
    "page_width": 1359,
    "page_height": 1873,
    "page_no": 28
  },
  {
    "question": "30",
    "text": "30",
    "x": 163,
    "y": 1728,
    "page_width": 1359,
    "page_height": 1873,
    "page_no": 30
  },
  {
    "question": "32",
    "text": "32",
    "x": 163,
    "y": 1728,
    "page_width": 1359,
    "page_height": 1873,
    "page_no": 32
  }
]