[
  {
    "question": 0,
    "x": 134,
    "y": 1460,
    "page_no": 17,
    "page_width": 1275,
    "page_height": 1650
  },
  {
    "question": 19,
    "x": 168,
    "y": 198,
    "page_no": 16,
    "page_width": 1275,
    "page_height": 1650
  },
  {
    "question": 17,
    "x": 168,
    "y": 191,
    "page_no": 13,
    "page_width": 1275,
    "page_height": 1650
  },
  {
    "question": 14,
    "x": 180,
    "y": 173,
    "page_no": 9,
    "page_width": 1275,
    "page_height": 1650
  },
  {
    "question": 13,
    "x": 172,
    "y": 173,
    "page_no": 7,
    "page_width": 1275,
    "page_height": 1650
  },
  {
    "question": 11,
    "x": 183,
    "y": 180,
    "page_no": 5,
    "page_width": 1275,
    "page_height": 1650
  },
  {
    "question": 10,
    "x": 187,
    "y": 990,
    "page_no": 4,
    "page_width": 1275,
    "page_height": 1650
  },
  {
    "question": 9,
    "x": 190,
    "y": 884,
    "page_no": 4,
    "page_width": 1275,
    "page_height": 1650
  },
  {
    "question": 8,
    "x": 188,
    "y": 843,
    "page_no": 4,
    "page_width": 1275,
    "page_height": 1650
  },
  {
    "question": 7,
    "x": 187,
    "y": 802,
    "page_no": 4,
    "page_width": 1275,
    "page_height": 1650
  },
  {
    "question": 6,
    "x": 188,
    "y": 757,
    "page_no": 4,
    "page_width": 1275,
    "page_height": 1650
  },
  {
    "question": 5,
    "x": 190,
    "y": 665,
    "page_no": 4,
    "page_width": 1275,
    "page_height": 1650
  },
  {
    "question": 4,
    "x": 187,
    "y": 615,
    "page_no": 4,
    "page_width": 1275,
    "page_height": 1650
  },
  {
    "question": 3,
    "x": 190,
    "y": 497,
    "page_no": 4,
    "page_width": 1275,
    "page_height": 1650
  },
  {
    "question": 2,
    "x": 190,
    "y": 340,
    "page_no": 4,
    "page_width": 1275,
    "page_height": 1650
  },
  {
    "question": 1,
    "x": 190,
    "y": 219,
    "page_no": 4,
    "page_width": 1275,
    "page_height": 1650
  },
  {
    "question": "12",
    "text": "12ai_",
    "x": 161,
    "y": 180,
    "page_width": 1275,
    "page_height": 1650,
    "page_no": 6
  },
  {
    "question": "15",
    "text": "15ai_|",
    "x": 157,
    "y": 224,
    "page_width": 1275,
    "page_height": 1650,
    "page_no": 10
  },
  {
    "question": "16",
    "text": "16a@",
    "x": 152,
    "y": 197,
    "page_width": 1275,
    "page_height": 1650,
    "page_no": 11
  },
  {
    "question": "18",
    "text": "18ai",
    "x": 146,
    "y": 148,
    "page_width": 1275,
    "page_height": 1650,
    "page_no": 15
  },
  {
    "question": "20",
    "text": "20ai",
    "x": 148,
    "y": 129,
    "page_width": 1275,
    "page_height": 1650,
    "page_no": 17
  },
  {
    "question": "20",
    "text": "20bii",
    "x": 148,
    "y": 1251,
    "page_width": 1275,
    "page_height": 1650,
    "page_no": 17
  }
]