[
  {
    "question": 0,
    "x": 59,
    "y": 1023,
    "page_no": 12,
    "page_width": 1241,
    "page_height": 1754
  },
  {
    "question": 18,
    "x": 78,
    "y": 175,
    "page_no": 12,
    "page_width": 1241,
    "page_height": 1754
  },
  {
    "question": 16,
    "x": 136,
    "y": 156,
    "page_no": 10,
    "page_width": 1241,
    "page_height": 1754
  },
  {
    "question": 11,
    "x": 136,
    "y": 631,
    "page_no": 5,
    "page_width": 1241,
    "page_height": 1754
  },
  {
    "question": 10,
    "x": 99,
    "y": 282,
    "page_no": 5,
    "page_width": 1241,
    "page_height": 1754
  },
  {
    "question": 9,
    "x": 103,
    "y": 126,
    "page_no": 5,
    "page_width": 1241,
    "page_height": 1754
  },
  {
    "question": 1,
    "x": 106,
    "y": 191,
    "page_no": 4,
    "page_width": 1241,
    "page_height": 1754
  },
  {
    "question": "2",
    "text": "2",
    "x": 100,
    "y": 332,
    "page_width": 1241,
    "page_height": 1754,
    "page_no": 4
  },
  {
    "question": "3",
    "text": "3",
    "x": 100,
    "y": 465,
    "page_width": 1241,
    "page_height": 1754,
    "page_no": 4
  },
  {
    "question": "4",
    "text": "4",
    "x": 100,
    "y": 597,
    "page_width": 1241,
    "page_height": 1754,
    "page_no": 4
  },
  {
    "question": "5",
    "text": "5",
    "x": 101,
    "y": 757,
    "page_width": 1241,
    "page_height": 1754,
    "page_no": 4
  },
  {
    "question": "6",
    "text": "6",
    "x": 101,
    "y": 1048,
    "page_width": 1241,
    "page_height": 1754,
    "page_no": 4
  },
  {
    "question": "7",
    "text": "7",
    "x": 101,
    "y": 1180,
    "page_width": 1241,
    "page_height": 1754,
    "page_no": 4
  },
  {
    "question": "8",
    "text": "8",
    "x": 101,
    "y": 1419,
    "page_width": 1241,
    "page_height": 1754,
    "page_no": 4
  },
  {
    "question": "12",
    "text": "12a",
    "x": 132,
    "y": 172,
    "page_width": 1241,
    "page_height": 1754,
    "page_no": 6
  },
  {
    "question": "13",
    "text": "13",
    "x": 131,
    "y": 163,
    "page_width": 1241,
    "page_height": 1754,
    "page_no": 7
  },
  {
    "question": "14",
    "text": "14a",
    "x": 132,
    "y": 145,
    "page_width": 1241,
    "page_height": 1754,
    "page_no": 8
  },
  {
    "question": "15",
    "text": "15a",
    "x": 132,
    "y": 150,
    "page_width": 1241,
    "page_height": 1754,
    "page_no": 9
  },
  {
    "question": "17",
    "text": "17a",
    "x": 132,
    "y": 131,
    "page_width": 1241,
    "page_height": 1754,
    "page_no": 11
  },
  {
    "question": "17",
    "text": "17b",
    "x": 132,
    "y": 851,
    "page_width": 1241,
    "page_height": 1754,
    "page_no": 11
  }
]