[
  {
    "question": "2",
    "text": "2",
    "x": 88,
    "y": 140,
    "page_width": 1241,
    "page_height": 1754,
    "page_no": 7
  },
  {
    "question": "4",
    "text": "4",
    "x": 88,
    "y": 140,
    "page_width": 1241,
    "page_height": 1754,
    "page_no": 9
  },
  {
    "question": "5",
    "text": "5",
    "x": 89,
    "y": 135,
    "page_width": 1241,
    "page_height": 1754,
    "page_no": 10
  },
  {
    "question": "6",
    "text": "6a",
    "x": 92,
    "y": 191,
    "page_width": 1241,
    "page_height": 1754,
    "page_no": 11
  }
]