[
  {
    "question": "1",
    "text": "1.",
    "x": 115,
    "y": 283,
    "page_width": 1241,
    "page_height": 1754,
    "page_no": 4
  },
  {
    "question": "2",
    "text": "2.",
    "x": 114,
    "y": 345,
    "page_width": 1241,
    "page_height": 1754,
    "page_no": 4
  },
  {
    "question": "2",
    "text": "2x\u00b0",
    "x": 110,
    "y": 1252,
    "page_width": 1241,
    "page_height": 1754,
    "page_no": 10
  },
  {
    "question": "2",
    "text": "2x\u00b0+x\u00b0-15x=0>x",
    "x": 110,
    "y": 1323,
    "page_width": 1241,
    "page_height": 1754,
    "page_no": 10
  },
  {
    "question": "2",
    "text": "2x34?",
    "x": 110,
    "y": 1389,
    "page_width": 1241,
    "page_height": 1754,
    "page_no": 10
  },
  {
    "question": "2",
    "text": "2x3",
    "x": 110,
    "y": 1487,
    "page_width": 1241,
    "page_height": 1754,
    "page_no": 10
  },
  {
    "question": "0",
    "text": "0,",
    "x": 110,
    "y": 1584,
    "page_width": 1241,
    "page_height": 1754,
    "page_no": 10
  },
  {
    "question": "4",
    "text": "4.",
    "x": 97,
    "y": 796,
    "page_width": 1241,
    "page_height": 1754,
    "page_no": 5
  },
  {
    "question": "5",
    "text": "5.",
    "x": 98,
    "y": 953,
    "page_width": 1241,
    "page_height": 1754,
    "page_no": 5
  },
  {
    "question": "6",
    "text": "6.",
    "x": 98,
    "y": 1045,
    "page_width": 1241,
    "page_height": 1754,
    "page_no": 5
  },
  {
    "question": "7",
    "text": "7.",
    "x": 97,
    "y": 1202,
    "page_width": 1241,
    "page_height": 1754,
    "page_no": 5
  },
  {
    "question": "1",
    "text": "1a",
    "x": 101,
    "y": 163,
    "page_width": 1241,
    "page_height": 1754,
    "page_no": 7
  },
  {
    "question": "2",
    "text": "2a",
    "x": 100,
    "y": 163,
    "page_width": 1241,
    "page_height": 1754,
    "page_no": 8
  },
  {
    "question": "3",
    "text": "3a",
    "x": 99,
    "y": 163,
    "page_width": 1241,
    "page_height": 1754,
    "page_no": 9
  },
  {
    "question": "4",
    "text": "4a",
    "x": 100,
    "y": 163,
    "page_width": 1241,
    "page_height": 1754,
    "page_no": 10
  },
  {
    "question": "1",
    "text": "1,",
    "x": 76,
    "y": 235,
    "page_width": 1241,
    "page_height": 1754,
    "page_no": 6
  },
  {
    "question": "2",
    "text": "2.",
    "x": 75,
    "y": 384,
    "page_width": 1241,
    "page_height": 1754,
    "page_no": 6
  },
  {
    "question": "3",
    "text": "3.",
    "x": 75,
    "y": 477,
    "page_width": 1241,
    "page_height": 1754,
    "page_no": 6
  },
  {
    "question": "1",
    "text": "1.",
    "x": 76,
    "y": 646,
    "page_width": 1241,
    "page_height": 1754,
    "page_no": 6
  },
  {
    "question": "2",
    "text": "2.",
    "x": 75,
    "y": 750,
    "page_width": 1241,
    "page_height": 1754,
    "page_no": 6
  },
  {
    "question": "21",
    "text": "21x+4y\u201468",
    "x": 139,
    "y": 1432,
    "page_width": 1241,
    "page_height": 1754,
    "page_no": 7
  },
  {
    "question": "25",
    "text": "25",
    "x": 141,
    "y": 1065,
    "page_width": 1241,
    "page_height": 1754,
    "page_no": 8
  },
  {
    "question": "35",
    "text": "357",
    "x": 138,
    "y": 1389,
    "page_width": 1241,
    "page_height": 1754,
    "page_no": 8
  },
  {
    "question": "24",
    "text": "24x?",
    "x": 139,
    "y": 1283,
    "page_width": 1241,
    "page_height": 1754,
    "page_no": 12
  },
  {
    "question": "0",
    "text": "0,",
    "x": 138,
    "y": 501,
    "page_width": 1241,
    "page_height": 1754,
    "page_no": 13
  },
  {
    "question": "2",
    "text": "2>x>-1.",
    "x": 139,
    "y": 1070,
    "page_width": 1241,
    "page_height": 1754,
    "page_no": 16
  },
  {
    "question": "1",
    "text": "1.5",
    "x": 138,
    "y": 1289,
    "page_width": 1241,
    "page_height": 1754,
    "page_no": 16
  },
  {
    "question": "6",
    "text": "6z",
    "x": 138,
    "y": 1292,
    "page_width": 1241,
    "page_height": 1754,
    "page_no": 18
  },
  {
    "question": "42",
    "text": "42+6",
    "x": 138,
    "y": 1473,
    "page_width": 1241,
    "page_height": 1754,
    "page_no": 18
  },
  {
    "question": "3",
    "text": "3v3",
    "x": 138,
    "y": 398,
    "page_width": 1241,
    "page_height": 1754,
    "page_no": 19
  },
  {
    "question": "10",
    "text": "10,",
    "x": 138,
    "y": 238,
    "page_width": 1241,
    "page_height": 1754,
    "page_no": 21
  },
  {
    "question": "7",
    "text": "7.8",
    "x": 135,
    "y": 1276,
    "page_width": 1241,
    "page_height": 1754,
    "page_no": 9
  },
  {
    "question": "3",
    "text": "3,2",
    "x": 136,
    "y": 1319,
    "page_width": 1241,
    "page_height": 1754,
    "page_no": 10
  },
  {
    "question": "5",
    "text": "5,",
    "x": 136,
    "y": 1568,
    "page_width": 1241,
    "page_height": 1754,
    "page_no": 10
  },
  {
    "question": "3",
    "text": "3",
    "x": 135,
    "y": 309,
    "page_width": 1241,
    "page_height": 1754,
    "page_no": 15
  },
  {
    "question": "4",
    "text": "4,0",
    "x": 135,
    "y": 882,
    "page_width": 1241,
    "page_height": 1754,
    "page_no": 15
  }
]