[
  {
    "question": "3",
    "text": "3",
    "x": 71,
    "y": 1299,
    "page_width": 1359,
    "page_height": 1873,
    "page_no": 3
  },
  {
    "question": "5",
    "text": "5",
    "x": 71,
    "y": 315,
    "page_width": 1359,
    "page_height": 1873,
    "page_no": 5
  },
  {
    "question": "32",
    "text": "328",
    "x": 71,
    "y": 293,
    "page_width": 1359,
    "page_height": 1873,
    "page_no": 13
  },
  {
    "question": "33",
    "text": "338",
    "x": 71,
    "y": 293,
    "page_width": 1359,
    "page_height": 1873,
    "page_no": 19
  },
  {
    "question": "2",
    "text": "2",
    "x": 71,
    "y": 1007,
    "page_width": 1359,
    "page_height": 1873,
    "page_no": 19
  },
  {
    "question": "3",
    "text": "3",
    "x": 73,
    "y": 941,
    "page_width": 1359,
    "page_height": 1873,
    "page_no": 19
  },
  {
    "question": "2",
    "text": "2x",
    "x": 71,
    "y": 1427,
    "page_width": 1359,
    "page_height": 1873,
    "page_no": 19
  },
  {
    "question": "8",
    "text": "8",
    "x": 71,
    "y": 1578,
    "page_width": 1359,
    "page_height": 1873,
    "page_no": 19
  },
  {
    "question": "2",
    "text": "2",
    "x": 71,
    "y": 607,
    "page_width": 1359,
    "page_height": 1873,
    "page_no": 21
  },
  {
    "question": "28",
    "text": "28",
    "x": 71,
    "y": 638,
    "page_width": 1359,
    "page_height": 1873,
    "page_no": 25
  },
  {
    "question": "3",
    "text": "3",
    "x": 108,
    "y": 963,
    "page_width": 1359,
    "page_height": 1873,
    "page_no": 3
  },
  {
    "question": "4",
    "text": "4",
    "x": 105,
    "y": 822,
    "page_width": 1359,
    "page_height": 1873,
    "page_no": 15
  },
  {
    "question": "6",
    "text": "6",
    "x": 105,
    "y": 1199,
    "page_width": 1359,
    "page_height": 1873,
    "page_no": 19
  },
  {
    "question": "5",
    "text": "5",
    "x": 105,
    "y": 633,
    "page_width": 1359,
    "page_height": 1873,
    "page_no": 31
  },
  {
    "question": "2",
    "text": "2",
    "x": 148,
    "y": 190,
    "page_width": 1359,
    "page_height": 1873,
    "page_no": 5
  },
  {
    "question": "3",
    "text": "3",
    "x": 148,
    "y": 190,
    "page_width": 1359,
    "page_height": 1873,
    "page_no": 9
  },
  {
    "question": "4",
    "text": "4",
    "x": 148,
    "y": 191,
    "page_width": 1359,
    "page_height": 1873,
    "page_no": 12
  },
  {
    "question": "5",
    "text": "5",
    "x": 149,
    "y": 191,
    "page_width": 1359,
    "page_height": 1873,
    "page_no": 15
  },
  {
    "question": "6",
    "text": "6",
    "x": 148,
    "y": 190,
    "page_width": 1359,
    "page_height": 1873,
    "page_no": 17
  },
  {
    "question": "7",
    "text": "7",
    "x": 149,
    "y": 191,
    "page_width": 1359,
    "page_height": 1873,
    "page_no": 21
  },
  {
    "question": "8",
    "text": "8",
    "x": 148,
    "y": 190,
    "page_width": 1359,
    "page_height": 1873,
    "page_no": 25
  },
  {
    "question": "9",
    "text": "9",
    "x": 148,
    "y": 190,
    "page_width": 1359,
    "page_height": 1873,
    "page_no": 29
  },
  {
    "question": "12",
    "text": "12",
    "x": 163,
    "y": 1728,
    "page_width": 1359,
    "page_height": 1873,
    "page_no": 12
  },
  {
    "question": "14",
    "text": "14",
    "x": 163,
    "y": 1728,
    "page_width": 1359,
    "page_height": 1873,
    "page_no": 14
  },
  {
    "question": "16",
    "text": "16",
    "x": 163,
    "y": 1728,
    "page_width": 1359,
    "page_height": 1873,
    "page_no": 16
  },
  {
    "question": "18",
    "text": "18",
    "x": 163,
    "y": 1728,
    "page_width": 1359,
    "page_height": 1873,
    "page_no": 18
  },
  {
    "question": "20",
    "text": "20",
    "x": 162,
    "y": 1728,
    "page_width": 1359,
    "page_height": 1873,
    "page_no": 20
  },
  {
    "question": "22",
    "text": "22",
    "x": 162,
    "y": 1728,
    "page_width": 1359,
    "page_height": 1873,
    "page_no": 22
  },
  {
    "question": "24",
    "text": "24",
    "x": 162,
    "y": 1728,
    "page_width": 1359,
    "page_height": 1873,
    "page_no": 24
  },
  {
    "question": "26",
    "text": "26",
    "x": 162,
    "y": 1728,
    "page_width": 1359,
    "page_height": 1873,
    "page_no": 26
  },
  {
    "question": "28",
    "text": "28",
    "x": 162,
    "y": 1728,
    "page_width": 1359,
    "page_height": 1873,
    "page_no": 28
  },
  {
    "question": "30",
    "text": "30",
    "x": 163,
    "y": 1728,
    "page_width": 1359,
    "page_height": 1873,
    "page_no": 30
  },
  {
    "question": "32",
    "text": "32",
    "x": 163,
    "y": 1728,
    "page_width": 1359,
    "page_height": 1873,
    "page_no": 32
  }
]