[
  {
    "question": 0,
    "x": 118,
    "y": 1661,
    "page_no": 13,
    "page_width": 1241,
    "page_height": 1754
  },
  {
    "question": 4,
    "x": 147,
    "y": 167,
    "page_no": 11,
    "page_width": 1241,
    "page_height": 1754
  },
  {
    "question": 2,
    "x": 171,
    "y": 167,
    "page_no": 7,
    "page_width": 1241,
    "page_height": 1754
  },
  {
    "question": 1,
    "x": 157,
    "y": 168,
    "page_no": 6,
    "page_width": 1241,
    "page_height": 1754
  },
  {
    "question": "3",
    "text": "3",
    "x": 155,
    "y": 169,
    "page_width": 1241,
    "page_height": 1754,
    "page_no": 8
  },
  {
    "question": "4",
    "text": "4",
    "x": 138,
    "y": 898,
    "page_width": 1241,
    "page_height": 1754,
    "page_no": 11
  }
]