[
  {
    "question": 0,
    "x": 164,
    "y": 890,
    "page_no": 25,
    "page_width": 1359,
    "page_height": 1873
  },
  {
    "question": 13,
    "x": 160,
    "y": 187,
    "page_no": 9,
    "page_width": 1359,
    "page_height": 1873
  },
  {
    "question": 10,
    "x": 158,
    "y": 845,
    "page_no": 5,
    "page_width": 1359,
    "page_height": 1873
  },
  {
    "question": "1",
    "text": "1",
    "x": 150,
    "y": 397,
    "page_width": 1359,
    "page_height": 1873,
    "page_no": 2
  },
  {
    "question": "2",
    "text": "2",
    "x": 148,
    "y": 777,
    "page_width": 1359,
    "page_height": 1873,
    "page_no": 2
  },
  {
    "question": "3",
    "text": "3",
    "x": 148,
    "y": 1177,
    "page_width": 1359,
    "page_height": 1873,
    "page_no": 2
  },
  {
    "question": "4",
    "text": "4",
    "x": 148,
    "y": 189,
    "page_width": 1359,
    "page_height": 1873,
    "page_no": 3
  },
  {
    "question": "5",
    "text": "5",
    "x": 148,
    "y": 1124,
    "page_width": 1359,
    "page_height": 1873,
    "page_no": 3
  },
  {
    "question": "6",
    "text": "6",
    "x": 148,
    "y": 189,
    "page_width": 1359,
    "page_height": 1873,
    "page_no": 4
  },
  {
    "question": "7",
    "text": "7",
    "x": 148,
    "y": 691,
    "page_width": 1359,
    "page_height": 1873,
    "page_no": 4
  },
  {
    "question": "8",
    "text": "8",
    "x": 148,
    "y": 1216,
    "page_width": 1359,
    "page_height": 1873,
    "page_no": 4
  },
  {
    "question": "9",
    "text": "9",
    "x": 148,
    "y": 189,
    "page_width": 1359,
    "page_height": 1873,
    "page_no": 5
  },
  {
    "question": "11",
    "text": "11",
    "x": 150,
    "y": 288,
    "page_width": 1359,
    "page_height": 1873,
    "page_no": 6
  },
  {
    "question": "12",
    "text": "12",
    "x": 149,
    "y": 194,
    "page_width": 1359,
    "page_height": 1873,
    "page_no": 7
  },
  {
    "question": "14",
    "text": "14",
    "x": 150,
    "y": 189,
    "page_width": 1359,
    "page_height": 1873,
    "page_no": 10
  },
  {
    "question": "15",
    "text": "15",
    "x": 149,
    "y": 189,
    "page_width": 1359,
    "page_height": 1873,
    "page_no": 12
  },
  {
    "question": "16",
    "text": "16",
    "x": 149,
    "y": 189,
    "page_width": 1359,
    "page_height": 1873,
    "page_no": 14
  },
  {
    "question": "17",
    "text": "17",
    "x": 149,
    "y": 189,
    "page_width": 1359,
    "page_height": 1873,
    "page_no": 16
  },
  {
    "question": "18",
    "text": "18",
    "x": 149,
    "y": 189,
    "page_width": 1359,
    "page_height": 1873,
    "page_no": 18
  },
  {
    "question": "19",
    "text": "19",
    "x": 149,
    "y": 189,
    "page_width": 1359,
    "page_height": 1873,
    "page_no": 20
  },
  {
    "question": "20",
    "text": "20",
    "x": 149,
    "y": 189,
    "page_width": 1359,
    "page_height": 1873,
    "page_no": 23
  },
  {
    "question": "5",
    "text": "5",
    "x": 71,
    "y": 412,
    "page_width": 1359,
    "page_height": 1873,
    "page_no": 27
  },
  {
    "question": "36",
    "text": "36",
    "x": 71,
    "y": 132,
    "page_width": 1359,
    "page_height": 1873,
    "page_no": 29
  },
  {
    "question": "36",
    "text": "36",
    "x": 71,
    "y": 132,
    "page_width": 1359,
    "page_height": 1873,
    "page_no": 31
  },
  {
    "question": "30",
    "text": "30",
    "x": 163,
    "y": 1728,
    "page_width": 1359,
    "page_height": 1873,
    "page_no": 30
  },
  {
    "question": "32",
    "text": "32",
    "x": 163,
    "y": 1728,
    "page_width": 1359,
    "page_height": 1873,
    "page_no": 32
  },
  {
    "question": "0",
    "text": "0c",
    "x": 0,
    "y": 261,
    "page_width": 1359,
    "page_height": 1873,
    "page_no": 31
  },
  {
    "question": "1",
    "text": "1",
    "x": 0,
    "y": 1353,
    "page_width": 1359,
    "page_height": 1873,
    "page_no": 31
  },
  {
    "question": "5",
    "text": "5S",
    "x": 88,
    "y": 1199,
    "page_width": 1359,
    "page_height": 1873,
    "page_no": 25
  }
]