[
  {
    "question": "1",
    "text": "1",
    "x": 165,
    "y": 300,
    "page_width": 1755,
    "page_height": 1241,
    "page_no": 5
  },
  {
    "question": "10",
    "text": "10a",
    "x": 165,
    "y": 242,
    "page_width": 1755,
    "page_height": 1241,
    "page_no": 10
  },
  {
    "question": "10",
    "text": "10b",
    "x": 165,
    "y": 594,
    "page_width": 1755,
    "page_height": 1241,
    "page_no": 10
  },
  {
    "question": "10",
    "text": "10c",
    "x": 165,
    "y": 242,
    "page_width": 1755,
    "page_height": 1241,
    "page_no": 11
  },
  {
    "question": "11",
    "text": "11a",
    "x": 165,
    "y": 529,
    "page_width": 1755,
    "page_height": 1241,
    "page_no": 11
  },
  {
    "question": "11",
    "text": "11b",
    "x": 165,
    "y": 242,
    "page_width": 1755,
    "page_height": 1241,
    "page_no": 12
  },
  {
    "question": "11",
    "text": "11c",
    "x": 165,
    "y": 622,
    "page_width": 1755,
    "page_height": 1241,
    "page_no": 12
  },
  {
    "question": "12",
    "text": "12a",
    "x": 165,
    "y": 184,
    "page_width": 1755,
    "page_height": 1241,
    "page_no": 13
  },
  {
    "question": "12",
    "text": "12b",
    "x": 165,
    "y": 507,
    "page_width": 1755,
    "page_height": 1241,
    "page_no": 13
  },
  {
    "question": "12",
    "text": "12c",
    "x": 165,
    "y": 800,
    "page_width": 1755,
    "page_height": 1241,
    "page_no": 13
  },
  {
    "question": "13",
    "text": "13ai",
    "x": 165,
    "y": 296,
    "page_width": 1755,
    "page_height": 1241,
    "page_no": 14
  },
  {
    "question": "13",
    "text": "13aii",
    "x": 165,
    "y": 503,
    "page_width": 1755,
    "page_height": 1241,
    "page_no": 14
  },
  {
    "question": "13",
    "text": "13bi",
    "x": 165,
    "y": 238,
    "page_width": 1755,
    "page_height": 1241,
    "page_no": 15
  },
  {
    "question": "13",
    "text": "13bii",
    "x": 165,
    "y": 630,
    "page_width": 1755,
    "page_height": 1241,
    "page_no": 15
  },
  {
    "question": "13",
    "text": "13biii",
    "x": 165,
    "y": 242,
    "page_width": 1755,
    "page_height": 1241,
    "page_no": 16
  },
  {
    "question": "14",
    "text": "14b",
    "x": 165,
    "y": 478,
    "page_width": 1755,
    "page_height": 1241,
    "page_no": 17
  },
  {
    "question": "15",
    "text": "15bi",
    "x": 165,
    "y": 267,
    "page_width": 1755,
    "page_height": 1241,
    "page_no": 19
  },
  {
    "question": "15",
    "text": "15bii",
    "x": 165,
    "y": 706,
    "page_width": 1755,
    "page_height": 1241,
    "page_no": 19
  },
  {
    "question": "15",
    "text": "15biii",
    "x": 165,
    "y": 242,
    "page_width": 1755,
    "page_height": 1241,
    "page_no": 20
  },
  {
    "question": "16",
    "text": "16b",
    "x": 165,
    "y": 241,
    "page_width": 1755,
    "page_height": 1241,
    "page_no": 22
  },
  {
    "question": "16",
    "text": "16c",
    "x": 165,
    "y": 478,
    "page_width": 1755,
    "page_height": 1241,
    "page_no": 22
  },
  {
    "question": "17",
    "text": "17ai",
    "x": 165,
    "y": 296,
    "page_width": 1755,
    "page_height": 1241,
    "page_no": 25
  },
  {
    "question": "17",
    "text": "17aii",
    "x": 165,
    "y": 242,
    "page_width": 1755,
    "page_height": 1241,
    "page_no": 26
  },
  {
    "question": "17",
    "text": "17aiii",
    "x": 165,
    "y": 242,
    "page_width": 1755,
    "page_height": 1241,
    "page_no": 27
  },
  {
    "question": "17",
    "text": "17bi",
    "x": 165,
    "y": 623,
    "page_width": 1755,
    "page_height": 1241,
    "page_no": 27
  },
  {
    "question": "17",
    "text": "17bii",
    "x": 165,
    "y": 237,
    "page_width": 1755,
    "page_height": 1241,
    "page_no": 28
  },
  {
    "question": "17",
    "text": "17biii",
    "x": 165,
    "y": 416,
    "page_width": 1755,
    "page_height": 1241,
    "page_no": 28
  },
  {
    "question": "17",
    "text": "17biv",
    "x": 165,
    "y": 242,
    "page_width": 1755,
    "page_height": 1241,
    "page_no": 29
  },
  {
    "question": "17",
    "text": "17ci",
    "x": 165,
    "y": 739,
    "page_width": 1755,
    "page_height": 1241,
    "page_no": 29
  },
  {
    "question": "17",
    "text": "17cii",
    "x": 165,
    "y": 238,
    "page_width": 1755,
    "page_height": 1241,
    "page_no": 30
  },
  {
    "question": "17",
    "text": "17ciii",
    "x": 165,
    "y": 445,
    "page_width": 1755,
    "page_height": 1241,
    "page_no": 30
  },
  {
    "question": "2",
    "text": "2",
    "x": 163,
    "y": 623,
    "page_width": 1755,
    "page_height": 1241,
    "page_no": 5
  },
  {
    "question": "3",
    "text": "3",
    "x": 163,
    "y": 242,
    "page_width": 1755,
    "page_height": 1241,
    "page_no": 6
  },
  {
    "question": "4",
    "text": "4",
    "x": 162,
    "y": 536,
    "page_width": 1755,
    "page_height": 1241,
    "page_no": 6
  },
  {
    "question": "5",
    "text": "5a",
    "x": 164,
    "y": 242,
    "page_width": 1755,
    "page_height": 1241,
    "page_no": 7
  },
  {
    "question": "5",
    "text": "5b",
    "x": 164,
    "y": 535,
    "page_width": 1755,
    "page_height": 1241,
    "page_no": 7
  },
  {
    "question": "6",
    "text": "6",
    "x": 163,
    "y": 858,
    "page_width": 1755,
    "page_height": 1241,
    "page_no": 7
  },
  {
    "question": "7",
    "text": "7",
    "x": 163,
    "y": 242,
    "page_width": 1755,
    "page_height": 1241,
    "page_no": 8
  },
  {
    "question": "8",
    "text": "8a",
    "x": 163,
    "y": 590,
    "page_width": 1755,
    "page_height": 1241,
    "page_no": 8
  },
  {
    "question": "8",
    "text": "8b",
    "x": 163,
    "y": 241,
    "page_width": 1755,
    "page_height": 1241,
    "page_no": 9
  },
  {
    "question": "9",
    "text": "9",
    "x": 163,
    "y": 594,
    "page_width": 1755,
    "page_height": 1241,
    "page_no": 9
  }
]