[
  {
    "question": "1",
    "text": "1",
    "x": 91,
    "y": 283,
    "page_width": 1241,
    "page_height": 1754,
    "page_no": 2
  },
  {
    "question": "2",
    "text": "2",
    "x": 89,
    "y": 282,
    "page_width": 1241,
    "page_height": 1754,
    "page_no": 8
  },
  {
    "question": "3",
    "text": "3",
    "x": 89,
    "y": 282,
    "page_width": 1241,
    "page_height": 1754,
    "page_no": 14
  },
  {
    "question": "26",
    "text": "26,000",
    "x": 90,
    "y": 887,
    "page_width": 1241,
    "page_height": 1754,
    "page_no": 19
  }
]