[
  {
    "question": 0,
    "x": 115,
    "y": 1284,
    "page_no": 16,
    "page_width": 1241,
    "page_height": 1754
  },
  {
    "question": 9,
    "x": 126,
    "y": 1105,
    "page_no": 6,
    "page_width": 1241,
    "page_height": 1754
  },
  {
    "question": 8,
    "x": 126,
    "y": 991,
    "page_no": 6,
    "page_width": 1241,
    "page_height": 1754
  },
  {
    "question": 7,
    "x": 127,
    "y": 909,
    "page_no": 6,
    "page_width": 1241,
    "page_height": 1754
  },
  {
    "question": 6,
    "x": 126,
    "y": 802,
    "page_no": 6,
    "page_width": 1241,
    "page_height": 1754
  },
  {
    "question": 5,
    "x": 127,
    "y": 691,
    "page_no": 6,
    "page_width": 1241,
    "page_height": 1754
  },
  {
    "question": 4,
    "x": 127,
    "y": 556,
    "page_no": 6,
    "page_width": 1241,
    "page_height": 1754
  },
  {
    "question": 3,
    "x": 131,
    "y": 428,
    "page_no": 6,
    "page_width": 1241,
    "page_height": 1754
  },
  {
    "question": 2,
    "x": 127,
    "y": 321,
    "page_no": 6,
    "page_width": 1241,
    "page_height": 1754
  },
  {
    "question": "1",
    "text": "1",
    "x": 126,
    "y": 211,
    "page_width": 1241,
    "page_height": 1754,
    "page_no": 6
  },
  {
    "question": "10",
    "text": "10",
    "x": 126,
    "y": 1219,
    "page_width": 1241,
    "page_height": 1754,
    "page_no": 6
  },
  {
    "question": "11",
    "text": "11a",
    "x": 126,
    "y": 262,
    "page_width": 1241,
    "page_height": 1754,
    "page_no": 7
  },
  {
    "question": "12",
    "text": "12a",
    "x": 127,
    "y": 214,
    "page_width": 1241,
    "page_height": 1754,
    "page_no": 8
  },
  {
    "question": "13",
    "text": "13a",
    "x": 127,
    "y": 214,
    "page_width": 1241,
    "page_height": 1754,
    "page_no": 9
  },
  {
    "question": "14",
    "text": "14a",
    "x": 127,
    "y": 210,
    "page_width": 1241,
    "page_height": 1754,
    "page_no": 10
  },
  {
    "question": "15",
    "text": "15a",
    "x": 127,
    "y": 215,
    "page_width": 1241,
    "page_height": 1754,
    "page_no": 12
  },
  {
    "question": "16",
    "text": "16a",
    "x": 127,
    "y": 214,
    "page_width": 1241,
    "page_height": 1754,
    "page_no": 13
  },
  {
    "question": "17",
    "text": "17a_",
    "x": 127,
    "y": 214,
    "page_width": 1241,
    "page_height": 1754,
    "page_no": 14
  },
  {
    "question": "18",
    "text": "18a",
    "x": 127,
    "y": 214,
    "page_width": 1241,
    "page_height": 1754,
    "page_no": 15
  },
  {
    "question": "19",
    "text": "19a",
    "x": 127,
    "y": 261,
    "page_width": 1241,
    "page_height": 1754,
    "page_no": 16
  },
  {
    "question": "19",
    "text": "19c",
    "x": 127,
    "y": 1054,
    "page_width": 1241,
    "page_height": 1754,
    "page_no": 16
  }
]