[
  {
    "question": "1",
    "text": "1b",
    "x": 103,
    "y": 195,
    "page_width": 1754,
    "page_height": 1241,
    "page_no": 6
  },
  {
    "question": "1",
    "text": "1c",
    "x": 103,
    "y": 196,
    "page_width": 1754,
    "page_height": 1241,
    "page_no": 7
  },
  {
    "question": "2",
    "text": "2a",
    "x": 102,
    "y": 195,
    "page_width": 1754,
    "page_height": 1241,
    "page_no": 8
  },
  {
    "question": "2",
    "text": "2b",
    "x": 106,
    "y": 241,
    "page_width": 1754,
    "page_height": 1241,
    "page_no": 9
  },
  {
    "question": "4",
    "text": "4b",
    "x": 102,
    "y": 187,
    "page_width": 1754,
    "page_height": 1241,
    "page_no": 18
  },
  {
    "question": "2",
    "text": "2ci",
    "x": 99,
    "y": 191,
    "page_width": 1754,
    "page_height": 1241,
    "page_no": 10
  },
  {
    "question": "2",
    "text": "2cii",
    "x": 95,
    "y": 583,
    "page_width": 1754,
    "page_height": 1241,
    "page_no": 10
  },
  {
    "question": "2",
    "text": "2ciii",
    "x": 95,
    "y": 897,
    "page_width": 1754,
    "page_height": 1241,
    "page_no": 10
  },
  {
    "question": "2",
    "text": "2d",
    "x": 99,
    "y": 195,
    "page_width": 1754,
    "page_height": 1241,
    "page_no": 11
  },
  {
    "question": "3",
    "text": "3a",
    "x": 160,
    "y": 195,
    "page_width": 1754,
    "page_height": 1241,
    "page_no": 12
  },
  {
    "question": "3",
    "text": "3b",
    "x": 161,
    "y": 212,
    "page_width": 1754,
    "page_height": 1241,
    "page_no": 13
  },
  {
    "question": "3",
    "text": "3c",
    "x": 160,
    "y": 195,
    "page_width": 1754,
    "page_height": 1241,
    "page_no": 14
  },
  {
    "question": "3",
    "text": "3di",
    "x": 160,
    "y": 630,
    "page_width": 1754,
    "page_height": 1241,
    "page_no": 14
  },
  {
    "question": "3",
    "text": "3d",
    "x": 160,
    "y": 195,
    "page_width": 1754,
    "page_height": 1241,
    "page_no": 15
  },
  {
    "question": "3",
    "text": "3e",
    "x": 160,
    "y": 195,
    "page_width": 1754,
    "page_height": 1241,
    "page_no": 16
  },
  {
    "question": "4",
    "text": "4a",
    "x": 159,
    "y": 196,
    "page_width": 1754,
    "page_height": 1241,
    "page_no": 17
  },
  {
    "question": "4",
    "text": "4d",
    "x": 159,
    "y": 195,
    "page_width": 1754,
    "page_height": 1241,
    "page_no": 20
  }
]