[
  {
    "question": 0,
    "x": 92,
    "y": 995,
    "page_no": 12,
    "page_width": 1241,
    "page_height": 1754
  },
  {
    "question": 1,
    "x": 103,
    "y": 161,
    "page_no": 6,
    "page_width": 1241,
    "page_height": 1754
  },
  {
    "question": "2",
    "text": "2a",
    "x": 101,
    "y": 186,
    "page_width": 1241,
    "page_height": 1754,
    "page_no": 7
  },
  {
    "question": "3",
    "text": "3ai",
    "x": 100,
    "y": 131,
    "page_width": 1241,
    "page_height": 1754,
    "page_no": 8
  },
  {
    "question": "4",
    "text": "4ai",
    "x": 101,
    "y": 127,
    "page_width": 1241,
    "page_height": 1754,
    "page_no": 10
  },
  {
    "question": "4",
    "text": "4c",
    "x": 101,
    "y": 1228,
    "page_width": 1241,
    "page_height": 1754,
    "page_no": 11
  }
]