[
  {
    "question": "1",
    "text": "1.",
    "x": 90,
    "y": 130,
    "page_width": 1241,
    "page_height": 1754,
    "page_no": 2
  },
  {
    "question": "2",
    "text": "2.",
    "x": 89,
    "y": 127,
    "page_width": 1241,
    "page_height": 1754,
    "page_no": 4
  },
  {
    "question": "3",
    "text": "3.",
    "x": 89,
    "y": 130,
    "page_width": 1241,
    "page_height": 1754,
    "page_no": 8
  },
  {
    "question": "4",
    "text": "4,",
    "x": 89,
    "y": 130,
    "page_width": 1241,
    "page_height": 1754,
    "page_no": 10
  },
  {
    "question": "5",
    "text": "5.",
    "x": 89,
    "y": 130,
    "page_width": 1241,
    "page_height": 1754,
    "page_no": 14
  },
  {
    "question": "6",
    "text": "6.",
    "x": 89,
    "y": 130,
    "page_width": 1241,
    "page_height": 1754,
    "page_no": 18
  },
  {
    "question": "7",
    "text": "7.",
    "x": 89,
    "y": 130,
    "page_width": 1241,
    "page_height": 1754,
    "page_no": 22
  }
]