[
  {
    "question": "1",
    "text": "1a",
    "x": 87,
    "y": 249,
    "page_width": 1241,
    "page_height": 1754,
    "page_no": 4
  },
  {
    "question": "4",
    "text": "4b",
    "x": 87,
    "y": 775,
    "page_width": 1241,
    "page_height": 1754,
    "page_no": 4
  },
  {
    "question": "2",
    "text": "2a",
    "x": 86,
    "y": 210,
    "page_width": 1241,
    "page_height": 1754,
    "page_no": 5
  },
  {
    "question": "2",
    "text": "2b",
    "x": 86,
    "y": 877,
    "page_width": 1241,
    "page_height": 1754,
    "page_no": 5
  },
  {
    "question": "3",
    "text": "3a",
    "x": 86,
    "y": 191,
    "page_width": 1241,
    "page_height": 1754,
    "page_no": 6
  },
  {
    "question": "3",
    "text": "3b",
    "x": 86,
    "y": 654,
    "page_width": 1241,
    "page_height": 1754,
    "page_no": 6
  },
  {
    "question": "4",
    "text": "4",
    "x": 86,
    "y": 211,
    "page_width": 1241,
    "page_height": 1754,
    "page_no": 7
  },
  {
    "question": "6",
    "text": "6a",
    "x": 86,
    "y": 309,
    "page_width": 1241,
    "page_height": 1754,
    "page_no": 10
  },
  {
    "question": "6",
    "text": "6b",
    "x": 86,
    "y": 791,
    "page_width": 1241,
    "page_height": 1754,
    "page_no": 10
  },
  {
    "question": "7",
    "text": "7a",
    "x": 86,
    "y": 210,
    "page_width": 1241,
    "page_height": 1754,
    "page_no": 11
  },
  {
    "question": "7",
    "text": "7",
    "x": 86,
    "y": 760,
    "page_width": 1241,
    "page_height": 1754,
    "page_no": 11
  },
  {
    "question": "8",
    "text": "8a",
    "x": 86,
    "y": 210,
    "page_width": 1241,
    "page_height": 1754,
    "page_no": 12
  },
  {
    "question": "8",
    "text": "8b",
    "x": 86,
    "y": 535,
    "page_width": 1241,
    "page_height": 1754,
    "page_no": 12
  },
  {
    "question": "1",
    "text": "1",
    "x": 143,
    "y": 238,
    "page_width": 1241,
    "page_height": 1754,
    "page_no": 9
  },
  {
    "question": "2",
    "text": "2",
    "x": 141,
    "y": 324,
    "page_width": 1241,
    "page_height": 1754,
    "page_no": 9
  },
  {
    "question": "3",
    "text": "3",
    "x": 141,
    "y": 436,
    "page_width": 1241,
    "page_height": 1754,
    "page_no": 9
  },
  {
    "question": "4",
    "text": "4",
    "x": 141,
    "y": 604,
    "page_width": 1241,
    "page_height": 1754,
    "page_no": 9
  }
]