[
  {
    "question": "1",
    "text": "1a",
    "x": 167,
    "y": 213,
    "page_width": 1755,
    "page_height": 1241,
    "page_no": 4
  },
  {
    "question": "1",
    "text": "1b",
    "x": 167,
    "y": 204,
    "page_width": 1755,
    "page_height": 1241,
    "page_no": 5
  },
  {
    "question": "2",
    "text": "2aiii",
    "x": 166,
    "y": 230,
    "page_width": 1755,
    "page_height": 1241,
    "page_no": 7
  },
  {
    "question": "2",
    "text": "2bi",
    "x": 166,
    "y": 630,
    "page_width": 1755,
    "page_height": 1241,
    "page_no": 7
  },
  {
    "question": "2",
    "text": "2bii",
    "x": 166,
    "y": 230,
    "page_width": 1755,
    "page_height": 1241,
    "page_no": 8
  },
  {
    "question": "3",
    "text": "3a",
    "x": 166,
    "y": 675,
    "page_width": 1755,
    "page_height": 1241,
    "page_no": 8
  },
  {
    "question": "3",
    "text": "3bi",
    "x": 166,
    "y": 1028,
    "page_width": 1755,
    "page_height": 1241,
    "page_no": 8
  },
  {
    "question": "3",
    "text": "3bii",
    "x": 166,
    "y": 230,
    "page_width": 1755,
    "page_height": 1241,
    "page_no": 9
  },
  {
    "question": "4",
    "text": "4a",
    "x": 165,
    "y": 205,
    "page_width": 1755,
    "page_height": 1241,
    "page_no": 10
  },
  {
    "question": "5",
    "text": "5aii",
    "x": 166,
    "y": 227,
    "page_width": 1755,
    "page_height": 1241,
    "page_no": 13
  },
  {
    "question": "5",
    "text": "5b",
    "x": 166,
    "y": 230,
    "page_width": 1755,
    "page_height": 1241,
    "page_no": 14
  },
  {
    "question": "5",
    "text": "5c",
    "x": 166,
    "y": 204,
    "page_width": 1755,
    "page_height": 1241,
    "page_no": 15
  },
  {
    "question": "5",
    "text": "5di",
    "x": 166,
    "y": 230,
    "page_width": 1755,
    "page_height": 1241,
    "page_no": 16
  },
  {
    "question": "5",
    "text": "5dii",
    "x": 166,
    "y": 768,
    "page_width": 1755,
    "page_height": 1241,
    "page_no": 16
  },
  {
    "question": "6",
    "text": "6a",
    "x": 166,
    "y": 258,
    "page_width": 1755,
    "page_height": 1241,
    "page_no": 17
  },
  {
    "question": "6",
    "text": "6b",
    "x": 166,
    "y": 770,
    "page_width": 1755,
    "page_height": 1241,
    "page_no": 17
  },
  {
    "question": "6",
    "text": "6cii",
    "x": 166,
    "y": 230,
    "page_width": 1755,
    "page_height": 1241,
    "page_no": 19
  },
  {
    "question": "6",
    "text": "6ciii",
    "x": 166,
    "y": 284,
    "page_width": 1755,
    "page_height": 1241,
    "page_no": 20
  },
  {
    "question": "7",
    "text": "7a",
    "x": 166,
    "y": 204,
    "page_width": 1755,
    "page_height": 1241,
    "page_no": 21
  },
  {
    "question": "7",
    "text": "7b",
    "x": 166,
    "y": 797,
    "page_width": 1755,
    "page_height": 1241,
    "page_no": 21
  },
  {
    "question": "7",
    "text": "7ci",
    "x": 166,
    "y": 204,
    "page_width": 1755,
    "page_height": 1241,
    "page_no": 22
  },
  {
    "question": "7",
    "text": "7cii",
    "x": 166,
    "y": 690,
    "page_width": 1755,
    "page_height": 1241,
    "page_no": 22
  },
  {
    "question": "7",
    "text": "7ciii",
    "x": 166,
    "y": 230,
    "page_width": 1755,
    "page_height": 1241,
    "page_no": 23
  },
  {
    "question": "8",
    "text": "8ai",
    "x": 166,
    "y": 849,
    "page_width": 1755,
    "page_height": 1241,
    "page_no": 23
  },
  {
    "question": "8",
    "text": "8aii",
    "x": 166,
    "y": 230,
    "page_width": 1755,
    "page_height": 1241,
    "page_no": 24
  },
  {
    "question": "8",
    "text": "8bi",
    "x": 166,
    "y": 230,
    "page_width": 1755,
    "page_height": 1241,
    "page_no": 25
  },
  {
    "question": "8",
    "text": "8b",
    "x": 166,
    "y": 749,
    "page_width": 1755,
    "page_height": 1241,
    "page_no": 25
  },
  {
    "question": "2",
    "text": "2ai",
    "x": 180,
    "y": 230,
    "page_width": 1755,
    "page_height": 1241,
    "page_no": 6
  },
  {
    "question": "2",
    "text": "2aii",
    "x": 180,
    "y": 577,
    "page_width": 1755,
    "page_height": 1241,
    "page_no": 6
  },
  {
    "question": "4",
    "text": "4bii",
    "x": 180,
    "y": 227,
    "page_width": 1755,
    "page_height": 1241,
    "page_no": 11
  },
  {
    "question": "6",
    "text": "6ci",
    "x": 180,
    "y": 204,
    "page_width": 1755,
    "page_height": 1241,
    "page_no": 18
  }
]