[
  {
    "question": "1",
    "text": "1.",
    "x": 153,
    "y": 275,
    "page_width": 1241,
    "page_height": 1754,
    "page_no": 6
  },
  {
    "question": "2",
    "text": "2.",
    "x": 151,
    "y": 416,
    "page_width": 1241,
    "page_height": 1754,
    "page_no": 6
  },
  {
    "question": "3",
    "text": "3.",
    "x": 151,
    "y": 500,
    "page_width": 1241,
    "page_height": 1754,
    "page_no": 6
  },
  {
    "question": "1",
    "text": "1.",
    "x": 153,
    "y": 626,
    "page_width": 1241,
    "page_height": 1754,
    "page_no": 6
  },
  {
    "question": "2",
    "text": "2.",
    "x": 151,
    "y": 718,
    "page_width": 1241,
    "page_height": 1754,
    "page_no": 6
  },
  {
    "question": "1",
    "text": "1",
    "x": 156,
    "y": 730,
    "page_width": 1241,
    "page_height": 1754,
    "page_no": 8
  },
  {
    "question": "15",
    "text": "15x?",
    "x": 138,
    "y": 841,
    "page_width": 1241,
    "page_height": 1754,
    "page_no": 7
  },
  {
    "question": "30",
    "text": "30x+18x~",
    "x": 138,
    "y": 1122,
    "page_width": 1241,
    "page_height": 1754,
    "page_no": 7
  },
  {
    "question": "16",
    "text": "16x\u201d",
    "x": 139,
    "y": 1487,
    "page_width": 1241,
    "page_height": 1754,
    "page_no": 8
  },
  {
    "question": "8",
    "text": "8-Vi52V3-V5",
    "x": 140,
    "y": 1370,
    "page_width": 1241,
    "page_height": 1754,
    "page_no": 9
  },
  {
    "question": "0",
    "text": "0",
    "x": 139,
    "y": 521,
    "page_width": 1241,
    "page_height": 1754,
    "page_no": 14
  },
  {
    "question": "8",
    "text": "8x\u00b0",
    "x": 138,
    "y": 1068,
    "page_width": 1241,
    "page_height": 1754,
    "page_no": 15
  },
  {
    "question": "4",
    "text": "4,",
    "x": 138,
    "y": 1494,
    "page_width": 1241,
    "page_height": 1754,
    "page_no": 17
  },
  {
    "question": "2",
    "text": "2x+15y+7=0",
    "x": 139,
    "y": 1620,
    "page_width": 1241,
    "page_height": 1754,
    "page_no": 17
  },
  {
    "question": "2",
    "text": "2:",
    "x": 141,
    "y": 546,
    "page_width": 1241,
    "page_height": 1754,
    "page_no": 18
  },
  {
    "question": "16",
    "text": "16.2+1.2",
    "x": 138,
    "y": 807,
    "page_width": 1241,
    "page_height": 1754,
    "page_no": 22
  },
  {
    "question": "10",
    "text": "1080",
    "x": 138,
    "y": 755,
    "page_width": 1241,
    "page_height": 1754,
    "page_no": 23
  },
  {
    "question": "2",
    "text": "2x-3-\u20144",
    "x": 138,
    "y": 1269,
    "page_width": 1241,
    "page_height": 1754,
    "page_no": 24
  },
  {
    "question": "3",
    "text": "3,-4",
    "x": 138,
    "y": 1388,
    "page_width": 1241,
    "page_height": 1754,
    "page_no": 24
  },
  {
    "question": "3",
    "text": "3a",
    "x": 108,
    "y": 192,
    "page_width": 1241,
    "page_height": 1754,
    "page_no": 9
  },
  {
    "question": "5",
    "text": "5a",
    "x": 108,
    "y": 163,
    "page_width": 1241,
    "page_height": 1754,
    "page_no": 13
  },
  {
    "question": "8",
    "text": "8a",
    "x": 108,
    "y": 163,
    "page_width": 1241,
    "page_height": 1754,
    "page_no": 19
  },
  {
    "question": "9",
    "text": "9a",
    "x": 108,
    "y": 163,
    "page_width": 1241,
    "page_height": 1754,
    "page_no": 21
  }
]