[
  {
    "question": "1",
    "text": "1a",
    "x": 165,
    "y": 210,
    "page_width": 1754,
    "page_height": 1241,
    "page_no": 4
  },
  {
    "question": "1",
    "text": "1b",
    "x": 165,
    "y": 637,
    "page_width": 1754,
    "page_height": 1241,
    "page_no": 4
  },
  {
    "question": "1",
    "text": "1ci",
    "x": 165,
    "y": 236,
    "page_width": 1754,
    "page_height": 1241,
    "page_no": 5
  },
  {
    "question": "1",
    "text": "1cii",
    "x": 165,
    "y": 544,
    "page_width": 1754,
    "page_height": 1241,
    "page_no": 5
  },
  {
    "question": "8",
    "text": "8g",
    "x": 171,
    "y": 169,
    "page_width": 1754,
    "page_height": 1241,
    "page_no": 28
  },
  {
    "question": "8",
    "text": "8h",
    "x": 171,
    "y": 645,
    "page_width": 1754,
    "page_height": 1241,
    "page_no": 28
  },
  {
    "question": "2",
    "text": "2ai",
    "x": 164,
    "y": 210,
    "page_width": 1754,
    "page_height": 1241,
    "page_no": 6
  },
  {
    "question": "2",
    "text": "2aii",
    "x": 164,
    "y": 614,
    "page_width": 1754,
    "page_height": 1241,
    "page_no": 6
  },
  {
    "question": "2",
    "text": "2bi",
    "x": 164,
    "y": 214,
    "page_width": 1754,
    "page_height": 1241,
    "page_no": 7
  },
  {
    "question": "2",
    "text": "2bii",
    "x": 164,
    "y": 673,
    "page_width": 1754,
    "page_height": 1241,
    "page_no": 7
  },
  {
    "question": "2",
    "text": "2biii",
    "x": 164,
    "y": 273,
    "page_width": 1754,
    "page_height": 1241,
    "page_no": 8
  },
  {
    "question": "3",
    "text": "3ai",
    "x": 163,
    "y": 770,
    "page_width": 1754,
    "page_height": 1241,
    "page_no": 8
  },
  {
    "question": "3",
    "text": "3aii",
    "x": 163,
    "y": 210,
    "page_width": 1754,
    "page_height": 1241,
    "page_no": 9
  },
  {
    "question": "3",
    "text": "3bi",
    "x": 163,
    "y": 821,
    "page_width": 1754,
    "page_height": 1241,
    "page_no": 9
  },
  {
    "question": "3",
    "text": "3bii",
    "x": 163,
    "y": 210,
    "page_width": 1754,
    "page_height": 1241,
    "page_no": 10
  },
  {
    "question": "4",
    "text": "4ai",
    "x": 163,
    "y": 221,
    "page_width": 1754,
    "page_height": 1241,
    "page_no": 11
  },
  {
    "question": "4",
    "text": "4aii",
    "x": 163,
    "y": 214,
    "page_width": 1754,
    "page_height": 1241,
    "page_no": 12
  },
  {
    "question": "4",
    "text": "4b",
    "x": 163,
    "y": 229,
    "page_width": 1754,
    "page_height": 1241,
    "page_no": 13
  },
  {
    "question": "5",
    "text": "5a",
    "x": 164,
    "y": 210,
    "page_width": 1754,
    "page_height": 1241,
    "page_no": 14
  },
  {
    "question": "5",
    "text": "5bi",
    "x": 164,
    "y": 529,
    "page_width": 1754,
    "page_height": 1241,
    "page_no": 14
  },
  {
    "question": "5",
    "text": "5bii",
    "x": 164,
    "y": 207,
    "page_width": 1754,
    "page_height": 1241,
    "page_no": 15
  },
  {
    "question": "5",
    "text": "5ci",
    "x": 164,
    "y": 631,
    "page_width": 1754,
    "page_height": 1241,
    "page_no": 15
  },
  {
    "question": "5",
    "text": "5cii",
    "x": 164,
    "y": 248,
    "page_width": 1754,
    "page_height": 1241,
    "page_no": 16
  },
  {
    "question": "6",
    "text": "6ai",
    "x": 163,
    "y": 210,
    "page_width": 1754,
    "page_height": 1241,
    "page_no": 17
  },
  {
    "question": "6",
    "text": "6aii",
    "x": 163,
    "y": 462,
    "page_width": 1754,
    "page_height": 1241,
    "page_no": 17
  },
  {
    "question": "6",
    "text": "6a",
    "x": 163,
    "y": 205,
    "page_width": 1754,
    "page_height": 1241,
    "page_no": 18
  },
  {
    "question": "6",
    "text": "6aiv",
    "x": 163,
    "y": 630,
    "page_width": 1754,
    "page_height": 1241,
    "page_no": 18
  },
  {
    "question": "6",
    "text": "6b",
    "x": 164,
    "y": 210,
    "page_width": 1754,
    "page_height": 1241,
    "page_no": 19
  },
  {
    "question": "7",
    "text": "7a",
    "x": 163,
    "y": 210,
    "page_width": 1754,
    "page_height": 1241,
    "page_no": 21
  },
  {
    "question": "7",
    "text": "7b",
    "x": 163,
    "y": 210,
    "page_width": 1754,
    "page_height": 1241,
    "page_no": 22
  },
  {
    "question": "7",
    "text": "7ci",
    "x": 163,
    "y": 766,
    "page_width": 1754,
    "page_height": 1241,
    "page_no": 22
  },
  {
    "question": "7",
    "text": "7cii",
    "x": 163,
    "y": 206,
    "page_width": 1754,
    "page_height": 1241,
    "page_no": 23
  },
  {
    "question": "8",
    "text": "8a",
    "x": 163,
    "y": 134,
    "page_width": 1754,
    "page_height": 1241,
    "page_no": 24
  },
  {
    "question": "8",
    "text": "8b",
    "x": 163,
    "y": 415,
    "page_width": 1754,
    "page_height": 1241,
    "page_no": 24
  },
  {
    "question": "8",
    "text": "8c",
    "x": 163,
    "y": 220,
    "page_width": 1754,
    "page_height": 1241,
    "page_no": 25
  },
  {
    "question": "8",
    "text": "8d",
    "x": 163,
    "y": 178,
    "page_width": 1754,
    "page_height": 1241,
    "page_no": 26
  },
  {
    "question": "8",
    "text": "8e",
    "x": 163,
    "y": 215,
    "page_width": 1754,
    "page_height": 1241,
    "page_no": 27
  },
  {
    "question": "8",
    "text": "8f",
    "x": 163,
    "y": 725,
    "page_width": 1754,
    "page_height": 1241,
    "page_no": 27
  }
]