[
  {
    "question": 4,
    "x": 153,
    "y": 193,
    "page_no": 3,
    "page_width": 1359,
    "page_height": 1873
  },
  {
    "question": 6,
    "x": 153,
    "y": 1124,
    "page_no": 3,
    "page_width": 1359,
    "page_height": 1873
  },
  {
    "question": 15,
    "x": 155,
    "y": 197,
    "page_no": 13,
    "page_width": 1359,
    "page_height": 1873
  },
  {
    "question": 0,
    "x": 160,
    "y": 1437,
    "page_no": 25,
    "page_width": 1359,
    "page_height": 1873
  },
  {
    "question": "1",
    "text": "1",
    "x": 150,
    "y": 405,
    "page_width": 1359,
    "page_height": 1873,
    "page_no": 2
  },
  {
    "question": "2",
    "text": "2",
    "x": 148,
    "y": 741,
    "page_width": 1359,
    "page_height": 1873,
    "page_no": 2
  },
  {
    "question": "3",
    "text": "3",
    "x": 148,
    "y": 1166,
    "page_width": 1359,
    "page_height": 1873,
    "page_no": 2
  },
  {
    "question": "5",
    "text": "5",
    "x": 148,
    "y": 616,
    "page_width": 1359,
    "page_height": 1873,
    "page_no": 3
  },
  {
    "question": "7",
    "text": "7",
    "x": 148,
    "y": 189,
    "page_width": 1359,
    "page_height": 1873,
    "page_no": 4
  },
  {
    "question": "8",
    "text": "8",
    "x": 148,
    "y": 878,
    "page_width": 1359,
    "page_height": 1873,
    "page_no": 5
  },
  {
    "question": "9",
    "text": "9",
    "x": 148,
    "y": 1230,
    "page_width": 1359,
    "page_height": 1873,
    "page_no": 5
  },
  {
    "question": "10",
    "text": "10",
    "x": 150,
    "y": 189,
    "page_width": 1359,
    "page_height": 1873,
    "page_no": 6
  },
  {
    "question": "11",
    "text": "11",
    "x": 149,
    "y": 288,
    "page_width": 1359,
    "page_height": 1873,
    "page_no": 7
  },
  {
    "question": "12",
    "text": "12",
    "x": 149,
    "y": 189,
    "page_width": 1359,
    "page_height": 1873,
    "page_no": 8
  },
  {
    "question": "13",
    "text": "13",
    "x": 149,
    "y": 189,
    "page_width": 1359,
    "page_height": 1873,
    "page_no": 10
  },
  {
    "question": "14",
    "text": "14",
    "x": 150,
    "y": 189,
    "page_width": 1359,
    "page_height": 1873,
    "page_no": 12
  },
  {
    "question": "16",
    "text": "16",
    "x": 150,
    "y": 189,
    "page_width": 1359,
    "page_height": 1873,
    "page_no": 14
  },
  {
    "question": "17",
    "text": "17",
    "x": 149,
    "y": 189,
    "page_width": 1359,
    "page_height": 1873,
    "page_no": 16
  },
  {
    "question": "18",
    "text": "18",
    "x": 149,
    "y": 189,
    "page_width": 1359,
    "page_height": 1873,
    "page_no": 18
  },
  {
    "question": "19",
    "text": "19",
    "x": 150,
    "y": 189,
    "page_width": 1359,
    "page_height": 1873,
    "page_no": 20
  },
  {
    "question": "20",
    "text": "20",
    "x": 148,
    "y": 189,
    "page_width": 1359,
    "page_height": 1873,
    "page_no": 22
  },
  {
    "question": "21",
    "text": "21",
    "x": 148,
    "y": 189,
    "page_width": 1359,
    "page_height": 1873,
    "page_no": 24
  },
  {
    "question": "30",
    "text": "30",
    "x": 163,
    "y": 1728,
    "page_width": 1359,
    "page_height": 1873,
    "page_no": 30
  },
  {
    "question": "32",
    "text": "32",
    "x": 163,
    "y": 1728,
    "page_width": 1359,
    "page_height": 1873,
    "page_no": 32
  }
]