[
  {
    "question": "1",
    "text": "1ai",
    "x": 154,
    "y": 417,
    "page_width": 1650,
    "page_height": 1275,
    "page_no": 4
  },
  {
    "question": "1",
    "text": "1aii",
    "x": 154,
    "y": 740,
    "page_width": 1650,
    "page_height": 1275,
    "page_no": 4
  },
  {
    "question": "1",
    "text": "1aiii",
    "x": 154,
    "y": 326,
    "page_width": 1650,
    "page_height": 1275,
    "page_no": 5
  },
  {
    "question": "1",
    "text": "1aiv",
    "x": 154,
    "y": 843,
    "page_width": 1650,
    "page_height": 1275,
    "page_no": 5
  },
  {
    "question": "1",
    "text": "1av",
    "x": 154,
    "y": 362,
    "page_width": 1650,
    "page_height": 1275,
    "page_no": 6
  },
  {
    "question": "1",
    "text": "1bi",
    "x": 154,
    "y": 300,
    "page_width": 1650,
    "page_height": 1275,
    "page_no": 7
  },
  {
    "question": "1",
    "text": "1bii",
    "x": 154,
    "y": 269,
    "page_width": 1650,
    "page_height": 1275,
    "page_no": 8
  },
  {
    "question": "2",
    "text": "2a",
    "x": 153,
    "y": 225,
    "page_width": 1650,
    "page_height": 1275,
    "page_no": 9
  },
  {
    "question": "2",
    "text": "2bi",
    "x": 153,
    "y": 516,
    "page_width": 1650,
    "page_height": 1275,
    "page_no": 9
  },
  {
    "question": "2",
    "text": "2bii",
    "x": 153,
    "y": 251,
    "page_width": 1650,
    "page_height": 1275,
    "page_no": 10
  },
  {
    "question": "2",
    "text": "2biii",
    "x": 153,
    "y": 314,
    "page_width": 1650,
    "page_height": 1275,
    "page_no": 11
  },
  {
    "question": "2",
    "text": "2c",
    "x": 153,
    "y": 353,
    "page_width": 1650,
    "page_height": 1275,
    "page_no": 12
  },
  {
    "question": "3",
    "text": "3a",
    "x": 153,
    "y": 280,
    "page_width": 1650,
    "page_height": 1275,
    "page_no": 13
  },
  {
    "question": "3",
    "text": "3bi",
    "x": 153,
    "y": 650,
    "page_width": 1650,
    "page_height": 1275,
    "page_no": 13
  },
  {
    "question": "3",
    "text": "3bii",
    "x": 153,
    "y": 231,
    "page_width": 1650,
    "page_height": 1275,
    "page_no": 14
  },
  {
    "question": "3",
    "text": "3biii",
    "x": 153,
    "y": 448,
    "page_width": 1650,
    "page_height": 1275,
    "page_no": 14
  },
  {
    "question": "3",
    "text": "3ci",
    "x": 153,
    "y": 232,
    "page_width": 1650,
    "page_height": 1275,
    "page_no": 15
  },
  {
    "question": "3",
    "text": "3cii",
    "x": 153,
    "y": 233,
    "page_width": 1650,
    "page_height": 1275,
    "page_no": 16
  },
  {
    "question": "3",
    "text": "3ciii",
    "x": 153,
    "y": 626,
    "page_width": 1650,
    "page_height": 1275,
    "page_no": 16
  },
  {
    "question": "3",
    "text": "3civ",
    "x": 153,
    "y": 242,
    "page_width": 1650,
    "page_height": 1275,
    "page_no": 17
  }
]