[
  {
    "question": "4",
    "text": "4.",
    "x": 113,
    "y": 694,
    "page_width": 1241,
    "page_height": 1754,
    "page_no": 5
  },
  {
    "question": "5",
    "text": "5.",
    "x": 114,
    "y": 834,
    "page_width": 1241,
    "page_height": 1754,
    "page_no": 5
  },
  {
    "question": "6",
    "text": "6.",
    "x": 114,
    "y": 921,
    "page_width": 1241,
    "page_height": 1754,
    "page_no": 5
  },
  {
    "question": "7",
    "text": "7.",
    "x": 114,
    "y": 1089,
    "page_width": 1241,
    "page_height": 1754,
    "page_no": 5
  },
  {
    "question": "7",
    "text": "7d",
    "x": 110,
    "y": 705,
    "page_width": 1241,
    "page_height": 1754,
    "page_no": 16
  },
  {
    "question": "1",
    "text": "1.",
    "x": 136,
    "y": 377,
    "page_width": 1241,
    "page_height": 1754,
    "page_no": 7
  },
  {
    "question": "4",
    "text": "4b",
    "x": 131,
    "y": 684,
    "page_width": 1241,
    "page_height": 1754,
    "page_no": 10
  },
  {
    "question": "5",
    "text": "5a",
    "x": 132,
    "y": 217,
    "page_width": 1241,
    "page_height": 1754,
    "page_no": 12
  },
  {
    "question": "5",
    "text": "5c",
    "x": 133,
    "y": 586,
    "page_width": 1241,
    "page_height": 1754,
    "page_no": 12
  },
  {
    "question": "6",
    "text": "6a",
    "x": 132,
    "y": 177,
    "page_width": 1241,
    "page_height": 1754,
    "page_no": 13
  },
  {
    "question": "6",
    "text": "6b",
    "x": 131,
    "y": 285,
    "page_width": 1241,
    "page_height": 1754,
    "page_no": 14
  },
  {
    "question": "7",
    "text": "7b",
    "x": 131,
    "y": 476,
    "page_width": 1241,
    "page_height": 1754,
    "page_no": 15
  },
  {
    "question": "5",
    "text": "5a",
    "x": 98,
    "y": 860,
    "page_width": 1241,
    "page_height": 1754,
    "page_no": 12
  },
  {
    "question": "5",
    "text": "5b",
    "x": 98,
    "y": 977,
    "page_width": 1241,
    "page_height": 1754,
    "page_no": 12
  },
  {
    "question": "6",
    "text": "6a",
    "x": 98,
    "y": 1011,
    "page_width": 1241,
    "page_height": 1754,
    "page_no": 13
  },
  {
    "question": "6",
    "text": "6b",
    "x": 98,
    "y": 834,
    "page_width": 1241,
    "page_height": 1754,
    "page_no": 14
  },
  {
    "question": "7",
    "text": "7aM1",
    "x": 98,
    "y": 832,
    "page_width": 1241,
    "page_height": 1754,
    "page_no": 15
  },
  {
    "question": "7",
    "text": "7b",
    "x": 98,
    "y": 958,
    "page_width": 1241,
    "page_height": 1754,
    "page_no": 15
  },
  {
    "question": "7",
    "text": "7c",
    "x": 98,
    "y": 1046,
    "page_width": 1241,
    "page_height": 1754,
    "page_no": 15
  }
]