[
  {
    "question": 0,
    "x": 133,
    "y": 277,
    "page_no": 17,
    "page_width": 1241,
    "page_height": 1754
  },
  {
    "question": 8,
    "x": 134,
    "y": 1486,
    "page_no": 6,
    "page_width": 1241,
    "page_height": 1754
  },
  {
    "question": 7,
    "x": 133,
    "y": 1338,
    "page_no": 6,
    "page_width": 1241,
    "page_height": 1754
  },
  {
    "question": 6,
    "x": 133,
    "y": 1224,
    "page_no": 6,
    "page_width": 1241,
    "page_height": 1754
  },
  {
    "question": 5,
    "x": 129,
    "y": 1017,
    "page_no": 6,
    "page_width": 1241,
    "page_height": 1754
  },
  {
    "question": 4,
    "x": 133,
    "y": 882,
    "page_no": 6,
    "page_width": 1241,
    "page_height": 1754
  },
  {
    "question": 3,
    "x": 134,
    "y": 674,
    "page_no": 6,
    "page_width": 1241,
    "page_height": 1754
  },
  {
    "question": 2,
    "x": 131,
    "y": 393,
    "page_no": 6,
    "page_width": 1241,
    "page_height": 1754
  },
  {
    "question": "1",
    "text": "1",
    "x": 132,
    "y": 184,
    "page_width": 1241,
    "page_height": 1754,
    "page_no": 6
  },
  {
    "question": "9",
    "text": "9",
    "x": 130,
    "y": 138,
    "page_width": 1241,
    "page_height": 1754,
    "page_no": 7
  },
  {
    "question": "10",
    "text": "10",
    "x": 132,
    "y": 244,
    "page_width": 1241,
    "page_height": 1754,
    "page_no": 7
  },
  {
    "question": "11",
    "text": "11",
    "x": 134,
    "y": 190,
    "page_width": 1241,
    "page_height": 1754,
    "page_no": 8
  },
  {
    "question": "12",
    "text": "12a",
    "x": 132,
    "y": 172,
    "page_width": 1241,
    "page_height": 1754,
    "page_no": 9
  },
  {
    "question": "13",
    "text": "13a",
    "x": 132,
    "y": 177,
    "page_width": 1241,
    "page_height": 1754,
    "page_no": 10
  },
  {
    "question": "14",
    "text": "14a",
    "x": 134,
    "y": 185,
    "page_width": 1241,
    "page_height": 1754,
    "page_no": 11
  },
  {
    "question": "15",
    "text": "15ai",
    "x": 132,
    "y": 139,
    "page_width": 1241,
    "page_height": 1754,
    "page_no": 12
  },
  {
    "question": "16",
    "text": "16a",
    "x": 132,
    "y": 165,
    "page_width": 1241,
    "page_height": 1754,
    "page_no": 14
  },
  {
    "question": "17",
    "text": "17a",
    "x": 147,
    "y": 165,
    "page_width": 1241,
    "page_height": 1754,
    "page_no": 15
  },
  {
    "question": "18",
    "text": "18a",
    "x": 145,
    "y": 181,
    "page_width": 1241,
    "page_height": 1754,
    "page_no": 16
  },
  {
    "question": "18",
    "text": "18biii_",
    "x": 145,
    "y": 1344,
    "page_width": 1241,
    "page_height": 1754,
    "page_no": 16
  }
]