[
  {
    "question": "1",
    "text": "1a",
    "x": 93,
    "y": 132,
    "page_width": 1241,
    "page_height": 1754,
    "page_no": 7
  },
  {
    "question": "2",
    "text": "2a",
    "x": 92,
    "y": 132,
    "page_width": 1241,
    "page_height": 1754,
    "page_no": 9
  },
  {
    "question": "2",
    "text": "2-x",
    "x": 93,
    "y": 399,
    "page_width": 1241,
    "page_height": 1754,
    "page_no": 10
  },
  {
    "question": "6",
    "text": "6a",
    "x": 88,
    "y": 440,
    "page_width": 1241,
    "page_height": 1754,
    "page_no": 18
  },
  {
    "question": "6",
    "text": "6-4",
    "x": 63,
    "y": 508,
    "page_width": 1241,
    "page_height": 1754,
    "page_no": 8
  },
  {
    "question": "1",
    "text": "1,",
    "x": 63,
    "y": 964,
    "page_width": 1241,
    "page_height": 1754,
    "page_no": 12
  },
  {
    "question": "2",
    "text": "2",
    "x": 66,
    "y": 999,
    "page_width": 1241,
    "page_height": 1754,
    "page_no": 12
  },
  {
    "question": "6",
    "text": "6k",
    "x": 65,
    "y": 1118,
    "page_width": 1241,
    "page_height": 1754,
    "page_no": 12
  }
]