[
  {
    "question": "1",
    "text": "1aii",
    "x": 123,
    "y": 216,
    "page_width": 1754,
    "page_height": 1241,
    "page_no": 6
  },
  {
    "question": "1",
    "text": "1bi",
    "x": 123,
    "y": 619,
    "page_width": 1754,
    "page_height": 1241,
    "page_no": 6
  },
  {
    "question": "1",
    "text": "1bii",
    "x": 123,
    "y": 220,
    "page_width": 1754,
    "page_height": 1241,
    "page_no": 7
  },
  {
    "question": "3",
    "text": "3aii",
    "x": 129,
    "y": 734,
    "page_width": 1754,
    "page_height": 1241,
    "page_no": 14
  },
  {
    "question": "3",
    "text": "3b",
    "x": 129,
    "y": 213,
    "page_width": 1754,
    "page_height": 1241,
    "page_no": 15
  },
  {
    "question": "3",
    "text": "3d",
    "x": 129,
    "y": 213,
    "page_width": 1754,
    "page_height": 1241,
    "page_no": 16
  },
  {
    "question": "3",
    "text": "3e",
    "x": 129,
    "y": 242,
    "page_width": 1754,
    "page_height": 1241,
    "page_no": 17
  },
  {
    "question": "3",
    "text": "3f",
    "x": 129,
    "y": 730,
    "page_width": 1754,
    "page_height": 1241,
    "page_no": 17
  },
  {
    "question": "3",
    "text": "3",
    "x": 129,
    "y": 213,
    "page_width": 1754,
    "page_height": 1241,
    "page_no": 18
  },
  {
    "question": "3",
    "text": "3h",
    "x": 129,
    "y": 213,
    "page_width": 1754,
    "page_height": 1241,
    "page_no": 19
  },
  {
    "question": "4",
    "text": "4a",
    "x": 129,
    "y": 213,
    "page_width": 1754,
    "page_height": 1241,
    "page_no": 20
  },
  {
    "question": "4",
    "text": "4b",
    "x": 129,
    "y": 533,
    "page_width": 1754,
    "page_height": 1241,
    "page_no": 20
  },
  {
    "question": "4",
    "text": "4d",
    "x": 129,
    "y": 213,
    "page_width": 1754,
    "page_height": 1241,
    "page_no": 22
  },
  {
    "question": "2",
    "text": "2b",
    "x": 130,
    "y": 213,
    "page_width": 1754,
    "page_height": 1241,
    "page_no": 9
  },
  {
    "question": "2",
    "text": "2c",
    "x": 130,
    "y": 737,
    "page_width": 1754,
    "page_height": 1241,
    "page_no": 9
  },
  {
    "question": "2",
    "text": "2ai",
    "x": 130,
    "y": 213,
    "page_width": 1754,
    "page_height": 1241,
    "page_no": 10
  },
  {
    "question": "2",
    "text": "2dii",
    "x": 130,
    "y": 213,
    "page_width": 1754,
    "page_height": 1241,
    "page_no": 11
  },
  {
    "question": "2",
    "text": "2d",
    "x": 130,
    "y": 239,
    "page_width": 1754,
    "page_height": 1241,
    "page_no": 12
  },
  {
    "question": "2",
    "text": "2e",
    "x": 130,
    "y": 242,
    "page_width": 1754,
    "page_height": 1241,
    "page_no": 13
  }
]