[
  {
    "question": "4",
    "text": "4.",
    "x": 127,
    "y": 645,
    "page_width": 1241,
    "page_height": 1754,
    "page_no": 5
  },
  {
    "question": "5",
    "text": "5.",
    "x": 127,
    "y": 752,
    "page_width": 1241,
    "page_height": 1754,
    "page_no": 5
  },
  {
    "question": "6",
    "text": "6.",
    "x": 127,
    "y": 831,
    "page_width": 1241,
    "page_height": 1754,
    "page_no": 5
  },
  {
    "question": "7",
    "text": "7.",
    "x": 127,
    "y": 966,
    "page_width": 1241,
    "page_height": 1754,
    "page_no": 5
  },
  {
    "question": "6",
    "text": "6",
    "x": 153,
    "y": 230,
    "page_width": 1241,
    "page_height": 1754,
    "page_no": 7
  },
  {
    "question": "1",
    "text": "1+",
    "x": 152,
    "y": 969,
    "page_width": 1241,
    "page_height": 1754,
    "page_no": 10
  },
  {
    "question": "2",
    "text": "2",
    "x": 156,
    "y": 921,
    "page_width": 1241,
    "page_height": 1754,
    "page_no": 12
  },
  {
    "question": "8",
    "text": "8",
    "x": 154,
    "y": 815,
    "page_width": 1241,
    "page_height": 1754,
    "page_no": 14
  },
  {
    "question": "0",
    "text": "0=cos\u2122",
    "x": 134,
    "y": 914,
    "page_width": 1241,
    "page_height": 1754,
    "page_no": 7
  },
  {
    "question": "10",
    "text": "1000P",
    "x": 136,
    "y": 319,
    "page_width": 1241,
    "page_height": 1754,
    "page_no": 8
  },
  {
    "question": "4",
    "text": "4,",
    "x": 133,
    "y": 675,
    "page_width": 1241,
    "page_height": 1754,
    "page_no": 8
  },
  {
    "question": "2",
    "text": "2",
    "x": 136,
    "y": 706,
    "page_width": 1241,
    "page_height": 1754,
    "page_no": 8
  },
  {
    "question": "2",
    "text": "2cost+1=0",
    "x": 134,
    "y": 385,
    "page_width": 1241,
    "page_height": 1754,
    "page_no": 9
  },
  {
    "question": "1",
    "text": "1=0,",
    "x": 133,
    "y": 659,
    "page_width": 1241,
    "page_height": 1754,
    "page_no": 9
  },
  {
    "question": "7",
    "text": "7",
    "x": 133,
    "y": 981,
    "page_width": 1241,
    "page_height": 1754,
    "page_no": 10
  },
  {
    "question": "24",
    "text": "24a:25a:72a:Ta71+7",
    "x": 131,
    "y": 126,
    "page_width": 1241,
    "page_height": 1754,
    "page_no": 13
  },
  {
    "question": "25",
    "text": "25ax",
    "x": 131,
    "y": 277,
    "page_width": 1241,
    "page_height": 1754,
    "page_no": 13
  },
  {
    "question": "24",
    "text": "24ax12a+25axl2a+7zax7Ta",
    "x": 131,
    "y": 666,
    "page_width": 1241,
    "page_height": 1754,
    "page_no": 13
  },
  {
    "question": "2",
    "text": "2b",
    "x": 71,
    "y": 567,
    "page_width": 1241,
    "page_height": 1754,
    "page_no": 8
  },
  {
    "question": "3",
    "text": "3b",
    "x": 72,
    "y": 385,
    "page_width": 1241,
    "page_height": 1754,
    "page_no": 9
  },
  {
    "question": "4",
    "text": "4b",
    "x": 71,
    "y": 704,
    "page_width": 1241,
    "page_height": 1754,
    "page_no": 10
  },
  {
    "question": "5",
    "text": "5b",
    "x": 72,
    "y": 471,
    "page_width": 1241,
    "page_height": 1754,
    "page_no": 11
  },
  {
    "question": "5",
    "text": "5c",
    "x": 72,
    "y": 793,
    "page_width": 1241,
    "page_height": 1754,
    "page_no": 11
  },
  {
    "question": "6",
    "text": "6b",
    "x": 71,
    "y": 556,
    "page_width": 1241,
    "page_height": 1754,
    "page_no": 13
  },
  {
    "question": "7",
    "text": "7b",
    "x": 71,
    "y": 668,
    "page_width": 1241,
    "page_height": 1754,
    "page_no": 14
  },
  {
    "question": "7",
    "text": "7d",
    "x": 71,
    "y": 663,
    "page_width": 1241,
    "page_height": 1754,
    "page_no": 15
  },
  {
    "question": "12",
    "text": "12a,",
    "x": 137,
    "y": 336,
    "page_width": 1241,
    "page_height": 1754,
    "page_no": 11
  },
  {
    "question": "0",
    "text": "0=61",
    "x": 139,
    "y": 524,
    "page_width": 1241,
    "page_height": 1754,
    "page_no": 12
  },
  {
    "question": "0",
    "text": "0",
    "x": 139,
    "y": 1138,
    "page_width": 1241,
    "page_height": 1754,
    "page_no": 12
  },
  {
    "question": "2",
    "text": "2=",
    "x": 139,
    "y": 725,
    "page_width": 1241,
    "page_height": 1754,
    "page_no": 14
  },
  {
    "question": "0",
    "text": "0\u00b0",
    "x": 139,
    "y": 877,
    "page_width": 1241,
    "page_height": 1754,
    "page_no": 14
  },
  {
    "question": "2",
    "text": "2",
    "x": 141,
    "y": 1263,
    "page_width": 1241,
    "page_height": 1754,
    "page_no": 14
  },
  {
    "question": "20",
    "text": "20cos",
    "x": 139,
    "y": 1427,
    "page_width": 1241,
    "page_height": 1754,
    "page_no": 14
  },
  {
    "question": "0",
    "text": "0=xtan",
    "x": 138,
    "y": 312,
    "page_width": 1241,
    "page_height": 1754,
    "page_no": 15
  }
]