[
  {
    "question": "6",
    "text": "6xd",
    "x": 142,
    "y": 406,
    "page_width": 1241,
    "page_height": 1754,
    "page_no": 2
  },
  {
    "question": "1",
    "text": "1",
    "x": 142,
    "y": 465,
    "page_width": 1241,
    "page_height": 1754,
    "page_no": 3
  },
  {
    "question": "2",
    "text": "2",
    "x": 141,
    "y": 494,
    "page_width": 1241,
    "page_height": 1754,
    "page_no": 3
  },
  {
    "question": "3",
    "text": "3",
    "x": 141,
    "y": 525,
    "page_width": 1241,
    "page_height": 1754,
    "page_no": 3
  },
  {
    "question": "4",
    "text": "4",
    "x": 140,
    "y": 557,
    "page_width": 1241,
    "page_height": 1754,
    "page_no": 3
  },
  {
    "question": "5",
    "text": "5",
    "x": 141,
    "y": 587,
    "page_width": 1241,
    "page_height": 1754,
    "page_no": 3
  },
  {
    "question": "6",
    "text": "6",
    "x": 140,
    "y": 617,
    "page_width": 1241,
    "page_height": 1754,
    "page_no": 3
  },
  {
    "question": "7",
    "text": "7",
    "x": 141,
    "y": 648,
    "page_width": 1241,
    "page_height": 1754,
    "page_no": 3
  },
  {
    "question": "8",
    "text": "8",
    "x": 140,
    "y": 678,
    "page_width": 1241,
    "page_height": 1754,
    "page_no": 3
  },
  {
    "question": "9",
    "text": "9",
    "x": 140,
    "y": 708,
    "page_width": 1241,
    "page_height": 1754,
    "page_no": 3
  },
  {
    "question": "10",
    "text": "10",
    "x": 135,
    "y": 739,
    "page_width": 1241,
    "page_height": 1754,
    "page_no": 3
  },
  {
    "question": "11",
    "text": "11",
    "x": 135,
    "y": 789,
    "page_width": 1241,
    "page_height": 1754,
    "page_no": 3
  },
  {
    "question": "12",
    "text": "12",
    "x": 135,
    "y": 819,
    "page_width": 1241,
    "page_height": 1754,
    "page_no": 3
  },
  {
    "question": "13",
    "text": "13",
    "x": 135,
    "y": 849,
    "page_width": 1241,
    "page_height": 1754,
    "page_no": 3
  },
  {
    "question": "14",
    "text": "14",
    "x": 135,
    "y": 881,
    "page_width": 1241,
    "page_height": 1754,
    "page_no": 3
  },
  {
    "question": "15",
    "text": "15",
    "x": 135,
    "y": 911,
    "page_width": 1241,
    "page_height": 1754,
    "page_no": 3
  },
  {
    "question": "16",
    "text": "16",
    "x": 135,
    "y": 941,
    "page_width": 1241,
    "page_height": 1754,
    "page_no": 3
  },
  {
    "question": "17",
    "text": "17",
    "x": 134,
    "y": 972,
    "page_width": 1241,
    "page_height": 1754,
    "page_no": 3
  },
  {
    "question": "18",
    "text": "18",
    "x": 134,
    "y": 1002,
    "page_width": 1241,
    "page_height": 1754,
    "page_no": 3
  },
  {
    "question": "19",
    "text": "19",
    "x": 134,
    "y": 1033,
    "page_width": 1241,
    "page_height": 1754,
    "page_no": 3
  },
  {
    "question": "20",
    "text": "20",
    "x": 133,
    "y": 1063,
    "page_width": 1241,
    "page_height": 1754,
    "page_no": 3
  },
  {
    "question": "21",
    "text": "21",
    "x": 133,
    "y": 1112,
    "page_width": 1241,
    "page_height": 1754,
    "page_no": 3
  },
  {
    "question": "22",
    "text": "22",
    "x": 133,
    "y": 1143,
    "page_width": 1241,
    "page_height": 1754,
    "page_no": 3
  },
  {
    "question": "23",
    "text": "23",
    "x": 133,
    "y": 1173,
    "page_width": 1241,
    "page_height": 1754,
    "page_no": 3
  },
  {
    "question": "24",
    "text": "24",
    "x": 133,
    "y": 1204,
    "page_width": 1241,
    "page_height": 1754,
    "page_no": 3
  },
  {
    "question": "25",
    "text": "25",
    "x": 133,
    "y": 1235,
    "page_width": 1241,
    "page_height": 1754,
    "page_no": 3
  },
  {
    "question": "26",
    "text": "26",
    "x": 133,
    "y": 1265,
    "page_width": 1241,
    "page_height": 1754,
    "page_no": 3
  },
  {
    "question": "27",
    "text": "27",
    "x": 133,
    "y": 1296,
    "page_width": 1241,
    "page_height": 1754,
    "page_no": 3
  },
  {
    "question": "28",
    "text": "28",
    "x": 133,
    "y": 1326,
    "page_width": 1241,
    "page_height": 1754,
    "page_no": 3
  },
  {
    "question": "29",
    "text": "29",
    "x": 133,
    "y": 1357,
    "page_width": 1241,
    "page_height": 1754,
    "page_no": 3
  },
  {
    "question": "30",
    "text": "30",
    "x": 133,
    "y": 1387,
    "page_width": 1241,
    "page_height": 1754,
    "page_no": 3
  },
  {
    "question": "40",
    "text": "40",
    "x": 132,
    "y": 1437,
    "page_width": 1241,
    "page_height": 1754,
    "page_no": 3
  },
  {
    "question": "50",
    "text": "50",
    "x": 133,
    "y": 1468,
    "page_width": 1241,
    "page_height": 1754,
    "page_no": 3
  },
  {
    "question": "60",
    "text": "60",
    "x": 132,
    "y": 1500,
    "page_width": 1241,
    "page_height": 1754,
    "page_no": 3
  },
  {
    "question": "70",
    "text": "70",
    "x": 133,
    "y": 1532,
    "page_width": 1241,
    "page_height": 1754,
    "page_no": 3
  },
  {
    "question": "1",
    "text": "1",
    "x": 91,
    "y": 283,
    "page_width": 1241,
    "page_height": 1754,
    "page_no": 6
  },
  {
    "question": "2",
    "text": "2",
    "x": 89,
    "y": 132,
    "page_width": 1241,
    "page_height": 1754,
    "page_no": 8
  },
  {
    "question": "3",
    "text": "3",
    "x": 89,
    "y": 132,
    "page_width": 1241,
    "page_height": 1754,
    "page_no": 11
  },
  {
    "question": "4",
    "text": "4",
    "x": 89,
    "y": 133,
    "page_width": 1241,
    "page_height": 1754,
    "page_no": 12
  },
  {
    "question": "5",
    "text": "5",
    "x": 90,
    "y": 133,
    "page_width": 1241,
    "page_height": 1754,
    "page_no": 15
  },
  {
    "question": "6",
    "text": "6",
    "x": 89,
    "y": 432,
    "page_width": 1241,
    "page_height": 1754,
    "page_no": 17
  },
  {
    "question": "8",
    "text": "8",
    "x": 89,
    "y": 132,
    "page_width": 1241,
    "page_height": 1754,
    "page_no": 19
  },
  {
    "question": "9",
    "text": "9",
    "x": 89,
    "y": 132,
    "page_width": 1241,
    "page_height": 1754,
    "page_no": 21
  },
  {
    "question": "10",
    "text": "10",
    "x": 91,
    "y": 132,
    "page_width": 1241,
    "page_height": 1754,
    "page_no": 22
  },
  {
    "question": "11",
    "text": "11",
    "x": 91,
    "y": 133,
    "page_width": 1241,
    "page_height": 1754,
    "page_no": 24
  },
  {
    "question": "12",
    "text": "12",
    "x": 91,
    "y": 282,
    "page_width": 1241,
    "page_height": 1754,
    "page_no": 26
  },
  {
    "question": "13",
    "text": "13",
    "x": 91,
    "y": 132,
    "page_width": 1241,
    "page_height": 1754,
    "page_no": 27
  },
  {
    "question": "14",
    "text": "14",
    "x": 91,
    "y": 133,
    "page_width": 1241,
    "page_height": 1754,
    "page_no": 28
  },
  {
    "question": "15",
    "text": "15",
    "x": 91,
    "y": 133,
    "page_width": 1241,
    "page_height": 1754,
    "page_no": 30
  },
  {
    "question": "16",
    "text": "16",
    "x": 91,
    "y": 132,
    "page_width": 1241,
    "page_height": 1754,
    "page_no": 31
  },
  {
    "question": "17",
    "text": "17",
    "x": 91,
    "y": 133,
    "page_width": 1241,
    "page_height": 1754,
    "page_no": 33
  },
  {
    "question": "5",
    "text": "5",
    "x": 13,
    "y": 1584,
    "page_width": 1241,
    "page_height": 1754,
    "page_no": 7
  },
  {
    "question": "5",
    "text": "5",
    "x": 13,
    "y": 1584,
    "page_width": 1241,
    "page_height": 1754,
    "page_no": 13
  },
  {
    "question": "5",
    "text": "5",
    "x": 13,
    "y": 1584,
    "page_width": 1241,
    "page_height": 1754,
    "page_no": 23
  },
  {
    "question": "5",
    "text": "5",
    "x": 13,
    "y": 1584,
    "page_width": 1241,
    "page_height": 1754,
    "page_no": 25
  },
  {
    "question": "38",
    "text": "38",
    "x": 13,
    "y": 548,
    "page_width": 1241,
    "page_height": 1754,
    "page_no": 27
  },
  {
    "question": "38",
    "text": "38",
    "x": 13,
    "y": 611,
    "page_width": 1241,
    "page_height": 1754,
    "page_no": 27
  },
  {
    "question": "20",
    "text": "203",
    "x": 13,
    "y": 1270,
    "page_width": 1241,
    "page_height": 1754,
    "page_no": 31
  },
  {
    "question": "20",
    "text": "203",
    "x": 13,
    "y": 1270,
    "page_width": 1241,
    "page_height": 1754,
    "page_no": 33
  }
]