[
  {
    "question": 0,
    "x": 133,
    "y": 1501,
    "page_no": 15,
    "page_width": 1241,
    "page_height": 1754
  },
  {
    "question": "1",
    "text": "1",
    "x": 144,
    "y": 154,
    "page_width": 1241,
    "page_height": 1754,
    "page_no": 4
  },
  {
    "question": "10",
    "text": "10",
    "x": 144,
    "y": 796,
    "page_width": 1241,
    "page_height": 1754,
    "page_no": 4
  },
  {
    "question": "11",
    "text": "11",
    "x": 144,
    "y": 166,
    "page_width": 1241,
    "page_height": 1754,
    "page_no": 5
  },
  {
    "question": "12",
    "text": "12",
    "x": 144,
    "y": 607,
    "page_width": 1241,
    "page_height": 1754,
    "page_no": 5
  },
  {
    "question": "13",
    "text": "13a",
    "x": 144,
    "y": 930,
    "page_width": 1241,
    "page_height": 1754,
    "page_no": 5
  },
  {
    "question": "14",
    "text": "14",
    "x": 144,
    "y": 165,
    "page_width": 1241,
    "page_height": 1754,
    "page_no": 6
  },
  {
    "question": "15",
    "text": "15",
    "x": 144,
    "y": 727,
    "page_width": 1241,
    "page_height": 1754,
    "page_no": 6
  },
  {
    "question": "16",
    "text": "16",
    "x": 144,
    "y": 165,
    "page_width": 1241,
    "page_height": 1754,
    "page_no": 7
  },
  {
    "question": "17",
    "text": "17a",
    "x": 144,
    "y": 166,
    "page_width": 1241,
    "page_height": 1754,
    "page_no": 8
  },
  {
    "question": "18",
    "text": "18ai",
    "x": 144,
    "y": 191,
    "page_width": 1241,
    "page_height": 1754,
    "page_no": 10
  },
  {
    "question": "19",
    "text": "19a",
    "x": 144,
    "y": 165,
    "page_width": 1241,
    "page_height": 1754,
    "page_no": 11
  },
  {
    "question": "2",
    "text": "2",
    "x": 142,
    "y": 207,
    "page_width": 1241,
    "page_height": 1754,
    "page_no": 4
  },
  {
    "question": "3",
    "text": "3",
    "x": 142,
    "y": 261,
    "page_width": 1241,
    "page_height": 1754,
    "page_no": 4
  },
  {
    "question": "4",
    "text": "4",
    "x": 142,
    "y": 315,
    "page_width": 1241,
    "page_height": 1754,
    "page_no": 4
  },
  {
    "question": "5",
    "text": "5",
    "x": 142,
    "y": 370,
    "page_width": 1241,
    "page_height": 1754,
    "page_no": 4
  },
  {
    "question": "6",
    "text": "6",
    "x": 142,
    "y": 423,
    "page_width": 1241,
    "page_height": 1754,
    "page_no": 4
  },
  {
    "question": "7",
    "text": "7",
    "x": 142,
    "y": 556,
    "page_width": 1241,
    "page_height": 1754,
    "page_no": 4
  },
  {
    "question": "8",
    "text": "8",
    "x": 142,
    "y": 609,
    "page_width": 1241,
    "page_height": 1754,
    "page_no": 4
  },
  {
    "question": "9",
    "text": "9",
    "x": 142,
    "y": 742,
    "page_width": 1241,
    "page_height": 1754,
    "page_no": 4
  },
  {
    "question": "20",
    "text": "20a",
    "x": 142,
    "y": 165,
    "page_width": 1241,
    "page_height": 1754,
    "page_no": 13
  },
  {
    "question": "21",
    "text": "21a",
    "x": 143,
    "y": 165,
    "page_width": 1241,
    "page_height": 1754,
    "page_no": 14
  },
  {
    "question": "22",
    "text": "22@\\i",
    "x": 142,
    "y": 165,
    "page_width": 1241,
    "page_height": 1754,
    "page_no": 15
  },
  {
    "question": "22",
    "text": "22b\\ii",
    "x": 142,
    "y": 1022,
    "page_width": 1241,
    "page_height": 1754,
    "page_no": 15
  }
]