[
  {
    "question": "1",
    "text": "1.",
    "x": 150,
    "y": 396,
    "page_width": 1359,
    "page_height": 1873,
    "page_no": 2
  },
  {
    "question": "2",
    "text": "2",
    "x": 148,
    "y": 190,
    "page_width": 1359,
    "page_height": 1873,
    "page_no": 6
  },
  {
    "question": "3",
    "text": "3",
    "x": 148,
    "y": 190,
    "page_width": 1359,
    "page_height": 1873,
    "page_no": 9
  },
  {
    "question": "4",
    "text": "4",
    "x": 148,
    "y": 191,
    "page_width": 1359,
    "page_height": 1873,
    "page_no": 13
  },
  {
    "question": "5",
    "text": "5",
    "x": 149,
    "y": 191,
    "page_width": 1359,
    "page_height": 1873,
    "page_no": 16
  },
  {
    "question": "7",
    "text": "7",
    "x": 149,
    "y": 191,
    "page_width": 1359,
    "page_height": 1873,
    "page_no": 23
  },
  {
    "question": "8",
    "text": "8",
    "x": 148,
    "y": 190,
    "page_width": 1359,
    "page_height": 1873,
    "page_no": 26
  },
  {
    "question": "9",
    "text": "9",
    "x": 148,
    "y": 190,
    "page_width": 1359,
    "page_height": 1873,
    "page_no": 29
  },
  {
    "question": "39",
    "text": "394",
    "x": 72,
    "y": 230,
    "page_width": 1359,
    "page_height": 1873,
    "page_no": 3
  },
  {
    "question": "29",
    "text": "294",
    "x": 72,
    "y": 230,
    "page_width": 1359,
    "page_height": 1873,
    "page_no": 9
  },
  {
    "question": "5",
    "text": "5",
    "x": 71,
    "y": 1126,
    "page_width": 1359,
    "page_height": 1873,
    "page_no": 25
  },
  {
    "question": "2",
    "text": "2",
    "x": 71,
    "y": 1328,
    "page_width": 1359,
    "page_height": 1873,
    "page_no": 25
  },
  {
    "question": "2",
    "text": "2",
    "x": 71,
    "y": 510,
    "page_width": 1359,
    "page_height": 1873,
    "page_no": 31
  }
]