[
  {
    "question": "1",
    "text": "1",
    "x": 142,
    "y": 286,
    "page_width": 1241,
    "page_height": 1754,
    "page_no": 4
  },
  {
    "question": "1",
    "text": "1",
    "x": 142,
    "y": 222,
    "page_width": 1241,
    "page_height": 1754,
    "page_no": 5
  },
  {
    "question": "1",
    "text": "1",
    "x": 142,
    "y": 502,
    "page_width": 1241,
    "page_height": 1754,
    "page_no": 6
  },
  {
    "question": "1",
    "text": "1",
    "x": 142,
    "y": 222,
    "page_width": 1241,
    "page_height": 1754,
    "page_no": 7
  },
  {
    "question": "2",
    "text": "2a",
    "x": 141,
    "y": 221,
    "page_width": 1241,
    "page_height": 1754,
    "page_no": 10
  },
  {
    "question": "2",
    "text": "2b",
    "x": 141,
    "y": 256,
    "page_width": 1241,
    "page_height": 1754,
    "page_no": 11
  },
  {
    "question": "2",
    "text": "2c",
    "x": 141,
    "y": 988,
    "page_width": 1241,
    "page_height": 1754,
    "page_no": 11
  },
  {
    "question": "2",
    "text": "2d",
    "x": 141,
    "y": 292,
    "page_width": 1241,
    "page_height": 1754,
    "page_no": 12
  },
  {
    "question": "2",
    "text": "2e",
    "x": 141,
    "y": 221,
    "page_width": 1241,
    "page_height": 1754,
    "page_no": 13
  },
  {
    "question": "2",
    "text": "2f",
    "x": 141,
    "y": 649,
    "page_width": 1241,
    "page_height": 1754,
    "page_no": 13
  },
  {
    "question": "3",
    "text": "3",
    "x": 141,
    "y": 221,
    "page_width": 1241,
    "page_height": 1754,
    "page_no": 16
  },
  {
    "question": "3",
    "text": "3",
    "x": 141,
    "y": 712,
    "page_width": 1241,
    "page_height": 1754,
    "page_no": 16
  },
  {
    "question": "3",
    "text": "3c",
    "x": 141,
    "y": 278,
    "page_width": 1241,
    "page_height": 1754,
    "page_no": 17
  },
  {
    "question": "4",
    "text": "4",
    "x": 141,
    "y": 222,
    "page_width": 1241,
    "page_height": 1754,
    "page_no": 19
  },
  {
    "question": "4",
    "text": "4",
    "x": 141,
    "y": 1082,
    "page_width": 1241,
    "page_height": 1754,
    "page_no": 19
  },
  {
    "question": "4",
    "text": "4",
    "x": 141,
    "y": 222,
    "page_width": 1241,
    "page_height": 1754,
    "page_no": 20
  },
  {
    "question": "4",
    "text": "4",
    "x": 141,
    "y": 742,
    "page_width": 1241,
    "page_height": 1754,
    "page_no": 20
  },
  {
    "question": "4",
    "text": "4",
    "x": 141,
    "y": 222,
    "page_width": 1241,
    "page_height": 1754,
    "page_no": 21
  },
  {
    "question": "4",
    "text": "4",
    "x": 141,
    "y": 923,
    "page_width": 1241,
    "page_height": 1754,
    "page_no": 21
  },
  {
    "question": "4",
    "text": "4",
    "x": 141,
    "y": 222,
    "page_width": 1241,
    "page_height": 1754,
    "page_no": 22
  },
  {
    "question": "4",
    "text": "4d",
    "x": 141,
    "y": 230,
    "page_width": 1241,
    "page_height": 1754,
    "page_no": 23
  },
  {
    "question": "5",
    "text": "5",
    "x": 142,
    "y": 222,
    "page_width": 1241,
    "page_height": 1754,
    "page_no": 24
  },
  {
    "question": "5",
    "text": "5",
    "x": 142,
    "y": 633,
    "page_width": 1241,
    "page_height": 1754,
    "page_no": 24
  },
  {
    "question": "5",
    "text": "5",
    "x": 142,
    "y": 1012,
    "page_width": 1241,
    "page_height": 1754,
    "page_no": 24
  },
  {
    "question": "5",
    "text": "5",
    "x": 142,
    "y": 222,
    "page_width": 1241,
    "page_height": 1754,
    "page_no": 25
  },
  {
    "question": "5",
    "text": "5",
    "x": 142,
    "y": 673,
    "page_width": 1241,
    "page_height": 1754,
    "page_no": 25
  },
  {
    "question": "5",
    "text": "5",
    "x": 142,
    "y": 222,
    "page_width": 1241,
    "page_height": 1754,
    "page_no": 26
  },
  {
    "question": "5",
    "text": "5",
    "x": 142,
    "y": 618,
    "page_width": 1241,
    "page_height": 1754,
    "page_no": 26
  },
  {
    "question": "5",
    "text": "5",
    "x": 142,
    "y": 222,
    "page_width": 1241,
    "page_height": 1754,
    "page_no": 27
  },
  {
    "question": "5",
    "text": "5",
    "x": 142,
    "y": 232,
    "page_width": 1241,
    "page_height": 1754,
    "page_no": 28
  },
  {
    "question": "6",
    "text": "6",
    "x": 141,
    "y": 257,
    "page_width": 1241,
    "page_height": 1754,
    "page_no": 29
  },
  {
    "question": "6",
    "text": "6",
    "x": 141,
    "y": 642,
    "page_width": 1241,
    "page_height": 1754,
    "page_no": 29
  },
  {
    "question": "6",
    "text": "6c",
    "x": 141,
    "y": 221,
    "page_width": 1241,
    "page_height": 1754,
    "page_no": 30
  },
  {
    "question": "6",
    "text": "6",
    "x": 141,
    "y": 221,
    "page_width": 1241,
    "page_height": 1754,
    "page_no": 31
  },
  {
    "question": "6",
    "text": "6",
    "x": 141,
    "y": 909,
    "page_width": 1241,
    "page_height": 1754,
    "page_no": 31
  },
  {
    "question": "6",
    "text": "6",
    "x": 141,
    "y": 231,
    "page_width": 1241,
    "page_height": 1754,
    "page_no": 32
  },
  {
    "question": "20",
    "text": "2018",
    "x": 61,
    "y": 720,
    "page_width": 1241,
    "page_height": 1754,
    "page_no": 6
  },
  {
    "question": "31",
    "text": "31",
    "x": 62,
    "y": 761,
    "page_width": 1241,
    "page_height": 1754,
    "page_no": 6
  },
  {
    "question": "20",
    "text": "2019",
    "x": 62,
    "y": 1050,
    "page_width": 1241,
    "page_height": 1754,
    "page_no": 6
  },
  {
    "question": "1",
    "text": "1",
    "x": 63,
    "y": 1083,
    "page_width": 1241,
    "page_height": 1754,
    "page_no": 6
  },
  {
    "question": "6",
    "text": "6%",
    "x": 151,
    "y": 1558,
    "page_width": 1241,
    "page_height": 1754,
    "page_no": 7
  },
  {
    "question": "2",
    "text": "2x1A01",
    "x": 151,
    "y": 1130,
    "page_width": 1241,
    "page_height": 1754,
    "page_no": 30
  },
  {
    "question": "10",
    "text": "10",
    "x": 153,
    "y": 1166,
    "page_width": 1241,
    "page_height": 1754,
    "page_no": 30
  },
  {
    "question": "2",
    "text": "2x",
    "x": 151,
    "y": 1202,
    "page_width": 1241,
    "page_height": 1754,
    "page_no": 30
  },
  {
    "question": "1",
    "text": "1",
    "x": 151,
    "y": 1239,
    "page_width": 1241,
    "page_height": 1754,
    "page_no": 30
  }
]