[
  {
    "question": 0,
    "x": 104,
    "y": 1394,
    "page_no": 15,
    "page_width": 1241,
    "page_height": 1754
  },
  {
    "question": 11,
    "x": 124,
    "y": 216,
    "page_no": 7,
    "page_width": 1241,
    "page_height": 1754
  },
  {
    "question": "1",
    "text": "1",
    "x": 118,
    "y": 216,
    "page_width": 1241,
    "page_height": 1754,
    "page_no": 6
  },
  {
    "question": "2",
    "text": "2",
    "x": 116,
    "y": 349,
    "page_width": 1241,
    "page_height": 1754,
    "page_no": 6
  },
  {
    "question": "3",
    "text": "3",
    "x": 116,
    "y": 482,
    "page_width": 1241,
    "page_height": 1754,
    "page_no": 6
  },
  {
    "question": "4",
    "text": "4",
    "x": 116,
    "y": 615,
    "page_width": 1241,
    "page_height": 1754,
    "page_no": 6
  },
  {
    "question": "5",
    "text": "5",
    "x": 116,
    "y": 748,
    "page_width": 1241,
    "page_height": 1754,
    "page_no": 6
  },
  {
    "question": "6",
    "text": "6",
    "x": 116,
    "y": 881,
    "page_width": 1241,
    "page_height": 1754,
    "page_no": 6
  },
  {
    "question": "7",
    "text": "7",
    "x": 116,
    "y": 1014,
    "page_width": 1241,
    "page_height": 1754,
    "page_no": 6
  },
  {
    "question": "8",
    "text": "8",
    "x": 116,
    "y": 1147,
    "page_width": 1241,
    "page_height": 1754,
    "page_no": 6
  },
  {
    "question": "9",
    "text": "9",
    "x": 116,
    "y": 1280,
    "page_width": 1241,
    "page_height": 1754,
    "page_no": 6
  },
  {
    "question": "10",
    "text": "10",
    "x": 118,
    "y": 1413,
    "page_width": 1241,
    "page_height": 1754,
    "page_no": 6
  },
  {
    "question": "12",
    "text": "12",
    "x": 118,
    "y": 608,
    "page_width": 1241,
    "page_height": 1754,
    "page_no": 7
  },
  {
    "question": "13",
    "text": "13a",
    "x": 118,
    "y": 245,
    "page_width": 1241,
    "page_height": 1754,
    "page_no": 8
  },
  {
    "question": "14",
    "text": "14a",
    "x": 118,
    "y": 244,
    "page_width": 1241,
    "page_height": 1754,
    "page_no": 9
  },
  {
    "question": "15",
    "text": "15a",
    "x": 118,
    "y": 245,
    "page_width": 1241,
    "page_height": 1754,
    "page_no": 10
  },
  {
    "question": "16",
    "text": "16",
    "x": 118,
    "y": 247,
    "page_width": 1241,
    "page_height": 1754,
    "page_no": 12
  },
  {
    "question": "17",
    "text": "17a",
    "x": 118,
    "y": 218,
    "page_width": 1241,
    "page_height": 1754,
    "page_no": 13
  },
  {
    "question": "18",
    "text": "18a",
    "x": 118,
    "y": 215,
    "page_width": 1241,
    "page_height": 1754,
    "page_no": 14
  },
  {
    "question": "19",
    "text": "19ai",
    "x": 118,
    "y": 215,
    "page_width": 1241,
    "page_height": 1754,
    "page_no": 15
  },
  {
    "question": "19",
    "text": "19c",
    "x": 118,
    "y": 1218,
    "page_width": 1241,
    "page_height": 1754,
    "page_no": 15
  }
]