[
  {
    "question": 0,
    "x": 75,
    "y": 1405,
    "page_no": 9,
    "page_width": 1241,
    "page_height": 1754
  },
  {
    "question": 4,
    "x": 90,
    "y": 177,
    "page_no": 8,
    "page_width": 1241,
    "page_height": 1754
  },
  {
    "question": 3,
    "x": 87,
    "y": 151,
    "page_no": 7,
    "page_width": 1241,
    "page_height": 1754
  },
  {
    "question": 2,
    "x": 90,
    "y": 172,
    "page_no": 6,
    "page_width": 1241,
    "page_height": 1754
  },
  {
    "question": "1",
    "text": "1ai",
    "x": 87,
    "y": 153,
    "page_width": 1241,
    "page_height": 1754,
    "page_no": 5
  },
  {
    "question": "4",
    "text": "4civ",
    "x": 86,
    "y": 1202,
    "page_width": 1241,
    "page_height": 1754,
    "page_no": 9
  }
]