[
  {
    "question": "1",
    "text": "1",
    "x": 164,
    "y": 255,
    "page_width": 1754,
    "page_height": 1241,
    "page_no": 5
  },
  {
    "question": "2",
    "text": "2",
    "x": 163,
    "y": 659,
    "page_width": 1754,
    "page_height": 1241,
    "page_no": 5
  },
  {
    "question": "3",
    "text": "3",
    "x": 162,
    "y": 198,
    "page_width": 1754,
    "page_height": 1241,
    "page_no": 6
  },
  {
    "question": "4",
    "text": "4a",
    "x": 162,
    "y": 532,
    "page_width": 1754,
    "page_height": 1241,
    "page_no": 6
  },
  {
    "question": "4",
    "text": "4b",
    "x": 162,
    "y": 865,
    "page_width": 1754,
    "page_height": 1241,
    "page_no": 6
  },
  {
    "question": "5",
    "text": "5",
    "x": 163,
    "y": 190,
    "page_width": 1754,
    "page_height": 1241,
    "page_no": 7
  },
  {
    "question": "6",
    "text": "6",
    "x": 163,
    "y": 639,
    "page_width": 1754,
    "page_height": 1241,
    "page_no": 7
  },
  {
    "question": "7",
    "text": "7",
    "x": 163,
    "y": 190,
    "page_width": 1754,
    "page_height": 1241,
    "page_no": 8
  },
  {
    "question": "8",
    "text": "8",
    "x": 163,
    "y": 522,
    "page_width": 1754,
    "page_height": 1241,
    "page_no": 8
  },
  {
    "question": "9",
    "text": "9a",
    "x": 162,
    "y": 198,
    "page_width": 1754,
    "page_height": 1241,
    "page_no": 9
  },
  {
    "question": "9",
    "text": "9b",
    "x": 163,
    "y": 198,
    "page_width": 1754,
    "page_height": 1241,
    "page_no": 10
  },
  {
    "question": "10",
    "text": "10",
    "x": 164,
    "y": 532,
    "page_width": 1754,
    "page_height": 1241,
    "page_no": 10
  },
  {
    "question": "11",
    "text": "11",
    "x": 164,
    "y": 894,
    "page_width": 1754,
    "page_height": 1241,
    "page_no": 10
  },
  {
    "question": "12",
    "text": "12",
    "x": 164,
    "y": 192,
    "page_width": 1754,
    "page_height": 1241,
    "page_no": 11
  },
  {
    "question": "13",
    "text": "13a",
    "x": 164,
    "y": 526,
    "page_width": 1754,
    "page_height": 1241,
    "page_no": 11
  },
  {
    "question": "13",
    "text": "13b",
    "x": 164,
    "y": 859,
    "page_width": 1754,
    "page_height": 1241,
    "page_no": 11
  },
  {
    "question": "14",
    "text": "14a",
    "x": 164,
    "y": 198,
    "page_width": 1754,
    "page_height": 1241,
    "page_no": 12
  },
  {
    "question": "14",
    "text": "14b",
    "x": 164,
    "y": 750,
    "page_width": 1754,
    "page_height": 1241,
    "page_no": 12
  },
  {
    "question": "15",
    "text": "15",
    "x": 164,
    "y": 227,
    "page_width": 1754,
    "page_height": 1241,
    "page_no": 13
  },
  {
    "question": "16",
    "text": "16",
    "x": 164,
    "y": 560,
    "page_width": 1754,
    "page_height": 1241,
    "page_no": 13
  },
  {
    "question": "17",
    "text": "17a",
    "x": 164,
    "y": 221,
    "page_width": 1754,
    "page_height": 1241,
    "page_no": 14
  },
  {
    "question": "17",
    "text": "17b",
    "x": 164,
    "y": 495,
    "page_width": 1754,
    "page_height": 1241,
    "page_no": 14
  },
  {
    "question": "17",
    "text": "17c",
    "x": 164,
    "y": 170,
    "page_width": 1754,
    "page_height": 1241,
    "page_no": 15
  },
  {
    "question": "17",
    "text": "17d",
    "x": 164,
    "y": 188,
    "page_width": 1754,
    "page_height": 1241,
    "page_no": 16
  },
  {
    "question": "17",
    "text": "17dii",
    "x": 164,
    "y": 796,
    "page_width": 1754,
    "page_height": 1241,
    "page_no": 16
  },
  {
    "question": "18",
    "text": "18ai",
    "x": 164,
    "y": 193,
    "page_width": 1754,
    "page_height": 1241,
    "page_no": 17
  },
  {
    "question": "18",
    "text": "18aii",
    "x": 164,
    "y": 804,
    "page_width": 1754,
    "page_height": 1241,
    "page_no": 17
  },
  {
    "question": "18",
    "text": "18aiii",
    "x": 164,
    "y": 180,
    "page_width": 1754,
    "page_height": 1241,
    "page_no": 18
  },
  {
    "question": "18",
    "text": "18ayiv",
    "x": 164,
    "y": 387,
    "page_width": 1754,
    "page_height": 1241,
    "page_no": 18
  },
  {
    "question": "18",
    "text": "18av",
    "x": 164,
    "y": 653,
    "page_width": 1754,
    "page_height": 1241,
    "page_no": 18
  },
  {
    "question": "18",
    "text": "18b",
    "x": 164,
    "y": 196,
    "page_width": 1754,
    "page_height": 1241,
    "page_no": 19
  },
  {
    "question": "19",
    "text": "19ai",
    "x": 164,
    "y": 184,
    "page_width": 1754,
    "page_height": 1241,
    "page_no": 20
  },
  {
    "question": "19",
    "text": "19aii",
    "x": 164,
    "y": 184,
    "page_width": 1754,
    "page_height": 1241,
    "page_no": 21
  },
  {
    "question": "19",
    "text": "19b",
    "x": 164,
    "y": 184,
    "page_width": 1754,
    "page_height": 1241,
    "page_no": 23
  },
  {
    "question": "20",
    "text": "20a",
    "x": 162,
    "y": 184,
    "page_width": 1754,
    "page_height": 1241,
    "page_no": 24
  },
  {
    "question": "20",
    "text": "20aii",
    "x": 162,
    "y": 649,
    "page_width": 1754,
    "page_height": 1241,
    "page_no": 24
  },
  {
    "question": "20",
    "text": "20aiii",
    "x": 162,
    "y": 184,
    "page_width": 1754,
    "page_height": 1241,
    "page_no": 25
  },
  {
    "question": "20",
    "text": "20b",
    "x": 162,
    "y": 474,
    "page_width": 1754,
    "page_height": 1241,
    "page_no": 25
  },
  {
    "question": "20",
    "text": "20c",
    "x": 162,
    "y": 189,
    "page_width": 1754,
    "page_height": 1241,
    "page_no": 26
  },
  {
    "question": "21",
    "text": "21a",
    "x": 162,
    "y": 184,
    "page_width": 1754,
    "page_height": 1241,
    "page_no": 27
  },
  {
    "question": "21",
    "text": "21b",
    "x": 162,
    "y": 664,
    "page_width": 1754,
    "page_height": 1241,
    "page_no": 27
  },
  {
    "question": "21",
    "text": "21c",
    "x": 162,
    "y": 1026,
    "page_width": 1754,
    "page_height": 1241,
    "page_no": 27
  },
  {
    "question": "21",
    "text": "21cii",
    "x": 162,
    "y": 239,
    "page_width": 1754,
    "page_height": 1241,
    "page_no": 28
  },
  {
    "question": "21",
    "text": "21di",
    "x": 162,
    "y": 556,
    "page_width": 1754,
    "page_height": 1241,
    "page_no": 28
  },
  {
    "question": "21",
    "text": "21dii",
    "x": 162,
    "y": 875,
    "page_width": 1754,
    "page_height": 1241,
    "page_no": 28
  },
  {
    "question": "22",
    "text": "22a",
    "x": 162,
    "y": 241,
    "page_width": 1754,
    "page_height": 1241,
    "page_no": 29
  },
  {
    "question": "22",
    "text": "22bi",
    "x": 162,
    "y": 184,
    "page_width": 1754,
    "page_height": 1241,
    "page_no": 30
  },
  {
    "question": "22",
    "text": "22bii",
    "x": 162,
    "y": 787,
    "page_width": 1754,
    "page_height": 1241,
    "page_no": 30
  },
  {
    "question": "22",
    "text": "22biii",
    "x": 162,
    "y": 180,
    "page_width": 1754,
    "page_height": 1241,
    "page_no": 31
  },
  {
    "question": "22",
    "text": "22c",
    "x": 162,
    "y": 184,
    "page_width": 1754,
    "page_height": 1241,
    "page_no": 32
  },
  {
    "question": "22",
    "text": "22di",
    "x": 162,
    "y": 778,
    "page_width": 1754,
    "page_height": 1241,
    "page_no": 32
  },
  {
    "question": "22",
    "text": "22a",
    "x": 162,
    "y": 184,
    "page_width": 1754,
    "page_height": 1241,
    "page_no": 33
  },
  {
    "question": "22",
    "text": "22diii",
    "x": 162,
    "y": 375,
    "page_width": 1754,
    "page_height": 1241,
    "page_no": 33
  }
]