[
  {
    "question": "1",
    "text": "1",
    "x": 164,
    "y": 251,
    "page_width": 1755,
    "page_height": 1241,
    "page_no": 5
  },
  {
    "question": "2",
    "text": "2",
    "x": 163,
    "y": 494,
    "page_width": 1755,
    "page_height": 1241,
    "page_no": 5
  },
  {
    "question": "3",
    "text": "3",
    "x": 163,
    "y": 765,
    "page_width": 1755,
    "page_height": 1241,
    "page_no": 5
  },
  {
    "question": "4",
    "text": "4",
    "x": 162,
    "y": 198,
    "page_width": 1755,
    "page_height": 1241,
    "page_no": 6
  },
  {
    "question": "5",
    "text": "5",
    "x": 163,
    "y": 542,
    "page_width": 1755,
    "page_height": 1241,
    "page_no": 6
  },
  {
    "question": "6",
    "text": "6",
    "x": 163,
    "y": 865,
    "page_width": 1755,
    "page_height": 1241,
    "page_no": 6
  },
  {
    "question": "7",
    "text": "7",
    "x": 163,
    "y": 198,
    "page_width": 1755,
    "page_height": 1241,
    "page_no": 7
  },
  {
    "question": "8",
    "text": "8",
    "x": 163,
    "y": 441,
    "page_width": 1755,
    "page_height": 1241,
    "page_no": 7
  },
  {
    "question": "9",
    "text": "9",
    "x": 163,
    "y": 685,
    "page_width": 1755,
    "page_height": 1241,
    "page_no": 7
  },
  {
    "question": "10",
    "text": "10",
    "x": 164,
    "y": 197,
    "page_width": 1755,
    "page_height": 1241,
    "page_no": 8
  },
  {
    "question": "1",
    "text": "1",
    "x": 164,
    "y": 522,
    "page_width": 1755,
    "page_height": 1241,
    "page_no": 8
  },
  {
    "question": "12",
    "text": "12",
    "x": 164,
    "y": 771,
    "page_width": 1755,
    "page_height": 1241,
    "page_no": 8
  },
  {
    "question": "13",
    "text": "13",
    "x": 164,
    "y": 197,
    "page_width": 1755,
    "page_height": 1241,
    "page_no": 9
  },
  {
    "question": "15",
    "text": "15",
    "x": 164,
    "y": 740,
    "page_width": 1755,
    "page_height": 1241,
    "page_no": 9
  },
  {
    "question": "16",
    "text": "16",
    "x": 164,
    "y": 197,
    "page_width": 1755,
    "page_height": 1241,
    "page_no": 10
  },
  {
    "question": "17",
    "text": "17",
    "x": 164,
    "y": 441,
    "page_width": 1755,
    "page_height": 1241,
    "page_no": 10
  },
  {
    "question": "18",
    "text": "18",
    "x": 164,
    "y": 698,
    "page_width": 1755,
    "page_height": 1241,
    "page_no": 10
  },
  {
    "question": "19",
    "text": "19",
    "x": 164,
    "y": 197,
    "page_width": 1755,
    "page_height": 1241,
    "page_no": 11
  },
  {
    "question": "20",
    "text": "20",
    "x": 163,
    "y": 468,
    "page_width": 1755,
    "page_height": 1241,
    "page_no": 11
  },
  {
    "question": "21",
    "text": "21a",
    "x": 163,
    "y": 250,
    "page_width": 1755,
    "page_height": 1241,
    "page_no": 12
  },
  {
    "question": "21",
    "text": "21b",
    "x": 163,
    "y": 197,
    "page_width": 1755,
    "page_height": 1241,
    "page_no": 13
  },
  {
    "question": "21",
    "text": "21c",
    "x": 163,
    "y": 197,
    "page_width": 1755,
    "page_height": 1241,
    "page_no": 14
  },
  {
    "question": "22",
    "text": "22ai",
    "x": 160,
    "y": 193,
    "page_width": 1755,
    "page_height": 1241,
    "page_no": 15
  },
  {
    "question": "22",
    "text": "22aii",
    "x": 160,
    "y": 719,
    "page_width": 1755,
    "page_height": 1241,
    "page_no": 15
  },
  {
    "question": "22",
    "text": "22ci",
    "x": 160,
    "y": 520,
    "page_width": 1755,
    "page_height": 1241,
    "page_no": 17
  },
  {
    "question": "22",
    "text": "22cii",
    "x": 163,
    "y": 193,
    "page_width": 1755,
    "page_height": 1241,
    "page_no": 18
  },
  {
    "question": "22",
    "text": "22ciii",
    "x": 163,
    "y": 859,
    "page_width": 1755,
    "page_height": 1241,
    "page_no": 18
  },
  {
    "question": "22",
    "text": "22d",
    "x": 163,
    "y": 197,
    "page_width": 1755,
    "page_height": 1241,
    "page_no": 19
  },
  {
    "question": "23",
    "text": "23a",
    "x": 163,
    "y": 197,
    "page_width": 1755,
    "page_height": 1241,
    "page_no": 20
  },
  {
    "question": "23",
    "text": "23b",
    "x": 163,
    "y": 197,
    "page_width": 1755,
    "page_height": 1241,
    "page_no": 21
  },
  {
    "question": "24",
    "text": "24ai",
    "x": 163,
    "y": 197,
    "page_width": 1755,
    "page_height": 1241,
    "page_no": 22
  },
  {
    "question": "24",
    "text": "24aii",
    "x": 163,
    "y": 563,
    "page_width": 1755,
    "page_height": 1241,
    "page_no": 22
  },
  {
    "question": "24",
    "text": "24aiii",
    "x": 163,
    "y": 193,
    "page_width": 1755,
    "page_height": 1241,
    "page_no": 23
  },
  {
    "question": "24",
    "text": "24bi",
    "x": 163,
    "y": 193,
    "page_width": 1755,
    "page_height": 1241,
    "page_no": 24
  },
  {
    "question": "24",
    "text": "24bii",
    "x": 163,
    "y": 605,
    "page_width": 1755,
    "page_height": 1241,
    "page_no": 24
  },
  {
    "question": "24",
    "text": "24biii",
    "x": 163,
    "y": 197,
    "page_width": 1755,
    "page_height": 1241,
    "page_no": 25
  },
  {
    "question": "24",
    "text": "24c",
    "x": 162,
    "y": 193,
    "page_width": 1755,
    "page_height": 1241,
    "page_no": 26
  },
  {
    "question": "25",
    "text": "25a",
    "x": 163,
    "y": 224,
    "page_width": 1755,
    "page_height": 1241,
    "page_no": 29
  },
  {
    "question": "25",
    "text": "25bi",
    "x": 163,
    "y": 498,
    "page_width": 1755,
    "page_height": 1241,
    "page_no": 29
  },
  {
    "question": "25",
    "text": "25bii",
    "x": 163,
    "y": 780,
    "page_width": 1755,
    "page_height": 1241,
    "page_no": 29
  },
  {
    "question": "25",
    "text": "25ci",
    "x": 163,
    "y": 197,
    "page_width": 1755,
    "page_height": 1241,
    "page_no": 30
  },
  {
    "question": "25",
    "text": "25cii",
    "x": 163,
    "y": 604,
    "page_width": 1755,
    "page_height": 1241,
    "page_no": 30
  },
  {
    "question": "25",
    "text": "25d",
    "x": 163,
    "y": 197,
    "page_width": 1755,
    "page_height": 1241,
    "page_no": 31
  },
  {
    "question": "25",
    "text": "25ei",
    "x": 163,
    "y": 193,
    "page_width": 1755,
    "page_height": 1241,
    "page_no": 32
  },
  {
    "question": "25",
    "text": "25eii",
    "x": 163,
    "y": 193,
    "page_width": 1755,
    "page_height": 1241,
    "page_no": 33
  },
  {
    "question": "25",
    "text": "25f",
    "x": 163,
    "y": 193,
    "page_width": 1755,
    "page_height": 1241,
    "page_no": 34
  }
]