[
  {
    "question": "1",
    "text": "1a",
    "x": 102,
    "y": 320,
    "page_width": 1241,
    "page_height": 1754,
    "page_no": 4
  },
  {
    "question": "1",
    "text": "1b",
    "x": 102,
    "y": 771,
    "page_width": 1241,
    "page_height": 1754,
    "page_no": 4
  },
  {
    "question": "3",
    "text": "3",
    "x": 102,
    "y": 1071,
    "page_width": 1241,
    "page_height": 1754,
    "page_no": 6
  },
  {
    "question": "3",
    "text": "3b",
    "x": 102,
    "y": 235,
    "page_width": 1241,
    "page_height": 1754,
    "page_no": 7
  },
  {
    "question": "2",
    "text": "2a",
    "x": 101,
    "y": 267,
    "page_width": 1241,
    "page_height": 1754,
    "page_no": 5
  },
  {
    "question": "2",
    "text": "2b",
    "x": 101,
    "y": 622,
    "page_width": 1241,
    "page_height": 1754,
    "page_no": 5
  },
  {
    "question": "2",
    "text": "2c",
    "x": 101,
    "y": 236,
    "page_width": 1241,
    "page_height": 1754,
    "page_no": 6
  },
  {
    "question": "4",
    "text": "4",
    "x": 101,
    "y": 236,
    "page_width": 1241,
    "page_height": 1754,
    "page_no": 8
  },
  {
    "question": "5",
    "text": "5",
    "x": 101,
    "y": 268,
    "page_width": 1241,
    "page_height": 1754,
    "page_no": 10
  },
  {
    "question": "5",
    "text": "5",
    "x": 101,
    "y": 751,
    "page_width": 1241,
    "page_height": 1754,
    "page_no": 10
  },
  {
    "question": "6",
    "text": "6a",
    "x": 101,
    "y": 267,
    "page_width": 1241,
    "page_height": 1754,
    "page_no": 11
  },
  {
    "question": "6",
    "text": "6b",
    "x": 101,
    "y": 750,
    "page_width": 1241,
    "page_height": 1754,
    "page_no": 11
  },
  {
    "question": "6",
    "text": "6c",
    "x": 101,
    "y": 267,
    "page_width": 1241,
    "page_height": 1754,
    "page_no": 12
  },
  {
    "question": "64",
    "text": "64",
    "x": 101,
    "y": 878,
    "page_width": 1241,
    "page_height": 1754,
    "page_no": 12
  },
  {
    "question": "7",
    "text": "7a",
    "x": 101,
    "y": 241,
    "page_width": 1241,
    "page_height": 1754,
    "page_no": 13
  },
  {
    "question": "7",
    "text": "7",
    "x": 101,
    "y": 918,
    "page_width": 1241,
    "page_height": 1754,
    "page_no": 13
  },
  {
    "question": "8",
    "text": "8",
    "x": 101,
    "y": 242,
    "page_width": 1241,
    "page_height": 1754,
    "page_no": 14
  },
  {
    "question": "8",
    "text": "8",
    "x": 101,
    "y": 254,
    "page_width": 1241,
    "page_height": 1754,
    "page_no": 15
  }
]