[
  {
    "question": "1",
    "text": "1a",
    "x": 149,
    "y": 169,
    "page_width": 1755,
    "page_height": 1241,
    "page_no": 5
  },
  {
    "question": "1",
    "text": "1b",
    "x": 149,
    "y": 551,
    "page_width": 1755,
    "page_height": 1241,
    "page_no": 5
  },
  {
    "question": "1",
    "text": "1c",
    "x": 149,
    "y": 842,
    "page_width": 1755,
    "page_height": 1241,
    "page_no": 5
  },
  {
    "question": "1",
    "text": "1d",
    "x": 149,
    "y": 989,
    "page_width": 1755,
    "page_height": 1241,
    "page_no": 5
  },
  {
    "question": "1",
    "text": "1e",
    "x": 149,
    "y": 169,
    "page_width": 1755,
    "page_height": 1241,
    "page_no": 6
  },
  {
    "question": "1",
    "text": "1f",
    "x": 149,
    "y": 312,
    "page_width": 1755,
    "page_height": 1241,
    "page_no": 6
  },
  {
    "question": "2",
    "text": "2a",
    "x": 147,
    "y": 463,
    "page_width": 1755,
    "page_height": 1241,
    "page_no": 6
  },
  {
    "question": "2",
    "text": "2b",
    "x": 147,
    "y": 611,
    "page_width": 1755,
    "page_height": 1241,
    "page_no": 6
  },
  {
    "question": "2",
    "text": "2\u00a2c",
    "x": 147,
    "y": 165,
    "page_width": 1755,
    "page_height": 1241,
    "page_no": 7
  },
  {
    "question": "2",
    "text": "2di",
    "x": 147,
    "y": 169,
    "page_width": 1755,
    "page_height": 1241,
    "page_no": 8
  },
  {
    "question": "2",
    "text": "2dii",
    "x": 147,
    "y": 369,
    "page_width": 1755,
    "page_height": 1241,
    "page_no": 8
  },
  {
    "question": "2",
    "text": "2diii",
    "x": 147,
    "y": 169,
    "page_width": 1755,
    "page_height": 1241,
    "page_no": 9
  },
  {
    "question": "2",
    "text": "2",
    "x": 147,
    "y": 169,
    "page_width": 1755,
    "page_height": 1241,
    "page_no": 10
  },
  {
    "question": "2",
    "text": "2eii",
    "x": 147,
    "y": 169,
    "page_width": 1755,
    "page_height": 1241,
    "page_no": 11
  },
  {
    "question": "3",
    "text": "3a",
    "x": 147,
    "y": 169,
    "page_width": 1755,
    "page_height": 1241,
    "page_no": 12
  },
  {
    "question": "3",
    "text": "3bi",
    "x": 147,
    "y": 373,
    "page_width": 1755,
    "page_height": 1241,
    "page_no": 12
  },
  {
    "question": "3",
    "text": "3bii",
    "x": 147,
    "y": 717,
    "page_width": 1755,
    "page_height": 1241,
    "page_no": 12
  },
  {
    "question": "3",
    "text": "3biii",
    "x": 147,
    "y": 841,
    "page_width": 1755,
    "page_height": 1241,
    "page_no": 12
  },
  {
    "question": "3",
    "text": "3O@",
    "x": 147,
    "y": 169,
    "page_width": 1755,
    "page_height": 1241,
    "page_no": 13
  },
  {
    "question": "3",
    "text": "3eii",
    "x": 147,
    "y": 169,
    "page_width": 1755,
    "page_height": 1241,
    "page_no": 14
  },
  {
    "question": "3",
    "text": "3ciii,",
    "x": 147,
    "y": 171,
    "page_width": 1755,
    "page_height": 1241,
    "page_no": 15
  },
  {
    "question": "3",
    "text": "3\u00a2iv",
    "x": 147,
    "y": 382,
    "page_width": 1755,
    "page_height": 1241,
    "page_no": 15
  },
  {
    "question": "3",
    "text": "3d",
    "x": 147,
    "y": 559,
    "page_width": 1755,
    "page_height": 1241,
    "page_no": 15
  },
  {
    "question": "4",
    "text": "4a",
    "x": 147,
    "y": 169,
    "page_width": 1755,
    "page_height": 1241,
    "page_no": 16
  },
  {
    "question": "4",
    "text": "4bi",
    "x": 147,
    "y": 632,
    "page_width": 1755,
    "page_height": 1241,
    "page_no": 16
  },
  {
    "question": "4",
    "text": "4bii",
    "x": 147,
    "y": 836,
    "page_width": 1755,
    "page_height": 1241,
    "page_no": 16
  },
  {
    "question": "4",
    "text": "4c",
    "x": 147,
    "y": 198,
    "page_width": 1755,
    "page_height": 1241,
    "page_no": 17
  },
  {
    "question": "4",
    "text": "4d",
    "x": 147,
    "y": 226,
    "page_width": 1755,
    "page_height": 1241,
    "page_no": 18
  },
  {
    "question": "4",
    "text": "4ei",
    "x": 147,
    "y": 226,
    "page_width": 1755,
    "page_height": 1241,
    "page_no": 19
  },
  {
    "question": "4",
    "text": "4eii",
    "x": 147,
    "y": 169,
    "page_width": 1755,
    "page_height": 1241,
    "page_no": 20
  },
  {
    "question": "4",
    "text": "4f",
    "x": 147,
    "y": 400,
    "page_width": 1755,
    "page_height": 1241,
    "page_no": 20
  },
  {
    "question": "4",
    "text": "4g",
    "x": 147,
    "y": 694,
    "page_width": 1755,
    "page_height": 1241,
    "page_no": 20
  },
  {
    "question": "4",
    "text": "4h",
    "x": 147,
    "y": 169,
    "page_width": 1755,
    "page_height": 1241,
    "page_no": 21
  }
]