[
  {
    "question": 0,
    "x": 134,
    "y": 607,
    "page_no": 17,
    "page_width": 1241,
    "page_height": 1754
  },
  {
    "question": 9,
    "x": 150,
    "y": 1370,
    "page_no": 6,
    "page_width": 1241,
    "page_height": 1754
  },
  {
    "question": 8,
    "x": 148,
    "y": 1240,
    "page_no": 6,
    "page_width": 1241,
    "page_height": 1754
  },
  {
    "question": 7,
    "x": 148,
    "y": 1107,
    "page_no": 6,
    "page_width": 1241,
    "page_height": 1754
  },
  {
    "question": 6,
    "x": 145,
    "y": 975,
    "page_no": 6,
    "page_width": 1241,
    "page_height": 1754
  },
  {
    "question": 5,
    "x": 147,
    "y": 845,
    "page_no": 6,
    "page_width": 1241,
    "page_height": 1754
  },
  {
    "question": 4,
    "x": 148,
    "y": 702,
    "page_no": 6,
    "page_width": 1241,
    "page_height": 1754
  },
  {
    "question": 3,
    "x": 148,
    "y": 519,
    "page_no": 6,
    "page_width": 1241,
    "page_height": 1754
  },
  {
    "question": 2,
    "x": 148,
    "y": 368,
    "page_no": 6,
    "page_width": 1241,
    "page_height": 1754
  },
  {
    "question": 1,
    "x": 148,
    "y": 233,
    "page_no": 6,
    "page_width": 1241,
    "page_height": 1754
  },
  {
    "question": "10",
    "text": "10",
    "x": 147,
    "y": 156,
    "page_width": 1241,
    "page_height": 1754,
    "page_no": 7
  },
  {
    "question": "11",
    "text": "11a",
    "x": 147,
    "y": 476,
    "page_width": 1241,
    "page_height": 1754,
    "page_no": 7
  },
  {
    "question": "12",
    "text": "12a",
    "x": 147,
    "y": 210,
    "page_width": 1241,
    "page_height": 1754,
    "page_no": 8
  },
  {
    "question": "13",
    "text": "13a",
    "x": 147,
    "y": 210,
    "page_width": 1241,
    "page_height": 1754,
    "page_no": 9
  },
  {
    "question": "14",
    "text": "14",
    "x": 146,
    "y": 210,
    "page_width": 1241,
    "page_height": 1754,
    "page_no": 10
  },
  {
    "question": "15",
    "text": "15ai",
    "x": 147,
    "y": 236,
    "page_width": 1241,
    "page_height": 1754,
    "page_no": 11
  },
  {
    "question": "16",
    "text": "16ai_",
    "x": 147,
    "y": 210,
    "page_width": 1241,
    "page_height": 1754,
    "page_no": 12
  },
  {
    "question": "17",
    "text": "17ai_|",
    "x": 147,
    "y": 211,
    "page_width": 1241,
    "page_height": 1754,
    "page_no": 13
  },
  {
    "question": "18",
    "text": "18a",
    "x": 147,
    "y": 211,
    "page_width": 1241,
    "page_height": 1754,
    "page_no": 15
  },
  {
    "question": "19",
    "text": "19ai",
    "x": 147,
    "y": 210,
    "page_width": 1241,
    "page_height": 1754,
    "page_no": 16
  },
  {
    "question": "19",
    "text": "19biii",
    "x": 147,
    "y": 1177,
    "page_width": 1241,
    "page_height": 1754,
    "page_no": 16
  }
]