[
  {
    "question": "1",
    "text": "1a",
    "x": 115,
    "y": 157,
    "page_width": 1241,
    "page_height": 1754,
    "page_no": 4
  },
  {
    "question": "2",
    "text": "2x2x1AO1",
    "x": 114,
    "y": 580,
    "page_width": 1241,
    "page_height": 1754,
    "page_no": 4
  },
  {
    "question": "2",
    "text": "2",
    "x": 114,
    "y": 157,
    "page_width": 1241,
    "page_height": 1754,
    "page_no": 10
  },
  {
    "question": "1",
    "text": "1:1.",
    "x": 115,
    "y": 660,
    "page_width": 1241,
    "page_height": 1754,
    "page_no": 11
  },
  {
    "question": "1",
    "text": "1",
    "x": 113,
    "y": 1472,
    "page_width": 1241,
    "page_height": 1754,
    "page_no": 11
  },
  {
    "question": "3",
    "text": "3",
    "x": 113,
    "y": 671,
    "page_width": 1241,
    "page_height": 1754,
    "page_no": 13
  },
  {
    "question": "3",
    "text": "3a",
    "x": 114,
    "y": 157,
    "page_width": 1241,
    "page_height": 1754,
    "page_no": 15
  },
  {
    "question": "7",
    "text": "7",
    "x": 114,
    "y": 1022,
    "page_width": 1241,
    "page_height": 1754,
    "page_no": 15
  },
  {
    "question": "2",
    "text": "2/10f",
    "x": 113,
    "y": 1070,
    "page_width": 1241,
    "page_height": 1754,
    "page_no": 15
  },
  {
    "question": "45",
    "text": "4510",
    "x": 113,
    "y": 833,
    "page_width": 1241,
    "page_height": 1754,
    "page_no": 16
  },
  {
    "question": "4",
    "text": "4x",
    "x": 113,
    "y": 691,
    "page_width": 1241,
    "page_height": 1754,
    "page_no": 18
  },
  {
    "question": "5",
    "text": "5a",
    "x": 114,
    "y": 157,
    "page_width": 1241,
    "page_height": 1754,
    "page_no": 22
  },
  {
    "question": "6",
    "text": "6a",
    "x": 114,
    "y": 157,
    "page_width": 1241,
    "page_height": 1754,
    "page_no": 25
  },
  {
    "question": "3",
    "text": "3x",
    "x": 114,
    "y": 1320,
    "page_width": 1241,
    "page_height": 1754,
    "page_no": 26
  },
  {
    "question": "6",
    "text": "6",
    "x": 126,
    "y": 1256,
    "page_width": 1241,
    "page_height": 1754,
    "page_no": 7
  },
  {
    "question": "20",
    "text": "2022",
    "x": 125,
    "y": 1031,
    "page_width": 1241,
    "page_height": 1754,
    "page_no": 18
  },
  {
    "question": "1",
    "text": "1",
    "x": 127,
    "y": 1063,
    "page_width": 1241,
    "page_height": 1754,
    "page_no": 18
  },
  {
    "question": "30",
    "text": "30",
    "x": 125,
    "y": 1413,
    "page_width": 1241,
    "page_height": 1754,
    "page_no": 18
  },
  {
    "question": "1",
    "text": "1",
    "x": 127,
    "y": 1510,
    "page_width": 1241,
    "page_height": 1754,
    "page_no": 18
  },
  {
    "question": "20",
    "text": "2022",
    "x": 125,
    "y": 846,
    "page_width": 1241,
    "page_height": 1754,
    "page_no": 19
  },
  {
    "question": "1",
    "text": "1",
    "x": 127,
    "y": 879,
    "page_width": 1241,
    "page_height": 1754,
    "page_no": 19
  },
  {
    "question": "20",
    "text": "20",
    "x": 125,
    "y": 941,
    "page_width": 1241,
    "page_height": 1754,
    "page_no": 19
  },
  {
    "question": "28",
    "text": "28",
    "x": 125,
    "y": 1036,
    "page_width": 1241,
    "page_height": 1754,
    "page_no": 19
  },
  {
    "question": "25",
    "text": "25",
    "x": 125,
    "y": 1132,
    "page_width": 1241,
    "page_height": 1754,
    "page_no": 19
  },
  {
    "question": "20",
    "text": "2022",
    "x": 125,
    "y": 447,
    "page_width": 1241,
    "page_height": 1754,
    "page_no": 23
  },
  {
    "question": "30",
    "text": "30",
    "x": 125,
    "y": 479,
    "page_width": 1241,
    "page_height": 1754,
    "page_no": 23
  },
  {
    "question": "20",
    "text": "2022",
    "x": 125,
    "y": 607,
    "page_width": 1241,
    "page_height": 1754,
    "page_no": 23
  },
  {
    "question": "20",
    "text": "2021",
    "x": 125,
    "y": 1175,
    "page_width": 1241,
    "page_height": 1754,
    "page_no": 25
  },
  {
    "question": "1",
    "text": "1",
    "x": 127,
    "y": 1207,
    "page_width": 1241,
    "page_height": 1754,
    "page_no": 25
  },
  {
    "question": "1",
    "text": "1",
    "x": 127,
    "y": 1271,
    "page_width": 1241,
    "page_height": 1754,
    "page_no": 25
  },
  {
    "question": "20",
    "text": "2022",
    "x": 125,
    "y": 1334,
    "page_width": 1241,
    "page_height": 1754,
    "page_no": 25
  },
  {
    "question": "1",
    "text": "1",
    "x": 127,
    "y": 1367,
    "page_width": 1241,
    "page_height": 1754,
    "page_no": 25
  },
  {
    "question": "20",
    "text": "2022",
    "x": 125,
    "y": 1462,
    "page_width": 1241,
    "page_height": 1754,
    "page_no": 25
  },
  {
    "question": "1",
    "text": "1",
    "x": 127,
    "y": 1495,
    "page_width": 1241,
    "page_height": 1754,
    "page_no": 25
  },
  {
    "question": "20",
    "text": "2021",
    "x": 125,
    "y": 291,
    "page_width": 1241,
    "page_height": 1754,
    "page_no": 26
  },
  {
    "question": "1",
    "text": "1",
    "x": 127,
    "y": 323,
    "page_width": 1241,
    "page_height": 1754,
    "page_no": 26
  },
  {
    "question": "20",
    "text": "2022",
    "x": 125,
    "y": 387,
    "page_width": 1241,
    "page_height": 1754,
    "page_no": 26
  },
  {
    "question": "30",
    "text": "30",
    "x": 125,
    "y": 419,
    "page_width": 1241,
    "page_height": 1754,
    "page_no": 26
  },
  {
    "question": "20",
    "text": "2021",
    "x": 125,
    "y": 763,
    "page_width": 1241,
    "page_height": 1754,
    "page_no": 26
  },
  {
    "question": "1",
    "text": "1",
    "x": 127,
    "y": 795,
    "page_width": 1241,
    "page_height": 1754,
    "page_no": 26
  },
  {
    "question": "20",
    "text": "2022",
    "x": 125,
    "y": 827,
    "page_width": 1241,
    "page_height": 1754,
    "page_no": 26
  },
  {
    "question": "30",
    "text": "30",
    "x": 125,
    "y": 859,
    "page_width": 1241,
    "page_height": 1754,
    "page_no": 26
  },
  {
    "question": "1",
    "text": "1",
    "x": 151,
    "y": 671,
    "page_width": 1241,
    "page_height": 1754,
    "page_no": 13
  },
  {
    "question": "1",
    "text": "1",
    "x": 151,
    "y": 1022,
    "page_width": 1241,
    "page_height": 1754,
    "page_no": 15
  },
  {
    "question": "1",
    "text": "1",
    "x": 151,
    "y": 691,
    "page_width": 1241,
    "page_height": 1754,
    "page_no": 18
  },
  {
    "question": "1",
    "text": "1",
    "x": 151,
    "y": 1321,
    "page_width": 1241,
    "page_height": 1754,
    "page_no": 26
  }
]