[
  {
    "question": "1",
    "text": "1",
    "x": 164,
    "y": 273,
    "page_width": 1754,
    "page_height": 1241,
    "page_no": 4
  },
  {
    "question": "2",
    "text": "2",
    "x": 163,
    "y": 509,
    "page_width": 1754,
    "page_height": 1241,
    "page_no": 4
  },
  {
    "question": "3",
    "text": "3",
    "x": 162,
    "y": 744,
    "page_width": 1754,
    "page_height": 1241,
    "page_no": 4
  },
  {
    "question": "4",
    "text": "4",
    "x": 162,
    "y": 980,
    "page_width": 1754,
    "page_height": 1241,
    "page_no": 4
  },
  {
    "question": "5",
    "text": "5",
    "x": 163,
    "y": 216,
    "page_width": 1754,
    "page_height": 1241,
    "page_no": 5
  },
  {
    "question": "6",
    "text": "6",
    "x": 163,
    "y": 451,
    "page_width": 1754,
    "page_height": 1241,
    "page_no": 5
  },
  {
    "question": "7",
    "text": "7",
    "x": 163,
    "y": 687,
    "page_width": 1754,
    "page_height": 1241,
    "page_no": 5
  },
  {
    "question": "8",
    "text": "8",
    "x": 163,
    "y": 922,
    "page_width": 1754,
    "page_height": 1241,
    "page_no": 5
  },
  {
    "question": "9",
    "text": "9",
    "x": 163,
    "y": 216,
    "page_width": 1754,
    "page_height": 1241,
    "page_no": 6
  },
  {
    "question": "10",
    "text": "10",
    "x": 164,
    "y": 451,
    "page_width": 1754,
    "page_height": 1241,
    "page_no": 6
  },
  {
    "question": "11",
    "text": "11",
    "x": 164,
    "y": 725,
    "page_width": 1754,
    "page_height": 1241,
    "page_no": 6
  },
  {
    "question": "12",
    "text": "12",
    "x": 164,
    "y": 960,
    "page_width": 1754,
    "page_height": 1241,
    "page_no": 6
  },
  {
    "question": "13",
    "text": "13",
    "x": 164,
    "y": 216,
    "page_width": 1754,
    "page_height": 1241,
    "page_no": 7
  },
  {
    "question": "14",
    "text": "14",
    "x": 164,
    "y": 459,
    "page_width": 1754,
    "page_height": 1241,
    "page_no": 7
  },
  {
    "question": "15",
    "text": "15",
    "x": 164,
    "y": 694,
    "page_width": 1754,
    "page_height": 1241,
    "page_no": 7
  },
  {
    "question": "16",
    "text": "16",
    "x": 164,
    "y": 216,
    "page_width": 1754,
    "page_height": 1241,
    "page_no": 8
  },
  {
    "question": "17",
    "text": "17",
    "x": 164,
    "y": 555,
    "page_width": 1754,
    "page_height": 1241,
    "page_no": 8
  },
  {
    "question": "18",
    "text": "18",
    "x": 164,
    "y": 790,
    "page_width": 1754,
    "page_height": 1241,
    "page_no": 8
  },
  {
    "question": "19",
    "text": "19",
    "x": 164,
    "y": 216,
    "page_width": 1754,
    "page_height": 1241,
    "page_no": 9
  },
  {
    "question": "20",
    "text": "20",
    "x": 163,
    "y": 451,
    "page_width": 1754,
    "page_height": 1241,
    "page_no": 9
  },
  {
    "question": "21",
    "text": "21ai",
    "x": 118,
    "y": 271,
    "page_width": 1754,
    "page_height": 1241,
    "page_no": 10
  },
  {
    "question": "21",
    "text": "21aii",
    "x": 118,
    "y": 546,
    "page_width": 1754,
    "page_height": 1241,
    "page_no": 10
  },
  {
    "question": "21",
    "text": "21bi",
    "x": 118,
    "y": 784,
    "page_width": 1754,
    "page_height": 1241,
    "page_no": 10
  },
  {
    "question": "2",
    "text": "2b",
    "x": 118,
    "y": 213,
    "page_width": 1754,
    "page_height": 1241,
    "page_no": 11
  },
  {
    "question": "21",
    "text": "21c",
    "x": 118,
    "y": 533,
    "page_width": 1754,
    "page_height": 1241,
    "page_no": 11
  },
  {
    "question": "22",
    "text": "22ai",
    "x": 118,
    "y": 213,
    "page_width": 1754,
    "page_height": 1241,
    "page_no": 12
  },
  {
    "question": "22",
    "text": "22aii",
    "x": 118,
    "y": 414,
    "page_width": 1754,
    "page_height": 1241,
    "page_no": 12
  },
  {
    "question": "22",
    "text": "22aiii",
    "x": 118,
    "y": 674,
    "page_width": 1754,
    "page_height": 1241,
    "page_no": 12
  },
  {
    "question": "22",
    "text": "22aiv",
    "x": 118,
    "y": 213,
    "page_width": 1754,
    "page_height": 1241,
    "page_no": 13
  },
  {
    "question": "22",
    "text": "22bi",
    "x": 118,
    "y": 687,
    "page_width": 1754,
    "page_height": 1241,
    "page_no": 13
  },
  {
    "question": "22",
    "text": "22bii",
    "x": 118,
    "y": 240,
    "page_width": 1754,
    "page_height": 1241,
    "page_no": 14
  },
  {
    "question": "22",
    "text": "22e",
    "x": 118,
    "y": 213,
    "page_width": 1754,
    "page_height": 1241,
    "page_no": 15
  },
  {
    "question": "22",
    "text": "22cii",
    "x": 118,
    "y": 209,
    "page_width": 1754,
    "page_height": 1241,
    "page_no": 16
  },
  {
    "question": "23",
    "text": "23a",
    "x": 118,
    "y": 213,
    "page_width": 1754,
    "page_height": 1241,
    "page_no": 17
  },
  {
    "question": "23",
    "text": "23b@",
    "x": 118,
    "y": 633,
    "page_width": 1754,
    "page_height": 1241,
    "page_no": 17
  },
  {
    "question": "23",
    "text": "23bii",
    "x": 118,
    "y": 238,
    "page_width": 1754,
    "page_height": 1241,
    "page_no": 18
  },
  {
    "question": "23",
    "text": "23\u00a2@",
    "x": 118,
    "y": 213,
    "page_width": 1754,
    "page_height": 1241,
    "page_no": 19
  },
  {
    "question": "23",
    "text": "23\u00a2ii",
    "x": 118,
    "y": 822,
    "page_width": 1754,
    "page_height": 1241,
    "page_no": 19
  },
  {
    "question": "23",
    "text": "23ciii",
    "x": 118,
    "y": 240,
    "page_width": 1754,
    "page_height": 1241,
    "page_no": 20
  },
  {
    "question": "24",
    "text": "24ai",
    "x": 118,
    "y": 213,
    "page_width": 1754,
    "page_height": 1241,
    "page_no": 21
  },
  {
    "question": "24",
    "text": "24aii",
    "x": 118,
    "y": 238,
    "page_width": 1754,
    "page_height": 1241,
    "page_no": 22
  },
  {
    "question": "24",
    "text": "24aiii",
    "x": 118,
    "y": 533,
    "page_width": 1754,
    "page_height": 1241,
    "page_no": 22
  },
  {
    "question": "24",
    "text": "24bi",
    "x": 118,
    "y": 213,
    "page_width": 1754,
    "page_height": 1241,
    "page_no": 23
  },
  {
    "question": "24",
    "text": "24bii",
    "x": 118,
    "y": 559,
    "page_width": 1754,
    "page_height": 1241,
    "page_no": 23
  },
  {
    "question": "24",
    "text": "24biii",
    "x": 118,
    "y": 213,
    "page_width": 1754,
    "page_height": 1241,
    "page_no": 24
  },
  {
    "question": "25",
    "text": "25ai",
    "x": 118,
    "y": 213,
    "page_width": 1754,
    "page_height": 1241,
    "page_no": 25
  },
  {
    "question": "25",
    "text": "25aii",
    "x": 118,
    "y": 389,
    "page_width": 1754,
    "page_height": 1241,
    "page_no": 25
  },
  {
    "question": "25",
    "text": "25b",
    "x": 118,
    "y": 941,
    "page_width": 1754,
    "page_height": 1241,
    "page_no": 25
  },
  {
    "question": "25",
    "text": "25c",
    "x": 118,
    "y": 213,
    "page_width": 1754,
    "page_height": 1241,
    "page_no": 26
  },
  {
    "question": "25",
    "text": "25di",
    "x": 118,
    "y": 213,
    "page_width": 1754,
    "page_height": 1241,
    "page_no": 27
  },
  {
    "question": "25",
    "text": "25dii",
    "x": 118,
    "y": 676,
    "page_width": 1754,
    "page_height": 1241,
    "page_no": 27
  }
]