[
  {
    "question": 0,
    "x": 134,
    "y": 620,
    "page_no": 16,
    "page_width": 1275,
    "page_height": 1650
  },
  {
    "question": 12,
    "x": 149,
    "y": 109,
    "page_no": 5,
    "page_width": 1275,
    "page_height": 1650
  },
  {
    "question": 11,
    "x": 152,
    "y": 1040,
    "page_no": 4,
    "page_width": 1275,
    "page_height": 1650
  },
  {
    "question": "1",
    "text": "1",
    "x": 152,
    "y": 163,
    "page_width": 1275,
    "page_height": 1650,
    "page_no": 4
  },
  {
    "question": "10",
    "text": "10",
    "x": 151,
    "y": 816,
    "page_width": 1275,
    "page_height": 1650,
    "page_no": 4
  },
  {
    "question": "13",
    "text": "13a",
    "x": 151,
    "y": 147,
    "page_width": 1275,
    "page_height": 1650,
    "page_no": 6
  },
  {
    "question": "14",
    "text": "14",
    "x": 152,
    "y": 161,
    "page_width": 1275,
    "page_height": 1650,
    "page_no": 7
  },
  {
    "question": "15",
    "text": "15",
    "x": 151,
    "y": 233,
    "page_width": 1275,
    "page_height": 1650,
    "page_no": 8
  },
  {
    "question": "16",
    "text": "16ai",
    "x": 151,
    "y": 160,
    "page_width": 1275,
    "page_height": 1650,
    "page_no": 9
  },
  {
    "question": "17",
    "text": "17a",
    "x": 152,
    "y": 182,
    "page_width": 1275,
    "page_height": 1650,
    "page_no": 10
  },
  {
    "question": "2",
    "text": "2",
    "x": 150,
    "y": 199,
    "page_width": 1275,
    "page_height": 1650,
    "page_no": 4
  },
  {
    "question": "3",
    "text": "3",
    "x": 150,
    "y": 329,
    "page_width": 1275,
    "page_height": 1650,
    "page_no": 4
  },
  {
    "question": "4",
    "text": "4",
    "x": 150,
    "y": 394,
    "page_width": 1275,
    "page_height": 1650,
    "page_no": 4
  },
  {
    "question": "5",
    "text": "5",
    "x": 150,
    "y": 433,
    "page_width": 1275,
    "page_height": 1650,
    "page_no": 4
  },
  {
    "question": "6",
    "text": "6",
    "x": 150,
    "y": 470,
    "page_width": 1275,
    "page_height": 1650,
    "page_no": 4
  },
  {
    "question": "7",
    "text": "7",
    "x": 150,
    "y": 508,
    "page_width": 1275,
    "page_height": 1650,
    "page_no": 4
  },
  {
    "question": "8",
    "text": "8",
    "x": 150,
    "y": 637,
    "page_width": 1275,
    "page_height": 1650,
    "page_no": 4
  },
  {
    "question": "9",
    "text": "9",
    "x": 150,
    "y": 687,
    "page_width": 1275,
    "page_height": 1650,
    "page_no": 4
  },
  {
    "question": "18",
    "text": "18a",
    "x": 146,
    "y": 165,
    "page_width": 1275,
    "page_height": 1650,
    "page_no": 11
  },
  {
    "question": "20",
    "text": "20a",
    "x": 148,
    "y": 117,
    "page_width": 1275,
    "page_height": 1650,
    "page_no": 15
  },
  {
    "question": "19",
    "text": "19a",
    "x": 136,
    "y": 157,
    "page_width": 1275,
    "page_height": 1650,
    "page_no": 13
  },
  {
    "question": "19",
    "text": "19e",
    "x": 136,
    "y": 316,
    "page_width": 1275,
    "page_height": 1650,
    "page_no": 14
  }
]