[
  {
    "question": "4",
    "text": "4.",
    "x": 127,
    "y": 645,
    "page_width": 1241,
    "page_height": 1754,
    "page_no": 5
  },
  {
    "question": "5",
    "text": "5.",
    "x": 127,
    "y": 752,
    "page_width": 1241,
    "page_height": 1754,
    "page_no": 5
  },
  {
    "question": "6",
    "text": "6.",
    "x": 127,
    "y": 830,
    "page_width": 1241,
    "page_height": 1754,
    "page_no": 5
  },
  {
    "question": "7",
    "text": "7.",
    "x": 127,
    "y": 966,
    "page_width": 1241,
    "page_height": 1754,
    "page_no": 5
  }
]