[
  {
    "question": "1",
    "text": "1a",
    "x": 164,
    "y": 252,
    "page_width": 1755,
    "page_height": 1241,
    "page_no": 5
  },
  {
    "question": "1",
    "text": "1b",
    "x": 164,
    "y": 543,
    "page_width": 1755,
    "page_height": 1241,
    "page_no": 5
  },
  {
    "question": "2",
    "text": "2",
    "x": 164,
    "y": 851,
    "page_width": 1755,
    "page_height": 1241,
    "page_no": 5
  },
  {
    "question": "3",
    "text": "3a",
    "x": 163,
    "y": 196,
    "page_width": 1755,
    "page_height": 1241,
    "page_no": 6
  },
  {
    "question": "3",
    "text": "3b",
    "x": 163,
    "y": 478,
    "page_width": 1755,
    "page_height": 1241,
    "page_no": 6
  },
  {
    "question": "4",
    "text": "4",
    "x": 162,
    "y": 758,
    "page_width": 1755,
    "page_height": 1241,
    "page_no": 6
  },
  {
    "question": "5",
    "text": "5",
    "x": 163,
    "y": 196,
    "page_width": 1755,
    "page_height": 1241,
    "page_no": 7
  },
  {
    "question": "6",
    "text": "6",
    "x": 163,
    "y": 478,
    "page_width": 1755,
    "page_height": 1241,
    "page_no": 7
  },
  {
    "question": "7",
    "text": "7",
    "x": 163,
    "y": 786,
    "page_width": 1755,
    "page_height": 1241,
    "page_no": 7
  },
  {
    "question": "8",
    "text": "8",
    "x": 163,
    "y": 196,
    "page_width": 1755,
    "page_height": 1241,
    "page_no": 8
  },
  {
    "question": "9",
    "text": "9",
    "x": 163,
    "y": 478,
    "page_width": 1755,
    "page_height": 1241,
    "page_no": 8
  },
  {
    "question": "10",
    "text": "10",
    "x": 164,
    "y": 842,
    "page_width": 1755,
    "page_height": 1241,
    "page_no": 8
  },
  {
    "question": "11",
    "text": "11",
    "x": 164,
    "y": 196,
    "page_width": 1755,
    "page_height": 1241,
    "page_no": 9
  },
  {
    "question": "12",
    "text": "12a",
    "x": 164,
    "y": 478,
    "page_width": 1755,
    "page_height": 1241,
    "page_no": 9
  },
  {
    "question": "12",
    "text": "12b",
    "x": 164,
    "y": 758,
    "page_width": 1755,
    "page_height": 1241,
    "page_no": 9
  },
  {
    "question": "13",
    "text": "13",
    "x": 164,
    "y": 196,
    "page_width": 1755,
    "page_height": 1241,
    "page_no": 10
  },
  {
    "question": "14",
    "text": "14",
    "x": 164,
    "y": 478,
    "page_width": 1755,
    "page_height": 1241,
    "page_no": 10
  },
  {
    "question": "15",
    "text": "15",
    "x": 164,
    "y": 843,
    "page_width": 1755,
    "page_height": 1241,
    "page_no": 10
  },
  {
    "question": "16",
    "text": "16",
    "x": 164,
    "y": 196,
    "page_width": 1755,
    "page_height": 1241,
    "page_no": 11
  },
  {
    "question": "17",
    "text": "17",
    "x": 164,
    "y": 506,
    "page_width": 1755,
    "page_height": 1241,
    "page_no": 11
  },
  {
    "question": "18",
    "text": "18ai",
    "x": 164,
    "y": 223,
    "page_width": 1755,
    "page_height": 1241,
    "page_no": 12
  },
  {
    "question": "18",
    "text": "18a",
    "x": 164,
    "y": 196,
    "page_width": 1755,
    "page_height": 1241,
    "page_no": 13
  },
  {
    "question": "18",
    "text": "18b",
    "x": 164,
    "y": 196,
    "page_width": 1755,
    "page_height": 1241,
    "page_no": 14
  },
  {
    "question": "19",
    "text": "19ai",
    "x": 164,
    "y": 196,
    "page_width": 1755,
    "page_height": 1241,
    "page_no": 15
  },
  {
    "question": "19",
    "text": "19aii",
    "x": 164,
    "y": 196,
    "page_width": 1755,
    "page_height": 1241,
    "page_no": 16
  },
  {
    "question": "19",
    "text": "19aiii",
    "x": 164,
    "y": 196,
    "page_width": 1755,
    "page_height": 1241,
    "page_no": 17
  },
  {
    "question": "19",
    "text": "19b",
    "x": 164,
    "y": 196,
    "page_width": 1755,
    "page_height": 1241,
    "page_no": 18
  },
  {
    "question": "20",
    "text": "20ai",
    "x": 163,
    "y": 196,
    "page_width": 1755,
    "page_height": 1241,
    "page_no": 20
  },
  {
    "question": "20",
    "text": "20aii",
    "x": 164,
    "y": 192,
    "page_width": 1755,
    "page_height": 1241,
    "page_no": 21
  },
  {
    "question": "20",
    "text": "20aiii",
    "x": 164,
    "y": 196,
    "page_width": 1755,
    "page_height": 1241,
    "page_no": 22
  },
  {
    "question": "20",
    "text": "20bi",
    "x": 163,
    "y": 192,
    "page_width": 1755,
    "page_height": 1241,
    "page_no": 23
  },
  {
    "question": "20",
    "text": "20bii",
    "x": 164,
    "y": 196,
    "page_width": 1755,
    "page_height": 1241,
    "page_no": 24
  },
  {
    "question": "20",
    "text": "20biii",
    "x": 163,
    "y": 196,
    "page_width": 1755,
    "page_height": 1241,
    "page_no": 25
  },
  {
    "question": "20",
    "text": "20c",
    "x": 164,
    "y": 196,
    "page_width": 1755,
    "page_height": 1241,
    "page_no": 29
  },
  {
    "question": "21",
    "text": "21ai",
    "x": 164,
    "y": 192,
    "page_width": 1755,
    "page_height": 1241,
    "page_no": 30
  },
  {
    "question": "21",
    "text": "21aii",
    "x": 163,
    "y": 223,
    "page_width": 1755,
    "page_height": 1241,
    "page_no": 31
  },
  {
    "question": "21",
    "text": "21bi",
    "x": 164,
    "y": 196,
    "page_width": 1755,
    "page_height": 1241,
    "page_no": 32
  },
  {
    "question": "21",
    "text": "21bii",
    "x": 164,
    "y": 196,
    "page_width": 1755,
    "page_height": 1241,
    "page_no": 33
  },
  {
    "question": "22",
    "text": "22a",
    "x": 164,
    "y": 252,
    "page_width": 1755,
    "page_height": 1241,
    "page_no": 34
  },
  {
    "question": "22",
    "text": "22b",
    "x": 163,
    "y": 196,
    "page_width": 1755,
    "page_height": 1241,
    "page_no": 35
  },
  {
    "question": "22",
    "text": "22ci",
    "x": 164,
    "y": 196,
    "page_width": 1755,
    "page_height": 1241,
    "page_no": 36
  },
  {
    "question": "22",
    "text": "22cii",
    "x": 164,
    "y": 560,
    "page_width": 1755,
    "page_height": 1241,
    "page_no": 36
  },
  {
    "question": "22",
    "text": "22ciii",
    "x": 164,
    "y": 223,
    "page_width": 1755,
    "page_height": 1241,
    "page_no": 37
  },
  {
    "question": "22",
    "text": "22di",
    "x": 164,
    "y": 196,
    "page_width": 1755,
    "page_height": 1241,
    "page_no": 38
  },
  {
    "question": "22",
    "text": "22dii",
    "x": 164,
    "y": 574,
    "page_width": 1755,
    "page_height": 1241,
    "page_no": 38
  },
  {
    "question": "22",
    "text": "22diii",
    "x": 164,
    "y": 196,
    "page_width": 1755,
    "page_height": 1241,
    "page_no": 39
  },
  {
    "question": "22",
    "text": "22div",
    "x": 164,
    "y": 196,
    "page_width": 1755,
    "page_height": 1241,
    "page_no": 40
  },
  {
    "question": "22",
    "text": "22ei",
    "x": 163,
    "y": 459,
    "page_width": 1755,
    "page_height": 1241,
    "page_no": 40
  },
  {
    "question": "22",
    "text": "22eii",
    "x": 164,
    "y": 196,
    "page_width": 1755,
    "page_height": 1241,
    "page_no": 41
  },
  {
    "question": "22",
    "text": "22eiii",
    "x": 163,
    "y": 196,
    "page_width": 1755,
    "page_height": 1241,
    "page_no": 42
  }
]