[
  {
    "question": 0,
    "x": 158,
    "y": 1064,
    "page_no": 17,
    "page_width": 1359,
    "page_height": 1873
  },
  {
    "question": 4,
    "x": 155,
    "y": 175,
    "page_no": 13,
    "page_width": 1359,
    "page_height": 1873
  },
  {
    "question": 3,
    "x": 155,
    "y": 200,
    "page_no": 10,
    "page_width": 1359,
    "page_height": 1873
  },
  {
    "question": 2,
    "x": 152,
    "y": 181,
    "page_no": 7,
    "page_width": 1359,
    "page_height": 1873
  },
  {
    "question": 1,
    "x": 155,
    "y": 231,
    "page_no": 2,
    "page_width": 1359,
    "page_height": 1873
  },
  {
    "question": "20",
    "text": "20",
    "x": 162,
    "y": 1728,
    "page_width": 1359,
    "page_height": 1873,
    "page_no": 20
  }
]