[
  {
    "question": "1",
    "text": "1",
    "x": 152,
    "y": 321,
    "page_width": 1754,
    "page_height": 1241,
    "page_no": 5
  },
  {
    "question": "2",
    "text": "2a",
    "x": 151,
    "y": 613,
    "page_width": 1754,
    "page_height": 1241,
    "page_no": 5
  },
  {
    "question": "2",
    "text": "2b",
    "x": 151,
    "y": 235,
    "page_width": 1754,
    "page_height": 1241,
    "page_no": 6
  },
  {
    "question": "4",
    "text": "4",
    "x": 151,
    "y": 235,
    "page_width": 1754,
    "page_height": 1241,
    "page_no": 7
  },
  {
    "question": "5",
    "text": "5",
    "x": 151,
    "y": 716,
    "page_width": 1754,
    "page_height": 1241,
    "page_no": 7
  },
  {
    "question": "6",
    "text": "6",
    "x": 151,
    "y": 235,
    "page_width": 1754,
    "page_height": 1241,
    "page_no": 8
  },
  {
    "question": "7",
    "text": "7",
    "x": 151,
    "y": 556,
    "page_width": 1754,
    "page_height": 1241,
    "page_no": 8
  },
  {
    "question": "8",
    "text": "8",
    "x": 151,
    "y": 235,
    "page_width": 1754,
    "page_height": 1241,
    "page_no": 9
  },
  {
    "question": "9",
    "text": "9",
    "x": 151,
    "y": 535,
    "page_width": 1754,
    "page_height": 1241,
    "page_no": 9
  },
  {
    "question": "10",
    "text": "10",
    "x": 152,
    "y": 835,
    "page_width": 1754,
    "page_height": 1241,
    "page_no": 9
  },
  {
    "question": "11",
    "text": "11",
    "x": 152,
    "y": 206,
    "page_width": 1754,
    "page_height": 1241,
    "page_no": 10
  },
  {
    "question": "12",
    "text": "12",
    "x": 152,
    "y": 535,
    "page_width": 1754,
    "page_height": 1241,
    "page_no": 10
  },
  {
    "question": "13",
    "text": "13",
    "x": 152,
    "y": 856,
    "page_width": 1754,
    "page_height": 1241,
    "page_no": 10
  },
  {
    "question": "14",
    "text": "14",
    "x": 152,
    "y": 206,
    "page_width": 1754,
    "page_height": 1241,
    "page_no": 11
  },
  {
    "question": "15",
    "text": "15",
    "x": 152,
    "y": 527,
    "page_width": 1754,
    "page_height": 1241,
    "page_no": 11
  },
  {
    "question": "16",
    "text": "16",
    "x": 152,
    "y": 857,
    "page_width": 1754,
    "page_height": 1241,
    "page_no": 11
  },
  {
    "question": "17",
    "text": "17",
    "x": 152,
    "y": 206,
    "page_width": 1754,
    "page_height": 1241,
    "page_no": 12
  },
  {
    "question": "18",
    "text": "18a",
    "x": 152,
    "y": 536,
    "page_width": 1754,
    "page_height": 1241,
    "page_no": 12
  },
  {
    "question": "18",
    "text": "18b",
    "x": 152,
    "y": 235,
    "page_width": 1754,
    "page_height": 1241,
    "page_no": 13
  },
  {
    "question": "19",
    "text": "19a",
    "x": 152,
    "y": 264,
    "page_width": 1754,
    "page_height": 1241,
    "page_no": 14
  },
  {
    "question": "19",
    "text": "19b",
    "x": 152,
    "y": 474,
    "page_width": 1754,
    "page_height": 1241,
    "page_no": 14
  },
  {
    "question": "19",
    "text": "19c",
    "x": 152,
    "y": 206,
    "page_width": 1754,
    "page_height": 1241,
    "page_no": 15
  },
  {
    "question": "19",
    "text": "19di",
    "x": 152,
    "y": 206,
    "page_width": 1754,
    "page_height": 1241,
    "page_no": 16
  },
  {
    "question": "19",
    "text": "19dii",
    "x": 152,
    "y": 206,
    "page_width": 1754,
    "page_height": 1241,
    "page_no": 17
  },
  {
    "question": "19",
    "text": "19diii",
    "x": 152,
    "y": 749,
    "page_width": 1754,
    "page_height": 1241,
    "page_no": 17
  },
  {
    "question": "19",
    "text": "19div",
    "x": 152,
    "y": 206,
    "page_width": 1754,
    "page_height": 1241,
    "page_no": 18
  },
  {
    "question": "19",
    "text": "19ei",
    "x": 152,
    "y": 206,
    "page_width": 1754,
    "page_height": 1241,
    "page_no": 19
  },
  {
    "question": "19",
    "text": "19eii",
    "x": 152,
    "y": 647,
    "page_width": 1754,
    "page_height": 1241,
    "page_no": 19
  },
  {
    "question": "20",
    "text": "20ai",
    "x": 151,
    "y": 206,
    "page_width": 1754,
    "page_height": 1241,
    "page_no": 20
  },
  {
    "question": "20",
    "text": "20aii",
    "x": 151,
    "y": 231,
    "page_width": 1754,
    "page_height": 1241,
    "page_no": 21
  },
  {
    "question": "20",
    "text": "20aiii",
    "x": 151,
    "y": 206,
    "page_width": 1754,
    "page_height": 1241,
    "page_no": 22
  },
  {
    "question": "20",
    "text": "20aiv",
    "x": 151,
    "y": 206,
    "page_width": 1754,
    "page_height": 1241,
    "page_no": 23
  },
  {
    "question": "21",
    "text": "21ai",
    "x": 151,
    "y": 206,
    "page_width": 1754,
    "page_height": 1241,
    "page_no": 26
  },
  {
    "question": "21",
    "text": "21aii",
    "x": 151,
    "y": 202,
    "page_width": 1754,
    "page_height": 1241,
    "page_no": 27
  },
  {
    "question": "21",
    "text": "21b",
    "x": 151,
    "y": 206,
    "page_width": 1754,
    "page_height": 1241,
    "page_no": 28
  },
  {
    "question": "21",
    "text": "21c",
    "x": 151,
    "y": 206,
    "page_width": 1754,
    "page_height": 1241,
    "page_no": 29
  },
  {
    "question": "22",
    "text": "22a",
    "x": 151,
    "y": 264,
    "page_width": 1754,
    "page_height": 1241,
    "page_no": 30
  },
  {
    "question": "22",
    "text": "22bi",
    "x": 151,
    "y": 749,
    "page_width": 1754,
    "page_height": 1241,
    "page_no": 30
  },
  {
    "question": "22",
    "text": "22bii",
    "x": 151,
    "y": 202,
    "page_width": 1754,
    "page_height": 1241,
    "page_no": 31
  },
  {
    "question": "22",
    "text": "22\u00a2",
    "x": 151,
    "y": 206,
    "page_width": 1754,
    "page_height": 1241,
    "page_no": 32
  },
  {
    "question": "22",
    "text": "22cii",
    "x": 151,
    "y": 207,
    "page_width": 1754,
    "page_height": 1241,
    "page_no": 33
  },
  {
    "question": "22",
    "text": "22ciii",
    "x": 151,
    "y": 202,
    "page_width": 1754,
    "page_height": 1241,
    "page_no": 34
  },
  {
    "question": "22",
    "text": "22d",
    "x": 151,
    "y": 744,
    "page_width": 1754,
    "page_height": 1241,
    "page_no": 34
  },
  {
    "question": "22",
    "text": "22e",
    "x": 151,
    "y": 206,
    "page_width": 1754,
    "page_height": 1241,
    "page_no": 35
  }
]