[
  {
    "question": "1",
    "text": "1.",
    "x": 150,
    "y": 241,
    "page_width": 1359,
    "page_height": 1873,
    "page_no": 2
  },
  {
    "question": "3",
    "text": "3",
    "x": 148,
    "y": 190,
    "page_width": 1359,
    "page_height": 1873,
    "page_no": 7
  },
  {
    "question": "4",
    "text": "4",
    "x": 148,
    "y": 191,
    "page_width": 1359,
    "page_height": 1873,
    "page_no": 11
  },
  {
    "question": "5",
    "text": "5",
    "x": 149,
    "y": 191,
    "page_width": 1359,
    "page_height": 1873,
    "page_no": 14
  },
  {
    "question": "10",
    "text": "10",
    "x": 163,
    "y": 1728,
    "page_width": 1359,
    "page_height": 1873,
    "page_no": 10
  },
  {
    "question": "14",
    "text": "14",
    "x": 163,
    "y": 1728,
    "page_width": 1359,
    "page_height": 1873,
    "page_no": 14
  },
  {
    "question": "16",
    "text": "16",
    "x": 163,
    "y": 1728,
    "page_width": 1359,
    "page_height": 1873,
    "page_no": 16
  },
  {
    "question": "18",
    "text": "18",
    "x": 163,
    "y": 1728,
    "page_width": 1359,
    "page_height": 1873,
    "page_no": 18
  },
  {
    "question": "20",
    "text": "20",
    "x": 163,
    "y": 1728,
    "page_width": 1359,
    "page_height": 1873,
    "page_no": 20
  }
]