[
  {
    "question": "1",
    "text": "1",
    "x": 91,
    "y": 283,
    "page_width": 1241,
    "page_height": 1754,
    "page_no": 2
  },
  {
    "question": "2",
    "text": "2.",
    "x": 89,
    "y": 282,
    "page_width": 1241,
    "page_height": 1754,
    "page_no": 10
  },
  {
    "question": "3",
    "text": "3",
    "x": 89,
    "y": 282,
    "page_width": 1241,
    "page_height": 1754,
    "page_no": 13
  },
  {
    "question": "44",
    "text": "44%",
    "x": 89,
    "y": 995,
    "page_width": 1241,
    "page_height": 1754,
    "page_no": 19
  },
  {
    "question": "20",
    "text": "2017.",
    "x": 90,
    "y": 425,
    "page_width": 1241,
    "page_height": 1754,
    "page_no": 20
  },
  {
    "question": "6",
    "text": "6.5",
    "x": 89,
    "y": 794,
    "page_width": 1241,
    "page_height": 1754,
    "page_no": 21
  }
]