[
  {
    "question": "1",
    "text": "1,",
    "x": 91,
    "y": 250,
    "page_width": 1241,
    "page_height": 1754,
    "page_no": 6
  },
  {
    "question": "2",
    "text": "2.",
    "x": 90,
    "y": 402,
    "page_width": 1241,
    "page_height": 1754,
    "page_no": 6
  },
  {
    "question": "3",
    "text": "3.",
    "x": 90,
    "y": 496,
    "page_width": 1241,
    "page_height": 1754,
    "page_no": 6
  },
  {
    "question": "1",
    "text": "1.",
    "x": 91,
    "y": 667,
    "page_width": 1241,
    "page_height": 1754,
    "page_no": 6
  },
  {
    "question": "2",
    "text": "2.",
    "x": 90,
    "y": 764,
    "page_width": 1241,
    "page_height": 1754,
    "page_no": 6
  }
]