[
  {
    "question": "1",
    "text": "1a",
    "x": 164,
    "y": 249,
    "page_width": 1754,
    "page_height": 1241,
    "page_no": 4
  },
  {
    "question": "1",
    "text": "1b",
    "x": 164,
    "y": 248,
    "page_width": 1754,
    "page_height": 1241,
    "page_no": 5
  },
  {
    "question": "1",
    "text": "1c",
    "x": 164,
    "y": 250,
    "page_width": 1754,
    "page_height": 1241,
    "page_no": 6
  },
  {
    "question": "1",
    "text": "1d",
    "x": 164,
    "y": 514,
    "page_width": 1754,
    "page_height": 1241,
    "page_no": 6
  },
  {
    "question": "1",
    "text": "1ei",
    "x": 164,
    "y": 701,
    "page_width": 1754,
    "page_height": 1241,
    "page_no": 6
  },
  {
    "question": "1",
    "text": "1eii",
    "x": 164,
    "y": 244,
    "page_width": 1754,
    "page_height": 1241,
    "page_no": 7
  },
  {
    "question": "2",
    "text": "2a",
    "x": 163,
    "y": 658,
    "page_width": 1754,
    "page_height": 1241,
    "page_no": 7
  },
  {
    "question": "2",
    "text": "2bi",
    "x": 163,
    "y": 248,
    "page_width": 1754,
    "page_height": 1241,
    "page_no": 8
  },
  {
    "question": "2",
    "text": "2bii",
    "x": 163,
    "y": 626,
    "page_width": 1754,
    "page_height": 1241,
    "page_no": 8
  },
  {
    "question": "2",
    "text": "2c",
    "x": 163,
    "y": 249,
    "page_width": 1754,
    "page_height": 1241,
    "page_no": 9
  },
  {
    "question": "3",
    "text": "3ai",
    "x": 163,
    "y": 249,
    "page_width": 1754,
    "page_height": 1241,
    "page_no": 10
  },
  {
    "question": "3",
    "text": "3aii",
    "x": 163,
    "y": 434,
    "page_width": 1754,
    "page_height": 1241,
    "page_no": 10
  },
  {
    "question": "3",
    "text": "3bi",
    "x": 163,
    "y": 240,
    "page_width": 1754,
    "page_height": 1241,
    "page_no": 11
  },
  {
    "question": "3",
    "text": "3bii",
    "x": 163,
    "y": 528,
    "page_width": 1754,
    "page_height": 1241,
    "page_no": 11
  },
  {
    "question": "3",
    "text": "3ci",
    "x": 163,
    "y": 249,
    "page_width": 1754,
    "page_height": 1241,
    "page_no": 12
  },
  {
    "question": "3",
    "text": "3cii",
    "x": 163,
    "y": 244,
    "page_width": 1754,
    "page_height": 1241,
    "page_no": 13
  },
  {
    "question": "4",
    "text": "4aii",
    "x": 162,
    "y": 865,
    "page_width": 1754,
    "page_height": 1241,
    "page_no": 13
  },
  {
    "question": "4",
    "text": "4bi",
    "x": 162,
    "y": 248,
    "page_width": 1754,
    "page_height": 1241,
    "page_no": 14
  },
  {
    "question": "4",
    "text": "4bii",
    "x": 162,
    "y": 244,
    "page_width": 1754,
    "page_height": 1241,
    "page_no": 15
  },
  {
    "question": "4",
    "text": "4biii",
    "x": 162,
    "y": 244,
    "page_width": 1754,
    "page_height": 1241,
    "page_no": 16
  },
  {
    "question": "5",
    "text": "5a",
    "x": 163,
    "y": 250,
    "page_width": 1754,
    "page_height": 1241,
    "page_no": 17
  },
  {
    "question": "5",
    "text": "5bi",
    "x": 163,
    "y": 524,
    "page_width": 1754,
    "page_height": 1241,
    "page_no": 17
  },
  {
    "question": "5",
    "text": "5bii",
    "x": 163,
    "y": 244,
    "page_width": 1754,
    "page_height": 1241,
    "page_no": 18
  },
  {
    "question": "5",
    "text": "5biii",
    "x": 163,
    "y": 244,
    "page_width": 1754,
    "page_height": 1241,
    "page_no": 19
  },
  {
    "question": "6",
    "text": "6a",
    "x": 163,
    "y": 667,
    "page_width": 1754,
    "page_height": 1241,
    "page_no": 19
  },
  {
    "question": "6",
    "text": "6bi",
    "x": 163,
    "y": 244,
    "page_width": 1754,
    "page_height": 1241,
    "page_no": 20
  },
  {
    "question": "6",
    "text": "6bii",
    "x": 163,
    "y": 248,
    "page_width": 1754,
    "page_height": 1241,
    "page_no": 21
  },
  {
    "question": "6",
    "text": "6c",
    "x": 163,
    "y": 280,
    "page_width": 1754,
    "page_height": 1241,
    "page_no": 22
  },
  {
    "question": "7",
    "text": "7ai",
    "x": 163,
    "y": 244,
    "page_width": 1754,
    "page_height": 1241,
    "page_no": 23
  },
  {
    "question": "7",
    "text": "7aii",
    "x": 163,
    "y": 520,
    "page_width": 1754,
    "page_height": 1241,
    "page_no": 23
  },
  {
    "question": "7",
    "text": "7b",
    "x": 163,
    "y": 248,
    "page_width": 1754,
    "page_height": 1241,
    "page_no": 24
  },
  {
    "question": "7",
    "text": "7c",
    "x": 163,
    "y": 280,
    "page_width": 1754,
    "page_height": 1241,
    "page_no": 25
  },
  {
    "question": "8",
    "text": "8ai",
    "x": 163,
    "y": 244,
    "page_width": 1754,
    "page_height": 1241,
    "page_no": 26
  },
  {
    "question": "8",
    "text": "8aii",
    "x": 163,
    "y": 244,
    "page_width": 1754,
    "page_height": 1241,
    "page_no": 27
  },
  {
    "question": "8",
    "text": "8bi",
    "x": 163,
    "y": 244,
    "page_width": 1754,
    "page_height": 1241,
    "page_no": 28
  },
  {
    "question": "8",
    "text": "8bii",
    "x": 163,
    "y": 657,
    "page_width": 1754,
    "page_height": 1241,
    "page_no": 28
  },
  {
    "question": "8",
    "text": "8biii",
    "x": 163,
    "y": 244,
    "page_width": 1754,
    "page_height": 1241,
    "page_no": 29
  },
  {
    "question": "9",
    "text": "9ai",
    "x": 163,
    "y": 751,
    "page_width": 1754,
    "page_height": 1241,
    "page_no": 29
  },
  {
    "question": "9",
    "text": "9aii",
    "x": 163,
    "y": 249,
    "page_width": 1754,
    "page_height": 1241,
    "page_no": 30
  },
  {
    "question": "9",
    "text": "9aiii",
    "x": 163,
    "y": 244,
    "page_width": 1754,
    "page_height": 1241,
    "page_no": 31
  },
  {
    "question": "9",
    "text": "9bi",
    "x": 163,
    "y": 248,
    "page_width": 1754,
    "page_height": 1241,
    "page_no": 32
  },
  {
    "question": "9",
    "text": "9bii",
    "x": 163,
    "y": 244,
    "page_width": 1754,
    "page_height": 1241,
    "page_no": 33
  }
]