[
  {
    "question": "1",
    "text": "1",
    "x": 164,
    "y": 243,
    "page_width": 1755,
    "page_height": 1241,
    "page_no": 5
  },
  {
    "question": "1",
    "text": "1",
    "x": 164,
    "y": 445,
    "page_width": 1755,
    "page_height": 1241,
    "page_no": 5
  },
  {
    "question": "1",
    "text": "1",
    "x": 164,
    "y": 647,
    "page_width": 1755,
    "page_height": 1241,
    "page_no": 5
  },
  {
    "question": "1",
    "text": "1aiv",
    "x": 164,
    "y": 243,
    "page_width": 1755,
    "page_height": 1241,
    "page_no": 6
  },
  {
    "question": "1",
    "text": "1b",
    "x": 164,
    "y": 502,
    "page_width": 1755,
    "page_height": 1241,
    "page_no": 6
  },
  {
    "question": "2",
    "text": "2a",
    "x": 162,
    "y": 243,
    "page_width": 1755,
    "page_height": 1241,
    "page_no": 7
  },
  {
    "question": "2",
    "text": "2aii",
    "x": 162,
    "y": 763,
    "page_width": 1755,
    "page_height": 1241,
    "page_no": 7
  },
  {
    "question": "2",
    "text": "2bi",
    "x": 162,
    "y": 243,
    "page_width": 1755,
    "page_height": 1241,
    "page_no": 8
  },
  {
    "question": "2",
    "text": "2b",
    "x": 162,
    "y": 537,
    "page_width": 1755,
    "page_height": 1241,
    "page_no": 8
  },
  {
    "question": "2",
    "text": "2b",
    "x": 162,
    "y": 243,
    "page_width": 1755,
    "page_height": 1241,
    "page_no": 9
  },
  {
    "question": "2",
    "text": "2",
    "x": 162,
    "y": 675,
    "page_width": 1755,
    "page_height": 1241,
    "page_no": 9
  },
  {
    "question": "2",
    "text": "2ci",
    "x": 162,
    "y": 852,
    "page_width": 1755,
    "page_height": 1241,
    "page_no": 9
  },
  {
    "question": "2",
    "text": "2cii",
    "x": 162,
    "y": 243,
    "page_width": 1755,
    "page_height": 1241,
    "page_no": 10
  },
  {
    "question": "3",
    "text": "3a",
    "x": 162,
    "y": 182,
    "page_width": 1755,
    "page_height": 1241,
    "page_no": 11
  },
  {
    "question": "3",
    "text": "3bi",
    "x": 162,
    "y": 470,
    "page_width": 1755,
    "page_height": 1241,
    "page_no": 11
  },
  {
    "question": "3",
    "text": "3bii",
    "x": 162,
    "y": 216,
    "page_width": 1755,
    "page_height": 1241,
    "page_no": 12
  },
  {
    "question": "3",
    "text": "3ci",
    "x": 162,
    "y": 180,
    "page_width": 1755,
    "page_height": 1241,
    "page_no": 13
  },
  {
    "question": "3",
    "text": "3cii",
    "x": 162,
    "y": 526,
    "page_width": 1755,
    "page_height": 1241,
    "page_no": 13
  },
  {
    "question": "4",
    "text": "4ai",
    "x": 162,
    "y": 194,
    "page_width": 1755,
    "page_height": 1241,
    "page_no": 14
  },
  {
    "question": "4",
    "text": "4aii",
    "x": 162,
    "y": 427,
    "page_width": 1755,
    "page_height": 1241,
    "page_no": 14
  },
  {
    "question": "4",
    "text": "4aiii",
    "x": 162,
    "y": 190,
    "page_width": 1755,
    "page_height": 1241,
    "page_no": 15
  },
  {
    "question": "4",
    "text": "4aiv",
    "x": 162,
    "y": 482,
    "page_width": 1755,
    "page_height": 1241,
    "page_no": 15
  },
  {
    "question": "4",
    "text": "4av",
    "x": 162,
    "y": 243,
    "page_width": 1755,
    "page_height": 1241,
    "page_no": 16
  },
  {
    "question": "4",
    "text": "4b",
    "x": 162,
    "y": 177,
    "page_width": 1755,
    "page_height": 1241,
    "page_no": 17
  },
  {
    "question": "4",
    "text": "4c",
    "x": 162,
    "y": 182,
    "page_width": 1755,
    "page_height": 1241,
    "page_no": 18
  }
]