[
  {
    "question": "5",
    "text": "5",
    "x": 155,
    "y": 417,
    "page_width": 1241,
    "page_height": 1754,
    "page_no": 5
  },
  {
    "question": "1",
    "text": "1",
    "x": 154,
    "y": 545,
    "page_width": 1241,
    "page_height": 1754,
    "page_no": 5
  },
  {
    "question": "25",
    "text": "25%",
    "x": 154,
    "y": 576,
    "page_width": 1241,
    "page_height": 1754,
    "page_no": 5
  },
  {
    "question": "38",
    "text": "385",
    "x": 154,
    "y": 673,
    "page_width": 1241,
    "page_height": 1754,
    "page_no": 5
  },
  {
    "question": "2",
    "text": "2",
    "x": 161,
    "y": 859,
    "page_width": 1241,
    "page_height": 1754,
    "page_no": 7
  },
  {
    "question": "3",
    "text": "3",
    "x": 161,
    "y": 988,
    "page_width": 1241,
    "page_height": 1754,
    "page_no": 7
  },
  {
    "question": "4",
    "text": "4",
    "x": 160,
    "y": 1212,
    "page_width": 1241,
    "page_height": 1754,
    "page_no": 7
  },
  {
    "question": "20",
    "text": "2022",
    "x": 158,
    "y": 368,
    "page_width": 1241,
    "page_height": 1754,
    "page_no": 24
  },
  {
    "question": "1",
    "text": "1A02",
    "x": 134,
    "y": 1056,
    "page_width": 1241,
    "page_height": 1754,
    "page_no": 8
  },
  {
    "question": "1",
    "text": "1A03",
    "x": 134,
    "y": 500,
    "page_width": 1241,
    "page_height": 1754,
    "page_no": 9
  },
  {
    "question": "7",
    "text": "7",
    "x": 134,
    "y": 656,
    "page_width": 1241,
    "page_height": 1754,
    "page_no": 10
  },
  {
    "question": "00",
    "text": "000",
    "x": 134,
    "y": 632,
    "page_width": 1241,
    "page_height": 1754,
    "page_no": 15
  },
  {
    "question": "1",
    "text": "1A01",
    "x": 134,
    "y": 1218,
    "page_width": 1241,
    "page_height": 1754,
    "page_no": 20
  },
  {
    "question": "1",
    "text": "1A01",
    "x": 134,
    "y": 594,
    "page_width": 1241,
    "page_height": 1754,
    "page_no": 21
  },
  {
    "question": "1",
    "text": "1A01",
    "x": 134,
    "y": 688,
    "page_width": 1241,
    "page_height": 1754,
    "page_no": 21
  },
  {
    "question": "10",
    "text": "10/fA02",
    "x": 134,
    "y": 1342,
    "page_width": 1241,
    "page_height": 1754,
    "page_no": 21
  },
  {
    "question": "1",
    "text": "1o/fA02",
    "x": 134,
    "y": 1436,
    "page_width": 1241,
    "page_height": 1754,
    "page_no": 21
  },
  {
    "question": "30",
    "text": "306",
    "x": 134,
    "y": 1339,
    "page_width": 1241,
    "page_height": 1754,
    "page_no": 25
  }
]