[
  {
    "question": "1",
    "text": "1a",
    "x": 178,
    "y": 253,
    "page_width": 1754,
    "page_height": 1241,
    "page_no": 4
  },
  {
    "question": "1",
    "text": "1bi",
    "x": 174,
    "y": 190,
    "page_width": 1754,
    "page_height": 1241,
    "page_no": 5
  },
  {
    "question": "2",
    "text": "2ai",
    "x": 176,
    "y": 655,
    "page_width": 1754,
    "page_height": 1241,
    "page_no": 7
  },
  {
    "question": "2",
    "text": "2aii",
    "x": 176,
    "y": 186,
    "page_width": 1754,
    "page_height": 1241,
    "page_no": 8
  },
  {
    "question": "1",
    "text": "1bii",
    "x": 181,
    "y": 626,
    "page_width": 1754,
    "page_height": 1241,
    "page_no": 5
  },
  {
    "question": "1",
    "text": "1oi",
    "x": 182,
    "y": 185,
    "page_width": 1754,
    "page_height": 1241,
    "page_no": 6
  },
  {
    "question": "1",
    "text": "1Mii",
    "x": 182,
    "y": 474,
    "page_width": 1754,
    "page_height": 1241,
    "page_no": 6
  },
  {
    "question": "1",
    "text": "1ciii",
    "x": 182,
    "y": 217,
    "page_width": 1754,
    "page_height": 1241,
    "page_no": 7
  },
  {
    "question": "2",
    "text": "2bii",
    "x": 161,
    "y": 186,
    "page_width": 1754,
    "page_height": 1241,
    "page_no": 9
  },
  {
    "question": "2",
    "text": "2c\\ii",
    "x": 161,
    "y": 190,
    "page_width": 1754,
    "page_height": 1241,
    "page_no": 10
  },
  {
    "question": "3",
    "text": "3ai",
    "x": 161,
    "y": 186,
    "page_width": 1754,
    "page_height": 1241,
    "page_no": 11
  },
  {
    "question": "3",
    "text": "3ayiii",
    "x": 158,
    "y": 221,
    "page_width": 1754,
    "page_height": 1241,
    "page_no": 12
  }
]