[
  {
    "question": 0,
    "x": 120,
    "y": 833,
    "page_no": 16,
    "page_width": 1241,
    "page_height": 1754
  },
  {
    "question": 9,
    "x": 134,
    "y": 1154,
    "page_no": 4,
    "page_width": 1241,
    "page_height": 1754
  },
  {
    "question": 8,
    "x": 133,
    "y": 1045,
    "page_no": 4,
    "page_width": 1241,
    "page_height": 1754
  },
  {
    "question": 7,
    "x": 131,
    "y": 986,
    "page_no": 4,
    "page_width": 1241,
    "page_height": 1754
  },
  {
    "question": 6,
    "x": 129,
    "y": 842,
    "page_no": 4,
    "page_width": 1241,
    "page_height": 1754
  },
  {
    "question": 5,
    "x": 133,
    "y": 723,
    "page_no": 4,
    "page_width": 1241,
    "page_height": 1754
  },
  {
    "question": 4,
    "x": 131,
    "y": 596,
    "page_no": 4,
    "page_width": 1241,
    "page_height": 1754
  },
  {
    "question": 3,
    "x": 131,
    "y": 477,
    "page_no": 4,
    "page_width": 1241,
    "page_height": 1754
  },
  {
    "question": 2,
    "x": 131,
    "y": 335,
    "page_no": 4,
    "page_width": 1241,
    "page_height": 1754
  },
  {
    "question": "1",
    "text": "1",
    "x": 132,
    "y": 211,
    "page_width": 1241,
    "page_height": 1754,
    "page_no": 4
  },
  {
    "question": "10",
    "text": "10",
    "x": 132,
    "y": 1282,
    "page_width": 1241,
    "page_height": 1754,
    "page_no": 4
  },
  {
    "question": "11",
    "text": "11",
    "x": 132,
    "y": 237,
    "page_width": 1241,
    "page_height": 1754,
    "page_no": 5
  },
  {
    "question": "12",
    "text": "12",
    "x": 132,
    "y": 236,
    "page_width": 1241,
    "page_height": 1754,
    "page_no": 6
  },
  {
    "question": "13",
    "text": "13a",
    "x": 132,
    "y": 210,
    "page_width": 1241,
    "page_height": 1754,
    "page_no": 7
  },
  {
    "question": "14",
    "text": "14a",
    "x": 132,
    "y": 210,
    "page_width": 1241,
    "page_height": 1754,
    "page_no": 8
  },
  {
    "question": "15",
    "text": "15",
    "x": 131,
    "y": 210,
    "page_width": 1241,
    "page_height": 1754,
    "page_no": 9
  },
  {
    "question": "16",
    "text": "16a",
    "x": 132,
    "y": 211,
    "page_width": 1241,
    "page_height": 1754,
    "page_no": 10
  },
  {
    "question": "17",
    "text": "17a",
    "x": 132,
    "y": 211,
    "page_width": 1241,
    "page_height": 1754,
    "page_no": 11
  },
  {
    "question": "18",
    "text": "18a",
    "x": 132,
    "y": 210,
    "page_width": 1241,
    "page_height": 1754,
    "page_no": 12
  },
  {
    "question": "19",
    "text": "19ai",
    "x": 132,
    "y": 210,
    "page_width": 1241,
    "page_height": 1754,
    "page_no": 13
  },
  {
    "question": "20",
    "text": "20a",
    "x": 130,
    "y": 210,
    "page_width": 1241,
    "page_height": 1754,
    "page_no": 14
  },
  {
    "question": "21",
    "text": "21ai_\u2014",
    "x": 130,
    "y": 210,
    "page_width": 1241,
    "page_height": 1754,
    "page_no": 15
  },
  {
    "question": "21",
    "text": "21b",
    "x": 130,
    "y": 156,
    "page_width": 1241,
    "page_height": 1754,
    "page_no": 16
  }
]