[
  {
    "question": "1",
    "text": "1aii",
    "x": 164,
    "y": 429,
    "page_width": 1754,
    "page_height": 1241,
    "page_no": 4
  },
  {
    "question": "1",
    "text": "1biii",
    "x": 164,
    "y": 220,
    "page_width": 1754,
    "page_height": 1241,
    "page_no": 5
  },
  {
    "question": "2",
    "text": "2ai",
    "x": 163,
    "y": 252,
    "page_width": 1754,
    "page_height": 1241,
    "page_no": 6
  },
  {
    "question": "2",
    "text": "2aii",
    "x": 163,
    "y": 438,
    "page_width": 1754,
    "page_height": 1241,
    "page_no": 6
  },
  {
    "question": "2",
    "text": "2aiii",
    "x": 163,
    "y": 629,
    "page_width": 1754,
    "page_height": 1241,
    "page_no": 6
  },
  {
    "question": "2",
    "text": "2b",
    "x": 163,
    "y": 823,
    "page_width": 1754,
    "page_height": 1241,
    "page_no": 6
  },
  {
    "question": "2",
    "text": "2c",
    "x": 163,
    "y": 410,
    "page_width": 1754,
    "page_height": 1241,
    "page_no": 7
  },
  {
    "question": "3",
    "text": "3ai",
    "x": 163,
    "y": 377,
    "page_width": 1754,
    "page_height": 1241,
    "page_no": 8
  },
  {
    "question": "3",
    "text": "3aii",
    "x": 163,
    "y": 562,
    "page_width": 1754,
    "page_height": 1241,
    "page_no": 8
  },
  {
    "question": "3",
    "text": "3b",
    "x": 163,
    "y": 189,
    "page_width": 1754,
    "page_height": 1241,
    "page_no": 9
  },
  {
    "question": "1",
    "text": "1",
    "x": 164,
    "y": 318,
    "page_width": 1754,
    "page_height": 1241,
    "page_no": 10
  },
  {
    "question": "2",
    "text": "2",
    "x": 163,
    "y": 443,
    "page_width": 1754,
    "page_height": 1241,
    "page_no": 10
  },
  {
    "question": "3",
    "text": "3",
    "x": 163,
    "y": 569,
    "page_width": 1754,
    "page_height": 1241,
    "page_no": 10
  },
  {
    "question": "1",
    "text": "1",
    "x": 164,
    "y": 286,
    "page_width": 1754,
    "page_height": 1241,
    "page_no": 13
  },
  {
    "question": "2",
    "text": "2",
    "x": 163,
    "y": 472,
    "page_width": 1754,
    "page_height": 1241,
    "page_no": 13
  },
  {
    "question": "3",
    "text": "3",
    "x": 163,
    "y": 599,
    "page_width": 1754,
    "page_height": 1241,
    "page_no": 13
  },
  {
    "question": "5",
    "text": "5ai",
    "x": 163,
    "y": 190,
    "page_width": 1754,
    "page_height": 1241,
    "page_no": 14
  },
  {
    "question": "5",
    "text": "5aii",
    "x": 163,
    "y": 482,
    "page_width": 1754,
    "page_height": 1241,
    "page_no": 14
  },
  {
    "question": "5",
    "text": "5bi",
    "x": 163,
    "y": 750,
    "page_width": 1754,
    "page_height": 1241,
    "page_no": 15
  },
  {
    "question": "5",
    "text": "5bii",
    "x": 163,
    "y": 278,
    "page_width": 1754,
    "page_height": 1241,
    "page_no": 16
  },
  {
    "question": "6",
    "text": "6ai",
    "x": 163,
    "y": 248,
    "page_width": 1754,
    "page_height": 1241,
    "page_no": 17
  },
  {
    "question": "6",
    "text": "6aii",
    "x": 163,
    "y": 437,
    "page_width": 1754,
    "page_height": 1241,
    "page_no": 17
  },
  {
    "question": "6",
    "text": "6b",
    "x": 163,
    "y": 632,
    "page_width": 1754,
    "page_height": 1241,
    "page_no": 17
  },
  {
    "question": "6",
    "text": "6c",
    "x": 163,
    "y": 252,
    "page_width": 1754,
    "page_height": 1241,
    "page_no": 18
  },
  {
    "question": "7",
    "text": "7ai",
    "x": 163,
    "y": 221,
    "page_width": 1754,
    "page_height": 1241,
    "page_no": 19
  },
  {
    "question": "7",
    "text": "7a\\ii",
    "x": 163,
    "y": 406,
    "page_width": 1754,
    "page_height": 1241,
    "page_no": 19
  },
  {
    "question": "7",
    "text": "7b",
    "x": 163,
    "y": 220,
    "page_width": 1754,
    "page_height": 1241,
    "page_no": 20
  },
  {
    "question": "7",
    "text": "7c",
    "x": 163,
    "y": 191,
    "page_width": 1754,
    "page_height": 1241,
    "page_no": 21
  },
  {
    "question": "8",
    "text": "8a",
    "x": 163,
    "y": 795,
    "page_width": 1754,
    "page_height": 1241,
    "page_no": 21
  },
  {
    "question": "8",
    "text": "8b",
    "x": 163,
    "y": 472,
    "page_width": 1754,
    "page_height": 1241,
    "page_no": 22
  },
  {
    "question": "8",
    "text": "8c",
    "x": 163,
    "y": 283,
    "page_width": 1754,
    "page_height": 1241,
    "page_no": 23
  },
  {
    "question": "8",
    "text": "8d",
    "x": 163,
    "y": 629,
    "page_width": 1754,
    "page_height": 1241,
    "page_no": 23
  },
  {
    "question": "8",
    "text": "8e",
    "x": 163,
    "y": 283,
    "page_width": 1754,
    "page_height": 1241,
    "page_no": 24
  },
  {
    "question": "8",
    "text": "8f",
    "x": 163,
    "y": 247,
    "page_width": 1754,
    "page_height": 1241,
    "page_no": 25
  },
  {
    "question": "8",
    "text": "8g",
    "x": 163,
    "y": 190,
    "page_width": 1754,
    "page_height": 1241,
    "page_no": 26
  }
]