[
  {
    "question": "1",
    "text": "1.",
    "x": 115,
    "y": 132,
    "page_width": 1241,
    "page_height": 1754,
    "page_no": 2
  },
  {
    "question": "2",
    "text": "2.",
    "x": 114,
    "y": 132,
    "page_width": 1241,
    "page_height": 1754,
    "page_no": 4
  },
  {
    "question": "5",
    "text": "5.",
    "x": 114,
    "y": 132,
    "page_width": 1241,
    "page_height": 1754,
    "page_no": 16
  },
  {
    "question": "8",
    "text": "8.",
    "x": 114,
    "y": 131,
    "page_width": 1241,
    "page_height": 1754,
    "page_no": 28
  }
]