[
  {
    "question": "2",
    "text": "2",
    "x": 57,
    "y": 172,
    "page_width": 1241,
    "page_height": 1754,
    "page_no": 5
  },
  {
    "question": "2",
    "text": "2bi",
    "x": 59,
    "y": 879,
    "page_width": 1241,
    "page_height": 1754,
    "page_no": 5
  },
  {
    "question": "2",
    "text": "2bii",
    "x": 59,
    "y": 131,
    "page_width": 1241,
    "page_height": 1754,
    "page_no": 6
  },
  {
    "question": "2",
    "text": "2c",
    "x": 59,
    "y": 572,
    "page_width": 1241,
    "page_height": 1754,
    "page_no": 6
  },
  {
    "question": "3",
    "text": "3ai",
    "x": 59,
    "y": 1079,
    "page_width": 1241,
    "page_height": 1754,
    "page_no": 6
  },
  {
    "question": "3",
    "text": "3aii",
    "x": 59,
    "y": 1338,
    "page_width": 1241,
    "page_height": 1754,
    "page_no": 6
  },
  {
    "question": "3",
    "text": "3bi",
    "x": 59,
    "y": 127,
    "page_width": 1241,
    "page_height": 1754,
    "page_no": 7
  },
  {
    "question": "3",
    "text": "3bii",
    "x": 59,
    "y": 487,
    "page_width": 1241,
    "page_height": 1754,
    "page_no": 7
  },
  {
    "question": "4",
    "text": "4c",
    "x": 58,
    "y": 903,
    "page_width": 1241,
    "page_height": 1754,
    "page_no": 8
  },
  {
    "question": "6",
    "text": "6a",
    "x": 59,
    "y": 157,
    "page_width": 1241,
    "page_height": 1754,
    "page_no": 11
  },
  {
    "question": "6",
    "text": "6b",
    "x": 59,
    "y": 594,
    "page_width": 1241,
    "page_height": 1754,
    "page_no": 11
  },
  {
    "question": "6",
    "text": "6ci",
    "x": 59,
    "y": 1082,
    "page_width": 1241,
    "page_height": 1754,
    "page_no": 11
  },
  {
    "question": "6",
    "text": "6cii",
    "x": 59,
    "y": 127,
    "page_width": 1241,
    "page_height": 1754,
    "page_no": 12
  },
  {
    "question": "6",
    "text": "6d",
    "x": 59,
    "y": 491,
    "page_width": 1241,
    "page_height": 1754,
    "page_no": 12
  },
  {
    "question": "7",
    "text": "7a",
    "x": 59,
    "y": 978,
    "page_width": 1241,
    "page_height": 1754,
    "page_no": 12
  },
  {
    "question": "7",
    "text": "7bi",
    "x": 59,
    "y": 127,
    "page_width": 1241,
    "page_height": 1754,
    "page_no": 13
  },
  {
    "question": "7",
    "text": "7bii",
    "x": 59,
    "y": 391,
    "page_width": 1241,
    "page_height": 1754,
    "page_no": 13
  },
  {
    "question": "7",
    "text": "7biii",
    "x": 59,
    "y": 653,
    "page_width": 1241,
    "page_height": 1754,
    "page_no": 13
  },
  {
    "question": "8",
    "text": "8f",
    "x": 59,
    "y": 1170,
    "page_width": 1241,
    "page_height": 1754,
    "page_no": 15
  },
  {
    "question": "8",
    "text": "8g",
    "x": 59,
    "y": 184,
    "page_width": 1241,
    "page_height": 1754,
    "page_no": 16
  },
  {
    "question": "4",
    "text": "4ai",
    "x": 44,
    "y": 1104,
    "page_width": 1241,
    "page_height": 1754,
    "page_no": 7
  },
  {
    "question": "4",
    "text": "4aii",
    "x": 44,
    "y": 1350,
    "page_width": 1241,
    "page_height": 1754,
    "page_no": 7
  },
  {
    "question": "4",
    "text": "4aiii",
    "x": 44,
    "y": 184,
    "page_width": 1241,
    "page_height": 1754,
    "page_no": 8
  },
  {
    "question": "4",
    "text": "4b",
    "x": 44,
    "y": 442,
    "page_width": 1241,
    "page_height": 1754,
    "page_no": 8
  },
  {
    "question": "7",
    "text": "7c",
    "x": 44,
    "y": 1115,
    "page_width": 1241,
    "page_height": 1754,
    "page_no": 13
  },
  {
    "question": "8",
    "text": "8a",
    "x": 44,
    "y": 157,
    "page_width": 1241,
    "page_height": 1754,
    "page_no": 14
  },
  {
    "question": "8",
    "text": "8b",
    "x": 44,
    "y": 644,
    "page_width": 1241,
    "page_height": 1754,
    "page_no": 14
  },
  {
    "question": "8",
    "text": "8c",
    "x": 44,
    "y": 1181,
    "page_width": 1241,
    "page_height": 1754,
    "page_no": 14
  }
]