[
  {
    "question": "1",
    "text": "1a",
    "x": 154,
    "y": 250,
    "page_width": 1650,
    "page_height": 1275,
    "page_no": 5
  },
  {
    "question": "1",
    "text": "1b",
    "x": 154,
    "y": 616,
    "page_width": 1650,
    "page_height": 1275,
    "page_no": 5
  },
  {
    "question": "1",
    "text": "1c",
    "x": 154,
    "y": 214,
    "page_width": 1650,
    "page_height": 1275,
    "page_no": 6
  },
  {
    "question": "2",
    "text": "2",
    "x": 154,
    "y": 554,
    "page_width": 1650,
    "page_height": 1275,
    "page_no": 6
  },
  {
    "question": "3",
    "text": "3",
    "x": 153,
    "y": 782,
    "page_width": 1650,
    "page_height": 1275,
    "page_no": 6
  },
  {
    "question": "4",
    "text": "4",
    "x": 153,
    "y": 210,
    "page_width": 1650,
    "page_height": 1275,
    "page_no": 7
  },
  {
    "question": "5",
    "text": "5",
    "x": 153,
    "y": 435,
    "page_width": 1650,
    "page_height": 1275,
    "page_no": 7
  },
  {
    "question": "6",
    "text": "6",
    "x": 153,
    "y": 881,
    "page_width": 1650,
    "page_height": 1275,
    "page_no": 7
  },
  {
    "question": "7",
    "text": "7",
    "x": 153,
    "y": 229,
    "page_width": 1650,
    "page_height": 1275,
    "page_no": 8
  },
  {
    "question": "8",
    "text": "8",
    "x": 153,
    "y": 467,
    "page_width": 1650,
    "page_height": 1275,
    "page_no": 8
  },
  {
    "question": "9",
    "text": "9",
    "x": 153,
    "y": 731,
    "page_width": 1650,
    "page_height": 1275,
    "page_no": 8
  },
  {
    "question": "10",
    "text": "10",
    "x": 154,
    "y": 216,
    "page_width": 1650,
    "page_height": 1275,
    "page_no": 9
  },
  {
    "question": "11",
    "text": "11",
    "x": 154,
    "y": 440,
    "page_width": 1650,
    "page_height": 1275,
    "page_no": 9
  },
  {
    "question": "12",
    "text": "12",
    "x": 154,
    "y": 667,
    "page_width": 1650,
    "page_height": 1275,
    "page_no": 9
  },
  {
    "question": "13",
    "text": "13a",
    "x": 154,
    "y": 216,
    "page_width": 1650,
    "page_height": 1275,
    "page_no": 10
  },
  {
    "question": "13",
    "text": "13b",
    "x": 154,
    "y": 471,
    "page_width": 1650,
    "page_height": 1275,
    "page_no": 10
  },
  {
    "question": "14",
    "text": "14",
    "x": 154,
    "y": 695,
    "page_width": 1650,
    "page_height": 1275,
    "page_no": 10
  },
  {
    "question": "15",
    "text": "15a",
    "x": 154,
    "y": 210,
    "page_width": 1650,
    "page_height": 1275,
    "page_no": 11
  },
  {
    "question": "15",
    "text": "15b",
    "x": 154,
    "y": 481,
    "page_width": 1650,
    "page_height": 1275,
    "page_no": 11
  },
  {
    "question": "15",
    "text": "15c",
    "x": 154,
    "y": 705,
    "page_width": 1650,
    "page_height": 1275,
    "page_no": 11
  },
  {
    "question": "16",
    "text": "16ai",
    "x": 154,
    "y": 239,
    "page_width": 1650,
    "page_height": 1275,
    "page_no": 12
  },
  {
    "question": "16",
    "text": "16aii",
    "x": 154,
    "y": 753,
    "page_width": 1650,
    "page_height": 1275,
    "page_no": 12
  },
  {
    "question": "20",
    "text": "20ai",
    "x": 153,
    "y": 233,
    "page_width": 1650,
    "page_height": 1275,
    "page_no": 27
  },
  {
    "question": "20",
    "text": "20aiv",
    "x": 153,
    "y": 729,
    "page_width": 1650,
    "page_height": 1275,
    "page_no": 28
  },
  {
    "question": "20",
    "text": "20av",
    "x": 153,
    "y": 210,
    "page_width": 1650,
    "page_height": 1275,
    "page_no": 29
  },
  {
    "question": "20",
    "text": "20bi",
    "x": 153,
    "y": 211,
    "page_width": 1650,
    "page_height": 1275,
    "page_no": 30
  },
  {
    "question": "16",
    "text": "16bi",
    "x": 189,
    "y": 406,
    "page_width": 1650,
    "page_height": 1275,
    "page_no": 13
  },
  {
    "question": "16",
    "text": "16bii",
    "x": 189,
    "y": 221,
    "page_width": 1650,
    "page_height": 1275,
    "page_no": 14
  },
  {
    "question": "17",
    "text": "17",
    "x": 189,
    "y": 217,
    "page_width": 1650,
    "page_height": 1275,
    "page_no": 15
  },
  {
    "question": "18",
    "text": "18a",
    "x": 189,
    "y": 218,
    "page_width": 1650,
    "page_height": 1275,
    "page_no": 17
  },
  {
    "question": "18",
    "text": "18aii",
    "x": 189,
    "y": 461,
    "page_width": 1650,
    "page_height": 1275,
    "page_no": 17
  },
  {
    "question": "18",
    "text": "18b",
    "x": 189,
    "y": 245,
    "page_width": 1650,
    "page_height": 1275,
    "page_no": 19
  },
  {
    "question": "18",
    "text": "18c",
    "x": 189,
    "y": 831,
    "page_width": 1650,
    "page_height": 1275,
    "page_no": 19
  },
  {
    "question": "19",
    "text": "19ai",
    "x": 189,
    "y": 213,
    "page_width": 1650,
    "page_height": 1275,
    "page_no": 20
  },
  {
    "question": "19",
    "text": "19aii",
    "x": 189,
    "y": 205,
    "page_width": 1650,
    "page_height": 1275,
    "page_no": 21
  },
  {
    "question": "19",
    "text": "19bi",
    "x": 189,
    "y": 213,
    "page_width": 1650,
    "page_height": 1275,
    "page_no": 23
  },
  {
    "question": "19",
    "text": "19bii",
    "x": 189,
    "y": 205,
    "page_width": 1650,
    "page_height": 1275,
    "page_no": 24
  },
  {
    "question": "19",
    "text": "19b",
    "x": 189,
    "y": 205,
    "page_width": 1650,
    "page_height": 1275,
    "page_no": 25
  },
  {
    "question": "19",
    "text": "19c",
    "x": 189,
    "y": 210,
    "page_width": 1650,
    "page_height": 1275,
    "page_no": 26
  },
  {
    "question": "20",
    "text": "20aii",
    "x": 188,
    "y": 463,
    "page_width": 1650,
    "page_height": 1275,
    "page_no": 27
  },
  {
    "question": "20",
    "text": "20b",
    "x": 188,
    "y": 230,
    "page_width": 1650,
    "page_height": 1275,
    "page_no": 31
  }
]