[
  {
    "question": "1",
    "text": "1a",
    "x": 98,
    "y": 199,
    "page_width": 1241,
    "page_height": 1754,
    "page_no": 4
  },
  {
    "question": "1",
    "text": "1",
    "x": 98,
    "y": 905,
    "page_width": 1241,
    "page_height": 1754,
    "page_no": 4
  },
  {
    "question": "1",
    "text": "1c",
    "x": 98,
    "y": 184,
    "page_width": 1241,
    "page_height": 1754,
    "page_no": 5
  },
  {
    "question": "1",
    "text": "1",
    "x": 98,
    "y": 681,
    "page_width": 1241,
    "page_height": 1754,
    "page_no": 5
  },
  {
    "question": "1",
    "text": "1e",
    "x": 98,
    "y": 199,
    "page_width": 1241,
    "page_height": 1754,
    "page_no": 6
  },
  {
    "question": "1",
    "text": "1",
    "x": 99,
    "y": 200,
    "page_width": 1241,
    "page_height": 1754,
    "page_no": 7
  },
  {
    "question": "2",
    "text": "2a",
    "x": 98,
    "y": 166,
    "page_width": 1241,
    "page_height": 1754,
    "page_no": 11
  },
  {
    "question": "2",
    "text": "2",
    "x": 98,
    "y": 796,
    "page_width": 1241,
    "page_height": 1754,
    "page_no": 11
  },
  {
    "question": "2",
    "text": "2c",
    "x": 98,
    "y": 192,
    "page_width": 1241,
    "page_height": 1754,
    "page_no": 12
  },
  {
    "question": "20",
    "text": "2019",
    "x": 99,
    "y": 739,
    "page_width": 1241,
    "page_height": 1754,
    "page_no": 19
  },
  {
    "question": "31",
    "text": "312020",
    "x": 99,
    "y": 812,
    "page_width": 1241,
    "page_height": 1754,
    "page_no": 19
  },
  {
    "question": "2",
    "text": "2d",
    "x": 104,
    "y": 222,
    "page_width": 1241,
    "page_height": 1754,
    "page_no": 13
  },
  {
    "question": "3",
    "text": "3",
    "x": 104,
    "y": 222,
    "page_width": 1241,
    "page_height": 1754,
    "page_no": 16
  },
  {
    "question": "3",
    "text": "3",
    "x": 104,
    "y": 1055,
    "page_width": 1241,
    "page_height": 1754,
    "page_no": 16
  },
  {
    "question": "3",
    "text": "3",
    "x": 104,
    "y": 222,
    "page_width": 1241,
    "page_height": 1754,
    "page_no": 17
  },
  {
    "question": "3",
    "text": "3",
    "x": 104,
    "y": 721,
    "page_width": 1241,
    "page_height": 1754,
    "page_no": 17
  },
  {
    "question": "3",
    "text": "3",
    "x": 104,
    "y": 1170,
    "page_width": 1241,
    "page_height": 1754,
    "page_no": 17
  },
  {
    "question": "3",
    "text": "3",
    "x": 104,
    "y": 222,
    "page_width": 1241,
    "page_height": 1754,
    "page_no": 18
  },
  {
    "question": "3",
    "text": "3",
    "x": 104,
    "y": 774,
    "page_width": 1241,
    "page_height": 1754,
    "page_no": 18
  },
  {
    "question": "3",
    "text": "3",
    "x": 104,
    "y": 272,
    "page_width": 1241,
    "page_height": 1754,
    "page_no": 19
  },
  {
    "question": "3",
    "text": "3",
    "x": 104,
    "y": 290,
    "page_width": 1241,
    "page_height": 1754,
    "page_no": 20
  },
  {
    "question": "20",
    "text": "2019",
    "x": 102,
    "y": 767,
    "page_width": 1241,
    "page_height": 1754,
    "page_no": 20
  },
  {
    "question": "20",
    "text": "2020",
    "x": 102,
    "y": 911,
    "page_width": 1241,
    "page_height": 1754,
    "page_no": 20
  },
  {
    "question": "4",
    "text": "4",
    "x": 103,
    "y": 223,
    "page_width": 1241,
    "page_height": 1754,
    "page_no": 23
  },
  {
    "question": "4",
    "text": "4",
    "x": 103,
    "y": 1056,
    "page_width": 1241,
    "page_height": 1754,
    "page_no": 23
  },
  {
    "question": "4",
    "text": "4",
    "x": 103,
    "y": 223,
    "page_width": 1241,
    "page_height": 1754,
    "page_no": 24
  },
  {
    "question": "4",
    "text": "4",
    "x": 103,
    "y": 688,
    "page_width": 1241,
    "page_height": 1754,
    "page_no": 24
  },
  {
    "question": "4",
    "text": "4",
    "x": 103,
    "y": 1138,
    "page_width": 1241,
    "page_height": 1754,
    "page_no": 24
  },
  {
    "question": "4",
    "text": "4",
    "x": 103,
    "y": 223,
    "page_width": 1241,
    "page_height": 1754,
    "page_no": 25
  },
  {
    "question": "4",
    "text": "4",
    "x": 103,
    "y": 672,
    "page_width": 1241,
    "page_height": 1754,
    "page_no": 25
  },
  {
    "question": "4",
    "text": "4",
    "x": 103,
    "y": 1221,
    "page_width": 1241,
    "page_height": 1754,
    "page_no": 25
  },
  {
    "question": "4",
    "text": "4",
    "x": 103,
    "y": 239,
    "page_width": 1241,
    "page_height": 1754,
    "page_no": 26
  },
  {
    "question": "4",
    "text": "4",
    "x": 103,
    "y": 767,
    "page_width": 1241,
    "page_height": 1754,
    "page_no": 26
  },
  {
    "question": "5",
    "text": "5",
    "x": 104,
    "y": 223,
    "page_width": 1241,
    "page_height": 1754,
    "page_no": 29
  },
  {
    "question": "5",
    "text": "5",
    "x": 104,
    "y": 665,
    "page_width": 1241,
    "page_height": 1754,
    "page_no": 29
  },
  {
    "question": "5",
    "text": "5",
    "x": 104,
    "y": 1107,
    "page_width": 1241,
    "page_height": 1754,
    "page_no": 29
  },
  {
    "question": "5",
    "text": "5",
    "x": 104,
    "y": 223,
    "page_width": 1241,
    "page_height": 1754,
    "page_no": 30
  },
  {
    "question": "5",
    "text": "5",
    "x": 104,
    "y": 715,
    "page_width": 1241,
    "page_height": 1754,
    "page_no": 30
  },
  {
    "question": "5",
    "text": "5",
    "x": 104,
    "y": 239,
    "page_width": 1241,
    "page_height": 1754,
    "page_no": 31
  },
  {
    "question": "6",
    "text": "6",
    "x": 104,
    "y": 222,
    "page_width": 1241,
    "page_height": 1754,
    "page_no": 34
  },
  {
    "question": "6",
    "text": "6",
    "x": 104,
    "y": 222,
    "page_width": 1241,
    "page_height": 1754,
    "page_no": 35
  },
  {
    "question": "6",
    "text": "6",
    "x": 104,
    "y": 778,
    "page_width": 1241,
    "page_height": 1754,
    "page_no": 35
  },
  {
    "question": "2",
    "text": "2e",
    "x": 160,
    "y": 222,
    "page_width": 1241,
    "page_height": 1754,
    "page_no": 14
  },
  {
    "question": "3",
    "text": "3c",
    "x": 160,
    "y": 222,
    "page_width": 1241,
    "page_height": 1754,
    "page_no": 21
  },
  {
    "question": "4",
    "text": "4e",
    "x": 159,
    "y": 223,
    "page_width": 1241,
    "page_height": 1754,
    "page_no": 27
  },
  {
    "question": "5",
    "text": "5",
    "x": 160,
    "y": 223,
    "page_width": 1241,
    "page_height": 1754,
    "page_no": 32
  },
  {
    "question": "6",
    "text": "6",
    "x": 160,
    "y": 272,
    "page_width": 1241,
    "page_height": 1754,
    "page_no": 36
  }
]