[
  {
    "question": "1",
    "text": "1.",
    "x": 62,
    "y": 224,
    "page_width": 1241,
    "page_height": 1754,
    "page_no": 6
  },
  {
    "question": "2",
    "text": "2.",
    "x": 60,
    "y": 365,
    "page_width": 1241,
    "page_height": 1754,
    "page_no": 6
  },
  {
    "question": "3",
    "text": "3.",
    "x": 60,
    "y": 449,
    "page_width": 1241,
    "page_height": 1754,
    "page_no": 6
  },
  {
    "question": "1",
    "text": "1.",
    "x": 62,
    "y": 602,
    "page_width": 1241,
    "page_height": 1754,
    "page_no": 6
  },
  {
    "question": "2",
    "text": "2.",
    "x": 60,
    "y": 697,
    "page_width": 1241,
    "page_height": 1754,
    "page_no": 6
  },
  {
    "question": "1",
    "text": "1a",
    "x": 98,
    "y": 167,
    "page_width": 1241,
    "page_height": 1754,
    "page_no": 7
  },
  {
    "question": "2",
    "text": "2a",
    "x": 99,
    "y": 192,
    "page_width": 1241,
    "page_height": 1754,
    "page_no": 8
  },
  {
    "question": "4",
    "text": "4a",
    "x": 99,
    "y": 192,
    "page_width": 1241,
    "page_height": 1754,
    "page_no": 12
  },
  {
    "question": "1",
    "text": "1:",
    "x": 101,
    "y": 342,
    "page_width": 1241,
    "page_height": 1754,
    "page_no": 15
  },
  {
    "question": "2",
    "text": "2:",
    "x": 98,
    "y": 927,
    "page_width": 1241,
    "page_height": 1754,
    "page_no": 15
  },
  {
    "question": "7",
    "text": "7a",
    "x": 100,
    "y": 163,
    "page_width": 1241,
    "page_height": 1754,
    "page_no": 17
  },
  {
    "question": "8",
    "text": "8a",
    "x": 100,
    "y": 163,
    "page_width": 1241,
    "page_height": 1754,
    "page_no": 18
  },
  {
    "question": "9",
    "text": "9a",
    "x": 100,
    "y": 192,
    "page_width": 1241,
    "page_height": 1754,
    "page_no": 20
  },
  {
    "question": "10",
    "text": "10a",
    "x": 95,
    "y": 163,
    "page_width": 1241,
    "page_height": 1754,
    "page_no": 22
  },
  {
    "question": "8",
    "text": "8a+2b+9,",
    "x": 138,
    "y": 1322,
    "page_width": 1241,
    "page_height": 1754,
    "page_no": 7
  },
  {
    "question": "8",
    "text": "8a+2b=-32",
    "x": 138,
    "y": 1410,
    "page_width": 1241,
    "page_height": 1754,
    "page_no": 7
  },
  {
    "question": "16",
    "text": "16+8a\u2014-12+2b+5=-23",
    "x": 138,
    "y": 1440,
    "page_width": 1241,
    "page_height": 1754,
    "page_no": 7
  },
  {
    "question": "2",
    "text": "2-",
    "x": 138,
    "y": 263,
    "page_width": 1241,
    "page_height": 1754,
    "page_no": 9
  },
  {
    "question": "2",
    "text": "2y?",
    "x": 139,
    "y": 975,
    "page_width": 1241,
    "page_height": 1754,
    "page_no": 11
  },
  {
    "question": "1",
    "text": "1+log,",
    "x": 137,
    "y": 1271,
    "page_width": 1241,
    "page_height": 1754,
    "page_no": 11
  },
  {
    "question": "1",
    "text": "1.2",
    "x": 137,
    "y": 769,
    "page_width": 1241,
    "page_height": 1754,
    "page_no": 17
  },
  {
    "question": "8",
    "text": "8p\u2018",
    "x": 138,
    "y": 499,
    "page_width": 1241,
    "page_height": 1754,
    "page_no": 19
  },
  {
    "question": "71",
    "text": "716",
    "x": 140,
    "y": 1172,
    "page_width": 1241,
    "page_height": 1754,
    "page_no": 21
  },
  {
    "question": "2",
    "text": "2",
    "x": 141,
    "y": 1475,
    "page_width": 1241,
    "page_height": 1754,
    "page_no": 21
  },
  {
    "question": "3",
    "text": "3TQ",
    "x": 135,
    "y": 1069,
    "page_width": 1241,
    "page_height": 1754,
    "page_no": 11
  },
  {
    "question": "1",
    "text": "1",
    "x": 135,
    "y": 511,
    "page_width": 1241,
    "page_height": 1754,
    "page_no": 14
  },
  {
    "question": "23",
    "text": "23",
    "x": 135,
    "y": 373,
    "page_width": 1241,
    "page_height": 1754,
    "page_no": 23
  },
  {
    "question": "1",
    "text": "1.09",
    "x": 136,
    "y": 1420,
    "page_width": 1241,
    "page_height": 1754,
    "page_no": 23
  }
]