[
  {
    "question": "1",
    "text": "1b",
    "x": 152,
    "y": 482,
    "page_width": 1754,
    "page_height": 1241,
    "page_no": 4
  },
  {
    "question": "2",
    "text": "2",
    "x": 151,
    "y": 765,
    "page_width": 1754,
    "page_height": 1241,
    "page_no": 4
  },
  {
    "question": "4",
    "text": "4",
    "x": 151,
    "y": 511,
    "page_width": 1754,
    "page_height": 1241,
    "page_no": 5
  },
  {
    "question": "5",
    "text": "5",
    "x": 151,
    "y": 794,
    "page_width": 1754,
    "page_height": 1241,
    "page_no": 5
  },
  {
    "question": "6",
    "text": "6",
    "x": 151,
    "y": 198,
    "page_width": 1754,
    "page_height": 1241,
    "page_no": 6
  },
  {
    "question": "7",
    "text": "7b",
    "x": 151,
    "y": 765,
    "page_width": 1754,
    "page_height": 1241,
    "page_no": 6
  },
  {
    "question": "8",
    "text": "8",
    "x": 151,
    "y": 198,
    "page_width": 1754,
    "page_height": 1241,
    "page_no": 7
  },
  {
    "question": "9",
    "text": "9b",
    "x": 151,
    "y": 758,
    "page_width": 1754,
    "page_height": 1241,
    "page_no": 7
  },
  {
    "question": "10",
    "text": "10",
    "x": 152,
    "y": 198,
    "page_width": 1754,
    "page_height": 1241,
    "page_no": 8
  },
  {
    "question": "12",
    "text": "12a",
    "x": 152,
    "y": 765,
    "page_width": 1754,
    "page_height": 1241,
    "page_no": 8
  },
  {
    "question": "12",
    "text": "12b",
    "x": 152,
    "y": 198,
    "page_width": 1754,
    "page_height": 1241,
    "page_no": 9
  },
  {
    "question": "13",
    "text": "13",
    "x": 152,
    "y": 482,
    "page_width": 1754,
    "page_height": 1241,
    "page_no": 9
  },
  {
    "question": "14",
    "text": "14",
    "x": 152,
    "y": 737,
    "page_width": 1754,
    "page_height": 1241,
    "page_no": 9
  },
  {
    "question": "15",
    "text": "15",
    "x": 152,
    "y": 198,
    "page_width": 1754,
    "page_height": 1241,
    "page_no": 10
  },
  {
    "question": "16",
    "text": "16",
    "x": 152,
    "y": 536,
    "page_width": 1754,
    "page_height": 1241,
    "page_no": 10
  },
  {
    "question": "17",
    "text": "17ai",
    "x": 152,
    "y": 227,
    "page_width": 1754,
    "page_height": 1241,
    "page_no": 11
  },
  {
    "question": "17",
    "text": "17aii",
    "x": 152,
    "y": 227,
    "page_width": 1754,
    "page_height": 1241,
    "page_no": 12
  },
  {
    "question": "17",
    "text": "17aiii",
    "x": 152,
    "y": 194,
    "page_width": 1754,
    "page_height": 1241,
    "page_no": 13
  },
  {
    "question": "17",
    "text": "17b",
    "x": 152,
    "y": 198,
    "page_width": 1754,
    "page_height": 1241,
    "page_no": 14
  },
  {
    "question": "18",
    "text": "18a",
    "x": 151,
    "y": 198,
    "page_width": 1754,
    "page_height": 1241,
    "page_no": 15
  },
  {
    "question": "18",
    "text": "18a",
    "x": 151,
    "y": 169,
    "page_width": 1754,
    "page_height": 1241,
    "page_no": 16
  },
  {
    "question": "18",
    "text": "18bi",
    "x": 152,
    "y": 198,
    "page_width": 1754,
    "page_height": 1241,
    "page_no": 17
  },
  {
    "question": "18",
    "text": "18b",
    "x": 152,
    "y": 893,
    "page_width": 1754,
    "page_height": 1241,
    "page_no": 17
  },
  {
    "question": "18",
    "text": "18biii",
    "x": 152,
    "y": 169,
    "page_width": 1754,
    "page_height": 1241,
    "page_no": 18
  },
  {
    "question": "18",
    "text": "18biv",
    "x": 152,
    "y": 722,
    "page_width": 1754,
    "page_height": 1241,
    "page_no": 18
  },
  {
    "question": "18",
    "text": "18bv",
    "x": 152,
    "y": 198,
    "page_width": 1754,
    "page_height": 1241,
    "page_no": 19
  },
  {
    "question": "19",
    "text": "19a",
    "x": 152,
    "y": 169,
    "page_width": 1754,
    "page_height": 1241,
    "page_no": 20
  },
  {
    "question": "19",
    "text": "19b",
    "x": 152,
    "y": 174,
    "page_width": 1754,
    "page_height": 1241,
    "page_no": 21
  },
  {
    "question": "19",
    "text": "19c",
    "x": 152,
    "y": 169,
    "page_width": 1754,
    "page_height": 1241,
    "page_no": 22
  },
  {
    "question": "20",
    "text": "20a",
    "x": 151,
    "y": 169,
    "page_width": 1754,
    "page_height": 1241,
    "page_no": 23
  },
  {
    "question": "20",
    "text": "20aii",
    "x": 151,
    "y": 702,
    "page_width": 1754,
    "page_height": 1241,
    "page_no": 23
  },
  {
    "question": "20",
    "text": "20a",
    "x": 151,
    "y": 169,
    "page_width": 1754,
    "page_height": 1241,
    "page_no": 24
  },
  {
    "question": "20",
    "text": "20aiv",
    "x": 151,
    "y": 603,
    "page_width": 1754,
    "page_height": 1241,
    "page_no": 24
  },
  {
    "question": "20",
    "text": "20av",
    "x": 151,
    "y": 169,
    "page_width": 1754,
    "page_height": 1241,
    "page_no": 25
  },
  {
    "question": "20",
    "text": "20b@",
    "x": 151,
    "y": 772,
    "page_width": 1754,
    "page_height": 1241,
    "page_no": 25
  },
  {
    "question": "20",
    "text": "20b",
    "x": 151,
    "y": 165,
    "page_width": 1754,
    "page_height": 1241,
    "page_no": 26
  },
  {
    "question": "21",
    "text": "21a",
    "x": 151,
    "y": 284,
    "page_width": 1754,
    "page_height": 1241,
    "page_no": 27
  },
  {
    "question": "21",
    "text": "21aii",
    "x": 151,
    "y": 165,
    "page_width": 1754,
    "page_height": 1241,
    "page_no": 28
  },
  {
    "question": "21",
    "text": "21bi",
    "x": 151,
    "y": 198,
    "page_width": 1754,
    "page_height": 1241,
    "page_no": 29
  },
  {
    "question": "21",
    "text": "21bii",
    "x": 151,
    "y": 169,
    "page_width": 1754,
    "page_height": 1241,
    "page_no": 30
  },
  {
    "question": "21",
    "text": "21\u00a2",
    "x": 151,
    "y": 182,
    "page_width": 1754,
    "page_height": 1241,
    "page_no": 31
  },
  {
    "question": "21",
    "text": "21cii",
    "x": 151,
    "y": 182,
    "page_width": 1754,
    "page_height": 1241,
    "page_no": 32
  }
]