[
  {
    "question": "1",
    "text": "1.",
    "x": 90,
    "y": 130,
    "page_width": 1241,
    "page_height": 1754,
    "page_no": 2
  },
  {
    "question": "2",
    "text": "2.",
    "x": 89,
    "y": 130,
    "page_width": 1241,
    "page_height": 1754,
    "page_no": 4
  },
  {
    "question": "3",
    "text": "3.",
    "x": 89,
    "y": 130,
    "page_width": 1241,
    "page_height": 1754,
    "page_no": 6
  },
  {
    "question": "6",
    "text": "6.",
    "x": 89,
    "y": 137,
    "page_width": 1241,
    "page_height": 1754,
    "page_no": 14
  },
  {
    "question": "2",
    "text": "2",
    "x": 11,
    "y": 352,
    "page_width": 1241,
    "page_height": 1754,
    "page_no": 15
  },
  {
    "question": "0",
    "text": "0",
    "x": 11,
    "y": 1207,
    "page_width": 1241,
    "page_height": 1754,
    "page_no": 15
  },
  {
    "question": "28",
    "text": "28",
    "x": 11,
    "y": 1336,
    "page_width": 1241,
    "page_height": 1754,
    "page_no": 15
  },
  {
    "question": "32",
    "text": "328",
    "x": 11,
    "y": 1399,
    "page_width": 1241,
    "page_height": 1754,
    "page_no": 15
  },
  {
    "question": "32",
    "text": "328",
    "x": 11,
    "y": 201,
    "page_width": 1241,
    "page_height": 1754,
    "page_no": 17
  },
  {
    "question": "00",
    "text": "00",
    "x": 11,
    "y": 1140,
    "page_width": 1241,
    "page_height": 1754,
    "page_no": 17
  },
  {
    "question": "0",
    "text": "0",
    "x": 11,
    "y": 1207,
    "page_width": 1241,
    "page_height": 1754,
    "page_no": 17
  },
  {
    "question": "32",
    "text": "328",
    "x": 11,
    "y": 1336,
    "page_width": 1241,
    "page_height": 1754,
    "page_no": 17
  },
  {
    "question": "28",
    "text": "28",
    "x": 11,
    "y": 482,
    "page_width": 1241,
    "page_height": 1754,
    "page_no": 25
  },
  {
    "question": "28",
    "text": "28",
    "x": 11,
    "y": 546,
    "page_width": 1241,
    "page_height": 1754,
    "page_no": 25
  },
  {
    "question": "00",
    "text": "00",
    "x": 11,
    "y": 1140,
    "page_width": 1241,
    "page_height": 1754,
    "page_no": 25
  },
  {
    "question": "0",
    "text": "0",
    "x": 11,
    "y": 1207,
    "page_width": 1241,
    "page_height": 1754,
    "page_no": 25
  },
  {
    "question": "28",
    "text": "28",
    "x": 11,
    "y": 1334,
    "page_width": 1241,
    "page_height": 1754,
    "page_no": 25
  }
]