[
  {
    "question": 0,
    "x": 133,
    "y": 1561,
    "page_no": 13,
    "page_width": 1241,
    "page_height": 1754
  },
  {
    "question": "2",
    "text": "2a",
    "x": 157,
    "y": 203,
    "page_width": 1241,
    "page_height": 1754,
    "page_no": 7
  },
  {
    "question": "1",
    "text": "1a",
    "x": 158,
    "y": 230,
    "page_width": 1241,
    "page_height": 1754,
    "page_no": 6
  },
  {
    "question": "3",
    "text": "3a",
    "x": 142,
    "y": 203,
    "page_width": 1241,
    "page_height": 1754,
    "page_no": 8
  },
  {
    "question": "4",
    "text": "4ai",
    "x": 142,
    "y": 256,
    "page_width": 1241,
    "page_height": 1754,
    "page_no": 11
  },
  {
    "question": "4",
    "text": "4cGi",
    "x": 142,
    "y": 422,
    "page_width": 1241,
    "page_height": 1754,
    "page_no": 12
  }
]