[
  {
    "question": "1",
    "text": "1ai",
    "x": 165,
    "y": 246,
    "page_width": 1754,
    "page_height": 1241,
    "page_no": 5
  },
  {
    "question": "1",
    "text": "1aii",
    "x": 165,
    "y": 858,
    "page_width": 1754,
    "page_height": 1241,
    "page_no": 5
  },
  {
    "question": "1",
    "text": "1bi",
    "x": 165,
    "y": 136,
    "page_width": 1754,
    "page_height": 1241,
    "page_no": 6
  },
  {
    "question": "1",
    "text": "1b",
    "x": 165,
    "y": 525,
    "page_width": 1754,
    "page_height": 1241,
    "page_no": 6
  },
  {
    "question": "1",
    "text": "1ci",
    "x": 165,
    "y": 136,
    "page_width": 1754,
    "page_height": 1241,
    "page_no": 7
  },
  {
    "question": "1",
    "text": "1cii",
    "x": 165,
    "y": 581,
    "page_width": 1754,
    "page_height": 1241,
    "page_no": 7
  },
  {
    "question": "1",
    "text": "1d",
    "x": 165,
    "y": 164,
    "page_width": 1754,
    "page_height": 1241,
    "page_no": 8
  },
  {
    "question": "2",
    "text": "2ai",
    "x": 164,
    "y": 136,
    "page_width": 1754,
    "page_height": 1241,
    "page_no": 9
  },
  {
    "question": "2",
    "text": "2aii",
    "x": 164,
    "y": 164,
    "page_width": 1754,
    "page_height": 1241,
    "page_no": 10
  },
  {
    "question": "2",
    "text": "2bi",
    "x": 164,
    "y": 136,
    "page_width": 1754,
    "page_height": 1241,
    "page_no": 11
  },
  {
    "question": "2",
    "text": "2b",
    "x": 164,
    "y": 497,
    "page_width": 1754,
    "page_height": 1241,
    "page_no": 11
  },
  {
    "question": "2",
    "text": "2c",
    "x": 164,
    "y": 164,
    "page_width": 1754,
    "page_height": 1241,
    "page_no": 12
  },
  {
    "question": "2",
    "text": "2d",
    "x": 164,
    "y": 136,
    "page_width": 1754,
    "page_height": 1241,
    "page_no": 13
  },
  {
    "question": "3",
    "text": "3a",
    "x": 163,
    "y": 199,
    "page_width": 1754,
    "page_height": 1241,
    "page_no": 14
  },
  {
    "question": "3",
    "text": "3b",
    "x": 163,
    "y": 424,
    "page_width": 1754,
    "page_height": 1241,
    "page_no": 14
  },
  {
    "question": "3",
    "text": "3b",
    "x": 163,
    "y": 241,
    "page_width": 1754,
    "page_height": 1241,
    "page_no": 15
  },
  {
    "question": "4",
    "text": "4a",
    "x": 163,
    "y": 189,
    "page_width": 1754,
    "page_height": 1241,
    "page_no": 16
  },
  {
    "question": "4",
    "text": "4b",
    "x": 163,
    "y": 693,
    "page_width": 1754,
    "page_height": 1241,
    "page_no": 16
  },
  {
    "question": "4",
    "text": "4ci",
    "x": 163,
    "y": 248,
    "page_width": 1754,
    "page_height": 1241,
    "page_no": 17
  },
  {
    "question": "4",
    "text": "4c",
    "x": 163,
    "y": 163,
    "page_width": 1754,
    "page_height": 1241,
    "page_no": 18
  },
  {
    "question": "4",
    "text": "4di",
    "x": 163,
    "y": 470,
    "page_width": 1754,
    "page_height": 1241,
    "page_no": 18
  },
  {
    "question": "4",
    "text": "4dii",
    "x": 163,
    "y": 803,
    "page_width": 1754,
    "page_height": 1241,
    "page_no": 18
  },
  {
    "question": "4",
    "text": "4Fi",
    "x": 163,
    "y": 442,
    "page_width": 1754,
    "page_height": 1241,
    "page_no": 19
  },
  {
    "question": "4",
    "text": "4f",
    "x": 163,
    "y": 890,
    "page_width": 1754,
    "page_height": 1241,
    "page_no": 19
  }
]