[
  {
    "question": "1",
    "text": "1@",
    "x": 152,
    "y": 255,
    "page_width": 1755,
    "page_height": 1241,
    "page_no": 5
  },
  {
    "question": "1",
    "text": "1b",
    "x": 152,
    "y": 498,
    "page_width": 1755,
    "page_height": 1241,
    "page_no": 5
  },
  {
    "question": "1",
    "text": "1@",
    "x": 152,
    "y": 169,
    "page_width": 1755,
    "page_height": 1241,
    "page_no": 6
  },
  {
    "question": "5",
    "text": "5",
    "x": 151,
    "y": 440,
    "page_width": 1755,
    "page_height": 1241,
    "page_no": 7
  },
  {
    "question": "6",
    "text": "6a",
    "x": 151,
    "y": 685,
    "page_width": 1755,
    "page_height": 1241,
    "page_no": 7
  },
  {
    "question": "6",
    "text": "6b",
    "x": 151,
    "y": 169,
    "page_width": 1755,
    "page_height": 1241,
    "page_no": 8
  },
  {
    "question": "7",
    "text": "7b",
    "x": 151,
    "y": 685,
    "page_width": 1755,
    "page_height": 1241,
    "page_no": 8
  },
  {
    "question": "10",
    "text": "10",
    "x": 152,
    "y": 683,
    "page_width": 1755,
    "page_height": 1241,
    "page_no": 9
  },
  {
    "question": "11",
    "text": "11",
    "x": 152,
    "y": 169,
    "page_width": 1755,
    "page_height": 1241,
    "page_no": 10
  },
  {
    "question": "12",
    "text": "12",
    "x": 152,
    "y": 441,
    "page_width": 1755,
    "page_height": 1241,
    "page_no": 10
  },
  {
    "question": "13",
    "text": "13",
    "x": 152,
    "y": 686,
    "page_width": 1755,
    "page_height": 1241,
    "page_no": 10
  },
  {
    "question": "14",
    "text": "14",
    "x": 152,
    "y": 168,
    "page_width": 1755,
    "page_height": 1241,
    "page_no": 11
  },
  {
    "question": "15",
    "text": "15",
    "x": 152,
    "y": 607,
    "page_width": 1755,
    "page_height": 1241,
    "page_no": 11
  },
  {
    "question": "16",
    "text": "16ai",
    "x": 152,
    "y": 195,
    "page_width": 1755,
    "page_height": 1241,
    "page_no": 12
  },
  {
    "question": "16",
    "text": "16aii",
    "x": 152,
    "y": 489,
    "page_width": 1755,
    "page_height": 1241,
    "page_no": 12
  },
  {
    "question": "16",
    "text": "16bi",
    "x": 152,
    "y": 164,
    "page_width": 1755,
    "page_height": 1241,
    "page_no": 14
  },
  {
    "question": "16",
    "text": "16bii",
    "x": 152,
    "y": 164,
    "page_width": 1755,
    "page_height": 1241,
    "page_no": 15
  },
  {
    "question": "16",
    "text": "16c",
    "x": 152,
    "y": 169,
    "page_width": 1755,
    "page_height": 1241,
    "page_no": 16
  },
  {
    "question": "17",
    "text": "17ai",
    "x": 152,
    "y": 169,
    "page_width": 1755,
    "page_height": 1241,
    "page_no": 17
  },
  {
    "question": "17",
    "text": "17aii",
    "x": 152,
    "y": 168,
    "page_width": 1755,
    "page_height": 1241,
    "page_no": 18
  },
  {
    "question": "17",
    "text": "17aiii",
    "x": 152,
    "y": 198,
    "page_width": 1755,
    "page_height": 1241,
    "page_no": 20
  },
  {
    "question": "17",
    "text": "17b\\@",
    "x": 152,
    "y": 777,
    "page_width": 1755,
    "page_height": 1241,
    "page_no": 20
  },
  {
    "question": "17",
    "text": "17bii",
    "x": 152,
    "y": 183,
    "page_width": 1755,
    "page_height": 1241,
    "page_no": 21
  },
  {
    "question": "17",
    "text": "17b",
    "x": 152,
    "y": 165,
    "page_width": 1755,
    "page_height": 1241,
    "page_no": 22
  },
  {
    "question": "17",
    "text": "17biv",
    "x": 152,
    "y": 568,
    "page_width": 1755,
    "page_height": 1241,
    "page_no": 23
  },
  {
    "question": "18",
    "text": "18",
    "x": 151,
    "y": 169,
    "page_width": 1755,
    "page_height": 1241,
    "page_no": 24
  },
  {
    "question": "18",
    "text": "18",
    "x": 151,
    "y": 137,
    "page_width": 1755,
    "page_height": 1241,
    "page_no": 25
  },
  {
    "question": "19",
    "text": "19ai",
    "x": 152,
    "y": 174,
    "page_width": 1755,
    "page_height": 1241,
    "page_no": 26
  },
  {
    "question": "19",
    "text": "19aii",
    "x": 152,
    "y": 525,
    "page_width": 1755,
    "page_height": 1241,
    "page_no": 26
  },
  {
    "question": "19",
    "text": "19b",
    "x": 152,
    "y": 198,
    "page_width": 1755,
    "page_height": 1241,
    "page_no": 27
  },
  {
    "question": "2",
    "text": "2",
    "x": 150,
    "y": 631,
    "page_width": 1755,
    "page_height": 1241,
    "page_no": 6
  },
  {
    "question": "3",
    "text": "3",
    "x": 150,
    "y": 902,
    "page_width": 1755,
    "page_height": 1241,
    "page_no": 6
  },
  {
    "question": "4",
    "text": "4",
    "x": 150,
    "y": 168,
    "page_width": 1755,
    "page_height": 1241,
    "page_no": 7
  },
  {
    "question": "9",
    "text": "9",
    "x": 150,
    "y": 440,
    "page_width": 1755,
    "page_height": 1241,
    "page_no": 9
  },
  {
    "question": "20",
    "text": "20ai",
    "x": 150,
    "y": 251,
    "page_width": 1755,
    "page_height": 1241,
    "page_no": 28
  },
  {
    "question": "20",
    "text": "20aii",
    "x": 150,
    "y": 168,
    "page_width": 1755,
    "page_height": 1241,
    "page_no": 29
  },
  {
    "question": "20",
    "text": "20aiii",
    "x": 150,
    "y": 197,
    "page_width": 1755,
    "page_height": 1241,
    "page_no": 30
  },
  {
    "question": "20",
    "text": "20bi",
    "x": 150,
    "y": 164,
    "page_width": 1755,
    "page_height": 1241,
    "page_no": 31
  },
  {
    "question": "20",
    "text": "20bii",
    "x": 150,
    "y": 164,
    "page_width": 1755,
    "page_height": 1241,
    "page_no": 32
  },
  {
    "question": "20",
    "text": "20biii",
    "x": 150,
    "y": 164,
    "page_width": 1755,
    "page_height": 1241,
    "page_no": 33
  },
  {
    "question": "20",
    "text": "20c",
    "x": 150,
    "y": 197,
    "page_width": 1755,
    "page_height": 1241,
    "page_no": 34
  },
  {
    "question": "0",
    "text": "0.5",
    "x": 164,
    "y": 118,
    "page_width": 1755,
    "page_height": 1241,
    "page_no": 19
  },
  {
    "question": "04",
    "text": "04",
    "x": 164,
    "y": 284,
    "page_width": 1755,
    "page_height": 1241,
    "page_no": 19
  },
  {
    "question": "0",
    "text": "0.3",
    "x": 164,
    "y": 474,
    "page_width": 1755,
    "page_height": 1241,
    "page_no": 19
  },
  {
    "question": "0",
    "text": "0.2",
    "x": 164,
    "y": 664,
    "page_width": 1755,
    "page_height": 1241,
    "page_no": 19
  },
  {
    "question": "01",
    "text": "01",
    "x": 164,
    "y": 830,
    "page_width": 1755,
    "page_height": 1241,
    "page_no": 19
  }
]