[
  {
    "question": "1",
    "text": "1",
    "x": 164,
    "y": 222,
    "page_width": 1755,
    "page_height": 1241,
    "page_no": 4
  },
  {
    "question": "2",
    "text": "2",
    "x": 163,
    "y": 489,
    "page_width": 1755,
    "page_height": 1241,
    "page_no": 4
  },
  {
    "question": "3",
    "text": "3",
    "x": 163,
    "y": 756,
    "page_width": 1755,
    "page_height": 1241,
    "page_no": 4
  },
  {
    "question": "4",
    "text": "4",
    "x": 162,
    "y": 191,
    "page_width": 1755,
    "page_height": 1241,
    "page_no": 5
  },
  {
    "question": "5",
    "text": "5",
    "x": 163,
    "y": 462,
    "page_width": 1755,
    "page_height": 1241,
    "page_no": 5
  },
  {
    "question": "6",
    "text": "6a",
    "x": 163,
    "y": 797,
    "page_width": 1755,
    "page_height": 1241,
    "page_no": 5
  },
  {
    "question": "6",
    "text": "6b",
    "x": 163,
    "y": 190,
    "page_width": 1755,
    "page_height": 1241,
    "page_no": 6
  },
  {
    "question": "7",
    "text": "7",
    "x": 162,
    "y": 458,
    "page_width": 1755,
    "page_height": 1241,
    "page_no": 6
  },
  {
    "question": "8",
    "text": "8",
    "x": 163,
    "y": 711,
    "page_width": 1755,
    "page_height": 1241,
    "page_no": 6
  },
  {
    "question": "9",
    "text": "9",
    "x": 163,
    "y": 191,
    "page_width": 1755,
    "page_height": 1241,
    "page_no": 7
  },
  {
    "question": "10",
    "text": "10",
    "x": 164,
    "y": 472,
    "page_width": 1755,
    "page_height": 1241,
    "page_no": 7
  },
  {
    "question": "11",
    "text": "11",
    "x": 164,
    "y": 773,
    "page_width": 1755,
    "page_height": 1241,
    "page_no": 7
  },
  {
    "question": "12",
    "text": "12",
    "x": 164,
    "y": 205,
    "page_width": 1755,
    "page_height": 1241,
    "page_no": 8
  },
  {
    "question": "13",
    "text": "13",
    "x": 164,
    "y": 467,
    "page_width": 1755,
    "page_height": 1241,
    "page_no": 8
  },
  {
    "question": "14",
    "text": "14a",
    "x": 164,
    "y": 810,
    "page_width": 1755,
    "page_height": 1241,
    "page_no": 8
  },
  {
    "question": "14",
    "text": "14b",
    "x": 164,
    "y": 204,
    "page_width": 1755,
    "page_height": 1241,
    "page_no": 9
  },
  {
    "question": "15",
    "text": "15",
    "x": 164,
    "y": 486,
    "page_width": 1755,
    "page_height": 1241,
    "page_no": 9
  },
  {
    "question": "16",
    "text": "16",
    "x": 164,
    "y": 753,
    "page_width": 1755,
    "page_height": 1241,
    "page_no": 9
  },
  {
    "question": "17",
    "text": "17",
    "x": 164,
    "y": 191,
    "page_width": 1755,
    "page_height": 1241,
    "page_no": 10
  },
  {
    "question": "18",
    "text": "18",
    "x": 163,
    "y": 446,
    "page_width": 1755,
    "page_height": 1241,
    "page_no": 10
  },
  {
    "question": "19",
    "text": "19b",
    "x": 163,
    "y": 185,
    "page_width": 1755,
    "page_height": 1241,
    "page_no": 13
  },
  {
    "question": "19",
    "text": "19ci",
    "x": 163,
    "y": 192,
    "page_width": 1755,
    "page_height": 1241,
    "page_no": 14
  },
  {
    "question": "19",
    "text": "19cii",
    "x": 163,
    "y": 187,
    "page_width": 1755,
    "page_height": 1241,
    "page_no": 15
  },
  {
    "question": "20",
    "text": "20ai",
    "x": 163,
    "y": 188,
    "page_width": 1755,
    "page_height": 1241,
    "page_no": 16
  },
  {
    "question": "21",
    "text": "21a",
    "x": 163,
    "y": 191,
    "page_width": 1755,
    "page_height": 1241,
    "page_no": 21
  },
  {
    "question": "21",
    "text": "21b",
    "x": 163,
    "y": 192,
    "page_width": 1755,
    "page_height": 1241,
    "page_no": 22
  },
  {
    "question": "21",
    "text": "21d",
    "x": 163,
    "y": 190,
    "page_width": 1755,
    "page_height": 1241,
    "page_no": 25
  },
  {
    "question": "22",
    "text": "22ai",
    "x": 163,
    "y": 252,
    "page_width": 1755,
    "page_height": 1241,
    "page_no": 26
  },
  {
    "question": "22",
    "text": "22aii",
    "x": 163,
    "y": 186,
    "page_width": 1755,
    "page_height": 1241,
    "page_no": 27
  },
  {
    "question": "22",
    "text": "22ci",
    "x": 163,
    "y": 204,
    "page_width": 1755,
    "page_height": 1241,
    "page_no": 29
  },
  {
    "question": "22",
    "text": "22cii",
    "x": 163,
    "y": 185,
    "page_width": 1755,
    "page_height": 1241,
    "page_no": 30
  },
  {
    "question": "22",
    "text": "22di",
    "x": 163,
    "y": 199,
    "page_width": 1755,
    "page_height": 1241,
    "page_no": 31
  },
  {
    "question": "22",
    "text": "22e",
    "x": 163,
    "y": 216,
    "page_width": 1755,
    "page_height": 1241,
    "page_no": 33
  },
  {
    "question": "19",
    "text": "19a",
    "x": 165,
    "y": 254,
    "page_width": 1755,
    "page_height": 1241,
    "page_no": 11
  },
  {
    "question": "20",
    "text": "20aii",
    "x": 165,
    "y": 437,
    "page_width": 1755,
    "page_height": 1241,
    "page_no": 16
  },
  {
    "question": "20",
    "text": "20aiii",
    "x": 165,
    "y": 187,
    "page_width": 1755,
    "page_height": 1241,
    "page_no": 17
  },
  {
    "question": "20",
    "text": "20bi_",
    "x": 165,
    "y": 192,
    "page_width": 1755,
    "page_height": 1241,
    "page_no": 18
  },
  {
    "question": "20",
    "text": "20bii",
    "x": 165,
    "y": 190,
    "page_width": 1755,
    "page_height": 1241,
    "page_no": 19
  },
  {
    "question": "21",
    "text": "21c",
    "x": 165,
    "y": 190,
    "page_width": 1755,
    "page_height": 1241,
    "page_no": 23
  },
  {
    "question": "22",
    "text": "22b",
    "x": 165,
    "y": 190,
    "page_width": 1755,
    "page_height": 1241,
    "page_no": 28
  }
]