[
  {
    "question": "20",
    "text": "2019",
    "x": 147,
    "y": 1468,
    "page_width": 1241,
    "page_height": 1754,
    "page_no": 2
  },
  {
    "question": "8",
    "text": "8%",
    "x": 144,
    "y": 538,
    "page_width": 1241,
    "page_height": 1754,
    "page_no": 19
  },
  {
    "question": "8",
    "text": "8%",
    "x": 144,
    "y": 632,
    "page_width": 1241,
    "page_height": 1754,
    "page_no": 19
  },
  {
    "question": "25",
    "text": "25.42%",
    "x": 144,
    "y": 694,
    "page_width": 1241,
    "page_height": 1754,
    "page_no": 19
  },
  {
    "question": "1",
    "text": "1a\\i",
    "x": 132,
    "y": 218,
    "page_width": 1241,
    "page_height": 1754,
    "page_no": 4
  },
  {
    "question": "1",
    "text": "1",
    "x": 132,
    "y": 701,
    "page_width": 1241,
    "page_height": 1754,
    "page_no": 4
  },
  {
    "question": "1",
    "text": "1a\\iii",
    "x": 132,
    "y": 1172,
    "page_width": 1241,
    "page_height": 1754,
    "page_no": 4
  },
  {
    "question": "1",
    "text": "1",
    "x": 132,
    "y": 218,
    "page_width": 1241,
    "page_height": 1754,
    "page_no": 5
  },
  {
    "question": "1",
    "text": "1",
    "x": 132,
    "y": 507,
    "page_width": 1241,
    "page_height": 1754,
    "page_no": 5
  },
  {
    "question": "1",
    "text": "1c",
    "x": 132,
    "y": 872,
    "page_width": 1241,
    "page_height": 1754,
    "page_no": 5
  },
  {
    "question": "1",
    "text": "1",
    "x": 132,
    "y": 190,
    "page_width": 1241,
    "page_height": 1754,
    "page_no": 6
  },
  {
    "question": "1",
    "text": "1f",
    "x": 132,
    "y": 188,
    "page_width": 1241,
    "page_height": 1754,
    "page_no": 7
  },
  {
    "question": "1",
    "text": "1",
    "x": 132,
    "y": 196,
    "page_width": 1241,
    "page_height": 1754,
    "page_no": 8
  },
  {
    "question": "2",
    "text": "2",
    "x": 132,
    "y": 181,
    "page_width": 1241,
    "page_height": 1754,
    "page_no": 12
  },
  {
    "question": "2",
    "text": "2",
    "x": 132,
    "y": 660,
    "page_width": 1241,
    "page_height": 1754,
    "page_no": 12
  },
  {
    "question": "2",
    "text": "2",
    "x": 132,
    "y": 1165,
    "page_width": 1241,
    "page_height": 1754,
    "page_no": 12
  },
  {
    "question": "2",
    "text": "2",
    "x": 132,
    "y": 210,
    "page_width": 1241,
    "page_height": 1754,
    "page_no": 13
  },
  {
    "question": "2",
    "text": "2e",
    "x": 131,
    "y": 195,
    "page_width": 1241,
    "page_height": 1754,
    "page_no": 14
  },
  {
    "question": "3",
    "text": "3",
    "x": 131,
    "y": 247,
    "page_width": 1241,
    "page_height": 1754,
    "page_no": 19
  },
  {
    "question": "4",
    "text": "4a\\i",
    "x": 130,
    "y": 207,
    "page_width": 1241,
    "page_height": 1754,
    "page_no": 21
  },
  {
    "question": "5",
    "text": "5ai",
    "x": 131,
    "y": 190,
    "page_width": 1241,
    "page_height": 1754,
    "page_no": 26
  },
  {
    "question": "5",
    "text": "5aii",
    "x": 131,
    "y": 788,
    "page_width": 1241,
    "page_height": 1754,
    "page_no": 26
  },
  {
    "question": "5",
    "text": "5b",
    "x": 131,
    "y": 190,
    "page_width": 1241,
    "page_height": 1754,
    "page_no": 27
  },
  {
    "question": "5",
    "text": "5ci",
    "x": 131,
    "y": 792,
    "page_width": 1241,
    "page_height": 1754,
    "page_no": 27
  },
  {
    "question": "5",
    "text": "5cii",
    "x": 131,
    "y": 1257,
    "page_width": 1241,
    "page_height": 1754,
    "page_no": 27
  },
  {
    "question": "5",
    "text": "5d",
    "x": 131,
    "y": 305,
    "page_width": 1241,
    "page_height": 1754,
    "page_no": 28
  },
  {
    "question": "6",
    "text": "6",
    "x": 131,
    "y": 218,
    "page_width": 1241,
    "page_height": 1754,
    "page_no": 30
  },
  {
    "question": "6",
    "text": "6",
    "x": 131,
    "y": 655,
    "page_width": 1241,
    "page_height": 1754,
    "page_no": 30
  },
  {
    "question": "6",
    "text": "6",
    "x": 131,
    "y": 1135,
    "page_width": 1241,
    "page_height": 1754,
    "page_no": 30
  },
  {
    "question": "6",
    "text": "6",
    "x": 131,
    "y": 218,
    "page_width": 1241,
    "page_height": 1754,
    "page_no": 31
  },
  {
    "question": "6",
    "text": "6",
    "x": 131,
    "y": 820,
    "page_width": 1241,
    "page_height": 1754,
    "page_no": 31
  },
  {
    "question": "6",
    "text": "6",
    "x": 131,
    "y": 1359,
    "page_width": 1241,
    "page_height": 1754,
    "page_no": 31
  },
  {
    "question": "6",
    "text": "6",
    "x": 131,
    "y": 189,
    "page_width": 1241,
    "page_height": 1754,
    "page_no": 32
  },
  {
    "question": "6",
    "text": "6",
    "x": 131,
    "y": 695,
    "page_width": 1241,
    "page_height": 1754,
    "page_no": 32
  },
  {
    "question": "5",
    "text": "5,",
    "x": 174,
    "y": 161,
    "page_width": 1754,
    "page_height": 1241,
    "page_no": 16
  },
  {
    "question": "0",
    "text": "0",
    "x": 175,
    "y": 415,
    "page_width": 1754,
    "page_height": 1241,
    "page_no": 17
  },
  {
    "question": "1",
    "text": "1",
    "x": 176,
    "y": 449,
    "page_width": 1754,
    "page_height": 1241,
    "page_no": 17
  },
  {
    "question": "2",
    "text": "2",
    "x": 175,
    "y": 481,
    "page_width": 1754,
    "page_height": 1241,
    "page_no": 17
  },
  {
    "question": "3",
    "text": "3",
    "x": 175,
    "y": 514,
    "page_width": 1754,
    "page_height": 1241,
    "page_no": 17
  },
  {
    "question": "4",
    "text": "4",
    "x": 174,
    "y": 546,
    "page_width": 1754,
    "page_height": 1241,
    "page_no": 17
  },
  {
    "question": "5",
    "text": "5",
    "x": 175,
    "y": 580,
    "page_width": 1754,
    "page_height": 1241,
    "page_no": 17
  },
  {
    "question": "3",
    "text": "3",
    "x": 113,
    "y": 186,
    "page_width": 1241,
    "page_height": 1754,
    "page_no": 20
  },
  {
    "question": "4",
    "text": "4",
    "x": 112,
    "y": 215,
    "page_width": 1241,
    "page_height": 1754,
    "page_no": 24
  },
  {
    "question": "5",
    "text": "5e",
    "x": 113,
    "y": 195,
    "page_width": 1241,
    "page_height": 1754,
    "page_no": 29
  },
  {
    "question": "6",
    "text": "6",
    "x": 112,
    "y": 195,
    "page_width": 1241,
    "page_height": 1754,
    "page_no": 33
  }
]