[
  {
    "question": "1",
    "text": "1a",
    "x": 142,
    "y": 340,
    "page_width": 1650,
    "page_height": 1275,
    "page_no": 4
  },
  {
    "question": "2",
    "text": "2a",
    "x": 142,
    "y": 725,
    "page_width": 1650,
    "page_height": 1275,
    "page_no": 5
  },
  {
    "question": "2",
    "text": "2bi",
    "x": 142,
    "y": 317,
    "page_width": 1650,
    "page_height": 1275,
    "page_no": 6
  },
  {
    "question": "2",
    "text": "2bii",
    "x": 142,
    "y": 694,
    "page_width": 1650,
    "page_height": 1275,
    "page_no": 6
  },
  {
    "question": "3",
    "text": "3a",
    "x": 142,
    "y": 244,
    "page_width": 1650,
    "page_height": 1275,
    "page_no": 7
  },
  {
    "question": "3",
    "text": "3b",
    "x": 142,
    "y": 801,
    "page_width": 1650,
    "page_height": 1275,
    "page_no": 7
  },
  {
    "question": "3",
    "text": "3c",
    "x": 142,
    "y": 333,
    "page_width": 1650,
    "page_height": 1275,
    "page_no": 8
  },
  {
    "question": "4",
    "text": "4aii",
    "x": 142,
    "y": 266,
    "page_width": 1650,
    "page_height": 1275,
    "page_no": 9
  },
  {
    "question": "4",
    "text": "4aiv",
    "x": 141,
    "y": 219,
    "page_width": 1650,
    "page_height": 1275,
    "page_no": 10
  },
  {
    "question": "4",
    "text": "4bi",
    "x": 141,
    "y": 548,
    "page_width": 1650,
    "page_height": 1275,
    "page_no": 10
  },
  {
    "question": "4",
    "text": "4bii",
    "x": 142,
    "y": 744,
    "page_width": 1650,
    "page_height": 1275,
    "page_no": 10
  },
  {
    "question": "4",
    "text": "4biii",
    "x": 141,
    "y": 214,
    "page_width": 1650,
    "page_height": 1275,
    "page_no": 11
  },
  {
    "question": "5",
    "text": "5ai",
    "x": 142,
    "y": 269,
    "page_width": 1650,
    "page_height": 1275,
    "page_no": 12
  },
  {
    "question": "5",
    "text": "5aii",
    "x": 142,
    "y": 515,
    "page_width": 1650,
    "page_height": 1275,
    "page_no": 12
  },
  {
    "question": "5",
    "text": "5bi",
    "x": 142,
    "y": 943,
    "page_width": 1650,
    "page_height": 1275,
    "page_no": 12
  },
  {
    "question": "5",
    "text": "5bii",
    "x": 142,
    "y": 243,
    "page_width": 1650,
    "page_height": 1275,
    "page_no": 13
  },
  {
    "question": "5",
    "text": "5biii",
    "x": 142,
    "y": 272,
    "page_width": 1650,
    "page_height": 1275,
    "page_no": 14
  },
  {
    "question": "5",
    "text": "5biv",
    "x": 142,
    "y": 673,
    "page_width": 1650,
    "page_height": 1275,
    "page_no": 14
  },
  {
    "question": "5",
    "text": "5c",
    "x": 142,
    "y": 219,
    "page_width": 1650,
    "page_height": 1275,
    "page_no": 15
  },
  {
    "question": "6",
    "text": "6ai",
    "x": 142,
    "y": 755,
    "page_width": 1650,
    "page_height": 1275,
    "page_no": 15
  },
  {
    "question": "6",
    "text": "6aii",
    "x": 142,
    "y": 214,
    "page_width": 1650,
    "page_height": 1275,
    "page_no": 16
  },
  {
    "question": "6",
    "text": "6bi",
    "x": 142,
    "y": 214,
    "page_width": 1650,
    "page_height": 1275,
    "page_no": 17
  },
  {
    "question": "6",
    "text": "6b",
    "x": 138,
    "y": 247,
    "page_width": 1650,
    "page_height": 1275,
    "page_no": 18
  },
  {
    "question": "6",
    "text": "6b",
    "x": 142,
    "y": 692,
    "page_width": 1650,
    "page_height": 1275,
    "page_no": 18
  },
  {
    "question": "7",
    "text": "7a",
    "x": 142,
    "y": 296,
    "page_width": 1650,
    "page_height": 1275,
    "page_no": 19
  },
  {
    "question": "7",
    "text": "7b",
    "x": 142,
    "y": 245,
    "page_width": 1650,
    "page_height": 1275,
    "page_no": 20
  },
  {
    "question": "7",
    "text": "7ci",
    "x": 142,
    "y": 842,
    "page_width": 1650,
    "page_height": 1275,
    "page_no": 20
  },
  {
    "question": "7",
    "text": "7cii",
    "x": 142,
    "y": 246,
    "page_width": 1650,
    "page_height": 1275,
    "page_no": 21
  },
  {
    "question": "8",
    "text": "8a",
    "x": 142,
    "y": 246,
    "page_width": 1650,
    "page_height": 1275,
    "page_no": 24
  },
  {
    "question": "8",
    "text": "8b",
    "x": 142,
    "y": 293,
    "page_width": 1650,
    "page_height": 1275,
    "page_no": 25
  },
  {
    "question": "8",
    "text": "8ci",
    "x": 142,
    "y": 319,
    "page_width": 1650,
    "page_height": 1275,
    "page_no": 26
  },
  {
    "question": "7",
    "text": "7ciii",
    "x": 125,
    "y": 246,
    "page_width": 1650,
    "page_height": 1275,
    "page_no": 22
  },
  {
    "question": "0",
    "text": "0",
    "x": 127,
    "y": 182,
    "page_width": 1650,
    "page_height": 1275,
    "page_no": 23
  },
  {
    "question": "1",
    "text": "1",
    "x": 129,
    "y": 208,
    "page_width": 1650,
    "page_height": 1275,
    "page_no": 23
  },
  {
    "question": "2",
    "text": "2",
    "x": 127,
    "y": 359,
    "page_width": 1650,
    "page_height": 1275,
    "page_no": 23
  },
  {
    "question": "3",
    "text": "3",
    "x": 128,
    "y": 511,
    "page_width": 1650,
    "page_height": 1275,
    "page_no": 23
  },
  {
    "question": "8",
    "text": "8cii",
    "x": 125,
    "y": 219,
    "page_width": 1650,
    "page_height": 1275,
    "page_no": 27
  },
  {
    "question": "1",
    "text": "1",
    "x": 129,
    "y": 233,
    "page_width": 1650,
    "page_height": 1275,
    "page_no": 28
  },
  {
    "question": "2",
    "text": "2",
    "x": 127,
    "y": 435,
    "page_width": 1650,
    "page_height": 1275,
    "page_no": 28
  },
  {
    "question": "3",
    "text": "3",
    "x": 128,
    "y": 761,
    "page_width": 1650,
    "page_height": 1275,
    "page_no": 28
  },
  {
    "question": "0",
    "text": "0",
    "x": 166,
    "y": 182,
    "page_width": 1650,
    "page_height": 1275,
    "page_no": 23
  },
  {
    "question": "1",
    "text": "1-2",
    "x": 168,
    "y": 208,
    "page_width": 1650,
    "page_height": 1275,
    "page_no": 23
  },
  {
    "question": "3",
    "text": "3-4",
    "x": 167,
    "y": 359,
    "page_width": 1650,
    "page_height": 1275,
    "page_no": 23
  },
  {
    "question": "5",
    "text": "5-6",
    "x": 167,
    "y": 511,
    "page_width": 1650,
    "page_height": 1275,
    "page_no": 23
  },
  {
    "question": "0",
    "text": "0",
    "x": 166,
    "y": 207,
    "page_width": 1650,
    "page_height": 1275,
    "page_no": 28
  },
  {
    "question": "1",
    "text": "1-2",
    "x": 168,
    "y": 233,
    "page_width": 1650,
    "page_height": 1275,
    "page_no": 28
  },
  {
    "question": "3",
    "text": "3-4",
    "x": 167,
    "y": 435,
    "page_width": 1650,
    "page_height": 1275,
    "page_no": 28
  },
  {
    "question": "5",
    "text": "5-6",
    "x": 167,
    "y": 761,
    "page_width": 1650,
    "page_height": 1275,
    "page_no": 28
  }
]