[
  {
    "question": 0,
    "x": 87,
    "y": 1047,
    "page_no": 9,
    "page_width": 1241,
    "page_height": 1754
  },
  {
    "question": "1",
    "text": "1a",
    "x": 102,
    "y": 151,
    "page_width": 1241,
    "page_height": 1754,
    "page_no": 4
  },
  {
    "question": "2",
    "text": "2a@_\u2014_|",
    "x": 102,
    "y": 154,
    "page_width": 1241,
    "page_height": 1754,
    "page_no": 5
  },
  {
    "question": "3",
    "text": "3a",
    "x": 102,
    "y": 177,
    "page_width": 1241,
    "page_height": 1754,
    "page_no": 6
  },
  {
    "question": "4",
    "text": "4a",
    "x": 102,
    "y": 199,
    "page_width": 1241,
    "page_height": 1754,
    "page_no": 7
  },
  {
    "question": "5",
    "text": "5a",
    "x": 99,
    "y": 178,
    "page_width": 1241,
    "page_height": 1754,
    "page_no": 8
  },
  {
    "question": "5",
    "text": "5d",
    "x": 99,
    "y": 157,
    "page_width": 1241,
    "page_height": 1754,
    "page_no": 9
  }
]