[
  {
    "question": "1",
    "text": "1ai",
    "x": 163,
    "y": 185,
    "page_width": 1754,
    "page_height": 1241,
    "page_no": 5
  },
  {
    "question": "1",
    "text": "1aii",
    "x": 163,
    "y": 128,
    "page_width": 1754,
    "page_height": 1241,
    "page_no": 6
  },
  {
    "question": "2",
    "text": "2a",
    "x": 163,
    "y": 190,
    "page_width": 1754,
    "page_height": 1241,
    "page_no": 8
  },
  {
    "question": "2",
    "text": "2bi",
    "x": 163,
    "y": 185,
    "page_width": 1754,
    "page_height": 1241,
    "page_no": 9
  },
  {
    "question": "2",
    "text": "2bii",
    "x": 163,
    "y": 778,
    "page_width": 1754,
    "page_height": 1241,
    "page_no": 9
  },
  {
    "question": "2",
    "text": "2c",
    "x": 163,
    "y": 190,
    "page_width": 1754,
    "page_height": 1241,
    "page_no": 10
  },
  {
    "question": "2",
    "text": "2di",
    "x": 164,
    "y": 181,
    "page_width": 1754,
    "page_height": 1241,
    "page_no": 11
  },
  {
    "question": "2",
    "text": "2dii",
    "x": 164,
    "y": 417,
    "page_width": 1754,
    "page_height": 1241,
    "page_no": 11
  },
  {
    "question": "2",
    "text": "2diii",
    "x": 163,
    "y": 189,
    "page_width": 1754,
    "page_height": 1241,
    "page_no": 12
  },
  {
    "question": "2",
    "text": "2div",
    "x": 163,
    "y": 185,
    "page_width": 1754,
    "page_height": 1241,
    "page_no": 13
  },
  {
    "question": "3",
    "text": "3a",
    "x": 163,
    "y": 190,
    "page_width": 1754,
    "page_height": 1241,
    "page_no": 14
  },
  {
    "question": "3",
    "text": "3bi",
    "x": 163,
    "y": 497,
    "page_width": 1754,
    "page_height": 1241,
    "page_no": 14
  },
  {
    "question": "3",
    "text": "3bii",
    "x": 163,
    "y": 185,
    "page_width": 1754,
    "page_height": 1241,
    "page_no": 15
  },
  {
    "question": "3",
    "text": "3biii",
    "x": 163,
    "y": 526,
    "page_width": 1754,
    "page_height": 1241,
    "page_no": 15
  },
  {
    "question": "3",
    "text": "3biv",
    "x": 163,
    "y": 189,
    "page_width": 1754,
    "page_height": 1241,
    "page_no": 16
  },
  {
    "question": "3",
    "text": "3c",
    "x": 163,
    "y": 190,
    "page_width": 1754,
    "page_height": 1241,
    "page_no": 17
  },
  {
    "question": "3",
    "text": "3d",
    "x": 163,
    "y": 563,
    "page_width": 1754,
    "page_height": 1241,
    "page_no": 17
  },
  {
    "question": "4",
    "text": "4a",
    "x": 162,
    "y": 191,
    "page_width": 1754,
    "page_height": 1241,
    "page_no": 18
  },
  {
    "question": "4",
    "text": "4bi",
    "x": 162,
    "y": 925,
    "page_width": 1754,
    "page_height": 1241,
    "page_no": 18
  },
  {
    "question": "4",
    "text": "4bii",
    "x": 162,
    "y": 185,
    "page_width": 1754,
    "page_height": 1241,
    "page_no": 19
  },
  {
    "question": "4",
    "text": "4ci",
    "x": 162,
    "y": 190,
    "page_width": 1754,
    "page_height": 1241,
    "page_no": 20
  },
  {
    "question": "4",
    "text": "4cii",
    "x": 162,
    "y": 501,
    "page_width": 1754,
    "page_height": 1241,
    "page_no": 20
  },
  {
    "question": "4",
    "text": "4ciii",
    "x": 162,
    "y": 185,
    "page_width": 1754,
    "page_height": 1241,
    "page_no": 21
  },
  {
    "question": "4",
    "text": "4ei",
    "x": 162,
    "y": 185,
    "page_width": 1754,
    "page_height": 1241,
    "page_no": 22
  },
  {
    "question": "4",
    "text": "4eii",
    "x": 162,
    "y": 185,
    "page_width": 1754,
    "page_height": 1241,
    "page_no": 23
  }
]