[
  {
    "question": 0,
    "x": 155,
    "y": 981,
    "page_no": 15,
    "page_width": 1359,
    "page_height": 1873
  },
  {
    "question": "1",
    "text": "1",
    "x": 150,
    "y": 238,
    "page_width": 1359,
    "page_height": 1873,
    "page_no": 3
  },
  {
    "question": "2",
    "text": "2",
    "x": 148,
    "y": 189,
    "page_width": 1359,
    "page_height": 1873,
    "page_no": 5
  },
  {
    "question": "3",
    "text": "3",
    "x": 148,
    "y": 189,
    "page_width": 1359,
    "page_height": 1873,
    "page_no": 8
  },
  {
    "question": "4",
    "text": "4",
    "x": 148,
    "y": 189,
    "page_width": 1359,
    "page_height": 1873,
    "page_no": 12
  },
  {
    "question": "8",
    "text": "8",
    "x": 0,
    "y": 230,
    "page_width": 1359,
    "page_height": 1873,
    "page_no": 16
  },
  {
    "question": "2",
    "text": "2",
    "x": 88,
    "y": 725,
    "page_width": 1359,
    "page_height": 1873,
    "page_no": 20
  },
  {
    "question": "1",
    "text": "1",
    "x": 201,
    "y": 900,
    "page_width": 1359,
    "page_height": 1873,
    "page_no": 16
  },
  {
    "question": "2",
    "text": "2",
    "x": 200,
    "y": 188,
    "page_width": 1359,
    "page_height": 1873,
    "page_no": 18
  },
  {
    "question": "4",
    "text": "4",
    "x": 201,
    "y": 188,
    "page_width": 1359,
    "page_height": 1873,
    "page_no": 19
  },
  {
    "question": "5",
    "text": "5",
    "x": 201,
    "y": 188,
    "page_width": 1359,
    "page_height": 1873,
    "page_no": 21
  }
]