[
  {
    "question": "1",
    "text": "1,",
    "x": 91,
    "y": 250,
    "page_width": 1241,
    "page_height": 1754,
    "page_no": 6
  },
  {
    "question": "2",
    "text": "2.",
    "x": 90,
    "y": 402,
    "page_width": 1241,
    "page_height": 1754,
    "page_no": 6
  },
  {
    "question": "3",
    "text": "3.",
    "x": 90,
    "y": 496,
    "page_width": 1241,
    "page_height": 1754,
    "page_no": 6
  },
  {
    "question": "1",
    "text": "1.",
    "x": 91,
    "y": 667,
    "page_width": 1241,
    "page_height": 1754,
    "page_no": 6
  },
  {
    "question": "2",
    "text": "2.",
    "x": 90,
    "y": 764,
    "page_width": 1241,
    "page_height": 1754,
    "page_no": 6
  },
  {
    "question": "24",
    "text": "24a",
    "x": 152,
    "y": 135,
    "page_width": 1241,
    "page_height": 1754,
    "page_no": 8
  },
  {
    "question": "4",
    "text": "4a",
    "x": 152,
    "y": 197,
    "page_width": 1241,
    "page_height": 1754,
    "page_no": 10
  },
  {
    "question": "5",
    "text": "5",
    "x": 152,
    "y": 135,
    "page_width": 1241,
    "page_height": 1754,
    "page_no": 11
  },
  {
    "question": "5",
    "text": "5b",
    "x": 151,
    "y": 242,
    "page_width": 1241,
    "page_height": 1754,
    "page_no": 12
  },
  {
    "question": "6",
    "text": "6a",
    "x": 152,
    "y": 138,
    "page_width": 1241,
    "page_height": 1754,
    "page_no": 13
  },
  {
    "question": "7",
    "text": "7a",
    "x": 152,
    "y": 166,
    "page_width": 1241,
    "page_height": 1754,
    "page_no": 14
  },
  {
    "question": "9",
    "text": "9",
    "x": 152,
    "y": 131,
    "page_width": 1241,
    "page_height": 1754,
    "page_no": 17
  }
]