[
  {
    "question": "1",
    "text": "1ai",
    "x": 119,
    "y": 182,
    "page_width": 1755,
    "page_height": 1241,
    "page_no": 5
  },
  {
    "question": "1",
    "text": "1aii",
    "x": 119,
    "y": 588,
    "page_width": 1755,
    "page_height": 1241,
    "page_no": 5
  },
  {
    "question": "1",
    "text": "1bi",
    "x": 119,
    "y": 154,
    "page_width": 1755,
    "page_height": 1241,
    "page_no": 6
  },
  {
    "question": "1",
    "text": "1b",
    "x": 119,
    "y": 360,
    "page_width": 1755,
    "page_height": 1241,
    "page_no": 6
  },
  {
    "question": "2",
    "text": "2a",
    "x": 121,
    "y": 219,
    "page_width": 1755,
    "page_height": 1241,
    "page_no": 7
  },
  {
    "question": "2",
    "text": "2aii",
    "x": 118,
    "y": 687,
    "page_width": 1755,
    "page_height": 1241,
    "page_no": 7
  },
  {
    "question": "2",
    "text": "2b",
    "x": 118,
    "y": 213,
    "page_width": 1755,
    "page_height": 1241,
    "page_no": 8
  },
  {
    "question": "2",
    "text": "2bii",
    "x": 118,
    "y": 216,
    "page_width": 1755,
    "page_height": 1241,
    "page_no": 9
  },
  {
    "question": "2",
    "text": "2c",
    "x": 118,
    "y": 712,
    "page_width": 1755,
    "page_height": 1241,
    "page_no": 9
  },
  {
    "question": "3",
    "text": "3ad",
    "x": 117,
    "y": 266,
    "page_width": 1755,
    "page_height": 1241,
    "page_no": 10
  },
  {
    "question": "3",
    "text": "3aii",
    "x": 117,
    "y": 733,
    "page_width": 1755,
    "page_height": 1241,
    "page_no": 10
  },
  {
    "question": "3",
    "text": "3aiii",
    "x": 117,
    "y": 209,
    "page_width": 1755,
    "page_height": 1241,
    "page_no": 11
  },
  {
    "question": "3",
    "text": "3aiv",
    "x": 117,
    "y": 561,
    "page_width": 1755,
    "page_height": 1241,
    "page_no": 11
  },
  {
    "question": "3",
    "text": "3bi",
    "x": 117,
    "y": 213,
    "page_width": 1755,
    "page_height": 1241,
    "page_no": 12
  },
  {
    "question": "3",
    "text": "3b",
    "x": 117,
    "y": 492,
    "page_width": 1755,
    "page_height": 1241,
    "page_no": 12
  },
  {
    "question": "3",
    "text": "3OW",
    "x": 117,
    "y": 213,
    "page_width": 1755,
    "page_height": 1241,
    "page_no": 13
  },
  {
    "question": "3",
    "text": "3@Gi",
    "x": 117,
    "y": 446,
    "page_width": 1755,
    "page_height": 1241,
    "page_no": 13
  },
  {
    "question": "3",
    "text": "3ciii",
    "x": 117,
    "y": 644,
    "page_width": 1755,
    "page_height": 1241,
    "page_no": 13
  },
  {
    "question": "3",
    "text": "3civ",
    "x": 117,
    "y": 221,
    "page_width": 1755,
    "page_height": 1241,
    "page_no": 14
  },
  {
    "question": "3",
    "text": "3cv",
    "x": 117,
    "y": 716,
    "page_width": 1755,
    "page_height": 1241,
    "page_no": 14
  },
  {
    "question": "4",
    "text": "4ai",
    "x": 117,
    "y": 230,
    "page_width": 1755,
    "page_height": 1241,
    "page_no": 15
  },
  {
    "question": "4",
    "text": "4aii",
    "x": 117,
    "y": 737,
    "page_width": 1755,
    "page_height": 1241,
    "page_no": 15
  },
  {
    "question": "4",
    "text": "4aiii",
    "x": 117,
    "y": 226,
    "page_width": 1755,
    "page_height": 1241,
    "page_no": 16
  },
  {
    "question": "4",
    "text": "4b",
    "x": 117,
    "y": 607,
    "page_width": 1755,
    "page_height": 1241,
    "page_no": 16
  },
  {
    "question": "4",
    "text": "4bii",
    "x": 117,
    "y": 950,
    "page_width": 1755,
    "page_height": 1241,
    "page_no": 16
  },
  {
    "question": "4",
    "text": "4b",
    "x": 117,
    "y": 242,
    "page_width": 1755,
    "page_height": 1241,
    "page_no": 17
  },
  {
    "question": "4",
    "text": "4ci",
    "x": 117,
    "y": 802,
    "page_width": 1755,
    "page_height": 1241,
    "page_no": 17
  },
  {
    "question": "4",
    "text": "4cii",
    "x": 117,
    "y": 220,
    "page_width": 1755,
    "page_height": 1241,
    "page_no": 18
  }
]