[
  {
    "question": "1",
    "text": "1a",
    "x": 138,
    "y": 265,
    "page_width": 1650,
    "page_height": 1275,
    "page_no": 4
  },
  {
    "question": "1",
    "text": "1b",
    "x": 138,
    "y": 853,
    "page_width": 1650,
    "page_height": 1275,
    "page_no": 4
  },
  {
    "question": "2",
    "text": "2ai",
    "x": 137,
    "y": 299,
    "page_width": 1650,
    "page_height": 1275,
    "page_no": 6
  },
  {
    "question": "2",
    "text": "2aii",
    "x": 137,
    "y": 607,
    "page_width": 1650,
    "page_height": 1275,
    "page_no": 6
  },
  {
    "question": "2",
    "text": "2aiii",
    "x": 137,
    "y": 852,
    "page_width": 1650,
    "page_height": 1275,
    "page_no": 6
  },
  {
    "question": "6",
    "text": "6",
    "x": 137,
    "y": 291,
    "page_width": 1650,
    "page_height": 1275,
    "page_no": 16
  },
  {
    "question": "6",
    "text": "6bi",
    "x": 137,
    "y": 638,
    "page_width": 1650,
    "page_height": 1275,
    "page_no": 16
  },
  {
    "question": "6",
    "text": "6bii",
    "x": 137,
    "y": 877,
    "page_width": 1650,
    "page_height": 1275,
    "page_no": 16
  },
  {
    "question": "6",
    "text": "6cii",
    "x": 137,
    "y": 231,
    "page_width": 1650,
    "page_height": 1275,
    "page_no": 19
  },
  {
    "question": "7",
    "text": "7ai",
    "x": 137,
    "y": 867,
    "page_width": 1650,
    "page_height": 1275,
    "page_no": 19
  },
  {
    "question": "7",
    "text": "7apii",
    "x": 137,
    "y": 278,
    "page_width": 1650,
    "page_height": 1275,
    "page_no": 20
  },
  {
    "question": "7",
    "text": "7biv",
    "x": 137,
    "y": 339,
    "page_width": 1650,
    "page_height": 1275,
    "page_no": 22
  },
  {
    "question": "7",
    "text": "7bv",
    "x": 137,
    "y": 289,
    "page_width": 1650,
    "page_height": 1275,
    "page_no": 23
  },
  {
    "question": "1",
    "text": "1c",
    "x": 154,
    "y": 283,
    "page_width": 1650,
    "page_height": 1275,
    "page_no": 5
  },
  {
    "question": "2",
    "text": "2b",
    "x": 153,
    "y": 249,
    "page_width": 1650,
    "page_height": 1275,
    "page_no": 7
  },
  {
    "question": "2",
    "text": "2c",
    "x": 153,
    "y": 256,
    "page_width": 1650,
    "page_height": 1275,
    "page_no": 8
  },
  {
    "question": "3",
    "text": "3a",
    "x": 154,
    "y": 687,
    "page_width": 1650,
    "page_height": 1275,
    "page_no": 8
  },
  {
    "question": "3",
    "text": "3bi",
    "x": 154,
    "y": 276,
    "page_width": 1650,
    "page_height": 1275,
    "page_no": 9
  },
  {
    "question": "3",
    "text": "3bii",
    "x": 154,
    "y": 881,
    "page_width": 1650,
    "page_height": 1275,
    "page_no": 9
  },
  {
    "question": "3",
    "text": "3biii",
    "x": 154,
    "y": 292,
    "page_width": 1650,
    "page_height": 1275,
    "page_no": 10
  },
  {
    "question": "4",
    "text": "4a",
    "x": 152,
    "y": 753,
    "page_width": 1650,
    "page_height": 1275,
    "page_no": 10
  },
  {
    "question": "4",
    "text": "4b",
    "x": 152,
    "y": 283,
    "page_width": 1650,
    "page_height": 1275,
    "page_no": 11
  },
  {
    "question": "4",
    "text": "4c",
    "x": 152,
    "y": 256,
    "page_width": 1650,
    "page_height": 1275,
    "page_no": 12
  },
  {
    "question": "5",
    "text": "5ai",
    "x": 153,
    "y": 614,
    "page_width": 1650,
    "page_height": 1275,
    "page_no": 12
  },
  {
    "question": "5",
    "text": "5aii",
    "x": 154,
    "y": 297,
    "page_width": 1650,
    "page_height": 1275,
    "page_no": 13
  },
  {
    "question": "6",
    "text": "6b",
    "x": 153,
    "y": 270,
    "page_width": 1650,
    "page_height": 1275,
    "page_no": 17
  },
  {
    "question": "6",
    "text": "6ci",
    "x": 153,
    "y": 310,
    "page_width": 1650,
    "page_height": 1275,
    "page_no": 18
  },
  {
    "question": "7",
    "text": "7bi",
    "x": 153,
    "y": 650,
    "page_width": 1650,
    "page_height": 1275,
    "page_no": 20
  },
  {
    "question": "7",
    "text": "7bii",
    "x": 153,
    "y": 256,
    "page_width": 1650,
    "page_height": 1275,
    "page_no": 21
  },
  {
    "question": "7",
    "text": "7biii",
    "x": 153,
    "y": 527,
    "page_width": 1650,
    "page_height": 1275,
    "page_no": 21
  },
  {
    "question": "8",
    "text": "8ai",
    "x": 153,
    "y": 306,
    "page_width": 1650,
    "page_height": 1275,
    "page_no": 24
  },
  {
    "question": "8",
    "text": "8aii",
    "x": 153,
    "y": 279,
    "page_width": 1650,
    "page_height": 1275,
    "page_no": 25
  },
  {
    "question": "8",
    "text": "8c",
    "x": 153,
    "y": 256,
    "page_width": 1650,
    "page_height": 1275,
    "page_no": 27
  },
  {
    "question": "9",
    "text": "9a",
    "x": 153,
    "y": 283,
    "page_width": 1650,
    "page_height": 1275,
    "page_no": 28
  },
  {
    "question": "9",
    "text": "9b",
    "x": 153,
    "y": 586,
    "page_width": 1650,
    "page_height": 1275,
    "page_no": 28
  },
  {
    "question": "9",
    "text": "9ci",
    "x": 153,
    "y": 252,
    "page_width": 1650,
    "page_height": 1275,
    "page_no": 29
  },
  {
    "question": "9",
    "text": "9cii",
    "x": 153,
    "y": 256,
    "page_width": 1650,
    "page_height": 1275,
    "page_no": 30
  },
  {
    "question": "9",
    "text": "9ciii",
    "x": 153,
    "y": 279,
    "page_width": 1650,
    "page_height": 1275,
    "page_no": 31
  },
  {
    "question": "9",
    "text": "9civ",
    "x": 153,
    "y": 283,
    "page_width": 1650,
    "page_height": 1275,
    "page_no": 32
  },
  {
    "question": "0",
    "text": "0",
    "x": 158,
    "y": 266,
    "page_width": 1650,
    "page_height": 1275,
    "page_no": 15
  },
  {
    "question": "1",
    "text": "1",
    "x": 160,
    "y": 294,
    "page_width": 1650,
    "page_height": 1275,
    "page_no": 15
  },
  {
    "question": "2",
    "text": "2",
    "x": 159,
    "y": 486,
    "page_width": 1650,
    "page_height": 1275,
    "page_no": 15
  },
  {
    "question": "3",
    "text": "3",
    "x": 159,
    "y": 651,
    "page_width": 1650,
    "page_height": 1275,
    "page_no": 15
  }
]