[
  {
    "question": "1",
    "text": "1",
    "x": 150,
    "y": 373,
    "page_width": 1359,
    "page_height": 1873,
    "page_no": 2
  },
  {
    "question": "2",
    "text": "2.",
    "x": 148,
    "y": 689,
    "page_width": 1359,
    "page_height": 1873,
    "page_no": 2
  },
  {
    "question": "3",
    "text": "3",
    "x": 150,
    "y": 190,
    "page_width": 1359,
    "page_height": 1873,
    "page_no": 3
  },
  {
    "question": "4",
    "text": "4",
    "x": 147,
    "y": 191,
    "page_width": 1359,
    "page_height": 1873,
    "page_no": 4
  },
  {
    "question": "5",
    "text": "5",
    "x": 149,
    "y": 191,
    "page_width": 1359,
    "page_height": 1873,
    "page_no": 5
  },
  {
    "question": "6",
    "text": "6",
    "x": 148,
    "y": 190,
    "page_width": 1359,
    "page_height": 1873,
    "page_no": 6
  },
  {
    "question": "7",
    "text": "7",
    "x": 149,
    "y": 300,
    "page_width": 1359,
    "page_height": 1873,
    "page_no": 7
  },
  {
    "question": "8",
    "text": "8",
    "x": 148,
    "y": 190,
    "page_width": 1359,
    "page_height": 1873,
    "page_no": 8
  },
  {
    "question": "9",
    "text": "9",
    "x": 148,
    "y": 190,
    "page_width": 1359,
    "page_height": 1873,
    "page_no": 9
  },
  {
    "question": "10",
    "text": "10",
    "x": 150,
    "y": 190,
    "page_width": 1359,
    "page_height": 1873,
    "page_no": 10
  },
  {
    "question": "11",
    "text": "11",
    "x": 150,
    "y": 191,
    "page_width": 1359,
    "page_height": 1873,
    "page_no": 11
  },
  {
    "question": "12",
    "text": "12",
    "x": 150,
    "y": 378,
    "page_width": 1359,
    "page_height": 1873,
    "page_no": 12
  },
  {
    "question": "12",
    "text": "12",
    "x": 150,
    "y": 190,
    "page_width": 1359,
    "page_height": 1873,
    "page_no": 13
  },
  {
    "question": "13",
    "text": "13",
    "x": 150,
    "y": 390,
    "page_width": 1359,
    "page_height": 1873,
    "page_no": 22
  },
  {
    "question": "14",
    "text": "14",
    "x": 150,
    "y": 645,
    "page_width": 1359,
    "page_height": 1873,
    "page_no": 22
  },
  {
    "question": "30",
    "text": "30",
    "x": 150,
    "y": 430,
    "page_width": 1359,
    "page_height": 1873,
    "page_no": 31
  },
  {
    "question": "20",
    "text": "2017",
    "x": 150,
    "y": 1014,
    "page_width": 1359,
    "page_height": 1873,
    "page_no": 31
  },
  {
    "question": "95",
    "text": "95%",
    "x": 150,
    "y": 1043,
    "page_width": 1359,
    "page_height": 1873,
    "page_no": 31
  }
]