[
  {
    "question": "1",
    "text": "1a",
    "x": 87,
    "y": 226,
    "page_width": 1241,
    "page_height": 1754,
    "page_no": 4
  },
  {
    "question": "1",
    "text": "1b",
    "x": 87,
    "y": 675,
    "page_width": 1241,
    "page_height": 1754,
    "page_no": 4
  },
  {
    "question": "1",
    "text": "1c",
    "x": 87,
    "y": 1134,
    "page_width": 1241,
    "page_height": 1754,
    "page_no": 4
  },
  {
    "question": "2",
    "text": "2",
    "x": 86,
    "y": 253,
    "page_width": 1241,
    "page_height": 1754,
    "page_no": 6
  },
  {
    "question": "3",
    "text": "3",
    "x": 87,
    "y": 226,
    "page_width": 1241,
    "page_height": 1754,
    "page_no": 7
  },
  {
    "question": "3",
    "text": "3",
    "x": 87,
    "y": 169,
    "page_width": 1241,
    "page_height": 1754,
    "page_no": 8
  },
  {
    "question": "4",
    "text": "4a",
    "x": 86,
    "y": 226,
    "page_width": 1241,
    "page_height": 1754,
    "page_no": 9
  },
  {
    "question": "4",
    "text": "4",
    "x": 86,
    "y": 809,
    "page_width": 1241,
    "page_height": 1754,
    "page_no": 9
  },
  {
    "question": "5",
    "text": "5a",
    "x": 86,
    "y": 226,
    "page_width": 1241,
    "page_height": 1754,
    "page_no": 10
  },
  {
    "question": "5",
    "text": "5b",
    "x": 86,
    "y": 859,
    "page_width": 1241,
    "page_height": 1754,
    "page_no": 10
  },
  {
    "question": "7",
    "text": "7a",
    "x": 86,
    "y": 226,
    "page_width": 1241,
    "page_height": 1754,
    "page_no": 15
  },
  {
    "question": "7",
    "text": "7b",
    "x": 86,
    "y": 720,
    "page_width": 1241,
    "page_height": 1754,
    "page_no": 15
  },
  {
    "question": "7",
    "text": "7c",
    "x": 86,
    "y": 226,
    "page_width": 1241,
    "page_height": 1754,
    "page_no": 16
  },
  {
    "question": "8",
    "text": "8",
    "x": 86,
    "y": 986,
    "page_width": 1241,
    "page_height": 1754,
    "page_no": 16
  },
  {
    "question": "9",
    "text": "9a",
    "x": 86,
    "y": 226,
    "page_width": 1241,
    "page_height": 1754,
    "page_no": 17
  },
  {
    "question": "9",
    "text": "9b",
    "x": 86,
    "y": 1111,
    "page_width": 1241,
    "page_height": 1754,
    "page_no": 17
  },
  {
    "question": "1",
    "text": "1",
    "x": 129,
    "y": 320,
    "page_width": 1241,
    "page_height": 1754,
    "page_no": 19
  },
  {
    "question": "2",
    "text": "2",
    "x": 127,
    "y": 423,
    "page_width": 1241,
    "page_height": 1754,
    "page_no": 19
  },
  {
    "question": "3",
    "text": "3",
    "x": 127,
    "y": 554,
    "page_width": 1241,
    "page_height": 1754,
    "page_no": 19
  },
  {
    "question": "4",
    "text": "4",
    "x": 127,
    "y": 741,
    "page_width": 1241,
    "page_height": 1754,
    "page_no": 19
  }
]