[
  {
    "question": "1",
    "text": "1",
    "x": 149,
    "y": 199,
    "page_width": 1755,
    "page_height": 1241,
    "page_no": 5
  },
  {
    "question": "2",
    "text": "2",
    "x": 147,
    "y": 495,
    "page_width": 1755,
    "page_height": 1241,
    "page_no": 5
  },
  {
    "question": "3",
    "text": "3",
    "x": 147,
    "y": 791,
    "page_width": 1755,
    "page_height": 1241,
    "page_no": 5
  },
  {
    "question": "7",
    "text": "7",
    "x": 147,
    "y": 199,
    "page_width": 1755,
    "page_height": 1241,
    "page_no": 6
  },
  {
    "question": "5",
    "text": "5a",
    "x": 147,
    "y": 466,
    "page_width": 1755,
    "page_height": 1241,
    "page_no": 6
  },
  {
    "question": "5",
    "text": "5b",
    "x": 147,
    "y": 734,
    "page_width": 1755,
    "page_height": 1241,
    "page_no": 6
  },
  {
    "question": "6",
    "text": "6",
    "x": 147,
    "y": 199,
    "page_width": 1755,
    "page_height": 1241,
    "page_no": 7
  },
  {
    "question": "7",
    "text": "7",
    "x": 147,
    "y": 495,
    "page_width": 1755,
    "page_height": 1241,
    "page_no": 7
  },
  {
    "question": "8",
    "text": "8",
    "x": 147,
    "y": 791,
    "page_width": 1755,
    "page_height": 1241,
    "page_no": 7
  },
  {
    "question": "9",
    "text": "9a",
    "x": 147,
    "y": 199,
    "page_width": 1755,
    "page_height": 1241,
    "page_no": 8
  },
  {
    "question": "9",
    "text": "9",
    "x": 147,
    "y": 495,
    "page_width": 1755,
    "page_height": 1241,
    "page_no": 8
  },
  {
    "question": "90",
    "text": "90",
    "x": 147,
    "y": 787,
    "page_width": 1755,
    "page_height": 1241,
    "page_no": 8
  },
  {
    "question": "10",
    "text": "10a",
    "x": 149,
    "y": 199,
    "page_width": 1755,
    "page_height": 1241,
    "page_no": 9
  },
  {
    "question": "10",
    "text": "10b",
    "x": 149,
    "y": 495,
    "page_width": 1755,
    "page_height": 1241,
    "page_no": 9
  },
  {
    "question": "11",
    "text": "11",
    "x": 149,
    "y": 791,
    "page_width": 1755,
    "page_height": 1241,
    "page_no": 9
  },
  {
    "question": "12",
    "text": "12",
    "x": 149,
    "y": 199,
    "page_width": 1755,
    "page_height": 1241,
    "page_no": 10
  },
  {
    "question": "13",
    "text": "13",
    "x": 149,
    "y": 495,
    "page_width": 1755,
    "page_height": 1241,
    "page_no": 10
  },
  {
    "question": "14",
    "text": "14a",
    "x": 149,
    "y": 820,
    "page_width": 1755,
    "page_height": 1241,
    "page_no": 10
  },
  {
    "question": "14",
    "text": "14b",
    "x": 149,
    "y": 199,
    "page_width": 1755,
    "page_height": 1241,
    "page_no": 11
  },
  {
    "question": "14",
    "text": "14",
    "x": 149,
    "y": 495,
    "page_width": 1755,
    "page_height": 1241,
    "page_no": 11
  },
  {
    "question": "15",
    "text": "15a",
    "x": 148,
    "y": 198,
    "page_width": 1755,
    "page_height": 1241,
    "page_no": 12
  },
  {
    "question": "15",
    "text": "15bi",
    "x": 148,
    "y": 198,
    "page_width": 1755,
    "page_height": 1241,
    "page_no": 13
  },
  {
    "question": "15",
    "text": "15bii",
    "x": 149,
    "y": 194,
    "page_width": 1755,
    "page_height": 1241,
    "page_no": 14
  },
  {
    "question": "15",
    "text": "15biii",
    "x": 149,
    "y": 194,
    "page_width": 1755,
    "page_height": 1241,
    "page_no": 15
  },
  {
    "question": "16",
    "text": "16a",
    "x": 149,
    "y": 198,
    "page_width": 1755,
    "page_height": 1241,
    "page_no": 16
  },
  {
    "question": "16",
    "text": "16b",
    "x": 149,
    "y": 198,
    "page_width": 1755,
    "page_height": 1241,
    "page_no": 17
  },
  {
    "question": "16",
    "text": "16c",
    "x": 149,
    "y": 806,
    "page_width": 1755,
    "page_height": 1241,
    "page_no": 17
  },
  {
    "question": "16",
    "text": "16d",
    "x": 149,
    "y": 198,
    "page_width": 1755,
    "page_height": 1241,
    "page_no": 18
  },
  {
    "question": "16",
    "text": "16e",
    "x": 149,
    "y": 198,
    "page_width": 1755,
    "page_height": 1241,
    "page_no": 19
  },
  {
    "question": "17",
    "text": "17a",
    "x": 149,
    "y": 198,
    "page_width": 1755,
    "page_height": 1241,
    "page_no": 20
  },
  {
    "question": "17",
    "text": "17b",
    "x": 148,
    "y": 198,
    "page_width": 1755,
    "page_height": 1241,
    "page_no": 21
  },
  {
    "question": "17",
    "text": "17\u00a2i",
    "x": 148,
    "y": 820,
    "page_width": 1755,
    "page_height": 1241,
    "page_no": 21
  },
  {
    "question": "17",
    "text": "17cii",
    "x": 149,
    "y": 198,
    "page_width": 1755,
    "page_height": 1241,
    "page_no": 22
  },
  {
    "question": "17",
    "text": "17d",
    "x": 149,
    "y": 198,
    "page_width": 1755,
    "page_height": 1241,
    "page_no": 23
  },
  {
    "question": "18",
    "text": "18ai",
    "x": 149,
    "y": 198,
    "page_width": 1755,
    "page_height": 1241,
    "page_no": 27
  },
  {
    "question": "18",
    "text": "18aii",
    "x": 149,
    "y": 482,
    "page_width": 1755,
    "page_height": 1241,
    "page_no": 27
  },
  {
    "question": "18",
    "text": "18aiii",
    "x": 149,
    "y": 194,
    "page_width": 1755,
    "page_height": 1241,
    "page_no": 28
  },
  {
    "question": "18",
    "text": "18aiv",
    "x": 149,
    "y": 198,
    "page_width": 1755,
    "page_height": 1241,
    "page_no": 29
  },
  {
    "question": "18",
    "text": "18bi",
    "x": 149,
    "y": 198,
    "page_width": 1755,
    "page_height": 1241,
    "page_no": 30
  },
  {
    "question": "18",
    "text": "18bii",
    "x": 149,
    "y": 210,
    "page_width": 1755,
    "page_height": 1241,
    "page_no": 31
  },
  {
    "question": "18",
    "text": "18biii",
    "x": 149,
    "y": 527,
    "page_width": 1755,
    "page_height": 1241,
    "page_no": 31
  },
  {
    "question": "18",
    "text": "18c",
    "x": 149,
    "y": 198,
    "page_width": 1755,
    "page_height": 1241,
    "page_no": 32
  },
  {
    "question": "18",
    "text": "18d",
    "x": 149,
    "y": 198,
    "page_width": 1755,
    "page_height": 1241,
    "page_no": 33
  }
]