[
  {
    "question": "1",
    "text": "1.",
    "x": 153,
    "y": 270,
    "page_width": 1241,
    "page_height": 1754,
    "page_no": 6
  },
  {
    "question": "2",
    "text": "2.",
    "x": 151,
    "y": 411,
    "page_width": 1241,
    "page_height": 1754,
    "page_no": 6
  },
  {
    "question": "3",
    "text": "3.",
    "x": 151,
    "y": 495,
    "page_width": 1241,
    "page_height": 1754,
    "page_no": 6
  },
  {
    "question": "1",
    "text": "1.",
    "x": 153,
    "y": 621,
    "page_width": 1241,
    "page_height": 1754,
    "page_no": 6
  },
  {
    "question": "2",
    "text": "2.",
    "x": 151,
    "y": 714,
    "page_width": 1241,
    "page_height": 1754,
    "page_no": 6
  },
  {
    "question": "1",
    "text": "1.",
    "x": 151,
    "y": 212,
    "page_width": 1241,
    "page_height": 1754,
    "page_no": 7
  },
  {
    "question": "2",
    "text": "2.",
    "x": 135,
    "y": 190,
    "page_width": 1241,
    "page_height": 1754,
    "page_no": 8
  },
  {
    "question": "3",
    "text": "3",
    "x": 135,
    "y": 221,
    "page_width": 1241,
    "page_height": 1754,
    "page_no": 9
  },
  {
    "question": "4",
    "text": "4.a",
    "x": 135,
    "y": 239,
    "page_width": 1241,
    "page_height": 1754,
    "page_no": 11
  },
  {
    "question": "5",
    "text": "5.@",
    "x": 135,
    "y": 181,
    "page_width": 1241,
    "page_height": 1754,
    "page_no": 13
  },
  {
    "question": "6",
    "text": "6.",
    "x": 132,
    "y": 174,
    "page_width": 1241,
    "page_height": 1754,
    "page_no": 14
  },
  {
    "question": "8",
    "text": "8.",
    "x": 132,
    "y": 190,
    "page_width": 1241,
    "page_height": 1754,
    "page_no": 17
  },
  {
    "question": "9",
    "text": "9",
    "x": 135,
    "y": 259,
    "page_width": 1241,
    "page_height": 1754,
    "page_no": 18
  },
  {
    "question": "13",
    "text": "13x",
    "x": 131,
    "y": 200,
    "page_width": 1241,
    "page_height": 1754,
    "page_no": 19
  },
  {
    "question": "3",
    "text": "3c0s\u00b06",
    "x": 137,
    "y": 550,
    "page_width": 1241,
    "page_height": 1754,
    "page_no": 10
  },
  {
    "question": "4",
    "text": "4sin?@",
    "x": 137,
    "y": 1088,
    "page_width": 1241,
    "page_height": 1754,
    "page_no": 10
  },
  {
    "question": "1",
    "text": "1",
    "x": 142,
    "y": 900,
    "page_width": 1241,
    "page_height": 1754,
    "page_no": 11
  },
  {
    "question": "4",
    "text": "4x",
    "x": 141,
    "y": 1298,
    "page_width": 1241,
    "page_height": 1754,
    "page_no": 12
  }
]