[
  {
    "question": "1",
    "text": "1",
    "x": 133,
    "y": 202,
    "page_width": 1241,
    "page_height": 1755,
    "page_no": 4
  },
  {
    "question": "2",
    "text": "2",
    "x": 132,
    "y": 456,
    "page_width": 1241,
    "page_height": 1755,
    "page_no": 4
  },
  {
    "question": "3",
    "text": "3",
    "x": 132,
    "y": 736,
    "page_width": 1241,
    "page_height": 1755,
    "page_no": 4
  },
  {
    "question": "4",
    "text": "4",
    "x": 131,
    "y": 968,
    "page_width": 1241,
    "page_height": 1755,
    "page_no": 4
  },
  {
    "question": "5",
    "text": "5",
    "x": 132,
    "y": 1171,
    "page_width": 1241,
    "page_height": 1755,
    "page_no": 4
  },
  {
    "question": "9",
    "text": "9",
    "x": 133,
    "y": 238,
    "page_width": 1241,
    "page_height": 1755,
    "page_no": 8
  },
  {
    "question": "10",
    "text": "10",
    "x": 134,
    "y": 238,
    "page_width": 1241,
    "page_height": 1755,
    "page_no": 9
  },
  {
    "question": "11",
    "text": "11",
    "x": 134,
    "y": 289,
    "page_width": 1241,
    "page_height": 1755,
    "page_no": 10
  },
  {
    "question": "12",
    "text": "12",
    "x": 134,
    "y": 253,
    "page_width": 1241,
    "page_height": 1755,
    "page_no": 11
  },
  {
    "question": "12",
    "text": "12",
    "x": 134,
    "y": 243,
    "page_width": 1241,
    "page_height": 1755,
    "page_no": 12
  },
  {
    "question": "12",
    "text": "12",
    "x": 134,
    "y": 307,
    "page_width": 1241,
    "page_height": 1755,
    "page_no": 13
  },
  {
    "question": "12",
    "text": "12d",
    "x": 134,
    "y": 240,
    "page_width": 1241,
    "page_height": 1755,
    "page_no": 14
  }
]