[
  {
    "question": "1",
    "text": "1,",
    "x": 91,
    "y": 537,
    "page_width": 1241,
    "page_height": 1754,
    "page_no": 6
  },
  {
    "question": "2",
    "text": "2.",
    "x": 90,
    "y": 690,
    "page_width": 1241,
    "page_height": 1754,
    "page_no": 6
  },
  {
    "question": "3",
    "text": "3.",
    "x": 90,
    "y": 784,
    "page_width": 1241,
    "page_height": 1754,
    "page_no": 6
  },
  {
    "question": "1",
    "text": "1.",
    "x": 91,
    "y": 956,
    "page_width": 1241,
    "page_height": 1754,
    "page_no": 6
  },
  {
    "question": "2",
    "text": "2.",
    "x": 90,
    "y": 1054,
    "page_width": 1241,
    "page_height": 1754,
    "page_no": 6
  },
  {
    "question": "1",
    "text": "1,",
    "x": 90,
    "y": 1214,
    "page_width": 1241,
    "page_height": 1754,
    "page_no": 9
  },
  {
    "question": "2",
    "text": "2.",
    "x": 89,
    "y": 363,
    "page_width": 1241,
    "page_height": 1754,
    "page_no": 10
  }
]