[
  {
    "question": "1",
    "text": "1a",
    "x": 163,
    "y": 253,
    "page_width": 1755,
    "page_height": 1241,
    "page_no": 4
  },
  {
    "question": "1",
    "text": "1b",
    "x": 163,
    "y": 553,
    "page_width": 1755,
    "page_height": 1241,
    "page_no": 4
  },
  {
    "question": "1",
    "text": "1c",
    "x": 163,
    "y": 854,
    "page_width": 1755,
    "page_height": 1241,
    "page_no": 4
  },
  {
    "question": "2",
    "text": "2a",
    "x": 162,
    "y": 190,
    "page_width": 1755,
    "page_height": 1241,
    "page_no": 5
  },
  {
    "question": "2",
    "text": "2b",
    "x": 162,
    "y": 496,
    "page_width": 1755,
    "page_height": 1241,
    "page_no": 5
  },
  {
    "question": "3",
    "text": "3a",
    "x": 162,
    "y": 190,
    "page_width": 1755,
    "page_height": 1241,
    "page_no": 6
  },
  {
    "question": "3",
    "text": "3b",
    "x": 162,
    "y": 510,
    "page_width": 1755,
    "page_height": 1241,
    "page_no": 6
  },
  {
    "question": "3",
    "text": "3c",
    "x": 162,
    "y": 905,
    "page_width": 1755,
    "page_height": 1241,
    "page_no": 6
  },
  {
    "question": "3",
    "text": "3d",
    "x": 162,
    "y": 227,
    "page_width": 1755,
    "page_height": 1241,
    "page_no": 7
  },
  {
    "question": "3",
    "text": "3e",
    "x": 162,
    "y": 564,
    "page_width": 1755,
    "page_height": 1241,
    "page_no": 7
  },
  {
    "question": "4",
    "text": "4",
    "x": 162,
    "y": 205,
    "page_width": 1755,
    "page_height": 1241,
    "page_no": 8
  },
  {
    "question": "5",
    "text": "5",
    "x": 163,
    "y": 633,
    "page_width": 1755,
    "page_height": 1241,
    "page_no": 8
  },
  {
    "question": "6",
    "text": "6a",
    "x": 162,
    "y": 204,
    "page_width": 1755,
    "page_height": 1241,
    "page_no": 9
  },
  {
    "question": "6",
    "text": "6b",
    "x": 162,
    "y": 518,
    "page_width": 1755,
    "page_height": 1241,
    "page_no": 9
  },
  {
    "question": "6",
    "text": "6c",
    "x": 162,
    "y": 878,
    "page_width": 1755,
    "page_height": 1241,
    "page_no": 9
  },
  {
    "question": "7",
    "text": "7",
    "x": 162,
    "y": 191,
    "page_width": 1755,
    "page_height": 1241,
    "page_no": 10
  },
  {
    "question": "8",
    "text": "8a",
    "x": 162,
    "y": 552,
    "page_width": 1755,
    "page_height": 1241,
    "page_no": 10
  },
  {
    "question": "8",
    "text": "8b",
    "x": 162,
    "y": 1104,
    "page_width": 1755,
    "page_height": 1241,
    "page_no": 10
  },
  {
    "question": "8",
    "text": "8c",
    "x": 162,
    "y": 441,
    "page_width": 1755,
    "page_height": 1241,
    "page_no": 11
  },
  {
    "question": "9",
    "text": "9",
    "x": 162,
    "y": 1069,
    "page_width": 1755,
    "page_height": 1241,
    "page_no": 11
  },
  {
    "question": "10",
    "text": "10ai",
    "x": 163,
    "y": 221,
    "page_width": 1755,
    "page_height": 1241,
    "page_no": 13
  },
  {
    "question": "10",
    "text": "10aii",
    "x": 163,
    "y": 195,
    "page_width": 1755,
    "page_height": 1241,
    "page_no": 14
  },
  {
    "question": "10",
    "text": "10bi",
    "x": 163,
    "y": 182,
    "page_width": 1755,
    "page_height": 1241,
    "page_no": 15
  },
  {
    "question": "10",
    "text": "10bii",
    "x": 163,
    "y": 564,
    "page_width": 1755,
    "page_height": 1241,
    "page_no": 15
  },
  {
    "question": "10",
    "text": "10c",
    "x": 163,
    "y": 192,
    "page_width": 1755,
    "page_height": 1241,
    "page_no": 16
  },
  {
    "question": "11",
    "text": "11a",
    "x": 163,
    "y": 193,
    "page_width": 1755,
    "page_height": 1241,
    "page_no": 17
  },
  {
    "question": "11",
    "text": "11b",
    "x": 163,
    "y": 447,
    "page_width": 1755,
    "page_height": 1241,
    "page_no": 17
  },
  {
    "question": "12",
    "text": "12a",
    "x": 163,
    "y": 192,
    "page_width": 1755,
    "page_height": 1241,
    "page_no": 19
  },
  {
    "question": "12",
    "text": "12b",
    "x": 163,
    "y": 642,
    "page_width": 1755,
    "page_height": 1241,
    "page_no": 19
  },
  {
    "question": "15",
    "text": "15a",
    "x": 163,
    "y": 187,
    "page_width": 1755,
    "page_height": 1241,
    "page_no": 25
  },
  {
    "question": "16",
    "text": "16a",
    "x": 163,
    "y": 252,
    "page_width": 1755,
    "page_height": 1241,
    "page_no": 27
  },
  {
    "question": "11",
    "text": "11c",
    "x": 201,
    "y": 224,
    "page_width": 1755,
    "page_height": 1241,
    "page_no": 18
  },
  {
    "question": "12",
    "text": "12c",
    "x": 201,
    "y": 199,
    "page_width": 1755,
    "page_height": 1241,
    "page_no": 20
  },
  {
    "question": "13",
    "text": "13a",
    "x": 201,
    "y": 215,
    "page_width": 1755,
    "page_height": 1241,
    "page_no": 21
  },
  {
    "question": "13",
    "text": "13bi",
    "x": 201,
    "y": 184,
    "page_width": 1755,
    "page_height": 1241,
    "page_no": 22
  },
  {
    "question": "13",
    "text": "13bii",
    "x": 201,
    "y": 420,
    "page_width": 1755,
    "page_height": 1241,
    "page_no": 22
  },
  {
    "question": "14",
    "text": "14",
    "x": 201,
    "y": 251,
    "page_width": 1755,
    "page_height": 1241,
    "page_no": 23
  },
  {
    "question": "15",
    "text": "15b",
    "x": 201,
    "y": 192,
    "page_width": 1755,
    "page_height": 1241,
    "page_no": 26
  },
  {
    "question": "16",
    "text": "16bi",
    "x": 201,
    "y": 212,
    "page_width": 1755,
    "page_height": 1241,
    "page_no": 29
  },
  {
    "question": "16",
    "text": "16bii",
    "x": 201,
    "y": 581,
    "page_width": 1755,
    "page_height": 1241,
    "page_no": 30
  },
  {
    "question": "16",
    "text": "16biii_|",
    "x": 201,
    "y": 239,
    "page_width": 1755,
    "page_height": 1241,
    "page_no": 31
  },
  {
    "question": "16",
    "text": "16biv",
    "x": 201,
    "y": 817,
    "page_width": 1755,
    "page_height": 1241,
    "page_no": 31
  },
  {
    "question": "16",
    "text": "16c",
    "x": 200,
    "y": 215,
    "page_width": 1755,
    "page_height": 1241,
    "page_no": 32
  }
]