[
  {
    "question": "1",
    "text": "1",
    "x": 155,
    "y": 347,
    "page_width": 1650,
    "page_height": 1275,
    "page_no": 5
  },
  {
    "question": "2",
    "text": "2",
    "x": 154,
    "y": 634,
    "page_width": 1650,
    "page_height": 1275,
    "page_no": 5
  },
  {
    "question": "3",
    "text": "3",
    "x": 154,
    "y": 221,
    "page_width": 1650,
    "page_height": 1275,
    "page_no": 6
  },
  {
    "question": "4",
    "text": "4",
    "x": 154,
    "y": 508,
    "page_width": 1650,
    "page_height": 1275,
    "page_no": 6
  },
  {
    "question": "5",
    "text": "5",
    "x": 154,
    "y": 306,
    "page_width": 1650,
    "page_height": 1275,
    "page_no": 7
  },
  {
    "question": "6",
    "text": "6a",
    "x": 154,
    "y": 637,
    "page_width": 1650,
    "page_height": 1275,
    "page_no": 7
  },
  {
    "question": "6",
    "text": "6b",
    "x": 154,
    "y": 305,
    "page_width": 1650,
    "page_height": 1275,
    "page_no": 8
  },
  {
    "question": "7",
    "text": "7",
    "x": 154,
    "y": 593,
    "page_width": 1650,
    "page_height": 1275,
    "page_no": 8
  },
  {
    "question": "8",
    "text": "8",
    "x": 154,
    "y": 221,
    "page_width": 1650,
    "page_height": 1275,
    "page_no": 9
  },
  {
    "question": "9",
    "text": "9",
    "x": 154,
    "y": 548,
    "page_width": 1650,
    "page_height": 1275,
    "page_no": 9
  },
  {
    "question": "10",
    "text": "10a",
    "x": 155,
    "y": 221,
    "page_width": 1650,
    "page_height": 1275,
    "page_no": 10
  },
  {
    "question": "10",
    "text": "10b",
    "x": 155,
    "y": 524,
    "page_width": 1650,
    "page_height": 1275,
    "page_no": 10
  },
  {
    "question": "11",
    "text": "11",
    "x": 155,
    "y": 221,
    "page_width": 1650,
    "page_height": 1275,
    "page_no": 11
  },
  {
    "question": "11",
    "text": "11b",
    "x": 155,
    "y": 547,
    "page_width": 1650,
    "page_height": 1275,
    "page_no": 11
  },
  {
    "question": "11",
    "text": "11c",
    "x": 155,
    "y": 221,
    "page_width": 1650,
    "page_height": 1275,
    "page_no": 12
  },
  {
    "question": "12",
    "text": "12",
    "x": 155,
    "y": 227,
    "page_width": 1650,
    "page_height": 1275,
    "page_no": 13
  },
  {
    "question": "13",
    "text": "13",
    "x": 155,
    "y": 221,
    "page_width": 1650,
    "page_height": 1275,
    "page_no": 14
  },
  {
    "question": "14",
    "text": "14a",
    "x": 155,
    "y": 605,
    "page_width": 1650,
    "page_height": 1275,
    "page_no": 14
  },
  {
    "question": "14",
    "text": "14b",
    "x": 155,
    "y": 220,
    "page_width": 1650,
    "page_height": 1275,
    "page_no": 15
  },
  {
    "question": "15",
    "text": "15",
    "x": 155,
    "y": 209,
    "page_width": 1650,
    "page_height": 1275,
    "page_no": 17
  },
  {
    "question": "15",
    "text": "15aiii",
    "x": 155,
    "y": 202,
    "page_width": 1650,
    "page_height": 1275,
    "page_no": 18
  },
  {
    "question": "15",
    "text": "15",
    "x": 157,
    "y": 342,
    "page_width": 1650,
    "page_height": 1275,
    "page_no": 18
  },
  {
    "question": "15",
    "text": "15b",
    "x": 155,
    "y": 291,
    "page_width": 1650,
    "page_height": 1275,
    "page_no": 19
  },
  {
    "question": "15",
    "text": "15c",
    "x": 155,
    "y": 208,
    "page_width": 1650,
    "page_height": 1275,
    "page_no": 20
  },
  {
    "question": "15",
    "text": "15",
    "x": 155,
    "y": 209,
    "page_width": 1650,
    "page_height": 1275,
    "page_no": 21
  },
  {
    "question": "16",
    "text": "16b",
    "x": 155,
    "y": 207,
    "page_width": 1650,
    "page_height": 1275,
    "page_no": 24
  },
  {
    "question": "17",
    "text": "17a",
    "x": 155,
    "y": 208,
    "page_width": 1650,
    "page_height": 1275,
    "page_no": 25
  },
  {
    "question": "17",
    "text": "17bi",
    "x": 155,
    "y": 602,
    "page_width": 1650,
    "page_height": 1275,
    "page_no": 25
  },
  {
    "question": "17",
    "text": "17",
    "x": 155,
    "y": 210,
    "page_width": 1650,
    "page_height": 1275,
    "page_no": 26
  },
  {
    "question": "17",
    "text": "17biii",
    "x": 155,
    "y": 534,
    "page_width": 1650,
    "page_height": 1275,
    "page_no": 26
  },
  {
    "question": "17",
    "text": "17c",
    "x": 155,
    "y": 209,
    "page_width": 1650,
    "page_height": 1275,
    "page_no": 27
  },
  {
    "question": "17",
    "text": "17di",
    "x": 155,
    "y": 490,
    "page_width": 1650,
    "page_height": 1275,
    "page_no": 27
  },
  {
    "question": "17",
    "text": "17dii",
    "x": 155,
    "y": 685,
    "page_width": 1650,
    "page_height": 1275,
    "page_no": 27
  },
  {
    "question": "17",
    "text": "17diii",
    "x": 155,
    "y": 207,
    "page_width": 1650,
    "page_height": 1275,
    "page_no": 28
  },
  {
    "question": "17",
    "text": "17e",
    "x": 155,
    "y": 379,
    "page_width": 1650,
    "page_height": 1275,
    "page_no": 28
  },
  {
    "question": "18",
    "text": "18",
    "x": 155,
    "y": 236,
    "page_width": 1650,
    "page_height": 1275,
    "page_no": 29
  },
  {
    "question": "18",
    "text": "18b",
    "x": 155,
    "y": 648,
    "page_width": 1650,
    "page_height": 1275,
    "page_no": 29
  },
  {
    "question": "18",
    "text": "18ci",
    "x": 155,
    "y": 219,
    "page_width": 1650,
    "page_height": 1275,
    "page_no": 30
  },
  {
    "question": "18",
    "text": "18cii",
    "x": 156,
    "y": 212,
    "page_width": 1650,
    "page_height": 1275,
    "page_no": 31
  },
  {
    "question": "18",
    "text": "18di",
    "x": 155,
    "y": 762,
    "page_width": 1650,
    "page_height": 1275,
    "page_no": 31
  },
  {
    "question": "18",
    "text": "18dii",
    "x": 155,
    "y": 229,
    "page_width": 1650,
    "page_height": 1275,
    "page_no": 32
  },
  {
    "question": "18",
    "text": "18diii",
    "x": 155,
    "y": 206,
    "page_width": 1650,
    "page_height": 1275,
    "page_no": 33
  },
  {
    "question": "18",
    "text": "18div",
    "x": 155,
    "y": 516,
    "page_width": 1650,
    "page_height": 1275,
    "page_no": 33
  }
]