[
  {
    "question": "1",
    "text": "1.",
    "x": 117,
    "y": 151,
    "page_width": 1241,
    "page_height": 1754,
    "page_no": 7
  },
  {
    "question": "3",
    "text": "3",
    "x": 120,
    "y": 134,
    "page_width": 1241,
    "page_height": 1754,
    "page_no": 9
  },
  {
    "question": "4",
    "text": "4.a",
    "x": 121,
    "y": 170,
    "page_width": 1241,
    "page_height": 1754,
    "page_no": 11
  },
  {
    "question": "5",
    "text": "5",
    "x": 120,
    "y": 165,
    "page_width": 1241,
    "page_height": 1754,
    "page_no": 13
  },
  {
    "question": "6",
    "text": "6.a",
    "x": 117,
    "y": 155,
    "page_width": 1241,
    "page_height": 1754,
    "page_no": 14
  },
  {
    "question": "7",
    "text": "7T.a",
    "x": 118,
    "y": 146,
    "page_width": 1241,
    "page_height": 1754,
    "page_no": 16
  },
  {
    "question": "9",
    "text": "9a",
    "x": 119,
    "y": 164,
    "page_width": 1241,
    "page_height": 1754,
    "page_no": 19
  }
]