[
  {
    "question": 0,
    "x": 139,
    "y": 1450,
    "page_no": 9,
    "page_width": 1275,
    "page_height": 1650
  },
  {
    "question": 2,
    "x": 180,
    "y": 134,
    "page_no": 5,
    "page_width": 1275,
    "page_height": 1650
  },
  {
    "question": 1,
    "x": 180,
    "y": 134,
    "page_no": 4,
    "page_width": 1275,
    "page_height": 1650
  },
  {
    "question": "3",
    "text": "3",
    "x": 152,
    "y": 135,
    "page_width": 1275,
    "page_height": 1650,
    "page_no": 6
  },
  {
    "question": "4",
    "text": "4a",
    "x": 148,
    "y": 135,
    "page_width": 1275,
    "page_height": 1650,
    "page_no": 8
  },
  {
    "question": "4",
    "text": "4",
    "x": 148,
    "y": 530,
    "page_width": 1275,
    "page_height": 1650,
    "page_no": 9
  }
]