[
  {
    "question": "1",
    "text": "1",
    "x": 164,
    "y": 227,
    "page_width": 1754,
    "page_height": 1241,
    "page_no": 5
  },
  {
    "question": "2",
    "text": "2",
    "x": 162,
    "y": 493,
    "page_width": 1754,
    "page_height": 1241,
    "page_no": 5
  },
  {
    "question": "3",
    "text": "3",
    "x": 162,
    "y": 760,
    "page_width": 1754,
    "page_height": 1241,
    "page_no": 5
  },
  {
    "question": "7",
    "text": "7",
    "x": 162,
    "y": 169,
    "page_width": 1754,
    "page_height": 1241,
    "page_no": 6
  },
  {
    "question": "5",
    "text": "5",
    "x": 163,
    "y": 436,
    "page_width": 1754,
    "page_height": 1241,
    "page_no": 6
  },
  {
    "question": "6",
    "text": "6",
    "x": 163,
    "y": 731,
    "page_width": 1754,
    "page_height": 1241,
    "page_no": 6
  },
  {
    "question": "7",
    "text": "7",
    "x": 163,
    "y": 169,
    "page_width": 1754,
    "page_height": 1241,
    "page_no": 7
  },
  {
    "question": "8",
    "text": "8",
    "x": 163,
    "y": 436,
    "page_width": 1754,
    "page_height": 1241,
    "page_no": 7
  },
  {
    "question": "9",
    "text": "9",
    "x": 163,
    "y": 703,
    "page_width": 1754,
    "page_height": 1241,
    "page_no": 7
  },
  {
    "question": "10",
    "text": "10",
    "x": 164,
    "y": 169,
    "page_width": 1754,
    "page_height": 1241,
    "page_no": 8
  },
  {
    "question": "12",
    "text": "12",
    "x": 164,
    "y": 731,
    "page_width": 1754,
    "page_height": 1241,
    "page_no": 8
  },
  {
    "question": "13",
    "text": "13",
    "x": 164,
    "y": 169,
    "page_width": 1754,
    "page_height": 1241,
    "page_no": 9
  },
  {
    "question": "1",
    "text": "1d",
    "x": 164,
    "y": 465,
    "page_width": 1754,
    "page_height": 1241,
    "page_no": 9
  },
  {
    "question": "15",
    "text": "15",
    "x": 164,
    "y": 747,
    "page_width": 1754,
    "page_height": 1241,
    "page_no": 9
  },
  {
    "question": "16",
    "text": "16",
    "x": 164,
    "y": 169,
    "page_width": 1754,
    "page_height": 1241,
    "page_no": 10
  },
  {
    "question": "7",
    "text": "7",
    "x": 164,
    "y": 436,
    "page_width": 1754,
    "page_height": 1241,
    "page_no": 10
  },
  {
    "question": "18",
    "text": "18",
    "x": 164,
    "y": 702,
    "page_width": 1754,
    "page_height": 1241,
    "page_no": 10
  },
  {
    "question": "19",
    "text": "19",
    "x": 164,
    "y": 197,
    "page_width": 1754,
    "page_height": 1241,
    "page_no": 11
  },
  {
    "question": "20",
    "text": "20",
    "x": 163,
    "y": 464,
    "page_width": 1754,
    "page_height": 1241,
    "page_no": 11
  },
  {
    "question": "21",
    "text": "21a\\",
    "x": 159,
    "y": 227,
    "page_width": 1754,
    "page_height": 1241,
    "page_no": 12
  },
  {
    "question": "21",
    "text": "21aii",
    "x": 159,
    "y": 547,
    "page_width": 1754,
    "page_height": 1241,
    "page_no": 12
  },
  {
    "question": "21",
    "text": "21cii",
    "x": 163,
    "y": 169,
    "page_width": 1754,
    "page_height": 1241,
    "page_no": 15
  },
  {
    "question": "22",
    "text": "22ai",
    "x": 163,
    "y": 169,
    "page_width": 1754,
    "page_height": 1241,
    "page_no": 16
  },
  {
    "question": "22",
    "text": "22aii",
    "x": 163,
    "y": 164,
    "page_width": 1754,
    "page_height": 1241,
    "page_no": 17
  },
  {
    "question": "22",
    "text": "22aiii",
    "x": 163,
    "y": 437,
    "page_width": 1754,
    "page_height": 1241,
    "page_no": 17
  },
  {
    "question": "22",
    "text": "22b",
    "x": 163,
    "y": 169,
    "page_width": 1754,
    "page_height": 1241,
    "page_no": 18
  },
  {
    "question": "22",
    "text": "22e",
    "x": 163,
    "y": 216,
    "page_width": 1754,
    "page_height": 1241,
    "page_no": 19
  },
  {
    "question": "22",
    "text": "22eii",
    "x": 163,
    "y": 163,
    "page_width": 1754,
    "page_height": 1241,
    "page_no": 20
  },
  {
    "question": "23",
    "text": "23a",
    "x": 163,
    "y": 168,
    "page_width": 1754,
    "page_height": 1241,
    "page_no": 21
  },
  {
    "question": "23",
    "text": "23bi",
    "x": 163,
    "y": 390,
    "page_width": 1754,
    "page_height": 1241,
    "page_no": 21
  },
  {
    "question": "23",
    "text": "23bii",
    "x": 163,
    "y": 169,
    "page_width": 1754,
    "page_height": 1241,
    "page_no": 22
  },
  {
    "question": "23",
    "text": "23e",
    "x": 163,
    "y": 169,
    "page_width": 1754,
    "page_height": 1241,
    "page_no": 23
  },
  {
    "question": "23",
    "text": "23cii_",
    "x": 163,
    "y": 486,
    "page_width": 1754,
    "page_height": 1241,
    "page_no": 23
  },
  {
    "question": "23",
    "text": "23d",
    "x": 163,
    "y": 200,
    "page_width": 1754,
    "page_height": 1241,
    "page_no": 24
  },
  {
    "question": "23",
    "text": "23e",
    "x": 163,
    "y": 910,
    "page_width": 1754,
    "page_height": 1241,
    "page_no": 24
  },
  {
    "question": "23",
    "text": "23f",
    "x": 163,
    "y": 165,
    "page_width": 1754,
    "page_height": 1241,
    "page_no": 25
  },
  {
    "question": "24",
    "text": "24a",
    "x": 163,
    "y": 169,
    "page_width": 1754,
    "page_height": 1241,
    "page_no": 26
  },
  {
    "question": "24",
    "text": "24b",
    "x": 163,
    "y": 441,
    "page_width": 1754,
    "page_height": 1241,
    "page_no": 26
  },
  {
    "question": "24",
    "text": "24c",
    "x": 163,
    "y": 169,
    "page_width": 1754,
    "page_height": 1241,
    "page_no": 27
  },
  {
    "question": "24",
    "text": "24d",
    "x": 163,
    "y": 169,
    "page_width": 1754,
    "page_height": 1241,
    "page_no": 28
  },
  {
    "question": "24",
    "text": "24e",
    "x": 163,
    "y": 169,
    "page_width": 1754,
    "page_height": 1241,
    "page_no": 29
  }
]