[
  {
    "question": "1",
    "text": "1a",
    "x": 130,
    "y": 223,
    "page_width": 1241,
    "page_height": 1754,
    "page_no": 4
  },
  {
    "question": "1",
    "text": "1b",
    "x": 130,
    "y": 222,
    "page_width": 1241,
    "page_height": 1754,
    "page_no": 5
  },
  {
    "question": "2",
    "text": "2ai",
    "x": 133,
    "y": 1132,
    "page_width": 1241,
    "page_height": 1754,
    "page_no": 5
  },
  {
    "question": "2",
    "text": "2aii",
    "x": 130,
    "y": 222,
    "page_width": 1241,
    "page_height": 1754,
    "page_no": 6
  },
  {
    "question": "2",
    "text": "2aiii",
    "x": 129,
    "y": 755,
    "page_width": 1241,
    "page_height": 1754,
    "page_no": 6
  },
  {
    "question": "2",
    "text": "2bi",
    "x": 127,
    "y": 1160,
    "page_width": 1241,
    "page_height": 1754,
    "page_no": 6
  },
  {
    "question": "2",
    "text": "2bii",
    "x": 127,
    "y": 218,
    "page_width": 1241,
    "page_height": 1754,
    "page_no": 7
  },
  {
    "question": "3",
    "text": "3a",
    "x": 127,
    "y": 621,
    "page_width": 1241,
    "page_height": 1754,
    "page_no": 7
  },
  {
    "question": "3",
    "text": "3bi",
    "x": 127,
    "y": 915,
    "page_width": 1241,
    "page_height": 1754,
    "page_no": 7
  },
  {
    "question": "3",
    "text": "3bii",
    "x": 127,
    "y": 253,
    "page_width": 1241,
    "page_height": 1754,
    "page_no": 8
  },
  {
    "question": "3",
    "text": "3biii",
    "x": 127,
    "y": 746,
    "page_width": 1241,
    "page_height": 1754,
    "page_no": 8
  },
  {
    "question": "3",
    "text": "3biv",
    "x": 127,
    "y": 253,
    "page_width": 1241,
    "page_height": 1754,
    "page_no": 9
  },
  {
    "question": "3",
    "text": "3c",
    "x": 127,
    "y": 222,
    "page_width": 1241,
    "page_height": 1754,
    "page_no": 10
  },
  {
    "question": "4",
    "text": "4b",
    "x": 129,
    "y": 222,
    "page_width": 1241,
    "page_height": 1754,
    "page_no": 11
  },
  {
    "question": "4",
    "text": "4c",
    "x": 126,
    "y": 223,
    "page_width": 1241,
    "page_height": 1754,
    "page_no": 12
  },
  {
    "question": "4",
    "text": "4d",
    "x": 126,
    "y": 777,
    "page_width": 1241,
    "page_height": 1754,
    "page_no": 12
  }
]