[
  {
    "question": "1",
    "text": "1a",
    "x": 152,
    "y": 247,
    "page_width": 1754,
    "page_height": 1241,
    "page_no": 4
  },
  {
    "question": "1",
    "text": "1b",
    "x": 152,
    "y": 219,
    "page_width": 1754,
    "page_height": 1241,
    "page_no": 5
  },
  {
    "question": "1",
    "text": "1c",
    "x": 152,
    "y": 524,
    "page_width": 1754,
    "page_height": 1241,
    "page_no": 5
  },
  {
    "question": "2",
    "text": "2a",
    "x": 151,
    "y": 246,
    "page_width": 1754,
    "page_height": 1241,
    "page_no": 6
  },
  {
    "question": "2",
    "text": "2b",
    "x": 151,
    "y": 587,
    "page_width": 1754,
    "page_height": 1241,
    "page_no": 6
  },
  {
    "question": "3",
    "text": "3a",
    "x": 151,
    "y": 246,
    "page_width": 1754,
    "page_height": 1241,
    "page_no": 7
  },
  {
    "question": "3",
    "text": "3b",
    "x": 151,
    "y": 218,
    "page_width": 1754,
    "page_height": 1241,
    "page_no": 8
  },
  {
    "question": "5",
    "text": "5ai",
    "x": 151,
    "y": 247,
    "page_width": 1754,
    "page_height": 1241,
    "page_no": 12
  },
  {
    "question": "5",
    "text": "5aii",
    "x": 151,
    "y": 524,
    "page_width": 1754,
    "page_height": 1241,
    "page_no": 12
  },
  {
    "question": "5",
    "text": "5b",
    "x": 151,
    "y": 219,
    "page_width": 1754,
    "page_height": 1241,
    "page_no": 13
  },
  {
    "question": "5",
    "text": "5ci",
    "x": 151,
    "y": 703,
    "page_width": 1754,
    "page_height": 1241,
    "page_no": 13
  },
  {
    "question": "5",
    "text": "5cii",
    "x": 151,
    "y": 246,
    "page_width": 1754,
    "page_height": 1241,
    "page_no": 14
  },
  {
    "question": "5",
    "text": "5d",
    "x": 151,
    "y": 526,
    "page_width": 1754,
    "page_height": 1241,
    "page_no": 14
  },
  {
    "question": "6",
    "text": "6a",
    "x": 151,
    "y": 246,
    "page_width": 1754,
    "page_height": 1241,
    "page_no": 15
  },
  {
    "question": "6",
    "text": "6b",
    "x": 151,
    "y": 781,
    "page_width": 1754,
    "page_height": 1241,
    "page_no": 16
  },
  {
    "question": "7",
    "text": "7a",
    "x": 151,
    "y": 248,
    "page_width": 1754,
    "page_height": 1241,
    "page_no": 17
  },
  {
    "question": "7",
    "text": "7b",
    "x": 151,
    "y": 462,
    "page_width": 1754,
    "page_height": 1241,
    "page_no": 17
  },
  {
    "question": "7",
    "text": "7c\\i",
    "x": 151,
    "y": 246,
    "page_width": 1754,
    "page_height": 1241,
    "page_no": 18
  },
  {
    "question": "7",
    "text": "7cii",
    "x": 151,
    "y": 469,
    "page_width": 1754,
    "page_height": 1241,
    "page_no": 18
  },
  {
    "question": "7",
    "text": "7c",
    "x": 151,
    "y": 219,
    "page_width": 1754,
    "page_height": 1241,
    "page_no": 19
  },
  {
    "question": "8",
    "text": "8a",
    "x": 151,
    "y": 246,
    "page_width": 1754,
    "page_height": 1241,
    "page_no": 21
  },
  {
    "question": "8",
    "text": "8b",
    "x": 151,
    "y": 219,
    "page_width": 1754,
    "page_height": 1241,
    "page_no": 22
  },
  {
    "question": "8",
    "text": "8ci",
    "x": 151,
    "y": 245,
    "page_width": 1754,
    "page_height": 1241,
    "page_no": 23
  },
  {
    "question": "8",
    "text": "8cii",
    "x": 151,
    "y": 242,
    "page_width": 1754,
    "page_height": 1241,
    "page_no": 24
  },
  {
    "question": "9",
    "text": "9a",
    "x": 151,
    "y": 230,
    "page_width": 1754,
    "page_height": 1241,
    "page_no": 25
  },
  {
    "question": "9",
    "text": "9bi",
    "x": 151,
    "y": 601,
    "page_width": 1754,
    "page_height": 1241,
    "page_no": 25
  },
  {
    "question": "9",
    "text": "9bii",
    "x": 151,
    "y": 215,
    "page_width": 1754,
    "page_height": 1241,
    "page_no": 26
  },
  {
    "question": "9",
    "text": "9ci",
    "x": 151,
    "y": 500,
    "page_width": 1754,
    "page_height": 1241,
    "page_no": 26
  },
  {
    "question": "9",
    "text": "9cii",
    "x": 151,
    "y": 766,
    "page_width": 1754,
    "page_height": 1241,
    "page_no": 26
  },
  {
    "question": "9",
    "text": "9ciii",
    "x": 151,
    "y": 217,
    "page_width": 1754,
    "page_height": 1241,
    "page_no": 27
  },
  {
    "question": "9",
    "text": "9d",
    "x": 151,
    "y": 863,
    "page_width": 1754,
    "page_height": 1241,
    "page_no": 27
  },
  {
    "question": "0",
    "text": "0",
    "x": 212,
    "y": 188,
    "page_width": 1754,
    "page_height": 1241,
    "page_no": 16
  },
  {
    "question": "1",
    "text": "1",
    "x": 213,
    "y": 221,
    "page_width": 1754,
    "page_height": 1241,
    "page_no": 16
  },
  {
    "question": "2",
    "text": "2",
    "x": 212,
    "y": 377,
    "page_width": 1754,
    "page_height": 1241,
    "page_no": 16
  },
  {
    "question": "3",
    "text": "3",
    "x": 212,
    "y": 534,
    "page_width": 1754,
    "page_height": 1241,
    "page_no": 16
  },
  {
    "question": "0",
    "text": "0",
    "x": 212,
    "y": 188,
    "page_width": 1754,
    "page_height": 1241,
    "page_no": 20
  },
  {
    "question": "1",
    "text": "1",
    "x": 213,
    "y": 221,
    "page_width": 1754,
    "page_height": 1241,
    "page_no": 20
  },
  {
    "question": "2",
    "text": "2",
    "x": 212,
    "y": 533,
    "page_width": 1754,
    "page_height": 1241,
    "page_no": 20
  },
  {
    "question": "3",
    "text": "3",
    "x": 212,
    "y": 784,
    "page_width": 1754,
    "page_height": 1241,
    "page_no": 20
  }
]