[
  {
    "question": "1",
    "text": "1",
    "x": 150,
    "y": 335,
    "page_width": 1359,
    "page_height": 1873,
    "page_no": 2
  },
  {
    "question": "2",
    "text": "2",
    "x": 148,
    "y": 240,
    "page_width": 1359,
    "page_height": 1873,
    "page_no": 10
  },
  {
    "question": "3",
    "text": "3",
    "x": 148,
    "y": 491,
    "page_width": 1359,
    "page_height": 1873,
    "page_no": 18
  },
  {
    "question": "5",
    "text": "5",
    "x": 149,
    "y": 317,
    "page_width": 1359,
    "page_height": 1873,
    "page_no": 28
  },
  {
    "question": "6",
    "text": "6",
    "x": 148,
    "y": 316,
    "page_width": 1359,
    "page_height": 1873,
    "page_no": 32
  },
  {
    "question": "1",
    "text": "1",
    "x": 150,
    "y": 268,
    "page_width": 1359,
    "page_height": 1873,
    "page_no": 38
  },
  {
    "question": "2",
    "text": "2",
    "x": 148,
    "y": 167,
    "page_width": 1359,
    "page_height": 1873,
    "page_no": 42
  },
  {
    "question": "3",
    "text": "3",
    "x": 148,
    "y": 267,
    "page_width": 1359,
    "page_height": 1873,
    "page_no": 44
  },
  {
    "question": "4",
    "text": "4",
    "x": 148,
    "y": 168,
    "page_width": 1359,
    "page_height": 1873,
    "page_no": 48
  },
  {
    "question": "5",
    "text": "5",
    "x": 149,
    "y": 168,
    "page_width": 1359,
    "page_height": 1873,
    "page_no": 50
  },
  {
    "question": "2",
    "text": "2",
    "x": 168,
    "y": 1728,
    "page_width": 1359,
    "page_height": 1873,
    "page_no": 2
  },
  {
    "question": "10",
    "text": "10",
    "x": 167,
    "y": 1728,
    "page_width": 1359,
    "page_height": 1873,
    "page_no": 46
  },
  {
    "question": "12",
    "text": "12",
    "x": 167,
    "y": 1728,
    "page_width": 1359,
    "page_height": 1873,
    "page_no": 48
  },
  {
    "question": "14",
    "text": "14",
    "x": 167,
    "y": 1728,
    "page_width": 1359,
    "page_height": 1873,
    "page_no": 50
  },
  {
    "question": "16",
    "text": "16",
    "x": 167,
    "y": 1728,
    "page_width": 1359,
    "page_height": 1873,
    "page_no": 52
  },
  {
    "question": "2",
    "text": "2",
    "x": 14,
    "y": 464,
    "page_width": 1359,
    "page_height": 1873,
    "page_no": 3
  },
  {
    "question": "8",
    "text": "8",
    "x": 14,
    "y": 251,
    "page_width": 1359,
    "page_height": 1873,
    "page_no": 15
  },
  {
    "question": "2",
    "text": "2",
    "x": 14,
    "y": 797,
    "page_width": 1359,
    "page_height": 1873,
    "page_no": 15
  },
  {
    "question": "2",
    "text": "2",
    "x": 14,
    "y": 938,
    "page_width": 1359,
    "page_height": 1873,
    "page_no": 15
  },
  {
    "question": "6",
    "text": "6",
    "x": 14,
    "y": 1295,
    "page_width": 1359,
    "page_height": 1873,
    "page_no": 35
  },
  {
    "question": "2",
    "text": "2",
    "x": 14,
    "y": 1457,
    "page_width": 1359,
    "page_height": 1873,
    "page_no": 35
  },
  {
    "question": "8",
    "text": "8",
    "x": 86,
    "y": 1046,
    "page_width": 1359,
    "page_height": 1873,
    "page_no": 3
  },
  {
    "question": "5",
    "text": "5",
    "x": 86,
    "y": 357,
    "page_width": 1359,
    "page_height": 1873,
    "page_no": 9
  },
  {
    "question": "2",
    "text": "2",
    "x": 86,
    "y": 495,
    "page_width": 1359,
    "page_height": 1873,
    "page_no": 9
  },
  {
    "question": "4",
    "text": "4",
    "x": 86,
    "y": 298,
    "page_width": 1359,
    "page_height": 1873,
    "page_no": 15
  },
  {
    "question": "2",
    "text": "2O",
    "x": 82,
    "y": 554,
    "page_width": 1359,
    "page_height": 1873,
    "page_no": 15
  },
  {
    "question": "6",
    "text": "6",
    "x": 86,
    "y": 1005,
    "page_width": 1359,
    "page_height": 1873,
    "page_no": 15
  },
  {
    "question": "8",
    "text": "8g",
    "x": 87,
    "y": 1524,
    "page_width": 1359,
    "page_height": 1873,
    "page_no": 35
  },
  {
    "question": "8",
    "text": "8",
    "x": 86,
    "y": 1583,
    "page_width": 1359,
    "page_height": 1873,
    "page_no": 35
  },
  {
    "question": "10",
    "text": "10",
    "x": 163,
    "y": 1728,
    "page_width": 1359,
    "page_height": 1873,
    "page_no": 10
  },
  {
    "question": "12",
    "text": "12",
    "x": 163,
    "y": 1728,
    "page_width": 1359,
    "page_height": 1873,
    "page_no": 12
  },
  {
    "question": "14",
    "text": "14",
    "x": 163,
    "y": 1728,
    "page_width": 1359,
    "page_height": 1873,
    "page_no": 14
  },
  {
    "question": "16",
    "text": "16",
    "x": 163,
    "y": 1728,
    "page_width": 1359,
    "page_height": 1873,
    "page_no": 16
  },
  {
    "question": "18",
    "text": "18",
    "x": 163,
    "y": 1728,
    "page_width": 1359,
    "page_height": 1873,
    "page_no": 18
  },
  {
    "question": "20",
    "text": "20",
    "x": 162,
    "y": 1728,
    "page_width": 1359,
    "page_height": 1873,
    "page_no": 20
  },
  {
    "question": "22",
    "text": "22",
    "x": 162,
    "y": 1728,
    "page_width": 1359,
    "page_height": 1873,
    "page_no": 22
  },
  {
    "question": "24",
    "text": "24",
    "x": 162,
    "y": 1728,
    "page_width": 1359,
    "page_height": 1873,
    "page_no": 24
  },
  {
    "question": "26",
    "text": "26",
    "x": 162,
    "y": 1728,
    "page_width": 1359,
    "page_height": 1873,
    "page_no": 26
  },
  {
    "question": "28",
    "text": "28",
    "x": 162,
    "y": 1728,
    "page_width": 1359,
    "page_height": 1873,
    "page_no": 28
  },
  {
    "question": "30",
    "text": "30",
    "x": 163,
    "y": 1728,
    "page_width": 1359,
    "page_height": 1873,
    "page_no": 30
  },
  {
    "question": "32",
    "text": "32",
    "x": 163,
    "y": 1728,
    "page_width": 1359,
    "page_height": 1873,
    "page_no": 32
  },
  {
    "question": "34",
    "text": "34",
    "x": 163,
    "y": 1728,
    "page_width": 1359,
    "page_height": 1873,
    "page_no": 34
  },
  {
    "question": "36",
    "text": "36",
    "x": 163,
    "y": 1728,
    "page_width": 1359,
    "page_height": 1873,
    "page_no": 36
  },
  {
    "question": "2",
    "text": "2",
    "x": 172,
    "y": 1728,
    "page_width": 1359,
    "page_height": 1873,
    "page_no": 38
  },
  {
    "question": "4",
    "text": "4",
    "x": 172,
    "y": 1728,
    "page_width": 1359,
    "page_height": 1873,
    "page_no": 40
  },
  {
    "question": "6",
    "text": "6",
    "x": 172,
    "y": 1728,
    "page_width": 1359,
    "page_height": 1873,
    "page_no": 42
  },
  {
    "question": "8",
    "text": "8",
    "x": 172,
    "y": 1728,
    "page_width": 1359,
    "page_height": 1873,
    "page_no": 44
  }
]