[
  {
    "question": "1",
    "text": "1",
    "x": 150,
    "y": 292,
    "page_width": 1359,
    "page_height": 1873,
    "page_no": 2
  },
  {
    "question": "2",
    "text": "2",
    "x": 148,
    "y": 291,
    "page_width": 1359,
    "page_height": 1873,
    "page_no": 7
  },
  {
    "question": "3",
    "text": "3",
    "x": 148,
    "y": 291,
    "page_width": 1359,
    "page_height": 1873,
    "page_no": 13
  },
  {
    "question": "30",
    "text": "300,000",
    "x": 149,
    "y": 767,
    "page_width": 1359,
    "page_height": 1873,
    "page_no": 18
  },
  {
    "question": "21",
    "text": "218,128,291km.",
    "x": 149,
    "y": 796,
    "page_width": 1359,
    "page_height": 1873,
    "page_no": 18
  },
  {
    "question": "25",
    "text": "25-year",
    "x": 149,
    "y": 513,
    "page_width": 1359,
    "page_height": 1873,
    "page_no": 19
  },
  {
    "question": "5",
    "text": "5p",
    "x": 149,
    "y": 730,
    "page_width": 1359,
    "page_height": 1873,
    "page_no": 19
  },
  {
    "question": "12",
    "text": "12",
    "x": 150,
    "y": 1054,
    "page_width": 1359,
    "page_height": 1873,
    "page_no": 19
  },
  {
    "question": "10",
    "text": "10",
    "x": 163,
    "y": 1729,
    "page_width": 1359,
    "page_height": 1873,
    "page_no": 10
  },
  {
    "question": "12",
    "text": "12",
    "x": 163,
    "y": 1729,
    "page_width": 1359,
    "page_height": 1873,
    "page_no": 12
  },
  {
    "question": "14",
    "text": "14",
    "x": 163,
    "y": 1729,
    "page_width": 1359,
    "page_height": 1873,
    "page_no": 14
  },
  {
    "question": "16",
    "text": "16",
    "x": 163,
    "y": 1729,
    "page_width": 1359,
    "page_height": 1873,
    "page_no": 16
  }
]