[
  {
    "question": "2",
    "text": "2",
    "x": 163,
    "y": 509,
    "page_width": 1754,
    "page_height": 1241,
    "page_no": 5
  },
  {
    "question": "3",
    "text": "3",
    "x": 163,
    "y": 805,
    "page_width": 1754,
    "page_height": 1241,
    "page_no": 5
  },
  {
    "question": "4",
    "text": "4a",
    "x": 162,
    "y": 205,
    "page_width": 1754,
    "page_height": 1241,
    "page_no": 6
  },
  {
    "question": "4",
    "text": "4b",
    "x": 162,
    "y": 464,
    "page_width": 1754,
    "page_height": 1241,
    "page_no": 6
  },
  {
    "question": "4",
    "text": "4c",
    "x": 162,
    "y": 746,
    "page_width": 1754,
    "page_height": 1241,
    "page_no": 6
  },
  {
    "question": "5",
    "text": "5",
    "x": 163,
    "y": 205,
    "page_width": 1754,
    "page_height": 1241,
    "page_no": 7
  },
  {
    "question": "6",
    "text": "6",
    "x": 163,
    "y": 513,
    "page_width": 1754,
    "page_height": 1241,
    "page_no": 7
  },
  {
    "question": "7",
    "text": "7",
    "x": 162,
    "y": 795,
    "page_width": 1754,
    "page_height": 1241,
    "page_no": 7
  },
  {
    "question": "8",
    "text": "8",
    "x": 163,
    "y": 218,
    "page_width": 1754,
    "page_height": 1241,
    "page_no": 8
  },
  {
    "question": "8",
    "text": "8",
    "x": 163,
    "y": 752,
    "page_width": 1754,
    "page_height": 1241,
    "page_no": 8
  },
  {
    "question": "8",
    "text": "8",
    "x": 163,
    "y": 218,
    "page_width": 1754,
    "page_height": 1241,
    "page_no": 9
  },
  {
    "question": "9",
    "text": "9",
    "x": 162,
    "y": 543,
    "page_width": 1754,
    "page_height": 1241,
    "page_no": 9
  },
  {
    "question": "9",
    "text": "9",
    "x": 162,
    "y": 218,
    "page_width": 1754,
    "page_height": 1241,
    "page_no": 10
  },
  {
    "question": "10",
    "text": "10",
    "x": 163,
    "y": 515,
    "page_width": 1754,
    "page_height": 1241,
    "page_no": 10
  },
  {
    "question": "11",
    "text": "11a",
    "x": 163,
    "y": 839,
    "page_width": 1754,
    "page_height": 1241,
    "page_no": 10
  },
  {
    "question": "11",
    "text": "11",
    "x": 164,
    "y": 205,
    "page_width": 1754,
    "page_height": 1241,
    "page_no": 11
  },
  {
    "question": "12",
    "text": "12",
    "x": 163,
    "y": 479,
    "page_width": 1754,
    "page_height": 1241,
    "page_no": 11
  },
  {
    "question": "13",
    "text": "13",
    "x": 163,
    "y": 218,
    "page_width": 1754,
    "page_height": 1241,
    "page_no": 12
  },
  {
    "question": "14",
    "text": "14",
    "x": 163,
    "y": 519,
    "page_width": 1754,
    "page_height": 1241,
    "page_no": 12
  },
  {
    "question": "15",
    "text": "15",
    "x": 163,
    "y": 249,
    "page_width": 1754,
    "page_height": 1241,
    "page_no": 13
  },
  {
    "question": "15",
    "text": "15b",
    "x": 163,
    "y": 202,
    "page_width": 1754,
    "page_height": 1241,
    "page_no": 14
  },
  {
    "question": "16",
    "text": "16aii",
    "x": 163,
    "y": 203,
    "page_width": 1754,
    "page_height": 1241,
    "page_no": 16
  },
  {
    "question": "16",
    "text": "16bi",
    "x": 163,
    "y": 773,
    "page_width": 1754,
    "page_height": 1241,
    "page_no": 16
  },
  {
    "question": "16",
    "text": "16bii",
    "x": 163,
    "y": 230,
    "page_width": 1754,
    "page_height": 1241,
    "page_no": 17
  },
  {
    "question": "16",
    "text": "16biii",
    "x": 163,
    "y": 450,
    "page_width": 1754,
    "page_height": 1241,
    "page_no": 17
  },
  {
    "question": "17",
    "text": "17bi",
    "x": 163,
    "y": 230,
    "page_width": 1754,
    "page_height": 1241,
    "page_no": 20
  },
  {
    "question": "19",
    "text": "19ai",
    "x": 163,
    "y": 199,
    "page_width": 1754,
    "page_height": 1241,
    "page_no": 25
  },
  {
    "question": "19",
    "text": "19aii",
    "x": 163,
    "y": 218,
    "page_width": 1754,
    "page_height": 1241,
    "page_no": 26
  },
  {
    "question": "19",
    "text": "19b",
    "x": 163,
    "y": 222,
    "page_width": 1754,
    "page_height": 1241,
    "page_no": 28
  },
  {
    "question": "19",
    "text": "19ci",
    "x": 163,
    "y": 218,
    "page_width": 1754,
    "page_height": 1241,
    "page_no": 29
  },
  {
    "question": "19",
    "text": "19cii",
    "x": 163,
    "y": 213,
    "page_width": 1754,
    "page_height": 1241,
    "page_no": 30
  },
  {
    "question": "20",
    "text": "20ai",
    "x": 163,
    "y": 204,
    "page_width": 1754,
    "page_height": 1241,
    "page_no": 31
  },
  {
    "question": "20",
    "text": "20aii",
    "x": 163,
    "y": 761,
    "page_width": 1754,
    "page_height": 1241,
    "page_no": 31
  },
  {
    "question": "20",
    "text": "20aiii",
    "x": 163,
    "y": 91,
    "page_width": 1754,
    "page_height": 1241,
    "page_no": 32
  },
  {
    "question": "20",
    "text": "20bi",
    "x": 163,
    "y": 304,
    "page_width": 1754,
    "page_height": 1241,
    "page_no": 33
  },
  {
    "question": "20",
    "text": "20bii",
    "x": 163,
    "y": 199,
    "page_width": 1754,
    "page_height": 1241,
    "page_no": 34
  },
  {
    "question": "20",
    "text": "20biii",
    "x": 163,
    "y": 386,
    "page_width": 1754,
    "page_height": 1241,
    "page_no": 34
  },
  {
    "question": "20",
    "text": "20biv",
    "x": 163,
    "y": 194,
    "page_width": 1754,
    "page_height": 1241,
    "page_no": 35
  },
  {
    "question": "20",
    "text": "20c",
    "x": 163,
    "y": 187,
    "page_width": 1754,
    "page_height": 1241,
    "page_no": 36
  },
  {
    "question": "16",
    "text": "16ai",
    "x": 201,
    "y": 214,
    "page_width": 1754,
    "page_height": 1241,
    "page_no": 15
  },
  {
    "question": "16",
    "text": "16c",
    "x": 201,
    "y": 207,
    "page_width": 1754,
    "page_height": 1241,
    "page_no": 18
  },
  {
    "question": "17",
    "text": "17a",
    "x": 201,
    "y": 290,
    "page_width": 1754,
    "page_height": 1241,
    "page_no": 19
  },
  {
    "question": "17",
    "text": "17bii",
    "x": 201,
    "y": 546,
    "page_width": 1754,
    "page_height": 1241,
    "page_no": 20
  },
  {
    "question": "17",
    "text": "17ci",
    "x": 201,
    "y": 230,
    "page_width": 1754,
    "page_height": 1241,
    "page_no": 21
  },
  {
    "question": "17",
    "text": "17cii",
    "x": 201,
    "y": 202,
    "page_width": 1754,
    "page_height": 1241,
    "page_no": 22
  },
  {
    "question": "18",
    "text": "18",
    "x": 201,
    "y": 207,
    "page_width": 1754,
    "page_height": 1241,
    "page_no": 23
  }
]