[
  {
    "question": 0,
    "x": 164,
    "y": 1645,
    "page_no": 17,
    "page_width": 1359,
    "page_height": 1873
  },
  {
    "question": 4,
    "x": 152,
    "y": 187,
    "page_no": 14,
    "page_width": 1359,
    "page_height": 1873
  },
  {
    "question": 3,
    "x": 155,
    "y": 187,
    "page_no": 9,
    "page_width": 1359,
    "page_height": 1873
  },
  {
    "question": 2,
    "x": 148,
    "y": 181,
    "page_no": 4,
    "page_width": 1359,
    "page_height": 1873
  },
  {
    "question": 1,
    "x": 148,
    "y": 240,
    "page_no": 2,
    "page_width": 1359,
    "page_height": 1873
  },
  {
    "question": "20",
    "text": "20",
    "x": 162,
    "y": 1728,
    "page_width": 1359,
    "page_height": 1873,
    "page_no": 20
  }
]