[
  {
    "question": "1",
    "text": "1.",
    "x": 121,
    "y": 283,
    "page_width": 1241,
    "page_height": 1754,
    "page_no": 4
  },
  {
    "question": "2",
    "text": "2.",
    "x": 119,
    "y": 350,
    "page_width": 1241,
    "page_height": 1754,
    "page_no": 4
  },
  {
    "question": "3",
    "text": "3.",
    "x": 119,
    "y": 158,
    "page_width": 1241,
    "page_height": 1754,
    "page_no": 5
  },
  {
    "question": "6",
    "text": "6.",
    "x": 120,
    "y": 1170,
    "page_width": 1241,
    "page_height": 1754,
    "page_no": 5
  },
  {
    "question": "7",
    "text": "7.",
    "x": 119,
    "y": 1332,
    "page_width": 1241,
    "page_height": 1754,
    "page_no": 5
  },
  {
    "question": "1",
    "text": "1",
    "x": 91,
    "y": 183,
    "page_width": 1241,
    "page_height": 1754,
    "page_no": 7
  },
  {
    "question": "3",
    "text": "3a",
    "x": 89,
    "y": 142,
    "page_width": 1241,
    "page_height": 1754,
    "page_no": 9
  },
  {
    "question": "5",
    "text": "5",
    "x": 89,
    "y": 173,
    "page_width": 1241,
    "page_height": 1754,
    "page_no": 11
  },
  {
    "question": "6",
    "text": "6",
    "x": 88,
    "y": 152,
    "page_width": 1241,
    "page_height": 1754,
    "page_no": 12
  }
]