[
  {
    "question": "1",
    "text": "1",
    "x": 91,
    "y": 407,
    "page_width": 1241,
    "page_height": 1755,
    "page_no": 2
  },
  {
    "question": "2",
    "text": "2",
    "x": 89,
    "y": 732,
    "page_width": 1241,
    "page_height": 1755,
    "page_no": 2
  },
  {
    "question": "3",
    "text": "3",
    "x": 90,
    "y": 131,
    "page_width": 1241,
    "page_height": 1755,
    "page_no": 3
  },
  {
    "question": "6",
    "text": "6",
    "x": 89,
    "y": 131,
    "page_width": 1241,
    "page_height": 1755,
    "page_no": 4
  },
  {
    "question": "7",
    "text": "7",
    "x": 90,
    "y": 558,
    "page_width": 1241,
    "page_height": 1755,
    "page_no": 4
  },
  {
    "question": "8",
    "text": "8",
    "x": 89,
    "y": 131,
    "page_width": 1241,
    "page_height": 1755,
    "page_no": 5
  },
  {
    "question": "9",
    "text": "9",
    "x": 89,
    "y": 644,
    "page_width": 1241,
    "page_height": 1755,
    "page_no": 5
  },
  {
    "question": "10",
    "text": "10",
    "x": 91,
    "y": 131,
    "page_width": 1241,
    "page_height": 1755,
    "page_no": 6
  },
  {
    "question": "11",
    "text": "11",
    "x": 91,
    "y": 483,
    "page_width": 1241,
    "page_height": 1755,
    "page_no": 7
  },
  {
    "question": "12",
    "text": "12",
    "x": 91,
    "y": 982,
    "page_width": 1241,
    "page_height": 1755,
    "page_no": 7
  },
  {
    "question": "13",
    "text": "13",
    "x": 91,
    "y": 131,
    "page_width": 1241,
    "page_height": 1755,
    "page_no": 8
  },
  {
    "question": "14",
    "text": "14",
    "x": 91,
    "y": 765,
    "page_width": 1241,
    "page_height": 1755,
    "page_no": 8
  },
  {
    "question": "15",
    "text": "15",
    "x": 91,
    "y": 1158,
    "page_width": 1241,
    "page_height": 1755,
    "page_no": 8
  },
  {
    "question": "16",
    "text": "16",
    "x": 91,
    "y": 131,
    "page_width": 1241,
    "page_height": 1755,
    "page_no": 9
  },
  {
    "question": "17",
    "text": "17",
    "x": 91,
    "y": 308,
    "page_width": 1241,
    "page_height": 1755,
    "page_no": 10
  },
  {
    "question": "18",
    "text": "18",
    "x": 91,
    "y": 131,
    "page_width": 1241,
    "page_height": 1755,
    "page_no": 14
  },
  {
    "question": "19",
    "text": "19",
    "x": 91,
    "y": 131,
    "page_width": 1241,
    "page_height": 1755,
    "page_no": 18
  },
  {
    "question": "20",
    "text": "20",
    "x": 89,
    "y": 307,
    "page_width": 1241,
    "page_height": 1755,
    "page_no": 23
  },
  {
    "question": "5",
    "text": "5S",
    "x": 29,
    "y": 1140,
    "page_width": 1241,
    "page_height": 1755,
    "page_no": 3
  },
  {
    "question": "5",
    "text": "5",
    "x": 27,
    "y": 352,
    "page_width": 1241,
    "page_height": 1755,
    "page_no": 5
  },
  {
    "question": "2",
    "text": "2",
    "x": 29,
    "y": 611,
    "page_width": 1241,
    "page_height": 1755,
    "page_no": 5
  },
  {
    "question": "3",
    "text": "3S",
    "x": 26,
    "y": 1122,
    "page_width": 1241,
    "page_height": 1755,
    "page_no": 13
  },
  {
    "question": "8",
    "text": "8",
    "x": 26,
    "y": 1122,
    "page_width": 1241,
    "page_height": 1755,
    "page_no": 15
  },
  {
    "question": "4",
    "text": "4",
    "x": 127,
    "y": 686,
    "page_width": 1241,
    "page_height": 1755,
    "page_no": 4
  },
  {
    "question": "0",
    "text": "0.1",
    "x": 128,
    "y": 160,
    "page_width": 1241,
    "page_height": 1755,
    "page_no": 6
  },
  {
    "question": "2",
    "text": "2,4-dinitrophenylhydrazine.",
    "x": 128,
    "y": 159,
    "page_width": 1241,
    "page_height": 1755,
    "page_no": 8
  },
  {
    "question": "2",
    "text": "2.95g",
    "x": 128,
    "y": 1157,
    "page_width": 1241,
    "page_height": 1755,
    "page_no": 8
  },
  {
    "question": "2",
    "text": "2",
    "x": 12,
    "y": 256,
    "page_width": 1241,
    "page_height": 1755,
    "page_no": 5
  },
  {
    "question": "2",
    "text": "2",
    "x": 12,
    "y": 256,
    "page_width": 1241,
    "page_height": 1755,
    "page_no": 7
  },
  {
    "question": "5",
    "text": "5",
    "x": 12,
    "y": 1576,
    "page_width": 1241,
    "page_height": 1755,
    "page_no": 15
  },
  {
    "question": "8",
    "text": "8",
    "x": 12,
    "y": 1268,
    "page_width": 1241,
    "page_height": 1755,
    "page_no": 25
  }
]