[
  {
    "question": "4",
    "text": "4a",
    "x": 87,
    "y": 222,
    "page_width": 1241,
    "page_height": 1754,
    "page_no": 5
  },
  {
    "question": "4",
    "text": "4b",
    "x": 87,
    "y": 210,
    "page_width": 1241,
    "page_height": 1754,
    "page_no": 6
  },
  {
    "question": "2",
    "text": "2a",
    "x": 86,
    "y": 196,
    "page_width": 1241,
    "page_height": 1754,
    "page_no": 7
  },
  {
    "question": "2",
    "text": "2b",
    "x": 86,
    "y": 1022,
    "page_width": 1241,
    "page_height": 1754,
    "page_no": 7
  },
  {
    "question": "2",
    "text": "2c",
    "x": 86,
    "y": 210,
    "page_width": 1241,
    "page_height": 1754,
    "page_no": 8
  },
  {
    "question": "3",
    "text": "3a",
    "x": 86,
    "y": 897,
    "page_width": 1241,
    "page_height": 1754,
    "page_no": 8
  },
  {
    "question": "3",
    "text": "3b",
    "x": 86,
    "y": 210,
    "page_width": 1241,
    "page_height": 1754,
    "page_no": 9
  },
  {
    "question": "4",
    "text": "4",
    "x": 86,
    "y": 166,
    "page_width": 1241,
    "page_height": 1754,
    "page_no": 10
  },
  {
    "question": "5",
    "text": "5a",
    "x": 86,
    "y": 165,
    "page_width": 1241,
    "page_height": 1754,
    "page_no": 11
  },
  {
    "question": "5",
    "text": "5b",
    "x": 86,
    "y": 825,
    "page_width": 1241,
    "page_height": 1754,
    "page_no": 11
  },
  {
    "question": "5",
    "text": "5c",
    "x": 86,
    "y": 210,
    "page_width": 1241,
    "page_height": 1754,
    "page_no": 12
  },
  {
    "question": "7",
    "text": "7",
    "x": 86,
    "y": 216,
    "page_width": 1241,
    "page_height": 1754,
    "page_no": 15
  },
  {
    "question": "8",
    "text": "8a",
    "x": 86,
    "y": 210,
    "page_width": 1241,
    "page_height": 1754,
    "page_no": 16
  },
  {
    "question": "8",
    "text": "8b",
    "x": 86,
    "y": 704,
    "page_width": 1241,
    "page_height": 1754,
    "page_no": 16
  },
  {
    "question": "8",
    "text": "8c",
    "x": 86,
    "y": 210,
    "page_width": 1241,
    "page_height": 1754,
    "page_no": 17
  },
  {
    "question": "8",
    "text": "8d",
    "x": 86,
    "y": 210,
    "page_width": 1241,
    "page_height": 1754,
    "page_no": 18
  },
  {
    "question": "8",
    "text": "8e",
    "x": 86,
    "y": 210,
    "page_width": 1241,
    "page_height": 1754,
    "page_no": 19
  },
  {
    "question": "9",
    "text": "9a",
    "x": 86,
    "y": 210,
    "page_width": 1241,
    "page_height": 1754,
    "page_no": 20
  },
  {
    "question": "9",
    "text": "9b",
    "x": 86,
    "y": 899,
    "page_width": 1241,
    "page_height": 1754,
    "page_no": 20
  },
  {
    "question": "1",
    "text": "1",
    "x": 143,
    "y": 302,
    "page_width": 1241,
    "page_height": 1754,
    "page_no": 22
  },
  {
    "question": "2",
    "text": "2",
    "x": 141,
    "y": 405,
    "page_width": 1241,
    "page_height": 1754,
    "page_no": 22
  },
  {
    "question": "3",
    "text": "3",
    "x": 141,
    "y": 537,
    "page_width": 1241,
    "page_height": 1754,
    "page_no": 22
  },
  {
    "question": "4",
    "text": "4",
    "x": 141,
    "y": 723,
    "page_width": 1241,
    "page_height": 1754,
    "page_no": 22
  }
]