[
  {
    "question": "4",
    "text": "4.",
    "x": 97,
    "y": 766,
    "page_width": 1241,
    "page_height": 1754,
    "page_no": 5
  },
  {
    "question": "5",
    "text": "5.",
    "x": 98,
    "y": 923,
    "page_width": 1241,
    "page_height": 1754,
    "page_no": 5
  },
  {
    "question": "6",
    "text": "6.",
    "x": 98,
    "y": 1016,
    "page_width": 1241,
    "page_height": 1754,
    "page_no": 5
  },
  {
    "question": "7",
    "text": "7.",
    "x": 97,
    "y": 1173,
    "page_width": 1241,
    "page_height": 1754,
    "page_no": 5
  },
  {
    "question": "2",
    "text": "2a",
    "x": 99,
    "y": 185,
    "page_width": 1241,
    "page_height": 1754,
    "page_no": 8
  },
  {
    "question": "3",
    "text": "3a",
    "x": 99,
    "y": 137,
    "page_width": 1241,
    "page_height": 1754,
    "page_no": 9
  },
  {
    "question": "5",
    "text": "5a",
    "x": 99,
    "y": 202,
    "page_width": 1241,
    "page_height": 1754,
    "page_no": 11
  },
  {
    "question": "6",
    "text": "6a",
    "x": 99,
    "y": 238,
    "page_width": 1241,
    "page_height": 1754,
    "page_no": 12
  }
]