[
  {
    "question": "1",
    "text": "1",
    "x": 153,
    "y": 172,
    "page_width": 1754,
    "page_height": 1241,
    "page_no": 4
  },
  {
    "question": "2",
    "text": "2a",
    "x": 152,
    "y": 690,
    "page_width": 1754,
    "page_height": 1241,
    "page_no": 4
  },
  {
    "question": "2",
    "text": "2b",
    "x": 152,
    "y": 172,
    "page_width": 1754,
    "page_height": 1241,
    "page_no": 5
  },
  {
    "question": "2",
    "text": "2c",
    "x": 152,
    "y": 559,
    "page_width": 1754,
    "page_height": 1241,
    "page_no": 5
  },
  {
    "question": "3",
    "text": "3a",
    "x": 152,
    "y": 841,
    "page_width": 1754,
    "page_height": 1241,
    "page_no": 5
  },
  {
    "question": "3",
    "text": "3b",
    "x": 151,
    "y": 223,
    "page_width": 1754,
    "page_height": 1241,
    "page_no": 6
  },
  {
    "question": "3",
    "text": "3c",
    "x": 151,
    "y": 494,
    "page_width": 1754,
    "page_height": 1241,
    "page_no": 6
  },
  {
    "question": "3",
    "text": "3d",
    "x": 151,
    "y": 812,
    "page_width": 1754,
    "page_height": 1241,
    "page_no": 6
  },
  {
    "question": "3",
    "text": "3e",
    "x": 151,
    "y": 202,
    "page_width": 1754,
    "page_height": 1241,
    "page_no": 7
  },
  {
    "question": "4",
    "text": "4ai",
    "x": 151,
    "y": 168,
    "page_width": 1754,
    "page_height": 1241,
    "page_no": 9
  },
  {
    "question": "4",
    "text": "4c",
    "x": 151,
    "y": 172,
    "page_width": 1754,
    "page_height": 1241,
    "page_no": 11
  },
  {
    "question": "5",
    "text": "5ai",
    "x": 151,
    "y": 717,
    "page_width": 1754,
    "page_height": 1241,
    "page_no": 11
  },
  {
    "question": "5",
    "text": "5aii",
    "x": 151,
    "y": 175,
    "page_width": 1754,
    "page_height": 1241,
    "page_no": 12
  },
  {
    "question": "5",
    "text": "5aiii",
    "x": 151,
    "y": 440,
    "page_width": 1754,
    "page_height": 1241,
    "page_no": 12
  },
  {
    "question": "5",
    "text": "5b",
    "x": 151,
    "y": 770,
    "page_width": 1754,
    "page_height": 1241,
    "page_no": 12
  },
  {
    "question": "5",
    "text": "5ci",
    "x": 151,
    "y": 202,
    "page_width": 1754,
    "page_height": 1241,
    "page_no": 13
  },
  {
    "question": "5",
    "text": "5cii",
    "x": 152,
    "y": 464,
    "page_width": 1754,
    "page_height": 1241,
    "page_no": 13
  },
  {
    "question": "5",
    "text": "5di",
    "x": 152,
    "y": 168,
    "page_width": 1754,
    "page_height": 1241,
    "page_no": 14
  },
  {
    "question": "5",
    "text": "5dii",
    "x": 152,
    "y": 637,
    "page_width": 1754,
    "page_height": 1241,
    "page_no": 14
  },
  {
    "question": "6",
    "text": "6a",
    "x": 151,
    "y": 175,
    "page_width": 1754,
    "page_height": 1241,
    "page_no": 15
  },
  {
    "question": "6",
    "text": "6b",
    "x": 151,
    "y": 355,
    "page_width": 1754,
    "page_height": 1241,
    "page_no": 15
  },
  {
    "question": "6",
    "text": "6ci",
    "x": 151,
    "y": 752,
    "page_width": 1754,
    "page_height": 1241,
    "page_no": 15
  },
  {
    "question": "6",
    "text": "6cii",
    "x": 151,
    "y": 203,
    "page_width": 1754,
    "page_height": 1241,
    "page_no": 16
  },
  {
    "question": "7",
    "text": "7bi",
    "x": 151,
    "y": 829,
    "page_width": 1754,
    "page_height": 1241,
    "page_no": 17
  },
  {
    "question": "7",
    "text": "7b",
    "x": 151,
    "y": 168,
    "page_width": 1754,
    "page_height": 1241,
    "page_no": 18
  },
  {
    "question": "7",
    "text": "7c",
    "x": 151,
    "y": 174,
    "page_width": 1754,
    "page_height": 1241,
    "page_no": 19
  },
  {
    "question": "8",
    "text": "8a",
    "x": 151,
    "y": 168,
    "page_width": 1754,
    "page_height": 1241,
    "page_no": 21
  },
  {
    "question": "8",
    "text": "8bi",
    "x": 151,
    "y": 504,
    "page_width": 1754,
    "page_height": 1241,
    "page_no": 21
  },
  {
    "question": "8",
    "text": "8bii",
    "x": 151,
    "y": 695,
    "page_width": 1754,
    "page_height": 1241,
    "page_no": 21
  },
  {
    "question": "8",
    "text": "8biii",
    "x": 151,
    "y": 883,
    "page_width": 1754,
    "page_height": 1241,
    "page_no": 21
  },
  {
    "question": "8",
    "text": "8bv",
    "x": 151,
    "y": 174,
    "page_width": 1754,
    "page_height": 1241,
    "page_no": 24
  },
  {
    "question": "0",
    "text": "0",
    "x": 135,
    "y": 136,
    "page_width": 1754,
    "page_height": 1241,
    "page_no": 20
  },
  {
    "question": "1",
    "text": "1",
    "x": 136,
    "y": 165,
    "page_width": 1754,
    "page_height": 1241,
    "page_no": 20
  },
  {
    "question": "2",
    "text": "2",
    "x": 135,
    "y": 325,
    "page_width": 1754,
    "page_height": 1241,
    "page_no": 20
  },
  {
    "question": "3",
    "text": "3",
    "x": 135,
    "y": 485,
    "page_width": 1754,
    "page_height": 1241,
    "page_no": 20
  },
  {
    "question": "0",
    "text": "0",
    "x": 160,
    "y": 255,
    "page_width": 1754,
    "page_height": 1241,
    "page_no": 23
  },
  {
    "question": "1",
    "text": "1",
    "x": 162,
    "y": 284,
    "page_width": 1754,
    "page_height": 1241,
    "page_no": 23
  },
  {
    "question": "2",
    "text": "2",
    "x": 160,
    "y": 443,
    "page_width": 1754,
    "page_height": 1241,
    "page_no": 23
  },
  {
    "question": "3",
    "text": "3",
    "x": 161,
    "y": 604,
    "page_width": 1754,
    "page_height": 1241,
    "page_no": 23
  }
]