[
  {
    "question": "1",
    "text": "1ai",
    "x": 91,
    "y": 237,
    "page_width": 1754,
    "page_height": 1241,
    "page_no": 4
  },
  {
    "question": "1",
    "text": "1aii",
    "x": 91,
    "y": 658,
    "page_width": 1754,
    "page_height": 1241,
    "page_no": 4
  },
  {
    "question": "1",
    "text": "1a",
    "x": 91,
    "y": 227,
    "page_width": 1754,
    "page_height": 1241,
    "page_no": 5
  },
  {
    "question": "1",
    "text": "1b",
    "x": 91,
    "y": 658,
    "page_width": 1754,
    "page_height": 1241,
    "page_no": 5
  },
  {
    "question": "2",
    "text": "2ai",
    "x": 90,
    "y": 211,
    "page_width": 1754,
    "page_height": 1241,
    "page_no": 6
  },
  {
    "question": "2",
    "text": "2aii",
    "x": 91,
    "y": 713,
    "page_width": 1754,
    "page_height": 1241,
    "page_no": 6
  },
  {
    "question": "2",
    "text": "2bi",
    "x": 91,
    "y": 211,
    "page_width": 1754,
    "page_height": 1241,
    "page_no": 7
  },
  {
    "question": "2",
    "text": "2bii",
    "x": 90,
    "y": 631,
    "page_width": 1754,
    "page_height": 1241,
    "page_no": 7
  },
  {
    "question": "2",
    "text": "2biii",
    "x": 90,
    "y": 855,
    "page_width": 1754,
    "page_height": 1241,
    "page_no": 7
  },
  {
    "question": "2",
    "text": "2ci",
    "x": 90,
    "y": 211,
    "page_width": 1754,
    "page_height": 1241,
    "page_no": 8
  },
  {
    "question": "2",
    "text": "2cii",
    "x": 91,
    "y": 352,
    "page_width": 1754,
    "page_height": 1241,
    "page_no": 8
  },
  {
    "question": "3",
    "text": "3a",
    "x": 90,
    "y": 211,
    "page_width": 1754,
    "page_height": 1241,
    "page_no": 9
  },
  {
    "question": "3",
    "text": "3bi",
    "x": 90,
    "y": 575,
    "page_width": 1754,
    "page_height": 1241,
    "page_no": 9
  },
  {
    "question": "3",
    "text": "3bii",
    "x": 90,
    "y": 211,
    "page_width": 1754,
    "page_height": 1241,
    "page_no": 10
  },
  {
    "question": "4",
    "text": "4a",
    "x": 89,
    "y": 237,
    "page_width": 1754,
    "page_height": 1241,
    "page_no": 11
  },
  {
    "question": "4",
    "text": "4b",
    "x": 89,
    "y": 629,
    "page_width": 1754,
    "page_height": 1241,
    "page_no": 11
  },
  {
    "question": "4",
    "text": "4c",
    "x": 89,
    "y": 264,
    "page_width": 1754,
    "page_height": 1241,
    "page_no": 12
  },
  {
    "question": "5",
    "text": "5ai",
    "x": 90,
    "y": 237,
    "page_width": 1754,
    "page_height": 1241,
    "page_no": 13
  },
  {
    "question": "5",
    "text": "5aii",
    "x": 90,
    "y": 462,
    "page_width": 1754,
    "page_height": 1241,
    "page_no": 13
  },
  {
    "question": "5",
    "text": "5b",
    "x": 90,
    "y": 203,
    "page_width": 1754,
    "page_height": 1241,
    "page_no": 14
  },
  {
    "question": "5",
    "text": "5c",
    "x": 90,
    "y": 816,
    "page_width": 1754,
    "page_height": 1241,
    "page_no": 14
  },
  {
    "question": "6",
    "text": "6a",
    "x": 90,
    "y": 237,
    "page_width": 1754,
    "page_height": 1241,
    "page_no": 15
  },
  {
    "question": "6",
    "text": "6bi",
    "x": 90,
    "y": 211,
    "page_width": 1754,
    "page_height": 1241,
    "page_no": 16
  },
  {
    "question": "6",
    "text": "6",
    "x": 90,
    "y": 239,
    "page_width": 1754,
    "page_height": 1241,
    "page_no": 17
  },
  {
    "question": "7",
    "text": "7ai",
    "x": 90,
    "y": 237,
    "page_width": 1754,
    "page_height": 1241,
    "page_no": 19
  },
  {
    "question": "7",
    "text": "7a",
    "x": 90,
    "y": 681,
    "page_width": 1754,
    "page_height": 1241,
    "page_no": 19
  },
  {
    "question": "7",
    "text": "7b",
    "x": 90,
    "y": 237,
    "page_width": 1754,
    "page_height": 1241,
    "page_no": 20
  },
  {
    "question": "7",
    "text": "7c",
    "x": 90,
    "y": 211,
    "page_width": 1754,
    "page_height": 1241,
    "page_no": 21
  },
  {
    "question": "7",
    "text": "7d",
    "x": 90,
    "y": 211,
    "page_width": 1754,
    "page_height": 1241,
    "page_no": 22
  },
  {
    "question": "8",
    "text": "8ai",
    "x": 90,
    "y": 211,
    "page_width": 1754,
    "page_height": 1241,
    "page_no": 23
  },
  {
    "question": "8",
    "text": "8aii",
    "x": 90,
    "y": 686,
    "page_width": 1754,
    "page_height": 1241,
    "page_no": 23
  },
  {
    "question": "8",
    "text": "8b",
    "x": 90,
    "y": 211,
    "page_width": 1754,
    "page_height": 1241,
    "page_no": 24
  },
  {
    "question": "8",
    "text": "8c",
    "x": 90,
    "y": 491,
    "page_width": 1754,
    "page_height": 1241,
    "page_no": 24
  },
  {
    "question": "8",
    "text": "8",
    "x": 90,
    "y": 239,
    "page_width": 1754,
    "page_height": 1241,
    "page_no": 25
  },
  {
    "question": "0",
    "text": "0",
    "x": 158,
    "y": 183,
    "page_width": 1754,
    "page_height": 1241,
    "page_no": 18
  },
  {
    "question": "1",
    "text": "1",
    "x": 160,
    "y": 212,
    "page_width": 1754,
    "page_height": 1241,
    "page_no": 18
  },
  {
    "question": "2",
    "text": "2",
    "x": 158,
    "y": 519,
    "page_width": 1754,
    "page_height": 1241,
    "page_no": 18
  },
  {
    "question": "3",
    "text": "3",
    "x": 158,
    "y": 688,
    "page_width": 1754,
    "page_height": 1241,
    "page_no": 18
  },
  {
    "question": "0",
    "text": "0",
    "x": 158,
    "y": 183,
    "page_width": 1754,
    "page_height": 1241,
    "page_no": 26
  },
  {
    "question": "1",
    "text": "1",
    "x": 160,
    "y": 212,
    "page_width": 1754,
    "page_height": 1241,
    "page_no": 26
  },
  {
    "question": "2",
    "text": "2",
    "x": 158,
    "y": 464,
    "page_width": 1754,
    "page_height": 1241,
    "page_no": 26
  },
  {
    "question": "3",
    "text": "3",
    "x": 158,
    "y": 655,
    "page_width": 1754,
    "page_height": 1241,
    "page_no": 26
  }
]