[
  {
    "question": "1",
    "text": "1",
    "x": 91,
    "y": 283,
    "page_width": 1241,
    "page_height": 1754,
    "page_no": 2
  },
  {
    "question": "2",
    "text": "2.",
    "x": 90,
    "y": 282,
    "page_width": 1241,
    "page_height": 1754,
    "page_no": 9
  },
  {
    "question": "3",
    "text": "3",
    "x": 89,
    "y": 282,
    "page_width": 1241,
    "page_height": 1754,
    "page_no": 12
  },
  {
    "question": "19",
    "text": "194.6",
    "x": 91,
    "y": 287,
    "page_width": 1241,
    "page_height": 1754,
    "page_no": 21
  },
  {
    "question": "18",
    "text": "180",
    "x": 98,
    "y": 261,
    "page_width": 1241,
    "page_height": 1754,
    "page_no": 18
  },
  {
    "question": "17",
    "text": "170",
    "x": 98,
    "y": 317,
    "page_width": 1241,
    "page_height": 1754,
    "page_no": 18
  },
  {
    "question": "16",
    "text": "160",
    "x": 98,
    "y": 373,
    "page_width": 1241,
    "page_height": 1754,
    "page_no": 18
  },
  {
    "question": "15",
    "text": "150",
    "x": 98,
    "y": 430,
    "page_width": 1241,
    "page_height": 1754,
    "page_no": 18
  },
  {
    "question": "14",
    "text": "140",
    "x": 98,
    "y": 486,
    "page_width": 1241,
    "page_height": 1754,
    "page_no": 18
  },
  {
    "question": "13",
    "text": "130",
    "x": 98,
    "y": 542,
    "page_width": 1241,
    "page_height": 1754,
    "page_no": 18
  },
  {
    "question": "12",
    "text": "120",
    "x": 98,
    "y": 598,
    "page_width": 1241,
    "page_height": 1754,
    "page_no": 18
  }
]