[
  {
    "question": "4",
    "text": "4.",
    "x": 127,
    "y": 1187,
    "page_width": 1241,
    "page_height": 1754,
    "page_no": 4
  },
  {
    "question": "5",
    "text": "5.",
    "x": 127,
    "y": 1327,
    "page_width": 1241,
    "page_height": 1754,
    "page_no": 4
  },
  {
    "question": "6",
    "text": "6.",
    "x": 127,
    "y": 1409,
    "page_width": 1241,
    "page_height": 1754,
    "page_no": 4
  },
  {
    "question": "7",
    "text": "7.",
    "x": 127,
    "y": 1578,
    "page_width": 1241,
    "page_height": 1754,
    "page_no": 4
  },
  {
    "question": "6",
    "text": "6.",
    "x": 129,
    "y": 170,
    "page_width": 1241,
    "page_height": 1754,
    "page_no": 11
  }
]