[
  {
    "question": "1",
    "text": "1.",
    "x": 152,
    "y": 283,
    "page_width": 1241,
    "page_height": 1754,
    "page_no": 4
  },
  {
    "question": "2",
    "text": "2.",
    "x": 151,
    "y": 345,
    "page_width": 1241,
    "page_height": 1754,
    "page_no": 4
  },
  {
    "question": "3",
    "text": "3.",
    "x": 151,
    "y": 644,
    "page_width": 1241,
    "page_height": 1754,
    "page_no": 4
  },
  {
    "question": "7",
    "text": "7.",
    "x": 151,
    "y": 564,
    "page_width": 1241,
    "page_height": 1754,
    "page_no": 5
  },
  {
    "question": "4",
    "text": "4.",
    "x": 150,
    "y": 1519,
    "page_width": 1241,
    "page_height": 1754,
    "page_no": 4
  },
  {
    "question": "2",
    "text": "2a",
    "x": 150,
    "y": 250,
    "page_width": 1241,
    "page_height": 1754,
    "page_no": 8
  },
  {
    "question": "3",
    "text": "3a",
    "x": 149,
    "y": 189,
    "page_width": 1241,
    "page_height": 1754,
    "page_no": 10
  },
  {
    "question": "5",
    "text": "5a",
    "x": 150,
    "y": 367,
    "page_width": 1241,
    "page_height": 1754,
    "page_no": 14
  },
  {
    "question": "6",
    "text": "6a",
    "x": 150,
    "y": 189,
    "page_width": 1241,
    "page_height": 1754,
    "page_no": 16
  },
  {
    "question": "1",
    "text": "1.",
    "x": 115,
    "y": 291,
    "page_width": 1241,
    "page_height": 1754,
    "page_no": 6
  },
  {
    "question": "2",
    "text": "2.",
    "x": 113,
    "y": 407,
    "page_width": 1241,
    "page_height": 1754,
    "page_no": 6
  },
  {
    "question": "3",
    "text": "3.",
    "x": 113,
    "y": 470,
    "page_width": 1241,
    "page_height": 1754,
    "page_no": 6
  },
  {
    "question": "1",
    "text": "1.",
    "x": 115,
    "y": 607,
    "page_width": 1241,
    "page_height": 1754,
    "page_no": 6
  },
  {
    "question": "2",
    "text": "2.",
    "x": 113,
    "y": 672,
    "page_width": 1241,
    "page_height": 1754,
    "page_no": 6
  },
  {
    "question": "3",
    "text": "3",
    "x": 115,
    "y": 309,
    "page_width": 1241,
    "page_height": 1754,
    "page_no": 17
  }
]