[
  {
    "question": "1",
    "text": "1",
    "x": 91,
    "y": 233,
    "page_width": 1241,
    "page_height": 1754,
    "page_no": 2
  },
  {
    "question": "2",
    "text": "2.",
    "x": 89,
    "y": 369,
    "page_width": 1241,
    "page_height": 1754,
    "page_no": 8
  },
  {
    "question": "3",
    "text": "3",
    "x": 90,
    "y": 232,
    "page_width": 1241,
    "page_height": 1754,
    "page_no": 11
  },
  {
    "question": "31",
    "text": "31",
    "x": 90,
    "y": 237,
    "page_width": 1241,
    "page_height": 1754,
    "page_no": 18
  },
  {
    "question": "66",
    "text": "66%",
    "x": 89,
    "y": 562,
    "page_width": 1241,
    "page_height": 1754,
    "page_no": 20
  },
  {
    "question": "20",
    "text": "20,000",
    "x": 90,
    "y": 316,
    "page_width": 1241,
    "page_height": 1754,
    "page_no": 21
  },
  {
    "question": "0",
    "text": "0",
    "x": 11,
    "y": 357,
    "page_width": 1241,
    "page_height": 1754,
    "page_no": 7
  },
  {
    "question": "2",
    "text": "2",
    "x": 11,
    "y": 951,
    "page_width": 1241,
    "page_height": 1754,
    "page_no": 7
  },
  {
    "question": "0",
    "text": "0",
    "x": 11,
    "y": 1207,
    "page_width": 1241,
    "page_height": 1754,
    "page_no": 7
  },
  {
    "question": "32",
    "text": "328",
    "x": 11,
    "y": 1525,
    "page_width": 1241,
    "page_height": 1754,
    "page_no": 7
  }
]