[
  {
    "question": "1",
    "text": "1biii",
    "x": 152,
    "y": 508,
    "page_width": 1754,
    "page_height": 1241,
    "page_no": 4
  },
  {
    "question": "2",
    "text": "2a",
    "x": 151,
    "y": 621,
    "page_width": 1754,
    "page_height": 1241,
    "page_no": 4
  },
  {
    "question": "6",
    "text": "6cii",
    "x": 151,
    "y": 724,
    "page_width": 1754,
    "page_height": 1241,
    "page_no": 4
  },
  {
    "question": "1",
    "text": "1ai",
    "x": 152,
    "y": 204,
    "page_width": 1754,
    "page_height": 1241,
    "page_no": 6
  },
  {
    "question": "14",
    "text": "14aii",
    "x": 152,
    "y": 510,
    "page_width": 1754,
    "page_height": 1241,
    "page_no": 6
  },
  {
    "question": "1",
    "text": "1aiii",
    "x": 152,
    "y": 171,
    "page_width": 1754,
    "page_height": 1241,
    "page_no": 7
  },
  {
    "question": "1",
    "text": "1bi",
    "x": 152,
    "y": 704,
    "page_width": 1754,
    "page_height": 1241,
    "page_no": 7
  },
  {
    "question": "1",
    "text": "1bii",
    "x": 152,
    "y": 175,
    "page_width": 1754,
    "page_height": 1241,
    "page_no": 8
  },
  {
    "question": "1",
    "text": "1biii",
    "x": 152,
    "y": 366,
    "page_width": 1754,
    "page_height": 1241,
    "page_no": 8
  },
  {
    "question": "1",
    "text": "1biv",
    "x": 152,
    "y": 583,
    "page_width": 1754,
    "page_height": 1241,
    "page_no": 8
  },
  {
    "question": "2",
    "text": "2a",
    "x": 151,
    "y": 201,
    "page_width": 1754,
    "page_height": 1241,
    "page_no": 9
  },
  {
    "question": "2",
    "text": "2bi",
    "x": 151,
    "y": 251,
    "page_width": 1754,
    "page_height": 1241,
    "page_no": 10
  },
  {
    "question": "2",
    "text": "2bii",
    "x": 151,
    "y": 810,
    "page_width": 1754,
    "page_height": 1241,
    "page_no": 10
  },
  {
    "question": "2",
    "text": "2biii",
    "x": 151,
    "y": 250,
    "page_width": 1754,
    "page_height": 1241,
    "page_no": 11
  },
  {
    "question": "3",
    "text": "3ai",
    "x": 151,
    "y": 626,
    "page_width": 1754,
    "page_height": 1241,
    "page_no": 11
  },
  {
    "question": "3",
    "text": "3aii",
    "x": 151,
    "y": 171,
    "page_width": 1754,
    "page_height": 1241,
    "page_no": 12
  },
  {
    "question": "3",
    "text": "3aiii",
    "x": 151,
    "y": 486,
    "page_width": 1754,
    "page_height": 1241,
    "page_no": 12
  },
  {
    "question": "3",
    "text": "3aiv",
    "x": 151,
    "y": 224,
    "page_width": 1754,
    "page_height": 1241,
    "page_no": 13
  },
  {
    "question": "3",
    "text": "3b",
    "x": 151,
    "y": 913,
    "page_width": 1754,
    "page_height": 1241,
    "page_no": 13
  },
  {
    "question": "5",
    "text": "5a",
    "x": 151,
    "y": 609,
    "page_width": 1754,
    "page_height": 1241,
    "page_no": 15
  },
  {
    "question": "5",
    "text": "5bi",
    "x": 151,
    "y": 175,
    "page_width": 1754,
    "page_height": 1241,
    "page_no": 16
  },
  {
    "question": "5",
    "text": "5bii",
    "x": 151,
    "y": 515,
    "page_width": 1754,
    "page_height": 1241,
    "page_no": 16
  },
  {
    "question": "5",
    "text": "5biii",
    "x": 151,
    "y": 197,
    "page_width": 1754,
    "page_height": 1241,
    "page_no": 17
  },
  {
    "question": "5",
    "text": "5c",
    "x": 151,
    "y": 205,
    "page_width": 1754,
    "page_height": 1241,
    "page_no": 18
  },
  {
    "question": "6",
    "text": "6a",
    "x": 151,
    "y": 204,
    "page_width": 1754,
    "page_height": 1241,
    "page_no": 19
  },
  {
    "question": "6",
    "text": "6bi",
    "x": 151,
    "y": 733,
    "page_width": 1754,
    "page_height": 1241,
    "page_no": 19
  },
  {
    "question": "6",
    "text": "6bii",
    "x": 151,
    "y": 919,
    "page_width": 1754,
    "page_height": 1241,
    "page_no": 19
  },
  {
    "question": "6",
    "text": "6biii",
    "x": 151,
    "y": 200,
    "page_width": 1754,
    "page_height": 1241,
    "page_no": 20
  },
  {
    "question": "6",
    "text": "6ci",
    "x": 151,
    "y": 670,
    "page_width": 1754,
    "page_height": 1241,
    "page_no": 20
  },
  {
    "question": "6",
    "text": "6cii",
    "x": 151,
    "y": 204,
    "page_width": 1754,
    "page_height": 1241,
    "page_no": 21
  },
  {
    "question": "7",
    "text": "7a\\i",
    "x": 151,
    "y": 204,
    "page_width": 1754,
    "page_height": 1241,
    "page_no": 22
  },
  {
    "question": "7",
    "text": "7bi",
    "x": 151,
    "y": 171,
    "page_width": 1754,
    "page_height": 1241,
    "page_no": 24
  },
  {
    "question": "7",
    "text": "7bii",
    "x": 151,
    "y": 171,
    "page_width": 1754,
    "page_height": 1241,
    "page_no": 25
  },
  {
    "question": "8",
    "text": "8ai",
    "x": 151,
    "y": 171,
    "page_width": 1754,
    "page_height": 1241,
    "page_no": 26
  },
  {
    "question": "8",
    "text": "8aii",
    "x": 151,
    "y": 508,
    "page_width": 1754,
    "page_height": 1241,
    "page_no": 26
  },
  {
    "question": "8",
    "text": "8aiii",
    "x": 151,
    "y": 175,
    "page_width": 1754,
    "page_height": 1241,
    "page_no": 27
  }
]