[
  {
    "question": "1",
    "text": "1a",
    "x": 152,
    "y": 243,
    "page_width": 1754,
    "page_height": 1241,
    "page_no": 5
  },
  {
    "question": "1",
    "text": "1b",
    "x": 152,
    "y": 623,
    "page_width": 1754,
    "page_height": 1241,
    "page_no": 5
  },
  {
    "question": "1",
    "text": "1c",
    "x": 152,
    "y": 186,
    "page_width": 1754,
    "page_height": 1241,
    "page_no": 6
  },
  {
    "question": "2",
    "text": "2a",
    "x": 151,
    "y": 511,
    "page_width": 1754,
    "page_height": 1241,
    "page_no": 6
  },
  {
    "question": "2",
    "text": "2b",
    "x": 151,
    "y": 854,
    "page_width": 1754,
    "page_height": 1241,
    "page_no": 6
  },
  {
    "question": "4",
    "text": "4",
    "x": 151,
    "y": 537,
    "page_width": 1754,
    "page_height": 1241,
    "page_no": 7
  },
  {
    "question": "5",
    "text": "5a",
    "x": 151,
    "y": 186,
    "page_width": 1754,
    "page_height": 1241,
    "page_no": 8
  },
  {
    "question": "5",
    "text": "5b",
    "x": 151,
    "y": 508,
    "page_width": 1754,
    "page_height": 1241,
    "page_no": 8
  },
  {
    "question": "5",
    "text": "5c",
    "x": 151,
    "y": 830,
    "page_width": 1754,
    "page_height": 1241,
    "page_no": 8
  },
  {
    "question": "6",
    "text": "6",
    "x": 151,
    "y": 215,
    "page_width": 1754,
    "page_height": 1241,
    "page_no": 9
  },
  {
    "question": "7",
    "text": "7",
    "x": 151,
    "y": 594,
    "page_width": 1754,
    "page_height": 1241,
    "page_no": 9
  },
  {
    "question": "8",
    "text": "8",
    "x": 151,
    "y": 215,
    "page_width": 1754,
    "page_height": 1241,
    "page_no": 10
  },
  {
    "question": "9",
    "text": "9",
    "x": 151,
    "y": 272,
    "page_width": 1754,
    "page_height": 1241,
    "page_no": 11
  },
  {
    "question": "10",
    "text": "10a",
    "x": 152,
    "y": 766,
    "page_width": 1754,
    "page_height": 1241,
    "page_no": 11
  },
  {
    "question": "10",
    "text": "10b",
    "x": 152,
    "y": 243,
    "page_width": 1754,
    "page_height": 1241,
    "page_no": 12
  },
  {
    "question": "10",
    "text": "10c",
    "x": 152,
    "y": 565,
    "page_width": 1754,
    "page_height": 1241,
    "page_no": 12
  },
  {
    "question": "11",
    "text": "11",
    "x": 152,
    "y": 887,
    "page_width": 1754,
    "page_height": 1241,
    "page_no": 12
  },
  {
    "question": "12",
    "text": "12a",
    "x": 152,
    "y": 272,
    "page_width": 1754,
    "page_height": 1241,
    "page_no": 13
  },
  {
    "question": "12",
    "text": "12b",
    "x": 152,
    "y": 566,
    "page_width": 1754,
    "page_height": 1241,
    "page_no": 13
  },
  {
    "question": "13",
    "text": "13a",
    "x": 107,
    "y": 241,
    "page_width": 1754,
    "page_height": 1241,
    "page_no": 14
  },
  {
    "question": "13",
    "text": "13b",
    "x": 107,
    "y": 710,
    "page_width": 1754,
    "page_height": 1241,
    "page_no": 14
  },
  {
    "question": "13",
    "text": "13c",
    "x": 107,
    "y": 184,
    "page_width": 1754,
    "page_height": 1241,
    "page_no": 15
  },
  {
    "question": "14",
    "text": "14c",
    "x": 106,
    "y": 236,
    "page_width": 1754,
    "page_height": 1241,
    "page_no": 20
  },
  {
    "question": "16",
    "text": "16ai",
    "x": 107,
    "y": 212,
    "page_width": 1754,
    "page_height": 1241,
    "page_no": 29
  },
  {
    "question": "16",
    "text": "16aii",
    "x": 107,
    "y": 618,
    "page_width": 1754,
    "page_height": 1241,
    "page_no": 29
  },
  {
    "question": "16",
    "text": "16aiii",
    "x": 107,
    "y": 184,
    "page_width": 1754,
    "page_height": 1241,
    "page_no": 30
  },
  {
    "question": "16",
    "text": "16bi",
    "x": 107,
    "y": 726,
    "page_width": 1754,
    "page_height": 1241,
    "page_no": 30
  },
  {
    "question": "16",
    "text": "16bii",
    "x": 107,
    "y": 212,
    "page_width": 1754,
    "page_height": 1241,
    "page_no": 31
  },
  {
    "question": "16",
    "text": "16biii",
    "x": 107,
    "y": 212,
    "page_width": 1754,
    "page_height": 1241,
    "page_no": 32
  },
  {
    "question": "17",
    "text": "17ai",
    "x": 107,
    "y": 241,
    "page_width": 1754,
    "page_height": 1241,
    "page_no": 33
  },
  {
    "question": "17",
    "text": "17aii",
    "x": 107,
    "y": 184,
    "page_width": 1754,
    "page_height": 1241,
    "page_no": 34
  },
  {
    "question": "17",
    "text": "17b",
    "x": 107,
    "y": 184,
    "page_width": 1754,
    "page_height": 1241,
    "page_no": 35
  },
  {
    "question": "17",
    "text": "17bii",
    "x": 107,
    "y": 620,
    "page_width": 1754,
    "page_height": 1241,
    "page_no": 35
  },
  {
    "question": "17",
    "text": "17biii_",
    "x": 107,
    "y": 212,
    "page_width": 1754,
    "page_height": 1241,
    "page_no": 36
  },
  {
    "question": "17",
    "text": "17ci",
    "x": 107,
    "y": 241,
    "page_width": 1754,
    "page_height": 1241,
    "page_no": 37
  },
  {
    "question": "17",
    "text": "17cii",
    "x": 107,
    "y": 299,
    "page_width": 1754,
    "page_height": 1241,
    "page_no": 38
  },
  {
    "question": "17",
    "text": "17d",
    "x": 107,
    "y": 299,
    "page_width": 1754,
    "page_height": 1241,
    "page_no": 39
  },
  {
    "question": "17",
    "text": "17dii",
    "x": 107,
    "y": 212,
    "page_width": 1754,
    "page_height": 1241,
    "page_no": 40
  },
  {
    "question": "13",
    "text": "13d",
    "x": 123,
    "y": 148,
    "page_width": 1754,
    "page_height": 1241,
    "page_no": 16
  },
  {
    "question": "14",
    "text": "14a",
    "x": 123,
    "y": 148,
    "page_width": 1754,
    "page_height": 1241,
    "page_no": 17
  },
  {
    "question": "14",
    "text": "14aii",
    "x": 123,
    "y": 144,
    "page_width": 1754,
    "page_height": 1241,
    "page_no": 18
  },
  {
    "question": "14",
    "text": "14bi",
    "x": 123,
    "y": 148,
    "page_width": 1754,
    "page_height": 1241,
    "page_no": 19
  },
  {
    "question": "14",
    "text": "14bii",
    "x": 123,
    "y": 449,
    "page_width": 1754,
    "page_height": 1241,
    "page_no": 19
  },
  {
    "question": "14",
    "text": "14d",
    "x": 123,
    "y": 148,
    "page_width": 1754,
    "page_height": 1241,
    "page_no": 23
  },
  {
    "question": "14",
    "text": "14e",
    "x": 123,
    "y": 231,
    "page_width": 1754,
    "page_height": 1241,
    "page_no": 24
  },
  {
    "question": "15",
    "text": "15ai",
    "x": 123,
    "y": 200,
    "page_width": 1754,
    "page_height": 1241,
    "page_no": 25
  },
  {
    "question": "15",
    "text": "15aii",
    "x": 123,
    "y": 148,
    "page_width": 1754,
    "page_height": 1241,
    "page_no": 26
  },
  {
    "question": "15",
    "text": "15b",
    "x": 123,
    "y": 148,
    "page_width": 1754,
    "page_height": 1241,
    "page_no": 27
  }
]