[
  {
    "question": "1",
    "text": "1ai",
    "x": 165,
    "y": 192,
    "page_width": 1754,
    "page_height": 1241,
    "page_no": 4
  },
  {
    "question": "1",
    "text": "1aii",
    "x": 165,
    "y": 556,
    "page_width": 1754,
    "page_height": 1241,
    "page_no": 4
  },
  {
    "question": "1",
    "text": "1bi",
    "x": 165,
    "y": 162,
    "page_width": 1754,
    "page_height": 1241,
    "page_no": 5
  },
  {
    "question": "1",
    "text": "1bii",
    "x": 165,
    "y": 530,
    "page_width": 1754,
    "page_height": 1241,
    "page_no": 5
  },
  {
    "question": "1",
    "text": "1biii",
    "x": 165,
    "y": 164,
    "page_width": 1754,
    "page_height": 1241,
    "page_no": 6
  },
  {
    "question": "1",
    "text": "1c",
    "x": 165,
    "y": 474,
    "page_width": 1754,
    "page_height": 1241,
    "page_no": 6
  },
  {
    "question": "2",
    "text": "2a",
    "x": 164,
    "y": 138,
    "page_width": 1754,
    "page_height": 1241,
    "page_no": 7
  },
  {
    "question": "2",
    "text": "2b",
    "x": 164,
    "y": 537,
    "page_width": 1754,
    "page_height": 1241,
    "page_no": 7
  },
  {
    "question": "2",
    "text": "2c",
    "x": 164,
    "y": 166,
    "page_width": 1754,
    "page_height": 1241,
    "page_no": 8
  },
  {
    "question": "3",
    "text": "3a",
    "x": 163,
    "y": 138,
    "page_width": 1754,
    "page_height": 1241,
    "page_no": 9
  },
  {
    "question": "3",
    "text": "3b",
    "x": 163,
    "y": 474,
    "page_width": 1754,
    "page_height": 1241,
    "page_no": 9
  },
  {
    "question": "3",
    "text": "3ci",
    "x": 163,
    "y": 138,
    "page_width": 1754,
    "page_height": 1241,
    "page_no": 10
  },
  {
    "question": "3",
    "text": "3cii",
    "x": 163,
    "y": 166,
    "page_width": 1754,
    "page_height": 1241,
    "page_no": 11
  },
  {
    "question": "4",
    "text": "4a",
    "x": 163,
    "y": 166,
    "page_width": 1754,
    "page_height": 1241,
    "page_no": 12
  },
  {
    "question": "4",
    "text": "4b",
    "x": 163,
    "y": 572,
    "page_width": 1754,
    "page_height": 1241,
    "page_no": 12
  },
  {
    "question": "4",
    "text": "4c",
    "x": 163,
    "y": 138,
    "page_width": 1754,
    "page_height": 1241,
    "page_no": 13
  },
  {
    "question": "5",
    "text": "5ai",
    "x": 164,
    "y": 138,
    "page_width": 1754,
    "page_height": 1241,
    "page_no": 14
  },
  {
    "question": "5",
    "text": "5aii",
    "x": 164,
    "y": 474,
    "page_width": 1754,
    "page_height": 1241,
    "page_no": 14
  },
  {
    "question": "5",
    "text": "5bi",
    "x": 164,
    "y": 138,
    "page_width": 1754,
    "page_height": 1241,
    "page_no": 15
  },
  {
    "question": "5",
    "text": "5bii",
    "x": 164,
    "y": 446,
    "page_width": 1754,
    "page_height": 1241,
    "page_no": 15
  },
  {
    "question": "5",
    "text": "5biii",
    "x": 164,
    "y": 810,
    "page_width": 1754,
    "page_height": 1241,
    "page_no": 15
  },
  {
    "question": "5",
    "text": "5ci",
    "x": 164,
    "y": 192,
    "page_width": 1754,
    "page_height": 1241,
    "page_no": 16
  },
  {
    "question": "5",
    "text": "5cii",
    "x": 164,
    "y": 524,
    "page_width": 1754,
    "page_height": 1241,
    "page_no": 16
  },
  {
    "question": "5",
    "text": "5ciii",
    "x": 164,
    "y": 219,
    "page_width": 1754,
    "page_height": 1241,
    "page_no": 17
  },
  {
    "question": "6",
    "text": "6ai",
    "x": 163,
    "y": 219,
    "page_width": 1754,
    "page_height": 1241,
    "page_no": 18
  },
  {
    "question": "6",
    "text": "6aii",
    "x": 163,
    "y": 245,
    "page_width": 1754,
    "page_height": 1241,
    "page_no": 19
  },
  {
    "question": "6",
    "text": "6b",
    "x": 163,
    "y": 192,
    "page_width": 1754,
    "page_height": 1241,
    "page_no": 20
  },
  {
    "question": "6",
    "text": "6c",
    "x": 164,
    "y": 194,
    "page_width": 1754,
    "page_height": 1241,
    "page_no": 21
  },
  {
    "question": "7",
    "text": "7a",
    "x": 163,
    "y": 192,
    "page_width": 1754,
    "page_height": 1241,
    "page_no": 23
  },
  {
    "question": "7",
    "text": "7bi",
    "x": 163,
    "y": 528,
    "page_width": 1754,
    "page_height": 1241,
    "page_no": 23
  },
  {
    "question": "7",
    "text": "7b",
    "x": 163,
    "y": 192,
    "page_width": 1754,
    "page_height": 1241,
    "page_no": 24
  },
  {
    "question": "7",
    "text": "7ci",
    "x": 163,
    "y": 166,
    "page_width": 1754,
    "page_height": 1241,
    "page_no": 25
  },
  {
    "question": "7",
    "text": "7cii",
    "x": 163,
    "y": 166,
    "page_width": 1754,
    "page_height": 1241,
    "page_no": 26
  },
  {
    "question": "8",
    "text": "8a",
    "x": 163,
    "y": 160,
    "page_width": 1754,
    "page_height": 1241,
    "page_no": 27
  },
  {
    "question": "8",
    "text": "8b",
    "x": 163,
    "y": 109,
    "page_width": 1754,
    "page_height": 1241,
    "page_no": 28
  },
  {
    "question": "8",
    "text": "8ci",
    "x": 163,
    "y": 636,
    "page_width": 1754,
    "page_height": 1241,
    "page_no": 28
  },
  {
    "question": "8",
    "text": "8cii",
    "x": 163,
    "y": 105,
    "page_width": 1754,
    "page_height": 1241,
    "page_no": 29
  },
  {
    "question": "8",
    "text": "8di",
    "x": 163,
    "y": 612,
    "page_width": 1754,
    "page_height": 1241,
    "page_no": 29
  },
  {
    "question": "8",
    "text": "8dii",
    "x": 164,
    "y": 194,
    "page_width": 1754,
    "page_height": 1241,
    "page_no": 30
  },
  {
    "question": "8",
    "text": "8diii",
    "x": 163,
    "y": 758,
    "page_width": 1754,
    "page_height": 1241,
    "page_no": 31
  }
]