[
  {
    "question": "1",
    "text": "1.",
    "x": 115,
    "y": 283,
    "page_width": 1241,
    "page_height": 1754,
    "page_no": 4
  },
  {
    "question": "2",
    "text": "2.",
    "x": 114,
    "y": 345,
    "page_width": 1241,
    "page_height": 1754,
    "page_no": 4
  },
  {
    "question": "3",
    "text": "3.",
    "x": 113,
    "y": 158,
    "page_width": 1241,
    "page_height": 1754,
    "page_no": 5
  },
  {
    "question": "1",
    "text": "1,",
    "x": 115,
    "y": 283,
    "page_width": 1241,
    "page_height": 1754,
    "page_no": 6
  },
  {
    "question": "2",
    "text": "2.",
    "x": 114,
    "y": 431,
    "page_width": 1241,
    "page_height": 1754,
    "page_no": 6
  },
  {
    "question": "3",
    "text": "3.",
    "x": 113,
    "y": 525,
    "page_width": 1241,
    "page_height": 1754,
    "page_no": 6
  },
  {
    "question": "1",
    "text": "1.",
    "x": 115,
    "y": 694,
    "page_width": 1241,
    "page_height": 1754,
    "page_no": 6
  },
  {
    "question": "2",
    "text": "2.",
    "x": 114,
    "y": 798,
    "page_width": 1241,
    "page_height": 1754,
    "page_no": 6
  },
  {
    "question": "5",
    "text": "5.",
    "x": 151,
    "y": 970,
    "page_width": 1241,
    "page_height": 1754,
    "page_no": 5
  },
  {
    "question": "6",
    "text": "6.",
    "x": 151,
    "y": 1063,
    "page_width": 1241,
    "page_height": 1754,
    "page_no": 5
  },
  {
    "question": "7",
    "text": "7.",
    "x": 151,
    "y": 1220,
    "page_width": 1241,
    "page_height": 1754,
    "page_no": 5
  },
  {
    "question": "5",
    "text": "5",
    "x": 155,
    "y": 743,
    "page_width": 1241,
    "page_height": 1754,
    "page_no": 10
  }
]