[
  {
    "question": "4",
    "text": "4a",
    "x": 87,
    "y": 282,
    "page_width": 1241,
    "page_height": 1754,
    "page_no": 3
  },
  {
    "question": "4",
    "text": "4",
    "x": 87,
    "y": 676,
    "page_width": 1241,
    "page_height": 1754,
    "page_no": 3
  },
  {
    "question": "2",
    "text": "2a",
    "x": 86,
    "y": 226,
    "page_width": 1241,
    "page_height": 1754,
    "page_no": 4
  },
  {
    "question": "2",
    "text": "2b",
    "x": 86,
    "y": 817,
    "page_width": 1241,
    "page_height": 1754,
    "page_no": 4
  },
  {
    "question": "3",
    "text": "3a",
    "x": 86,
    "y": 279,
    "page_width": 1241,
    "page_height": 1754,
    "page_no": 5
  },
  {
    "question": "3",
    "text": "3b",
    "x": 86,
    "y": 754,
    "page_width": 1241,
    "page_height": 1754,
    "page_no": 5
  },
  {
    "question": "4",
    "text": "4",
    "x": 86,
    "y": 254,
    "page_width": 1241,
    "page_height": 1754,
    "page_no": 6
  },
  {
    "question": "4",
    "text": "4b",
    "x": 86,
    "y": 720,
    "page_width": 1241,
    "page_height": 1754,
    "page_no": 7
  },
  {
    "question": "5",
    "text": "5a",
    "x": 86,
    "y": 226,
    "page_width": 1241,
    "page_height": 1754,
    "page_no": 8
  },
  {
    "question": "5",
    "text": "5b",
    "x": 86,
    "y": 813,
    "page_width": 1241,
    "page_height": 1754,
    "page_no": 8
  },
  {
    "question": "7",
    "text": "7",
    "x": 86,
    "y": 282,
    "page_width": 1241,
    "page_height": 1754,
    "page_no": 11
  },
  {
    "question": "8",
    "text": "8",
    "x": 86,
    "y": 700,
    "page_width": 1241,
    "page_height": 1754,
    "page_no": 11
  },
  {
    "question": "8",
    "text": "8",
    "x": 86,
    "y": 226,
    "page_width": 1241,
    "page_height": 1754,
    "page_no": 12
  },
  {
    "question": "8",
    "text": "8",
    "x": 86,
    "y": 785,
    "page_width": 1241,
    "page_height": 1754,
    "page_no": 12
  },
  {
    "question": "9",
    "text": "9",
    "x": 86,
    "y": 226,
    "page_width": 1241,
    "page_height": 1754,
    "page_no": 13
  },
  {
    "question": "9",
    "text": "9",
    "x": 86,
    "y": 226,
    "page_width": 1241,
    "page_height": 1754,
    "page_no": 14
  },
  {
    "question": "9",
    "text": "9",
    "x": 86,
    "y": 245,
    "page_width": 1241,
    "page_height": 1754,
    "page_no": 15
  },
  {
    "question": "10",
    "text": "10",
    "x": 87,
    "y": 226,
    "page_width": 1241,
    "page_height": 1754,
    "page_no": 16
  }
]