[
  {
    "question": 0,
    "x": 90,
    "y": 868,
    "page_no": 17,
    "page_width": 1241,
    "page_height": 1754
  },
  {
    "question": 19,
    "x": 97,
    "y": 214,
    "page_no": 14,
    "page_width": 1241,
    "page_height": 1754
  },
  {
    "question": 18,
    "x": 111,
    "y": 170,
    "page_no": 13,
    "page_width": 1241,
    "page_height": 1754
  },
  {
    "question": "1",
    "text": "1",
    "x": 104,
    "y": 220,
    "page_width": 1241,
    "page_height": 1754,
    "page_no": 5
  },
  {
    "question": "2",
    "text": "2",
    "x": 102,
    "y": 352,
    "page_width": 1241,
    "page_height": 1754,
    "page_no": 5
  },
  {
    "question": "3",
    "text": "3",
    "x": 102,
    "y": 407,
    "page_width": 1241,
    "page_height": 1754,
    "page_no": 5
  },
  {
    "question": "4",
    "text": "4",
    "x": 102,
    "y": 476,
    "page_width": 1241,
    "page_height": 1754,
    "page_no": 5
  },
  {
    "question": "5",
    "text": "5",
    "x": 102,
    "y": 549,
    "page_width": 1241,
    "page_height": 1754,
    "page_no": 5
  },
  {
    "question": "6",
    "text": "6",
    "x": 102,
    "y": 603,
    "page_width": 1241,
    "page_height": 1754,
    "page_no": 5
  },
  {
    "question": "7",
    "text": "7",
    "x": 102,
    "y": 736,
    "page_width": 1241,
    "page_height": 1754,
    "page_no": 5
  },
  {
    "question": "8",
    "text": "8",
    "x": 102,
    "y": 868,
    "page_width": 1241,
    "page_height": 1754,
    "page_no": 5
  },
  {
    "question": "9",
    "text": "9",
    "x": 102,
    "y": 943,
    "page_width": 1241,
    "page_height": 1754,
    "page_no": 5
  },
  {
    "question": "10",
    "text": "10",
    "x": 104,
    "y": 1076,
    "page_width": 1241,
    "page_height": 1754,
    "page_no": 5
  },
  {
    "question": "11",
    "text": "11a",
    "x": 104,
    "y": 204,
    "page_width": 1241,
    "page_height": 1754,
    "page_no": 6
  },
  {
    "question": "12",
    "text": "12a",
    "x": 104,
    "y": 175,
    "page_width": 1241,
    "page_height": 1754,
    "page_no": 7
  },
  {
    "question": "13",
    "text": "13",
    "x": 104,
    "y": 175,
    "page_width": 1241,
    "page_height": 1754,
    "page_no": 8
  },
  {
    "question": "14",
    "text": "14a",
    "x": 104,
    "y": 175,
    "page_width": 1241,
    "page_height": 1754,
    "page_no": 9
  },
  {
    "question": "15",
    "text": "15a",
    "x": 104,
    "y": 223,
    "page_width": 1241,
    "page_height": 1754,
    "page_no": 10
  },
  {
    "question": "16",
    "text": "16a",
    "x": 104,
    "y": 176,
    "page_width": 1241,
    "page_height": 1754,
    "page_no": 11
  },
  {
    "question": "17",
    "text": "17a",
    "x": 102,
    "y": 176,
    "page_width": 1241,
    "page_height": 1754,
    "page_no": 12
  },
  {
    "question": "20",
    "text": "20a",
    "x": 102,
    "y": 175,
    "page_width": 1241,
    "page_height": 1754,
    "page_no": 15
  },
  {
    "question": "21",
    "text": "21ai",
    "x": 102,
    "y": 175,
    "page_width": 1241,
    "page_height": 1754,
    "page_no": 16
  },
  {
    "question": "21",
    "text": "21aii",
    "x": 102,
    "y": 515,
    "page_width": 1241,
    "page_height": 1754,
    "page_no": 16
  }
]