[
  {
    "question": "1",
    "text": "1a",
    "x": 87,
    "y": 320,
    "page_width": 1241,
    "page_height": 1754,
    "page_no": 4
  },
  {
    "question": "4",
    "text": "4b",
    "x": 87,
    "y": 846,
    "page_width": 1241,
    "page_height": 1754,
    "page_no": 4
  },
  {
    "question": "2",
    "text": "2a",
    "x": 86,
    "y": 226,
    "page_width": 1241,
    "page_height": 1754,
    "page_no": 5
  },
  {
    "question": "2",
    "text": "2b",
    "x": 86,
    "y": 776,
    "page_width": 1241,
    "page_height": 1754,
    "page_no": 5
  },
  {
    "question": "3",
    "text": "3",
    "x": 87,
    "y": 226,
    "page_width": 1241,
    "page_height": 1754,
    "page_no": 6
  },
  {
    "question": "4",
    "text": "4b",
    "x": 86,
    "y": 1190,
    "page_width": 1241,
    "page_height": 1754,
    "page_no": 6
  },
  {
    "question": "6",
    "text": "6a",
    "x": 86,
    "y": 365,
    "page_width": 1241,
    "page_height": 1754,
    "page_no": 9
  },
  {
    "question": "6",
    "text": "6b",
    "x": 86,
    "y": 942,
    "page_width": 1241,
    "page_height": 1754,
    "page_no": 9
  },
  {
    "question": "7",
    "text": "7a",
    "x": 86,
    "y": 226,
    "page_width": 1241,
    "page_height": 1754,
    "page_no": 10
  },
  {
    "question": "7",
    "text": "7b",
    "x": 86,
    "y": 860,
    "page_width": 1241,
    "page_height": 1754,
    "page_no": 10
  },
  {
    "question": "8",
    "text": "8ai",
    "x": 86,
    "y": 253,
    "page_width": 1241,
    "page_height": 1754,
    "page_no": 11
  },
  {
    "question": "8",
    "text": "8aii",
    "x": 86,
    "y": 211,
    "page_width": 1241,
    "page_height": 1754,
    "page_no": 12
  },
  {
    "question": "8",
    "text": "8b",
    "x": 86,
    "y": 699,
    "page_width": 1241,
    "page_height": 1754,
    "page_no": 12
  }
]