[
  {
    "question": "20",
    "text": "2020",
    "x": 129,
    "y": 1333,
    "page_width": 1241,
    "page_height": 1754,
    "page_no": 2
  },
  {
    "question": "2",
    "text": "2.a",
    "x": 124,
    "y": 238,
    "page_width": 1241,
    "page_height": 1754,
    "page_no": 8
  },
  {
    "question": "3",
    "text": "3.a",
    "x": 124,
    "y": 243,
    "page_width": 1241,
    "page_height": 1754,
    "page_no": 9
  },
  {
    "question": "5",
    "text": "5",
    "x": 128,
    "y": 224,
    "page_width": 1241,
    "page_height": 1754,
    "page_no": 12
  },
  {
    "question": "7",
    "text": "7",
    "x": 128,
    "y": 240,
    "page_width": 1241,
    "page_height": 1754,
    "page_no": 15
  },
  {
    "question": "8",
    "text": "8.",
    "x": 127,
    "y": 169,
    "page_width": 1241,
    "page_height": 1754,
    "page_no": 16
  },
  {
    "question": "1",
    "text": "1.",
    "x": 77,
    "y": 281,
    "page_width": 1241,
    "page_height": 1754,
    "page_no": 6
  },
  {
    "question": "2",
    "text": "2.",
    "x": 75,
    "y": 466,
    "page_width": 1241,
    "page_height": 1754,
    "page_no": 6
  },
  {
    "question": "3",
    "text": "3.",
    "x": 75,
    "y": 568,
    "page_width": 1241,
    "page_height": 1754,
    "page_no": 6
  },
  {
    "question": "1",
    "text": "1.",
    "x": 77,
    "y": 772,
    "page_width": 1241,
    "page_height": 1754,
    "page_no": 6
  },
  {
    "question": "2",
    "text": "2.",
    "x": 75,
    "y": 880,
    "page_width": 1241,
    "page_height": 1754,
    "page_no": 6
  },
  {
    "question": "30",
    "text": "30",
    "x": 78,
    "y": 1560,
    "page_width": 1241,
    "page_height": 1754,
    "page_no": 12
  },
  {
    "question": "1",
    "text": "1a",
    "x": 110,
    "y": 208,
    "page_width": 1241,
    "page_height": 1754,
    "page_no": 7
  },
  {
    "question": "1",
    "text": "1",
    "x": 115,
    "y": 851,
    "page_width": 1241,
    "page_height": 1754,
    "page_no": 14
  },
  {
    "question": "1",
    "text": "1:",
    "x": 115,
    "y": 124,
    "page_width": 1241,
    "page_height": 1754,
    "page_no": 17
  },
  {
    "question": "2",
    "text": "2:",
    "x": 113,
    "y": 331,
    "page_width": 1241,
    "page_height": 1754,
    "page_no": 17
  },
  {
    "question": "9",
    "text": "9.a",
    "x": 109,
    "y": 151,
    "page_width": 1241,
    "page_height": 1754,
    "page_no": 18
  },
  {
    "question": "33",
    "text": "33.7",
    "x": 150,
    "y": 242,
    "page_width": 1241,
    "page_height": 1754,
    "page_no": 10
  },
  {
    "question": "4",
    "text": "4",
    "x": 145,
    "y": 184,
    "page_width": 1241,
    "page_height": 1754,
    "page_no": 11
  },
  {
    "question": "22",
    "text": "22",
    "x": 150,
    "y": 1188,
    "page_width": 1241,
    "page_height": 1754,
    "page_no": 16
  },
  {
    "question": "88",
    "text": "8847",
    "x": 150,
    "y": 1456,
    "page_width": 1241,
    "page_height": 1754,
    "page_no": 16
  },
  {
    "question": "88",
    "text": "8847",
    "x": 150,
    "y": 273,
    "page_width": 1241,
    "page_height": 1754,
    "page_no": 17
  },
  {
    "question": "88",
    "text": "8847",
    "x": 150,
    "y": 605,
    "page_width": 1241,
    "page_height": 1754,
    "page_no": 17
  },
  {
    "question": "88",
    "text": "8847",
    "x": 150,
    "y": 810,
    "page_width": 1241,
    "page_height": 1754,
    "page_no": 17
  }
]