[
  {
    "question": "1",
    "text": "1a",
    "x": 154,
    "y": 278,
    "page_width": 1650,
    "page_height": 1275,
    "page_no": 4
  },
  {
    "question": "1",
    "text": "1b",
    "x": 154,
    "y": 249,
    "page_width": 1650,
    "page_height": 1275,
    "page_no": 5
  },
  {
    "question": "2",
    "text": "2a",
    "x": 153,
    "y": 283,
    "page_width": 1650,
    "page_height": 1275,
    "page_no": 6
  },
  {
    "question": "2",
    "text": "2b",
    "x": 153,
    "y": 664,
    "page_width": 1650,
    "page_height": 1275,
    "page_no": 6
  },
  {
    "question": "2",
    "text": "2ci",
    "x": 153,
    "y": 331,
    "page_width": 1650,
    "page_height": 1275,
    "page_no": 7
  },
  {
    "question": "2",
    "text": "2cii",
    "x": 153,
    "y": 680,
    "page_width": 1650,
    "page_height": 1275,
    "page_no": 7
  },
  {
    "question": "3",
    "text": "3a",
    "x": 153,
    "y": 282,
    "page_width": 1650,
    "page_height": 1275,
    "page_no": 8
  },
  {
    "question": "3",
    "text": "3bi",
    "x": 153,
    "y": 503,
    "page_width": 1650,
    "page_height": 1275,
    "page_no": 8
  },
  {
    "question": "3",
    "text": "3bii",
    "x": 153,
    "y": 313,
    "page_width": 1650,
    "page_height": 1275,
    "page_no": 9
  },
  {
    "question": "3",
    "text": "3ci",
    "x": 153,
    "y": 698,
    "page_width": 1650,
    "page_height": 1275,
    "page_no": 9
  },
  {
    "question": "3",
    "text": "3cii",
    "x": 154,
    "y": 345,
    "page_width": 1650,
    "page_height": 1275,
    "page_no": 10
  },
  {
    "question": "3",
    "text": "3d",
    "x": 153,
    "y": 251,
    "page_width": 1650,
    "page_height": 1275,
    "page_no": 11
  },
  {
    "question": "4",
    "text": "4a",
    "x": 153,
    "y": 252,
    "page_width": 1650,
    "page_height": 1275,
    "page_no": 12
  },
  {
    "question": "4",
    "text": "4b",
    "x": 153,
    "y": 313,
    "page_width": 1650,
    "page_height": 1275,
    "page_no": 13
  },
  {
    "question": "4",
    "text": "4d",
    "x": 153,
    "y": 536,
    "page_width": 1650,
    "page_height": 1275,
    "page_no": 14
  }
]