[
  {
    "question": 0,
    "x": 157,
    "y": 1084,
    "page_no": 15,
    "page_width": 1359,
    "page_height": 1873
  },
  {
    "question": 4,
    "x": 157,
    "y": 187,
    "page_no": 12,
    "page_width": 1359,
    "page_height": 1873
  },
  {
    "question": 3,
    "x": 151,
    "y": 189,
    "page_no": 8,
    "page_width": 1359,
    "page_height": 1873
  },
  {
    "question": 2,
    "x": 153,
    "y": 191,
    "page_no": 6,
    "page_width": 1359,
    "page_height": 1873
  },
  {
    "question": 1,
    "x": 151,
    "y": 240,
    "page_no": 3,
    "page_width": 1359,
    "page_height": 1873
  },
  {
    "question": 1,
    "x": 151,
    "y": 249,
    "page_no": 3,
    "page_width": 1359,
    "page_height": 1873
  }
]