[
  {
    "question": "1",
    "text": "1",
    "x": 161,
    "y": 253,
    "page_width": 1241,
    "page_height": 1754,
    "page_no": 4
  },
  {
    "question": "7",
    "text": "7a",
    "x": 160,
    "y": 317,
    "page_width": 1241,
    "page_height": 1754,
    "page_no": 7
  },
  {
    "question": "7",
    "text": "7b",
    "x": 160,
    "y": 286,
    "page_width": 1241,
    "page_height": 1754,
    "page_no": 8
  },
  {
    "question": "7",
    "text": "7c",
    "x": 160,
    "y": 287,
    "page_width": 1241,
    "page_height": 1754,
    "page_no": 9
  },
  {
    "question": "7",
    "text": "7e",
    "x": 160,
    "y": 318,
    "page_width": 1241,
    "page_height": 1754,
    "page_no": 12
  },
  {
    "question": "8",
    "text": "8",
    "x": 160,
    "y": 349,
    "page_width": 1241,
    "page_height": 1754,
    "page_no": 15
  },
  {
    "question": "9",
    "text": "9",
    "x": 160,
    "y": 1265,
    "page_width": 1241,
    "page_height": 1754,
    "page_no": 18
  },
  {
    "question": "10",
    "text": "10",
    "x": 161,
    "y": 161,
    "page_width": 1241,
    "page_height": 1754,
    "page_no": 22
  }
]