[
  {
    "question": "20",
    "text": "2022",
    "x": 148,
    "y": 1374,
    "page_width": 1241,
    "page_height": 1754,
    "page_no": 2
  },
  {
    "question": "7",
    "text": "7Tx-1",
    "x": 149,
    "y": 1584,
    "page_width": 1241,
    "page_height": 1754,
    "page_no": 7
  },
  {
    "question": "12",
    "text": "12x76",
    "x": 144,
    "y": 909,
    "page_width": 1241,
    "page_height": 1754,
    "page_no": 9
  },
  {
    "question": "28",
    "text": "28",
    "x": 146,
    "y": 1549,
    "page_width": 1241,
    "page_height": 1754,
    "page_no": 12
  },
  {
    "question": "4",
    "text": "4",
    "x": 147,
    "y": 1027,
    "page_width": 1241,
    "page_height": 1754,
    "page_no": 14
  },
  {
    "question": "23",
    "text": "23042",
    "x": 149,
    "y": 1429,
    "page_width": 1241,
    "page_height": 1754,
    "page_no": 20
  },
  {
    "question": "1",
    "text": "1.",
    "x": 115,
    "y": 283,
    "page_width": 1241,
    "page_height": 1754,
    "page_no": 4
  },
  {
    "question": "2",
    "text": "2.",
    "x": 114,
    "y": 345,
    "page_width": 1241,
    "page_height": 1754,
    "page_no": 4
  },
  {
    "question": "1",
    "text": "1",
    "x": 114,
    "y": 191,
    "page_width": 1241,
    "page_height": 1754,
    "page_no": 7
  },
  {
    "question": "1",
    "text": "1",
    "x": 112,
    "y": 965,
    "page_width": 1241,
    "page_height": 1754,
    "page_no": 11
  },
  {
    "question": "5",
    "text": "5.",
    "x": 109,
    "y": 217,
    "page_width": 1241,
    "page_height": 1754,
    "page_no": 12
  },
  {
    "question": "8",
    "text": "8",
    "x": 112,
    "y": 201,
    "page_width": 1241,
    "page_height": 1754,
    "page_no": 16
  },
  {
    "question": "9",
    "text": "9",
    "x": 112,
    "y": 215,
    "page_width": 1241,
    "page_height": 1754,
    "page_no": 17
  },
  {
    "question": "50",
    "text": "504",
    "x": 115,
    "y": 200,
    "page_width": 1241,
    "page_height": 1754,
    "page_no": 20
  },
  {
    "question": "4",
    "text": "4.",
    "x": 97,
    "y": 796,
    "page_width": 1241,
    "page_height": 1754,
    "page_no": 5
  },
  {
    "question": "5",
    "text": "5.",
    "x": 98,
    "y": 953,
    "page_width": 1241,
    "page_height": 1754,
    "page_no": 5
  },
  {
    "question": "6",
    "text": "6.",
    "x": 98,
    "y": 1045,
    "page_width": 1241,
    "page_height": 1754,
    "page_no": 5
  },
  {
    "question": "7",
    "text": "7.",
    "x": 97,
    "y": 1202,
    "page_width": 1241,
    "page_height": 1754,
    "page_no": 5
  },
  {
    "question": "4",
    "text": "4a",
    "x": 97,
    "y": 209,
    "page_width": 1241,
    "page_height": 1754,
    "page_no": 10
  },
  {
    "question": "4",
    "text": "4",
    "x": 98,
    "y": 1287,
    "page_width": 1241,
    "page_height": 1754,
    "page_no": 10
  },
  {
    "question": "7",
    "text": "7i",
    "x": 98,
    "y": 191,
    "page_width": 1241,
    "page_height": 1754,
    "page_no": 14
  },
  {
    "question": "1",
    "text": "1,",
    "x": 76,
    "y": 235,
    "page_width": 1241,
    "page_height": 1754,
    "page_no": 6
  },
  {
    "question": "2",
    "text": "2.",
    "x": 75,
    "y": 382,
    "page_width": 1241,
    "page_height": 1754,
    "page_no": 6
  },
  {
    "question": "3",
    "text": "3.",
    "x": 75,
    "y": 475,
    "page_width": 1241,
    "page_height": 1754,
    "page_no": 6
  },
  {
    "question": "1",
    "text": "1.",
    "x": 76,
    "y": 645,
    "page_width": 1241,
    "page_height": 1754,
    "page_no": 6
  },
  {
    "question": "2",
    "text": "2.",
    "x": 75,
    "y": 748,
    "page_width": 1241,
    "page_height": 1754,
    "page_no": 6
  },
  {
    "question": "2",
    "text": "2a",
    "x": 94,
    "y": 203,
    "page_width": 1241,
    "page_height": 1754,
    "page_no": 8
  },
  {
    "question": "3",
    "text": "3a",
    "x": 94,
    "y": 187,
    "page_width": 1241,
    "page_height": 1754,
    "page_no": 9
  },
  {
    "question": "6",
    "text": "6@",
    "x": 94,
    "y": 175,
    "page_width": 1241,
    "page_height": 1754,
    "page_no": 13
  },
  {
    "question": "10",
    "text": "10",
    "x": 90,
    "y": 175,
    "page_width": 1241,
    "page_height": 1754,
    "page_no": 19
  },
  {
    "question": "11",
    "text": "11",
    "x": 90,
    "y": 213,
    "page_width": 1241,
    "page_height": 1754,
    "page_no": 21
  },
  {
    "question": "1",
    "text": "1",
    "x": 62,
    "y": 1137,
    "page_width": 1241,
    "page_height": 1754,
    "page_no": 10
  },
  {
    "question": "2",
    "text": "2ndM1:",
    "x": 60,
    "y": 1307,
    "page_width": 1241,
    "page_height": 1754,
    "page_no": 15
  },
  {
    "question": "3",
    "text": "3x-\u00bbx+y",
    "x": 63,
    "y": 1068,
    "page_width": 1241,
    "page_height": 1754,
    "page_no": 16
  },
  {
    "question": "10",
    "text": "10+",
    "x": 63,
    "y": 1416,
    "page_width": 1241,
    "page_height": 1754,
    "page_no": 17
  },
  {
    "question": "3",
    "text": "3x+y",
    "x": 63,
    "y": 514,
    "page_width": 1241,
    "page_height": 1754,
    "page_no": 22
  },
  {
    "question": "47",
    "text": "47+",
    "x": 153,
    "y": 800,
    "page_width": 1241,
    "page_height": 1754,
    "page_no": 11
  },
  {
    "question": "12",
    "text": "12",
    "x": 155,
    "y": 965,
    "page_width": 1241,
    "page_height": 1754,
    "page_no": 11
  },
  {
    "question": "4",
    "text": "4\u00b0",
    "x": 153,
    "y": 1194,
    "page_width": 1241,
    "page_height": 1754,
    "page_no": 11
  },
  {
    "question": "43",
    "text": "43\u00b0",
    "x": 152,
    "y": 1492,
    "page_width": 1241,
    "page_height": 1754,
    "page_no": 12
  }
]