[
  {
    "question": 10,
    "x": 138,
    "y": 1189,
    "page_no": 6,
    "page_width": 1241,
    "page_height": 1754
  },
  {
    "question": 9,
    "x": 134,
    "y": 1121,
    "page_no": 6,
    "page_width": 1241,
    "page_height": 1754
  },
  {
    "question": 8,
    "x": 134,
    "y": 1072,
    "page_no": 6,
    "page_width": 1241,
    "page_height": 1754
  },
  {
    "question": 7,
    "x": 133,
    "y": 935,
    "page_no": 6,
    "page_width": 1241,
    "page_height": 1754
  },
  {
    "question": 6,
    "x": 133,
    "y": 796,
    "page_no": 6,
    "page_width": 1241,
    "page_height": 1754
  },
  {
    "question": 5,
    "x": 131,
    "y": 763,
    "page_no": 6,
    "page_width": 1241,
    "page_height": 1754
  },
  {
    "question": 4,
    "x": 134,
    "y": 631,
    "page_no": 6,
    "page_width": 1241,
    "page_height": 1754
  },
  {
    "question": 3,
    "x": 131,
    "y": 491,
    "page_no": 6,
    "page_width": 1241,
    "page_height": 1754
  },
  {
    "question": 2,
    "x": 134,
    "y": 365,
    "page_no": 6,
    "page_width": 1241,
    "page_height": 1754
  },
  {
    "question": 1,
    "x": 133,
    "y": 226,
    "page_no": 6,
    "page_width": 1241,
    "page_height": 1754
  },
  {
    "question": 0,
    "x": 120,
    "y": 572,
    "page_no": 19,
    "page_width": 1241,
    "page_height": 1754
  },
  {
    "question": 15,
    "x": 134,
    "y": 214,
    "page_no": 12,
    "page_width": 1241,
    "page_height": 1754
  },
  {
    "question": 14,
    "x": 136,
    "y": 214,
    "page_no": 10,
    "page_width": 1241,
    "page_height": 1754
  },
  {
    "question": "11",
    "text": "11a",
    "x": 132,
    "y": 211,
    "page_width": 1241,
    "page_height": 1754,
    "page_no": 7
  },
  {
    "question": "12",
    "text": "12a",
    "x": 132,
    "y": 211,
    "page_width": 1241,
    "page_height": 1754,
    "page_no": 8
  },
  {
    "question": "13",
    "text": "13",
    "x": 132,
    "y": 211,
    "page_width": 1241,
    "page_height": 1754,
    "page_no": 9
  },
  {
    "question": "16",
    "text": "16@",
    "x": 132,
    "y": 211,
    "page_width": 1241,
    "page_height": 1754,
    "page_no": 13
  },
  {
    "question": "17",
    "text": "17a",
    "x": 132,
    "y": 211,
    "page_width": 1241,
    "page_height": 1754,
    "page_no": 15
  },
  {
    "question": "18",
    "text": "18a",
    "x": 132,
    "y": 211,
    "page_width": 1241,
    "page_height": 1754,
    "page_no": 16
  },
  {
    "question": "19",
    "text": "19a",
    "x": 132,
    "y": 211,
    "page_width": 1241,
    "page_height": 1754,
    "page_no": 18
  },
  {
    "question": "19",
    "text": "19c",
    "x": 132,
    "y": 157,
    "page_width": 1241,
    "page_height": 1754,
    "page_no": 19
  }
]