[
  {
    "question": 0,
    "x": 118,
    "y": 1389,
    "page_no": 16,
    "page_width": 1241,
    "page_height": 1754
  },
  {
    "question": 16,
    "x": 136,
    "y": 207,
    "page_no": 14,
    "page_width": 1241,
    "page_height": 1754
  },
  {
    "question": 11,
    "x": 133,
    "y": 233,
    "page_no": 8,
    "page_width": 1241,
    "page_height": 1754
  },
  {
    "question": 9,
    "x": 131,
    "y": 154,
    "page_no": 7,
    "page_width": 1241,
    "page_height": 1754
  },
  {
    "question": 8,
    "x": 133,
    "y": 1419,
    "page_no": 6,
    "page_width": 1241,
    "page_height": 1754
  },
  {
    "question": 7,
    "x": 134,
    "y": 1289,
    "page_no": 6,
    "page_width": 1241,
    "page_height": 1754
  },
  {
    "question": 6,
    "x": 133,
    "y": 1159,
    "page_no": 6,
    "page_width": 1241,
    "page_height": 1754
  },
  {
    "question": 5,
    "x": 131,
    "y": 919,
    "page_no": 6,
    "page_width": 1241,
    "page_height": 1754
  },
  {
    "question": 4,
    "x": 133,
    "y": 793,
    "page_no": 6,
    "page_width": 1241,
    "page_height": 1754
  },
  {
    "question": 3,
    "x": 134,
    "y": 631,
    "page_no": 6,
    "page_width": 1241,
    "page_height": 1754
  },
  {
    "question": 2,
    "x": 131,
    "y": 467,
    "page_no": 6,
    "page_width": 1241,
    "page_height": 1754
  },
  {
    "question": "1",
    "text": "1",
    "x": 132,
    "y": 231,
    "page_width": 1241,
    "page_height": 1754,
    "page_no": 6
  },
  {
    "question": "10",
    "text": "10",
    "x": 132,
    "y": 368,
    "page_width": 1241,
    "page_height": 1754,
    "page_no": 7
  },
  {
    "question": "12",
    "text": "12a",
    "x": 132,
    "y": 236,
    "page_width": 1241,
    "page_height": 1754,
    "page_no": 9
  },
  {
    "question": "13",
    "text": "13a",
    "x": 132,
    "y": 210,
    "page_width": 1241,
    "page_height": 1754,
    "page_no": 10
  },
  {
    "question": "14",
    "text": "14a",
    "x": 132,
    "y": 236,
    "page_width": 1241,
    "page_height": 1754,
    "page_no": 12
  },
  {
    "question": "15",
    "text": "15a",
    "x": 133,
    "y": 266,
    "page_width": 1241,
    "page_height": 1754,
    "page_no": 13
  },
  {
    "question": "17",
    "text": "17a",
    "x": 132,
    "y": 237,
    "page_width": 1241,
    "page_height": 1754,
    "page_no": 15
  },
  {
    "question": "18",
    "text": "18a",
    "x": 132,
    "y": 236,
    "page_width": 1241,
    "page_height": 1754,
    "page_no": 16
  },
  {
    "question": "18",
    "text": "18\u00a2",
    "x": 133,
    "y": 1151,
    "page_width": 1241,
    "page_height": 1754,
    "page_no": 16
  }
]