[
  {
    "question": "2",
    "text": "2.a",
    "x": 122,
    "y": 259,
    "page_width": 1241,
    "page_height": 1754,
    "page_no": 9
  },
  {
    "question": "3",
    "text": "3.",
    "x": 119,
    "y": 250,
    "page_width": 1241,
    "page_height": 1754,
    "page_no": 10
  },
  {
    "question": "4",
    "text": "4.a",
    "x": 122,
    "y": 249,
    "page_width": 1241,
    "page_height": 1754,
    "page_no": 12
  },
  {
    "question": "5",
    "text": "5.a",
    "x": 122,
    "y": 250,
    "page_width": 1241,
    "page_height": 1754,
    "page_no": 14
  },
  {
    "question": "7",
    "text": "7.",
    "x": 122,
    "y": 230,
    "page_width": 1241,
    "page_height": 1754,
    "page_no": 17
  },
  {
    "question": "8",
    "text": "8",
    "x": 122,
    "y": 240,
    "page_width": 1241,
    "page_height": 1754,
    "page_no": 19
  },
  {
    "question": "9",
    "text": "9.a",
    "x": 122,
    "y": 259,
    "page_width": 1241,
    "page_height": 1754,
    "page_no": 21
  },
  {
    "question": "9",
    "text": "9.a",
    "x": 122,
    "y": 259,
    "page_width": 1241,
    "page_height": 1754,
    "page_no": 22
  },
  {
    "question": "9",
    "text": "9.a",
    "x": 122,
    "y": 896,
    "page_width": 1241,
    "page_height": 1754,
    "page_no": 22
  },
  {
    "question": "10",
    "text": "10",
    "x": 120,
    "y": 245,
    "page_width": 1241,
    "page_height": 1754,
    "page_no": 23
  }
]