[
  {
    "question": "1",
    "text": "1b",
    "x": 164,
    "y": 501,
    "page_width": 1754,
    "page_height": 1241,
    "page_no": 4
  },
  {
    "question": "1",
    "text": "1\u00a9",
    "x": 164,
    "y": 788,
    "page_width": 1754,
    "page_height": 1241,
    "page_no": 4
  },
  {
    "question": "2",
    "text": "2",
    "x": 163,
    "y": 216,
    "page_width": 1754,
    "page_height": 1241,
    "page_no": 5
  },
  {
    "question": "3",
    "text": "3",
    "x": 162,
    "y": 503,
    "page_width": 1754,
    "page_height": 1241,
    "page_no": 5
  },
  {
    "question": "4",
    "text": "4",
    "x": 162,
    "y": 819,
    "page_width": 1754,
    "page_height": 1241,
    "page_no": 5
  },
  {
    "question": "5",
    "text": "5",
    "x": 163,
    "y": 216,
    "page_width": 1754,
    "page_height": 1241,
    "page_no": 6
  },
  {
    "question": "6",
    "text": "6",
    "x": 163,
    "y": 472,
    "page_width": 1754,
    "page_height": 1241,
    "page_no": 6
  },
  {
    "question": "7",
    "text": "7",
    "x": 163,
    "y": 758,
    "page_width": 1754,
    "page_height": 1241,
    "page_no": 6
  },
  {
    "question": "8",
    "text": "8",
    "x": 163,
    "y": 216,
    "page_width": 1754,
    "page_height": 1241,
    "page_no": 7
  },
  {
    "question": "9",
    "text": "9",
    "x": 163,
    "y": 489,
    "page_width": 1754,
    "page_height": 1241,
    "page_no": 7
  },
  {
    "question": "10",
    "text": "10",
    "x": 164,
    "y": 762,
    "page_width": 1754,
    "page_height": 1241,
    "page_no": 7
  },
  {
    "question": "11",
    "text": "11",
    "x": 164,
    "y": 216,
    "page_width": 1754,
    "page_height": 1241,
    "page_no": 8
  },
  {
    "question": "2",
    "text": "2",
    "x": 164,
    "y": 462,
    "page_width": 1754,
    "page_height": 1241,
    "page_no": 8
  },
  {
    "question": "13",
    "text": "13",
    "x": 164,
    "y": 720,
    "page_width": 1754,
    "page_height": 1241,
    "page_no": 8
  },
  {
    "question": "15",
    "text": "15",
    "x": 164,
    "y": 472,
    "page_width": 1754,
    "page_height": 1241,
    "page_no": 9
  },
  {
    "question": "16",
    "text": "16",
    "x": 164,
    "y": 729,
    "page_width": 1754,
    "page_height": 1241,
    "page_no": 9
  },
  {
    "question": "17",
    "text": "17a",
    "x": 164,
    "y": 216,
    "page_width": 1754,
    "page_height": 1241,
    "page_no": 10
  },
  {
    "question": "17",
    "text": "17b",
    "x": 164,
    "y": 472,
    "page_width": 1754,
    "page_height": 1241,
    "page_no": 10
  },
  {
    "question": "18",
    "text": "18a",
    "x": 119,
    "y": 271,
    "page_width": 1754,
    "page_height": 1241,
    "page_no": 11
  },
  {
    "question": "18",
    "text": "18b",
    "x": 119,
    "y": 213,
    "page_width": 1754,
    "page_height": 1241,
    "page_no": 12
  },
  {
    "question": "18",
    "text": "18ci",
    "x": 119,
    "y": 213,
    "page_width": 1754,
    "page_height": 1241,
    "page_no": 13
  },
  {
    "question": "18",
    "text": "18cii",
    "x": 119,
    "y": 242,
    "page_width": 1754,
    "page_height": 1241,
    "page_no": 14
  },
  {
    "question": "19",
    "text": "19a",
    "x": 119,
    "y": 213,
    "page_width": 1754,
    "page_height": 1241,
    "page_no": 15
  },
  {
    "question": "19",
    "text": "19bi",
    "x": 119,
    "y": 984,
    "page_width": 1754,
    "page_height": 1241,
    "page_no": 15
  },
  {
    "question": "19",
    "text": "19b",
    "x": 119,
    "y": 238,
    "page_width": 1754,
    "page_height": 1241,
    "page_no": 16
  },
  {
    "question": "19",
    "text": "19b",
    "x": 119,
    "y": 238,
    "page_width": 1754,
    "page_height": 1241,
    "page_no": 17
  },
  {
    "question": "19",
    "text": "19c",
    "x": 119,
    "y": 213,
    "page_width": 1754,
    "page_height": 1241,
    "page_no": 18
  },
  {
    "question": "20",
    "text": "20a",
    "x": 118,
    "y": 213,
    "page_width": 1754,
    "page_height": 1241,
    "page_no": 19
  },
  {
    "question": "20",
    "text": "20b",
    "x": 118,
    "y": 504,
    "page_width": 1754,
    "page_height": 1241,
    "page_no": 19
  },
  {
    "question": "20",
    "text": "20\u00a2",
    "x": 118,
    "y": 213,
    "page_width": 1754,
    "page_height": 1241,
    "page_no": 20
  },
  {
    "question": "20",
    "text": "20cii",
    "x": 118,
    "y": 213,
    "page_width": 1754,
    "page_height": 1241,
    "page_no": 21
  },
  {
    "question": "20",
    "text": "20di",
    "x": 118,
    "y": 213,
    "page_width": 1754,
    "page_height": 1241,
    "page_no": 22
  },
  {
    "question": "20",
    "text": "20dii",
    "x": 118,
    "y": 670,
    "page_width": 1754,
    "page_height": 1241,
    "page_no": 22
  },
  {
    "question": "21",
    "text": "21",
    "x": 118,
    "y": 213,
    "page_width": 1754,
    "page_height": 1241,
    "page_no": 23
  },
  {
    "question": "22",
    "text": "22ai",
    "x": 118,
    "y": 271,
    "page_width": 1754,
    "page_height": 1241,
    "page_no": 25
  },
  {
    "question": "22",
    "text": "22aii",
    "x": 118,
    "y": 730,
    "page_width": 1754,
    "page_height": 1241,
    "page_no": 25
  },
  {
    "question": "22",
    "text": "22aiii",
    "x": 118,
    "y": 209,
    "page_width": 1754,
    "page_height": 1241,
    "page_no": 26
  },
  {
    "question": "22",
    "text": "22bi",
    "x": 118,
    "y": 623,
    "page_width": 1754,
    "page_height": 1241,
    "page_no": 26
  },
  {
    "question": "22",
    "text": "22b",
    "x": 118,
    "y": 242,
    "page_width": 1754,
    "page_height": 1241,
    "page_no": 27
  },
  {
    "question": "22",
    "text": "22b",
    "x": 118,
    "y": 615,
    "page_width": 1754,
    "page_height": 1241,
    "page_no": 27
  },
  {
    "question": "22",
    "text": "22c",
    "x": 118,
    "y": 242,
    "page_width": 1754,
    "page_height": 1241,
    "page_no": 28
  },
  {
    "question": "22",
    "text": "22di",
    "x": 118,
    "y": 213,
    "page_width": 1754,
    "page_height": 1241,
    "page_no": 29
  },
  {
    "question": "22",
    "text": "22dii",
    "x": 118,
    "y": 240,
    "page_width": 1754,
    "page_height": 1241,
    "page_no": 30
  },
  {
    "question": "22",
    "text": "22e",
    "x": 118,
    "y": 501,
    "page_width": 1754,
    "page_height": 1241,
    "page_no": 30
  },
  {
    "question": "22",
    "text": "22eii",
    "x": 118,
    "y": 238,
    "page_width": 1754,
    "page_height": 1241,
    "page_no": 31
  },
  {
    "question": "22",
    "text": "22f",
    "x": 118,
    "y": 615,
    "page_width": 1754,
    "page_height": 1241,
    "page_no": 31
  },
  {
    "question": "22",
    "text": "22g",
    "x": 118,
    "y": 213,
    "page_width": 1754,
    "page_height": 1241,
    "page_no": 32
  },
  {
    "question": "22",
    "text": "22gii",
    "x": 118,
    "y": 948,
    "page_width": 1754,
    "page_height": 1241,
    "page_no": 32
  },
  {
    "question": "22",
    "text": "22h",
    "x": 118,
    "y": 242,
    "page_width": 1754,
    "page_height": 1241,
    "page_no": 33
  }
]