[
  {
    "question": "1",
    "text": "1a",
    "x": 87,
    "y": 311,
    "page_width": 1241,
    "page_height": 1754,
    "page_no": 4
  },
  {
    "question": "1",
    "text": "1b",
    "x": 87,
    "y": 703,
    "page_width": 1241,
    "page_height": 1754,
    "page_no": 4
  },
  {
    "question": "2",
    "text": "2a",
    "x": 86,
    "y": 245,
    "page_width": 1241,
    "page_height": 1754,
    "page_no": 5
  },
  {
    "question": "2",
    "text": "2b",
    "x": 86,
    "y": 913,
    "page_width": 1241,
    "page_height": 1754,
    "page_no": 5
  },
  {
    "question": "2",
    "text": "2c",
    "x": 86,
    "y": 1266,
    "page_width": 1241,
    "page_height": 1754,
    "page_no": 5
  },
  {
    "question": "2",
    "text": "2d",
    "x": 86,
    "y": 271,
    "page_width": 1241,
    "page_height": 1754,
    "page_no": 6
  },
  {
    "question": "2",
    "text": "2e",
    "x": 86,
    "y": 996,
    "page_width": 1241,
    "page_height": 1754,
    "page_no": 6
  },
  {
    "question": "3",
    "text": "3a",
    "x": 86,
    "y": 253,
    "page_width": 1241,
    "page_height": 1754,
    "page_no": 7
  },
  {
    "question": "3",
    "text": "3b",
    "x": 86,
    "y": 808,
    "page_width": 1241,
    "page_height": 1754,
    "page_no": 7
  },
  {
    "question": "4",
    "text": "4",
    "x": 86,
    "y": 280,
    "page_width": 1241,
    "page_height": 1754,
    "page_no": 8
  },
  {
    "question": "4",
    "text": "4b",
    "x": 86,
    "y": 1031,
    "page_width": 1241,
    "page_height": 1754,
    "page_no": 8
  },
  {
    "question": "6",
    "text": "6",
    "x": 86,
    "y": 281,
    "page_width": 1241,
    "page_height": 1754,
    "page_no": 11
  },
  {
    "question": "6",
    "text": "6",
    "x": 86,
    "y": 726,
    "page_width": 1241,
    "page_height": 1754,
    "page_no": 11
  },
  {
    "question": "7",
    "text": "7",
    "x": 86,
    "y": 227,
    "page_width": 1241,
    "page_height": 1754,
    "page_no": 12
  },
  {
    "question": "7",
    "text": "7",
    "x": 86,
    "y": 832,
    "page_width": 1241,
    "page_height": 1754,
    "page_no": 12
  },
  {
    "question": "7",
    "text": "7c",
    "x": 86,
    "y": 226,
    "page_width": 1241,
    "page_height": 1754,
    "page_no": 13
  },
  {
    "question": "7",
    "text": "7",
    "x": 86,
    "y": 888,
    "page_width": 1241,
    "page_height": 1754,
    "page_no": 13
  },
  {
    "question": "7",
    "text": "7e",
    "x": 86,
    "y": 226,
    "page_width": 1241,
    "page_height": 1754,
    "page_no": 14
  },
  {
    "question": "8",
    "text": "8",
    "x": 86,
    "y": 904,
    "page_width": 1241,
    "page_height": 1754,
    "page_no": 14
  },
  {
    "question": "8",
    "text": "8",
    "x": 86,
    "y": 226,
    "page_width": 1241,
    "page_height": 1754,
    "page_no": 15
  },
  {
    "question": "9",
    "text": "9",
    "x": 86,
    "y": 868,
    "page_width": 1241,
    "page_height": 1754,
    "page_no": 15
  },
  {
    "question": "12",
    "text": "12",
    "x": 111,
    "y": 226,
    "page_width": 1241,
    "page_height": 1754,
    "page_no": 20
  },
  {
    "question": "2",
    "text": "2",
    "x": 115,
    "y": 536,
    "page_width": 1241,
    "page_height": 1754,
    "page_no": 21
  },
  {
    "question": "3",
    "text": "3",
    "x": 115,
    "y": 668,
    "page_width": 1241,
    "page_height": 1754,
    "page_no": 21
  },
  {
    "question": "4",
    "text": "4",
    "x": 115,
    "y": 826,
    "page_width": 1241,
    "page_height": 1754,
    "page_no": 21
  }
]