[
  {
    "question": "1",
    "text": "1@@",
    "x": 122,
    "y": 220,
    "page_width": 1755,
    "page_height": 1241,
    "page_no": 5
  },
  {
    "question": "1",
    "text": "1aii",
    "x": 122,
    "y": 220,
    "page_width": 1755,
    "page_height": 1241,
    "page_no": 6
  },
  {
    "question": "1",
    "text": "1aiii",
    "x": 119,
    "y": 238,
    "page_width": 1755,
    "page_height": 1241,
    "page_no": 7
  },
  {
    "question": "1",
    "text": "1",
    "x": 119,
    "y": 242,
    "page_width": 1755,
    "page_height": 1241,
    "page_no": 8
  },
  {
    "question": "1",
    "text": "1b",
    "x": 119,
    "y": 213,
    "page_width": 1755,
    "page_height": 1241,
    "page_no": 9
  },
  {
    "question": "1",
    "text": "1b",
    "x": 119,
    "y": 760,
    "page_width": 1755,
    "page_height": 1241,
    "page_no": 9
  },
  {
    "question": "1",
    "text": "1biv",
    "x": 119,
    "y": 213,
    "page_width": 1755,
    "page_height": 1241,
    "page_no": 10
  },
  {
    "question": "1",
    "text": "1c",
    "x": 119,
    "y": 213,
    "page_width": 1755,
    "page_height": 1241,
    "page_no": 11
  },
  {
    "question": "2",
    "text": "2b",
    "x": 118,
    "y": 213,
    "page_width": 1755,
    "page_height": 1241,
    "page_no": 13
  },
  {
    "question": "2",
    "text": "2bii",
    "x": 118,
    "y": 209,
    "page_width": 1755,
    "page_height": 1241,
    "page_no": 14
  },
  {
    "question": "2",
    "text": "2b",
    "x": 118,
    "y": 209,
    "page_width": 1755,
    "page_height": 1241,
    "page_no": 15
  },
  {
    "question": "2",
    "text": "2biv",
    "x": 118,
    "y": 213,
    "page_width": 1755,
    "page_height": 1241,
    "page_no": 16
  },
  {
    "question": "2",
    "text": "2ci",
    "x": 118,
    "y": 213,
    "page_width": 1755,
    "page_height": 1241,
    "page_no": 17
  },
  {
    "question": "2",
    "text": "2cii",
    "x": 118,
    "y": 533,
    "page_width": 1755,
    "page_height": 1241,
    "page_no": 17
  },
  {
    "question": "3",
    "text": "3a",
    "x": 117,
    "y": 213,
    "page_width": 1755,
    "page_height": 1241,
    "page_no": 18
  },
  {
    "question": "3",
    "text": "3b",
    "x": 117,
    "y": 533,
    "page_width": 1755,
    "page_height": 1241,
    "page_no": 18
  },
  {
    "question": "3",
    "text": "3c",
    "x": 117,
    "y": 213,
    "page_width": 1755,
    "page_height": 1241,
    "page_no": 19
  },
  {
    "question": "3",
    "text": "3d",
    "x": 117,
    "y": 530,
    "page_width": 1755,
    "page_height": 1241,
    "page_no": 19
  },
  {
    "question": "3",
    "text": "3ei",
    "x": 117,
    "y": 213,
    "page_width": 1755,
    "page_height": 1241,
    "page_no": 20
  },
  {
    "question": "3",
    "text": "3eii",
    "x": 117,
    "y": 598,
    "page_width": 1755,
    "page_height": 1241,
    "page_no": 20
  },
  {
    "question": "3",
    "text": "3eiii",
    "x": 117,
    "y": 240,
    "page_width": 1755,
    "page_height": 1241,
    "page_no": 21
  },
  {
    "question": "3",
    "text": "3f",
    "x": 117,
    "y": 612,
    "page_width": 1755,
    "page_height": 1241,
    "page_no": 21
  },
  {
    "question": "3",
    "text": "3g",
    "x": 117,
    "y": 213,
    "page_width": 1755,
    "page_height": 1241,
    "page_no": 22
  },
  {
    "question": "3",
    "text": "3gii",
    "x": 117,
    "y": 242,
    "page_width": 1755,
    "page_height": 1241,
    "page_no": 23
  },
  {
    "question": "3",
    "text": "3giii",
    "x": 117,
    "y": 931,
    "page_width": 1755,
    "page_height": 1241,
    "page_no": 23
  }
]