[
  {
    "question": "1",
    "text": "1a",
    "x": 153,
    "y": 359,
    "page_width": 1754,
    "page_height": 1241,
    "page_no": 4
  },
  {
    "question": "1",
    "text": "1bi",
    "x": 153,
    "y": 681,
    "page_width": 1754,
    "page_height": 1241,
    "page_no": 4
  },
  {
    "question": "1",
    "text": "1bii",
    "x": 153,
    "y": 194,
    "page_width": 1754,
    "page_height": 1241,
    "page_no": 5
  },
  {
    "question": "2",
    "text": "2a",
    "x": 152,
    "y": 194,
    "page_width": 1754,
    "page_height": 1241,
    "page_no": 6
  },
  {
    "question": "2",
    "text": "2bi",
    "x": 152,
    "y": 601,
    "page_width": 1754,
    "page_height": 1241,
    "page_no": 6
  },
  {
    "question": "2",
    "text": "2bii",
    "x": 152,
    "y": 167,
    "page_width": 1754,
    "page_height": 1241,
    "page_no": 7
  },
  {
    "question": "3",
    "text": "3a",
    "x": 152,
    "y": 504,
    "page_width": 1754,
    "page_height": 1241,
    "page_no": 7
  },
  {
    "question": "3",
    "text": "3bi",
    "x": 152,
    "y": 179,
    "page_width": 1754,
    "page_height": 1241,
    "page_no": 8
  },
  {
    "question": "3",
    "text": "3bii",
    "x": 152,
    "y": 163,
    "page_width": 1754,
    "page_height": 1241,
    "page_no": 9
  },
  {
    "question": "4",
    "text": "4a",
    "x": 151,
    "y": 206,
    "page_width": 1754,
    "page_height": 1241,
    "page_no": 10
  },
  {
    "question": "4",
    "text": "4bi",
    "x": 151,
    "y": 522,
    "page_width": 1754,
    "page_height": 1241,
    "page_no": 10
  },
  {
    "question": "4",
    "text": "4bii",
    "x": 151,
    "y": 163,
    "page_width": 1754,
    "page_height": 1241,
    "page_no": 11
  },
  {
    "question": "5",
    "text": "5ai",
    "x": 152,
    "y": 221,
    "page_width": 1754,
    "page_height": 1241,
    "page_no": 12
  },
  {
    "question": "5",
    "text": "5aii",
    "x": 152,
    "y": 404,
    "page_width": 1754,
    "page_height": 1241,
    "page_no": 12
  },
  {
    "question": "5",
    "text": "5bi",
    "x": 152,
    "y": 788,
    "page_width": 1754,
    "page_height": 1241,
    "page_no": 12
  },
  {
    "question": "5",
    "text": "5bii",
    "x": 152,
    "y": 190,
    "page_width": 1754,
    "page_height": 1241,
    "page_no": 13
  },
  {
    "question": "5",
    "text": "5c",
    "x": 152,
    "y": 168,
    "page_width": 1754,
    "page_height": 1241,
    "page_no": 14
  },
  {
    "question": "6",
    "text": "6a",
    "x": 151,
    "y": 221,
    "page_width": 1754,
    "page_height": 1241,
    "page_no": 15
  },
  {
    "question": "6",
    "text": "6bi",
    "x": 151,
    "y": 738,
    "page_width": 1754,
    "page_height": 1241,
    "page_no": 15
  },
  {
    "question": "6",
    "text": "6bii",
    "x": 151,
    "y": 190,
    "page_width": 1754,
    "page_height": 1241,
    "page_no": 16
  },
  {
    "question": "6",
    "text": "6ci",
    "x": 151,
    "y": 632,
    "page_width": 1754,
    "page_height": 1241,
    "page_no": 16
  },
  {
    "question": "6",
    "text": "6cii",
    "x": 151,
    "y": 194,
    "page_width": 1754,
    "page_height": 1241,
    "page_no": 17
  },
  {
    "question": "7",
    "text": "7a",
    "x": 152,
    "y": 549,
    "page_width": 1754,
    "page_height": 1241,
    "page_no": 17
  },
  {
    "question": "7",
    "text": "7b",
    "x": 152,
    "y": 167,
    "page_width": 1754,
    "page_height": 1241,
    "page_no": 18
  },
  {
    "question": "7",
    "text": "7c",
    "x": 152,
    "y": 496,
    "page_width": 1754,
    "page_height": 1241,
    "page_no": 18
  },
  {
    "question": "7",
    "text": "7di",
    "x": 152,
    "y": 167,
    "page_width": 1754,
    "page_height": 1241,
    "page_no": 19
  },
  {
    "question": "7",
    "text": "7dii",
    "x": 151,
    "y": 163,
    "page_width": 1754,
    "page_height": 1241,
    "page_no": 20
  },
  {
    "question": "8",
    "text": "8ai",
    "x": 151,
    "y": 770,
    "page_width": 1754,
    "page_height": 1241,
    "page_no": 21
  },
  {
    "question": "8",
    "text": "8aii",
    "x": 151,
    "y": 163,
    "page_width": 1754,
    "page_height": 1241,
    "page_no": 22
  },
  {
    "question": "9",
    "text": "9a",
    "x": 151,
    "y": 194,
    "page_width": 1754,
    "page_height": 1241,
    "page_no": 26
  },
  {
    "question": "9",
    "text": "9b",
    "x": 151,
    "y": 167,
    "page_width": 1754,
    "page_height": 1241,
    "page_no": 27
  },
  {
    "question": "9",
    "text": "9c",
    "x": 151,
    "y": 708,
    "page_width": 1754,
    "page_height": 1241,
    "page_no": 27
  },
  {
    "question": "9",
    "text": "9d",
    "x": 151,
    "y": 167,
    "page_width": 1754,
    "page_height": 1241,
    "page_no": 28
  },
  {
    "question": "0",
    "text": "0",
    "x": 135,
    "y": 216,
    "page_width": 1754,
    "page_height": 1241,
    "page_no": 24
  },
  {
    "question": "1",
    "text": "1",
    "x": 136,
    "y": 245,
    "page_width": 1754,
    "page_height": 1241,
    "page_no": 24
  },
  {
    "question": "2",
    "text": "2",
    "x": 135,
    "y": 404,
    "page_width": 1754,
    "page_height": 1241,
    "page_no": 24
  },
  {
    "question": "3",
    "text": "3",
    "x": 135,
    "y": 565,
    "page_width": 1754,
    "page_height": 1241,
    "page_no": 24
  },
  {
    "question": "0",
    "text": "0",
    "x": 135,
    "y": 189,
    "page_width": 1754,
    "page_height": 1241,
    "page_no": 29
  },
  {
    "question": "1",
    "text": "1",
    "x": 136,
    "y": 218,
    "page_width": 1754,
    "page_height": 1241,
    "page_no": 29
  },
  {
    "question": "2",
    "text": "2",
    "x": 135,
    "y": 378,
    "page_width": 1754,
    "page_height": 1241,
    "page_no": 29
  },
  {
    "question": "3",
    "text": "3",
    "x": 135,
    "y": 538,
    "page_width": 1754,
    "page_height": 1241,
    "page_no": 29
  },
  {
    "question": "1",
    "text": "1-2",
    "x": 178,
    "y": 244,
    "page_width": 1754,
    "page_height": 1241,
    "page_no": 24
  },
  {
    "question": "3",
    "text": "3-4",
    "x": 177,
    "y": 404,
    "page_width": 1754,
    "page_height": 1241,
    "page_no": 24
  },
  {
    "question": "5",
    "text": "5-6",
    "x": 178,
    "y": 565,
    "page_width": 1754,
    "page_height": 1241,
    "page_no": 24
  },
  {
    "question": "1",
    "text": "1-2",
    "x": 178,
    "y": 217,
    "page_width": 1754,
    "page_height": 1241,
    "page_no": 29
  },
  {
    "question": "3",
    "text": "3-4",
    "x": 177,
    "y": 378,
    "page_width": 1754,
    "page_height": 1241,
    "page_no": 29
  },
  {
    "question": "5",
    "text": "5-6",
    "x": 178,
    "y": 538,
    "page_width": 1754,
    "page_height": 1241,
    "page_no": 29
  }
]