[
  {
    "question": "1",
    "text": "1a",
    "x": 153,
    "y": 169,
    "page_width": 1754,
    "page_height": 1241,
    "page_no": 4
  },
  {
    "question": "1",
    "text": "1b",
    "x": 153,
    "y": 196,
    "page_width": 1754,
    "page_height": 1241,
    "page_no": 5
  },
  {
    "question": "2",
    "text": "2ai",
    "x": 152,
    "y": 196,
    "page_width": 1754,
    "page_height": 1241,
    "page_no": 6
  },
  {
    "question": "2",
    "text": "2aii",
    "x": 152,
    "y": 225,
    "page_width": 1754,
    "page_height": 1241,
    "page_no": 7
  },
  {
    "question": "2",
    "text": "2aiil",
    "x": 152,
    "y": 582,
    "page_width": 1754,
    "page_height": 1241,
    "page_no": 7
  },
  {
    "question": "2",
    "text": "2",
    "x": 152,
    "y": 169,
    "page_width": 1754,
    "page_height": 1241,
    "page_no": 8
  },
  {
    "question": "2",
    "text": "2",
    "x": 152,
    "y": 648,
    "page_width": 1754,
    "page_height": 1241,
    "page_no": 8
  },
  {
    "question": "3",
    "text": "3ai",
    "x": 152,
    "y": 192,
    "page_width": 1754,
    "page_height": 1241,
    "page_no": 9
  },
  {
    "question": "3",
    "text": "3aii",
    "x": 152,
    "y": 697,
    "page_width": 1754,
    "page_height": 1241,
    "page_no": 9
  },
  {
    "question": "3",
    "text": "3aiii",
    "x": 152,
    "y": 198,
    "page_width": 1754,
    "page_height": 1241,
    "page_no": 10
  },
  {
    "question": "3",
    "text": "3aiv",
    "x": 152,
    "y": 730,
    "page_width": 1754,
    "page_height": 1241,
    "page_no": 10
  },
  {
    "question": "3",
    "text": "3bi",
    "x": 152,
    "y": 196,
    "page_width": 1754,
    "page_height": 1241,
    "page_no": 11
  },
  {
    "question": "3",
    "text": "3bii",
    "x": 152,
    "y": 552,
    "page_width": 1754,
    "page_height": 1241,
    "page_no": 11
  },
  {
    "question": "4",
    "text": "4a",
    "x": 151,
    "y": 276,
    "page_width": 1754,
    "page_height": 1241,
    "page_no": 12
  },
  {
    "question": "4",
    "text": "4bi",
    "x": 151,
    "y": 302,
    "page_width": 1754,
    "page_height": 1241,
    "page_no": 13
  },
  {
    "question": "4",
    "text": "4bii",
    "x": 151,
    "y": 298,
    "page_width": 1754,
    "page_height": 1241,
    "page_no": 14
  },
  {
    "question": "5",
    "text": "5ai",
    "x": 152,
    "y": 329,
    "page_width": 1754,
    "page_height": 1241,
    "page_no": 15
  },
  {
    "question": "5",
    "text": "5aii",
    "x": 152,
    "y": 194,
    "page_width": 1754,
    "page_height": 1241,
    "page_no": 16
  },
  {
    "question": "5",
    "text": "5b",
    "x": 152,
    "y": 198,
    "page_width": 1754,
    "page_height": 1241,
    "page_no": 17
  },
  {
    "question": "5",
    "text": "5c",
    "x": 152,
    "y": 198,
    "page_width": 1754,
    "page_height": 1241,
    "page_no": 18
  },
  {
    "question": "6",
    "text": "6a",
    "x": 152,
    "y": 169,
    "page_width": 1754,
    "page_height": 1241,
    "page_no": 19
  },
  {
    "question": "6",
    "text": "6bi",
    "x": 152,
    "y": 592,
    "page_width": 1754,
    "page_height": 1241,
    "page_no": 19
  },
  {
    "question": "6",
    "text": "6bii",
    "x": 152,
    "y": 165,
    "page_width": 1754,
    "page_height": 1241,
    "page_no": 20
  },
  {
    "question": "6",
    "text": "6biii",
    "x": 152,
    "y": 192,
    "page_width": 1754,
    "page_height": 1241,
    "page_no": 21
  },
  {
    "question": "7",
    "text": "7a",
    "x": 152,
    "y": 198,
    "page_width": 1754,
    "page_height": 1241,
    "page_no": 23
  },
  {
    "question": "7",
    "text": "7bi",
    "x": 152,
    "y": 709,
    "page_width": 1754,
    "page_height": 1241,
    "page_no": 23
  },
  {
    "question": "7",
    "text": "7bii",
    "x": 152,
    "y": 194,
    "page_width": 1754,
    "page_height": 1241,
    "page_no": 24
  },
  {
    "question": "7",
    "text": "7ci",
    "x": 152,
    "y": 198,
    "page_width": 1754,
    "page_height": 1241,
    "page_no": 25
  },
  {
    "question": "7",
    "text": "7cii",
    "x": 152,
    "y": 198,
    "page_width": 1754,
    "page_height": 1241,
    "page_no": 26
  },
  {
    "question": "8",
    "text": "8a",
    "x": 151,
    "y": 196,
    "page_width": 1754,
    "page_height": 1241,
    "page_no": 27
  },
  {
    "question": "8",
    "text": "8b",
    "x": 151,
    "y": 196,
    "page_width": 1754,
    "page_height": 1241,
    "page_no": 28
  },
  {
    "question": "8",
    "text": "8c",
    "x": 151,
    "y": 198,
    "page_width": 1754,
    "page_height": 1241,
    "page_no": 29
  },
  {
    "question": "8",
    "text": "8d",
    "x": 151,
    "y": 169,
    "page_width": 1754,
    "page_height": 1241,
    "page_no": 30
  },
  {
    "question": "8",
    "text": "8e",
    "x": 151,
    "y": 169,
    "page_width": 1754,
    "page_height": 1241,
    "page_no": 31
  },
  {
    "question": "8",
    "text": "8&f",
    "x": 151,
    "y": 887,
    "page_width": 1754,
    "page_height": 1241,
    "page_no": 31
  },
  {
    "question": "8",
    "text": "8g",
    "x": 151,
    "y": 196,
    "page_width": 1754,
    "page_height": 1241,
    "page_no": 32
  },
  {
    "question": "8",
    "text": "8h",
    "x": 151,
    "y": 169,
    "page_width": 1754,
    "page_height": 1241,
    "page_no": 33
  }
]