[
  {
    "question": "1",
    "text": "1a",
    "x": 153,
    "y": 155,
    "page_width": 1241,
    "page_height": 1754,
    "page_no": 4
  },
  {
    "question": "2",
    "text": "2",
    "x": 151,
    "y": 156,
    "page_width": 1241,
    "page_height": 1754,
    "page_no": 9
  },
  {
    "question": "3",
    "text": "3a",
    "x": 151,
    "y": 261,
    "page_width": 1241,
    "page_height": 1754,
    "page_no": 13
  },
  {
    "question": "2",
    "text": "2x1",
    "x": 151,
    "y": 589,
    "page_width": 1241,
    "page_height": 1754,
    "page_no": 13
  },
  {
    "question": "5",
    "text": "5a",
    "x": 151,
    "y": 208,
    "page_width": 1241,
    "page_height": 1754,
    "page_no": 20
  },
  {
    "question": "6",
    "text": "6a",
    "x": 151,
    "y": 261,
    "page_width": 1241,
    "page_height": 1754,
    "page_no": 22
  }
]