[
  {
    "question": "1",
    "text": "1.",
    "x": 121,
    "y": 283,
    "page_width": 1241,
    "page_height": 1754,
    "page_no": 4
  },
  {
    "question": "2",
    "text": "2.",
    "x": 119,
    "y": 354,
    "page_width": 1241,
    "page_height": 1754,
    "page_no": 4
  },
  {
    "question": "3",
    "text": "3.",
    "x": 119,
    "y": 158,
    "page_width": 1241,
    "page_height": 1754,
    "page_no": 5
  },
  {
    "question": "4",
    "text": "4.",
    "x": 119,
    "y": 854,
    "page_width": 1241,
    "page_height": 1754,
    "page_no": 5
  },
  {
    "question": "5",
    "text": "5.",
    "x": 120,
    "y": 1034,
    "page_width": 1241,
    "page_height": 1754,
    "page_no": 5
  },
  {
    "question": "6",
    "text": "6.",
    "x": 120,
    "y": 1141,
    "page_width": 1241,
    "page_height": 1754,
    "page_no": 5
  },
  {
    "question": "7",
    "text": "7.",
    "x": 119,
    "y": 1352,
    "page_width": 1241,
    "page_height": 1754,
    "page_no": 5
  },
  {
    "question": "1",
    "text": "1.",
    "x": 120,
    "y": 315,
    "page_width": 1241,
    "page_height": 1754,
    "page_no": 6
  },
  {
    "question": "2",
    "text": "2.",
    "x": 119,
    "y": 421,
    "page_width": 1241,
    "page_height": 1754,
    "page_no": 6
  },
  {
    "question": "3",
    "text": "3.",
    "x": 119,
    "y": 493,
    "page_width": 1241,
    "page_height": 1754,
    "page_no": 6
  },
  {
    "question": "1",
    "text": "1.",
    "x": 120,
    "y": 675,
    "page_width": 1241,
    "page_height": 1754,
    "page_no": 6
  },
  {
    "question": "2",
    "text": "2.",
    "x": 119,
    "y": 782,
    "page_width": 1241,
    "page_height": 1754,
    "page_no": 6
  },
  {
    "question": "41",
    "text": "41529",
    "x": 116,
    "y": 995,
    "page_width": 1241,
    "page_height": 1754,
    "page_no": 11
  },
  {
    "question": "5",
    "text": "5",
    "x": 121,
    "y": 1533,
    "page_width": 1241,
    "page_height": 1754,
    "page_no": 15
  },
  {
    "question": "1",
    "text": "1,5",
    "x": 106,
    "y": 959,
    "page_width": 1241,
    "page_height": 1754,
    "page_no": 7
  },
  {
    "question": "2",
    "text": "2",
    "x": 105,
    "y": 1182,
    "page_width": 1241,
    "page_height": 1754,
    "page_no": 11
  },
  {
    "question": "8",
    "text": "8",
    "x": 107,
    "y": 222,
    "page_width": 1241,
    "page_height": 1754,
    "page_no": 19
  },
  {
    "question": "8",
    "text": "8",
    "x": 107,
    "y": 222,
    "page_width": 1241,
    "page_height": 1754,
    "page_no": 20
  },
  {
    "question": "2",
    "text": "2",
    "x": 105,
    "y": 1243,
    "page_width": 1241,
    "page_height": 1754,
    "page_no": 20
  },
  {
    "question": "8",
    "text": "8",
    "x": 107,
    "y": 222,
    "page_width": 1241,
    "page_height": 1754,
    "page_no": 21
  },
  {
    "question": "1",
    "text": "1.1051",
    "x": 108,
    "y": 1055,
    "page_width": 1241,
    "page_height": 1754,
    "page_no": 23
  },
  {
    "question": "3",
    "text": "3a",
    "x": 92,
    "y": 229,
    "page_width": 1241,
    "page_height": 1754,
    "page_no": 9
  },
  {
    "question": "4",
    "text": "4a",
    "x": 92,
    "y": 229,
    "page_width": 1241,
    "page_height": 1754,
    "page_no": 11
  },
  {
    "question": "5",
    "text": "5a",
    "x": 92,
    "y": 219,
    "page_width": 1241,
    "page_height": 1754,
    "page_no": 13
  },
  {
    "question": "7",
    "text": "7",
    "x": 92,
    "y": 219,
    "page_width": 1241,
    "page_height": 1754,
    "page_no": 17
  },
  {
    "question": "2",
    "text": "2",
    "x": 92,
    "y": 1253,
    "page_width": 1241,
    "page_height": 1754,
    "page_no": 17
  },
  {
    "question": "9",
    "text": "9a",
    "x": 91,
    "y": 223,
    "page_width": 1241,
    "page_height": 1754,
    "page_no": 22
  },
  {
    "question": "0",
    "text": "0",
    "x": 92,
    "y": 474,
    "page_width": 1241,
    "page_height": 1754,
    "page_no": 24
  }
]