[
  {
    "question": "1",
    "text": "1a",
    "x": 126,
    "y": 285,
    "page_width": 1241,
    "page_height": 1754,
    "page_no": 4
  },
  {
    "question": "1",
    "text": "1b",
    "x": 126,
    "y": 283,
    "page_width": 1241,
    "page_height": 1754,
    "page_no": 5
  },
  {
    "question": "1",
    "text": "1c",
    "x": 126,
    "y": 285,
    "page_width": 1241,
    "page_height": 1754,
    "page_no": 6
  },
  {
    "question": "1",
    "text": "1d",
    "x": 126,
    "y": 283,
    "page_width": 1241,
    "page_height": 1754,
    "page_no": 8
  },
  {
    "question": "1",
    "text": "1e",
    "x": 126,
    "y": 285,
    "page_width": 1241,
    "page_height": 1754,
    "page_no": 10
  },
  {
    "question": "2",
    "text": "2",
    "x": 125,
    "y": 253,
    "page_width": 1241,
    "page_height": 1754,
    "page_no": 12
  },
  {
    "question": "3",
    "text": "3",
    "x": 125,
    "y": 284,
    "page_width": 1241,
    "page_height": 1754,
    "page_no": 14
  }
]