[
  {
    "question": "1",
    "text": "1ai",
    "x": 152,
    "y": 241,
    "page_width": 1754,
    "page_height": 1241,
    "page_no": 4
  },
  {
    "question": "1",
    "text": "1ayii",
    "x": 152,
    "y": 200,
    "page_width": 1754,
    "page_height": 1241,
    "page_no": 5
  },
  {
    "question": "1",
    "text": "1aiii",
    "x": 152,
    "y": 666,
    "page_width": 1754,
    "page_height": 1241,
    "page_no": 5
  },
  {
    "question": "1",
    "text": "1bi",
    "x": 152,
    "y": 175,
    "page_width": 1754,
    "page_height": 1241,
    "page_no": 6
  },
  {
    "question": "1",
    "text": "1bii",
    "x": 152,
    "y": 740,
    "page_width": 1754,
    "page_height": 1241,
    "page_no": 6
  },
  {
    "question": "2",
    "text": "2a",
    "x": 151,
    "y": 177,
    "page_width": 1754,
    "page_height": 1241,
    "page_no": 7
  },
  {
    "question": "2",
    "text": "2b",
    "x": 151,
    "y": 175,
    "page_width": 1754,
    "page_height": 1241,
    "page_no": 8
  },
  {
    "question": "2",
    "text": "2c",
    "x": 151,
    "y": 237,
    "page_width": 1754,
    "page_height": 1241,
    "page_no": 9
  },
  {
    "question": "3",
    "text": "3ai",
    "x": 151,
    "y": 216,
    "page_width": 1754,
    "page_height": 1241,
    "page_no": 10
  },
  {
    "question": "3",
    "text": "3aii",
    "x": 151,
    "y": 563,
    "page_width": 1754,
    "page_height": 1241,
    "page_no": 10
  },
  {
    "question": "3",
    "text": "3aiii",
    "x": 151,
    "y": 202,
    "page_width": 1754,
    "page_height": 1241,
    "page_no": 11
  },
  {
    "question": "3",
    "text": "3bi",
    "x": 151,
    "y": 233,
    "page_width": 1754,
    "page_height": 1241,
    "page_no": 12
  },
  {
    "question": "3",
    "text": "3bii",
    "x": 151,
    "y": 642,
    "page_width": 1754,
    "page_height": 1241,
    "page_no": 12
  },
  {
    "question": "5",
    "text": "5a",
    "x": 151,
    "y": 207,
    "page_width": 1754,
    "page_height": 1241,
    "page_no": 16
  },
  {
    "question": "5",
    "text": "5b",
    "x": 151,
    "y": 584,
    "page_width": 1754,
    "page_height": 1241,
    "page_no": 16
  },
  {
    "question": "5",
    "text": "5ci",
    "x": 151,
    "y": 175,
    "page_width": 1754,
    "page_height": 1241,
    "page_no": 17
  },
  {
    "question": "5",
    "text": "5cii",
    "x": 151,
    "y": 615,
    "page_width": 1754,
    "page_height": 1241,
    "page_no": 17
  },
  {
    "question": "6",
    "text": "6ai",
    "x": 151,
    "y": 202,
    "page_width": 1754,
    "page_height": 1241,
    "page_no": 18
  },
  {
    "question": "6",
    "text": "6aii",
    "x": 151,
    "y": 548,
    "page_width": 1754,
    "page_height": 1241,
    "page_no": 18
  },
  {
    "question": "6",
    "text": "6b",
    "x": 151,
    "y": 206,
    "page_width": 1754,
    "page_height": 1241,
    "page_no": 19
  },
  {
    "question": "7",
    "text": "7a",
    "x": 151,
    "y": 396,
    "page_width": 1754,
    "page_height": 1241,
    "page_no": 20
  },
  {
    "question": "7",
    "text": "7b",
    "x": 151,
    "y": 175,
    "page_width": 1754,
    "page_height": 1241,
    "page_no": 21
  },
  {
    "question": "7",
    "text": "7ci",
    "x": 151,
    "y": 675,
    "page_width": 1754,
    "page_height": 1241,
    "page_no": 21
  },
  {
    "question": "7",
    "text": "7cii",
    "x": 151,
    "y": 170,
    "page_width": 1754,
    "page_height": 1241,
    "page_no": 22
  },
  {
    "question": "7",
    "text": "7d",
    "x": 151,
    "y": 175,
    "page_width": 1754,
    "page_height": 1241,
    "page_no": 23
  },
  {
    "question": "8",
    "text": "8ai",
    "x": 151,
    "y": 216,
    "page_width": 1754,
    "page_height": 1241,
    "page_no": 24
  },
  {
    "question": "8",
    "text": "8aii",
    "x": 151,
    "y": 559,
    "page_width": 1754,
    "page_height": 1241,
    "page_no": 24
  },
  {
    "question": "8",
    "text": "8bi",
    "x": 151,
    "y": 206,
    "page_width": 1754,
    "page_height": 1241,
    "page_no": 25
  },
  {
    "question": "8",
    "text": "8bii",
    "x": 151,
    "y": 410,
    "page_width": 1754,
    "page_height": 1241,
    "page_no": 25
  },
  {
    "question": "8",
    "text": "8biii",
    "x": 151,
    "y": 212,
    "page_width": 1754,
    "page_height": 1241,
    "page_no": 26
  },
  {
    "question": "8",
    "text": "8c",
    "x": 151,
    "y": 216,
    "page_width": 1754,
    "page_height": 1241,
    "page_no": 27
  }
]