[
  {
    "question": "1",
    "text": "1ai",
    "x": 153,
    "y": 193,
    "page_width": 1755,
    "page_height": 1241,
    "page_no": 4
  },
  {
    "question": "1",
    "text": "1aii",
    "x": 153,
    "y": 531,
    "page_width": 1755,
    "page_height": 1241,
    "page_no": 4
  },
  {
    "question": "1",
    "text": "1aiii",
    "x": 153,
    "y": 784,
    "page_width": 1755,
    "page_height": 1241,
    "page_no": 4
  },
  {
    "question": "1",
    "text": "1b",
    "x": 153,
    "y": 138,
    "page_width": 1755,
    "page_height": 1241,
    "page_no": 5
  },
  {
    "question": "2",
    "text": "2ai",
    "x": 152,
    "y": 195,
    "page_width": 1755,
    "page_height": 1241,
    "page_no": 6
  },
  {
    "question": "2",
    "text": "2aii",
    "x": 152,
    "y": 532,
    "page_width": 1755,
    "page_height": 1241,
    "page_no": 6
  },
  {
    "question": "2",
    "text": "2aiii",
    "x": 152,
    "y": 757,
    "page_width": 1755,
    "page_height": 1241,
    "page_no": 6
  },
  {
    "question": "2",
    "text": "2b",
    "x": 152,
    "y": 193,
    "page_width": 1755,
    "page_height": 1241,
    "page_no": 7
  },
  {
    "question": "2",
    "text": "2c",
    "x": 152,
    "y": 593,
    "page_width": 1755,
    "page_height": 1241,
    "page_no": 7
  },
  {
    "question": "3",
    "text": "3ai",
    "x": 151,
    "y": 272,
    "page_width": 1755,
    "page_height": 1241,
    "page_no": 8
  },
  {
    "question": "3",
    "text": "3aii",
    "x": 151,
    "y": 580,
    "page_width": 1755,
    "page_height": 1241,
    "page_no": 8
  },
  {
    "question": "3",
    "text": "3b",
    "x": 151,
    "y": 193,
    "page_width": 1755,
    "page_height": 1241,
    "page_no": 9
  },
  {
    "question": "4",
    "text": "4a",
    "x": 151,
    "y": 167,
    "page_width": 1755,
    "page_height": 1241,
    "page_no": 10
  },
  {
    "question": "4",
    "text": "4bi",
    "x": 151,
    "y": 642,
    "page_width": 1755,
    "page_height": 1241,
    "page_no": 10
  },
  {
    "question": "4",
    "text": "4bii",
    "x": 151,
    "y": 161,
    "page_width": 1755,
    "page_height": 1241,
    "page_no": 11
  },
  {
    "question": "4",
    "text": "4biii",
    "x": 151,
    "y": 587,
    "page_width": 1755,
    "page_height": 1241,
    "page_no": 11
  },
  {
    "question": "5",
    "text": "5a",
    "x": 151,
    "y": 193,
    "page_width": 1755,
    "page_height": 1241,
    "page_no": 12
  },
  {
    "question": "5",
    "text": "5bi",
    "x": 152,
    "y": 835,
    "page_width": 1755,
    "page_height": 1241,
    "page_no": 12
  },
  {
    "question": "5",
    "text": "5bii",
    "x": 152,
    "y": 220,
    "page_width": 1755,
    "page_height": 1241,
    "page_no": 13
  },
  {
    "question": "5",
    "text": "5b",
    "x": 152,
    "y": 572,
    "page_width": 1755,
    "page_height": 1241,
    "page_no": 13
  },
  {
    "question": "5",
    "text": "5c",
    "x": 151,
    "y": 193,
    "page_width": 1755,
    "page_height": 1241,
    "page_no": 14
  },
  {
    "question": "6",
    "text": "6ai",
    "x": 151,
    "y": 168,
    "page_width": 1755,
    "page_height": 1241,
    "page_no": 15
  },
  {
    "question": "6",
    "text": "6aii",
    "x": 151,
    "y": 391,
    "page_width": 1755,
    "page_height": 1241,
    "page_no": 15
  },
  {
    "question": "6",
    "text": "6bi",
    "x": 151,
    "y": 246,
    "page_width": 1755,
    "page_height": 1241,
    "page_no": 16
  },
  {
    "question": "6",
    "text": "6bii",
    "x": 151,
    "y": 570,
    "page_width": 1755,
    "page_height": 1241,
    "page_no": 16
  },
  {
    "question": "6",
    "text": "6",
    "x": 151,
    "y": 221,
    "page_width": 1755,
    "page_height": 1241,
    "page_no": 17
  },
  {
    "question": "7",
    "text": "7",
    "x": 152,
    "y": 221,
    "page_width": 1755,
    "page_height": 1241,
    "page_no": 19
  },
  {
    "question": "7",
    "text": "7b",
    "x": 151,
    "y": 272,
    "page_width": 1755,
    "page_height": 1241,
    "page_no": 21
  },
  {
    "question": "8",
    "text": "8a",
    "x": 151,
    "y": 246,
    "page_width": 1755,
    "page_height": 1241,
    "page_no": 22
  },
  {
    "question": "8",
    "text": "8bi",
    "x": 151,
    "y": 220,
    "page_width": 1755,
    "page_height": 1241,
    "page_no": 23
  },
  {
    "question": "8",
    "text": "8bii",
    "x": 151,
    "y": 220,
    "page_width": 1755,
    "page_height": 1241,
    "page_no": 24
  },
  {
    "question": "8",
    "text": "8ci",
    "x": 151,
    "y": 193,
    "page_width": 1755,
    "page_height": 1241,
    "page_no": 25
  },
  {
    "question": "8",
    "text": "8cii",
    "x": 151,
    "y": 874,
    "page_width": 1755,
    "page_height": 1241,
    "page_no": 25
  },
  {
    "question": "8",
    "text": "8ciii",
    "x": 151,
    "y": 193,
    "page_width": 1755,
    "page_height": 1241,
    "page_no": 26
  },
  {
    "question": "0",
    "text": "0",
    "x": 219,
    "y": 165,
    "page_width": 1755,
    "page_height": 1241,
    "page_no": 18
  },
  {
    "question": "2",
    "text": "2",
    "x": 219,
    "y": 446,
    "page_width": 1755,
    "page_height": 1241,
    "page_no": 18
  },
  {
    "question": "3",
    "text": "3",
    "x": 220,
    "y": 809,
    "page_width": 1755,
    "page_height": 1241,
    "page_no": 18
  },
  {
    "question": "0",
    "text": "0",
    "x": 219,
    "y": 165,
    "page_width": 1755,
    "page_height": 1241,
    "page_no": 20
  },
  {
    "question": "2",
    "text": "2",
    "x": 219,
    "y": 446,
    "page_width": 1755,
    "page_height": 1241,
    "page_no": 20
  },
  {
    "question": "3",
    "text": "3",
    "x": 220,
    "y": 698,
    "page_width": 1755,
    "page_height": 1241,
    "page_no": 20
  }
]