[
  {
    "question": "1",
    "text": "1a",
    "x": 164,
    "y": 291,
    "page_width": 1754,
    "page_height": 1241,
    "page_no": 5
  },
  {
    "question": "1",
    "text": "1b",
    "x": 164,
    "y": 557,
    "page_width": 1754,
    "page_height": 1241,
    "page_no": 5
  },
  {
    "question": "2",
    "text": "2",
    "x": 162,
    "y": 823,
    "page_width": 1754,
    "page_height": 1241,
    "page_no": 5
  },
  {
    "question": "3",
    "text": "3a",
    "x": 162,
    "y": 263,
    "page_width": 1754,
    "page_height": 1241,
    "page_no": 6
  },
  {
    "question": "3",
    "text": "3b",
    "x": 162,
    "y": 750,
    "page_width": 1754,
    "page_height": 1241,
    "page_no": 6
  },
  {
    "question": "5",
    "text": "5",
    "x": 163,
    "y": 525,
    "page_width": 1754,
    "page_height": 1241,
    "page_no": 7
  },
  {
    "question": "5",
    "text": "5b",
    "x": 163,
    "y": 838,
    "page_width": 1754,
    "page_height": 1241,
    "page_no": 7
  },
  {
    "question": "6",
    "text": "6",
    "x": 163,
    "y": 263,
    "page_width": 1754,
    "page_height": 1241,
    "page_no": 8
  },
  {
    "question": "7",
    "text": "7",
    "x": 163,
    "y": 577,
    "page_width": 1754,
    "page_height": 1241,
    "page_no": 8
  },
  {
    "question": "8",
    "text": "8",
    "x": 163,
    "y": 263,
    "page_width": 1754,
    "page_height": 1241,
    "page_no": 9
  },
  {
    "question": "9",
    "text": "9",
    "x": 162,
    "y": 587,
    "page_width": 1754,
    "page_height": 1241,
    "page_no": 9
  },
  {
    "question": "10",
    "text": "10a",
    "x": 164,
    "y": 831,
    "page_width": 1754,
    "page_height": 1241,
    "page_no": 9
  },
  {
    "question": "10",
    "text": "10b",
    "x": 164,
    "y": 263,
    "page_width": 1754,
    "page_height": 1241,
    "page_no": 10
  },
  {
    "question": "10",
    "text": "10c",
    "x": 164,
    "y": 532,
    "page_width": 1754,
    "page_height": 1241,
    "page_no": 10
  },
  {
    "question": "10",
    "text": "10d",
    "x": 164,
    "y": 801,
    "page_width": 1754,
    "page_height": 1241,
    "page_no": 10
  },
  {
    "question": "11",
    "text": "11",
    "x": 164,
    "y": 238,
    "page_width": 1754,
    "page_height": 1241,
    "page_no": 11
  },
  {
    "question": "12",
    "text": "12",
    "x": 164,
    "y": 614,
    "page_width": 1754,
    "page_height": 1241,
    "page_no": 11
  },
  {
    "question": "13",
    "text": "13a",
    "x": 164,
    "y": 237,
    "page_width": 1754,
    "page_height": 1241,
    "page_no": 12
  },
  {
    "question": "13",
    "text": "13b",
    "x": 164,
    "y": 506,
    "page_width": 1754,
    "page_height": 1241,
    "page_no": 12
  },
  {
    "question": "14",
    "text": "14ai",
    "x": 164,
    "y": 290,
    "page_width": 1754,
    "page_height": 1241,
    "page_no": 13
  },
  {
    "question": "14",
    "text": "14aii",
    "x": 164,
    "y": 233,
    "page_width": 1754,
    "page_height": 1241,
    "page_no": 14
  },
  {
    "question": "14",
    "text": "14aiii",
    "x": 164,
    "y": 259,
    "page_width": 1754,
    "page_height": 1241,
    "page_no": 15
  },
  {
    "question": "14",
    "text": "14b",
    "x": 164,
    "y": 237,
    "page_width": 1754,
    "page_height": 1241,
    "page_no": 16
  },
  {
    "question": "15",
    "text": "15ai",
    "x": 164,
    "y": 243,
    "page_width": 1754,
    "page_height": 1241,
    "page_no": 17
  },
  {
    "question": "15",
    "text": "15aii",
    "x": 164,
    "y": 230,
    "page_width": 1754,
    "page_height": 1241,
    "page_no": 18
  },
  {
    "question": "15",
    "text": "15b",
    "x": 164,
    "y": 238,
    "page_width": 1754,
    "page_height": 1241,
    "page_no": 19
  },
  {
    "question": "15",
    "text": "15\u00a2",
    "x": 164,
    "y": 237,
    "page_width": 1754,
    "page_height": 1241,
    "page_no": 20
  },
  {
    "question": "15",
    "text": "15cii",
    "x": 164,
    "y": 688,
    "page_width": 1754,
    "page_height": 1241,
    "page_no": 20
  },
  {
    "question": "15",
    "text": "15ciii",
    "x": 164,
    "y": 259,
    "page_width": 1754,
    "page_height": 1241,
    "page_no": 21
  },
  {
    "question": "15",
    "text": "15civ",
    "x": 164,
    "y": 609,
    "page_width": 1754,
    "page_height": 1241,
    "page_no": 21
  },
  {
    "question": "16",
    "text": "16ai",
    "x": 164,
    "y": 263,
    "page_width": 1754,
    "page_height": 1241,
    "page_no": 22
  },
  {
    "question": "16",
    "text": "16aii",
    "x": 164,
    "y": 233,
    "page_width": 1754,
    "page_height": 1241,
    "page_no": 23
  },
  {
    "question": "16",
    "text": "16aiii",
    "x": 164,
    "y": 237,
    "page_width": 1754,
    "page_height": 1241,
    "page_no": 24
  },
  {
    "question": "16",
    "text": "16bi",
    "x": 164,
    "y": 259,
    "page_width": 1754,
    "page_height": 1241,
    "page_no": 25
  },
  {
    "question": "16",
    "text": "16bii",
    "x": 164,
    "y": 259,
    "page_width": 1754,
    "page_height": 1241,
    "page_no": 26
  },
  {
    "question": "17",
    "text": "17a",
    "x": 163,
    "y": 243,
    "page_width": 1754,
    "page_height": 1241,
    "page_no": 27
  },
  {
    "question": "17",
    "text": "17bi",
    "x": 164,
    "y": 233,
    "page_width": 1754,
    "page_height": 1241,
    "page_no": 30
  },
  {
    "question": "17",
    "text": "170d",
    "x": 164,
    "y": 715,
    "page_width": 1754,
    "page_height": 1241,
    "page_no": 30
  },
  {
    "question": "17",
    "text": "17biii",
    "x": 164,
    "y": 233,
    "page_width": 1754,
    "page_height": 1241,
    "page_no": 31
  },
  {
    "question": "17",
    "text": "17biv",
    "x": 164,
    "y": 233,
    "page_width": 1754,
    "page_height": 1241,
    "page_no": 32
  },
  {
    "question": "18",
    "text": "18ai",
    "x": 164,
    "y": 237,
    "page_width": 1754,
    "page_height": 1241,
    "page_no": 33
  },
  {
    "question": "18",
    "text": "18aii",
    "x": 164,
    "y": 237,
    "page_width": 1754,
    "page_height": 1241,
    "page_no": 35
  },
  {
    "question": "18",
    "text": "18aiii",
    "x": 164,
    "y": 233,
    "page_width": 1754,
    "page_height": 1241,
    "page_no": 37
  },
  {
    "question": "18",
    "text": "18aiv",
    "x": 164,
    "y": 741,
    "page_width": 1754,
    "page_height": 1241,
    "page_no": 37
  },
  {
    "question": "18",
    "text": "18av",
    "x": 164,
    "y": 263,
    "page_width": 1754,
    "page_height": 1241,
    "page_no": 38
  },
  {
    "question": "18",
    "text": "18b",
    "x": 164,
    "y": 237,
    "page_width": 1754,
    "page_height": 1241,
    "page_no": 39
  },
  {
    "question": "18",
    "text": "18ci",
    "x": 164,
    "y": 237,
    "page_width": 1754,
    "page_height": 1241,
    "page_no": 40
  },
  {
    "question": "18",
    "text": "18cii",
    "x": 164,
    "y": 237,
    "page_width": 1754,
    "page_height": 1241,
    "page_no": 41
  }
]