[
  {
    "question": "1",
    "text": "1.",
    "x": 133,
    "y": 268,
    "page_width": 1241,
    "page_height": 1754,
    "page_no": 6
  },
  {
    "question": "2",
    "text": "2.",
    "x": 131,
    "y": 409,
    "page_width": 1241,
    "page_height": 1754,
    "page_no": 6
  },
  {
    "question": "3",
    "text": "3.",
    "x": 131,
    "y": 496,
    "page_width": 1241,
    "page_height": 1754,
    "page_no": 6
  },
  {
    "question": "1",
    "text": "1.",
    "x": 133,
    "y": 656,
    "page_width": 1241,
    "page_height": 1754,
    "page_no": 6
  },
  {
    "question": "2",
    "text": "2.",
    "x": 131,
    "y": 752,
    "page_width": 1241,
    "page_height": 1754,
    "page_no": 6
  }
]