[
  {
    "question": "1",
    "text": "1a",
    "x": 163,
    "y": 241,
    "page_width": 1755,
    "page_height": 1241,
    "page_no": 4
  },
  {
    "question": "1",
    "text": "1bi",
    "x": 163,
    "y": 637,
    "page_width": 1755,
    "page_height": 1241,
    "page_no": 4
  },
  {
    "question": "1",
    "text": "1bii",
    "x": 162,
    "y": 237,
    "page_width": 1755,
    "page_height": 1241,
    "page_no": 5
  },
  {
    "question": "1",
    "text": "1biii",
    "x": 163,
    "y": 726,
    "page_width": 1755,
    "page_height": 1241,
    "page_no": 5
  },
  {
    "question": "2",
    "text": "2ai",
    "x": 158,
    "y": 208,
    "page_width": 1755,
    "page_height": 1241,
    "page_no": 7
  },
  {
    "question": "2",
    "text": "2av",
    "x": 162,
    "y": 445,
    "page_width": 1755,
    "page_height": 1241,
    "page_no": 8
  },
  {
    "question": "2",
    "text": "2avi",
    "x": 162,
    "y": 731,
    "page_width": 1755,
    "page_height": 1241,
    "page_no": 8
  },
  {
    "question": "2",
    "text": "2avii",
    "x": 162,
    "y": 208,
    "page_width": 1755,
    "page_height": 1241,
    "page_no": 9
  },
  {
    "question": "2",
    "text": "2bi",
    "x": 162,
    "y": 580,
    "page_width": 1755,
    "page_height": 1241,
    "page_no": 9
  },
  {
    "question": "2",
    "text": "2bii",
    "x": 162,
    "y": 208,
    "page_width": 1755,
    "page_height": 1241,
    "page_no": 10
  },
  {
    "question": "2",
    "text": "2c",
    "x": 162,
    "y": 572,
    "page_width": 1755,
    "page_height": 1241,
    "page_no": 10
  },
  {
    "question": "3",
    "text": "3ai",
    "x": 162,
    "y": 322,
    "page_width": 1755,
    "page_height": 1241,
    "page_no": 11
  },
  {
    "question": "3",
    "text": "3aii",
    "x": 162,
    "y": 252,
    "page_width": 1755,
    "page_height": 1241,
    "page_no": 12
  },
  {
    "question": "3",
    "text": "3bi",
    "x": 162,
    "y": 741,
    "page_width": 1755,
    "page_height": 1241,
    "page_no": 12
  },
  {
    "question": "3",
    "text": "3bii",
    "x": 162,
    "y": 915,
    "page_width": 1755,
    "page_height": 1241,
    "page_no": 12
  }
]