[
  {
    "question": "1",
    "text": "1",
    "x": 91,
    "y": 318,
    "page_width": 1241,
    "page_height": 1754,
    "page_no": 2
  },
  {
    "question": "2",
    "text": "2.",
    "x": 90,
    "y": 317,
    "page_width": 1241,
    "page_height": 1754,
    "page_no": 9
  },
  {
    "question": "3",
    "text": "3",
    "x": 89,
    "y": 375,
    "page_width": 1241,
    "page_height": 1754,
    "page_no": 12
  },
  {
    "question": "12",
    "text": "12",
    "x": 91,
    "y": 341,
    "page_width": 1241,
    "page_height": 1754,
    "page_no": 18
  },
  {
    "question": "11",
    "text": "11",
    "x": 91,
    "y": 284,
    "page_width": 1241,
    "page_height": 1754,
    "page_no": 21
  },
  {
    "question": "20",
    "text": "2019",
    "x": 89,
    "y": 546,
    "page_width": 1241,
    "page_height": 1754,
    "page_no": 22
  }
]