[
  {
    "question": "2",
    "text": "2",
    "x": 71,
    "y": 510,
    "page_width": 1359,
    "page_height": 1873,
    "page_no": 3
  },
  {
    "question": "2",
    "text": "2X",
    "x": 71,
    "y": 510,
    "page_width": 1359,
    "page_height": 1873,
    "page_no": 5
  },
  {
    "question": "28",
    "text": "28",
    "x": 71,
    "y": 512,
    "page_width": 1359,
    "page_height": 1873,
    "page_no": 9
  },
  {
    "question": "28",
    "text": "28",
    "x": 71,
    "y": 510,
    "page_width": 1359,
    "page_height": 1873,
    "page_no": 11
  }
]