[
  {
    "question": "1",
    "text": "1.",
    "x": 115,
    "y": 132,
    "page_width": 1241,
    "page_height": 1754,
    "page_no": 2
  },
  {
    "question": "3",
    "text": "3.",
    "x": 114,
    "y": 132,
    "page_width": 1241,
    "page_height": 1754,
    "page_no": 8
  },
  {
    "question": "4",
    "text": "4.",
    "x": 114,
    "y": 132,
    "page_width": 1241,
    "page_height": 1754,
    "page_no": 12
  },
  {
    "question": "5",
    "text": "5.",
    "x": 114,
    "y": 132,
    "page_width": 1241,
    "page_height": 1754,
    "page_no": 16
  },
  {
    "question": "6",
    "text": "6.",
    "x": 114,
    "y": 132,
    "page_width": 1241,
    "page_height": 1754,
    "page_no": 20
  },
  {
    "question": "2",
    "text": "2}",
    "x": 27,
    "y": 476,
    "page_width": 1241,
    "page_height": 1754,
    "page_no": 3
  },
  {
    "question": "5",
    "text": "5",
    "x": 27,
    "y": 298,
    "page_width": 1241,
    "page_height": 1754,
    "page_no": 5
  },
  {
    "question": "5",
    "text": "5",
    "x": 27,
    "y": 298,
    "page_width": 1241,
    "page_height": 1754,
    "page_no": 9
  },
  {
    "question": "5",
    "text": "5",
    "x": 27,
    "y": 298,
    "page_width": 1241,
    "page_height": 1754,
    "page_no": 13
  },
  {
    "question": "45",
    "text": "45,",
    "x": 158,
    "y": 307,
    "page_width": 1241,
    "page_height": 1754,
    "page_no": 12
  },
  {
    "question": "45",
    "text": "45,",
    "x": 158,
    "y": 1070,
    "page_width": 1241,
    "page_height": 1754,
    "page_no": 12
  },
  {
    "question": "10",
    "text": "10",
    "x": 161,
    "y": 161,
    "page_width": 1241,
    "page_height": 1754,
    "page_no": 16
  },
  {
    "question": "15",
    "text": "15.000",
    "x": 161,
    "y": 728,
    "page_width": 1241,
    "page_height": 1754,
    "page_no": 16
  }
]