[
  {
    "question": "1",
    "text": "1.a",
    "x": 120,
    "y": 249,
    "page_width": 1241,
    "page_height": 1754,
    "page_no": 7
  },
  {
    "question": "2",
    "text": "2a",
    "x": 122,
    "y": 249,
    "page_width": 1241,
    "page_height": 1754,
    "page_no": 10
  },
  {
    "question": "4",
    "text": "4a",
    "x": 122,
    "y": 300,
    "page_width": 1241,
    "page_height": 1754,
    "page_no": 13
  },
  {
    "question": "9",
    "text": "9a",
    "x": 122,
    "y": 249,
    "page_width": 1241,
    "page_height": 1754,
    "page_no": 23
  },
  {
    "question": "10",
    "text": "10.a_",
    "x": 118,
    "y": 255,
    "page_width": 1241,
    "page_height": 1754,
    "page_no": 25
  }
]