[
  {
    "question": 0,
    "x": 178,
    "y": 830,
    "page_no": 14,
    "page_width": 1275,
    "page_height": 1650
  },
  {
    "question": 18,
    "x": 193,
    "y": 139,
    "page_no": 14,
    "page_width": 1275,
    "page_height": 1650
  },
  {
    "question": 17,
    "x": 195,
    "y": 135,
    "page_no": 13,
    "page_width": 1275,
    "page_height": 1650
  },
  {
    "question": 16,
    "x": 195,
    "y": 139,
    "page_no": 12,
    "page_width": 1275,
    "page_height": 1650
  },
  {
    "question": 15,
    "x": 197,
    "y": 134,
    "page_no": 10,
    "page_width": 1275,
    "page_height": 1650
  },
  {
    "question": 14,
    "x": 193,
    "y": 129,
    "page_no": 9,
    "page_width": 1275,
    "page_height": 1650
  },
  {
    "question": 13,
    "x": 190,
    "y": 160,
    "page_no": 8,
    "page_width": 1275,
    "page_height": 1650
  },
  {
    "question": 12,
    "x": 152,
    "y": 1008,
    "page_no": 7,
    "page_width": 1275,
    "page_height": 1650
  },
  {
    "question": 11,
    "x": 154,
    "y": 647,
    "page_no": 7,
    "page_width": 1275,
    "page_height": 1650
  },
  {
    "question": 10,
    "x": 193,
    "y": 383,
    "page_no": 7,
    "page_width": 1275,
    "page_height": 1650
  },
  {
    "question": 9,
    "x": 188,
    "y": 234,
    "page_no": 7,
    "page_width": 1275,
    "page_height": 1650
  },
  {
    "question": 8,
    "x": 188,
    "y": 82,
    "page_no": 7,
    "page_width": 1275,
    "page_height": 1650
  },
  {
    "question": 7,
    "x": 193,
    "y": 1280,
    "page_no": 6,
    "page_width": 1275,
    "page_height": 1650
  },
  {
    "question": 6,
    "x": 190,
    "y": 1119,
    "page_no": 6,
    "page_width": 1275,
    "page_height": 1650
  },
  {
    "question": 5,
    "x": 192,
    "y": 932,
    "page_no": 6,
    "page_width": 1275,
    "page_height": 1650
  },
  {
    "question": 4,
    "x": 193,
    "y": 708,
    "page_no": 6,
    "page_width": 1275,
    "page_height": 1650
  },
  {
    "question": 3,
    "x": 192,
    "y": 513,
    "page_no": 6,
    "page_width": 1275,
    "page_height": 1650
  },
  {
    "question": 2,
    "x": 192,
    "y": 312,
    "page_no": 6,
    "page_width": 1275,
    "page_height": 1650
  },
  {
    "question": 1,
    "x": 195,
    "y": 162,
    "page_no": 6,
    "page_width": 1275,
    "page_height": 1650
  },
  {
    "question": 1,
    "x": 195,
    "y": 162,
    "page_no": 6,
    "page_width": 1275,
    "page_height": 1650
  }
]