[
  {
    "question": "1",
    "text": "1",
    "x": 125,
    "y": 254,
    "page_width": 1241,
    "page_height": 1754,
    "page_no": 4
  },
  {
    "question": "7",
    "text": "7a",
    "x": 125,
    "y": 286,
    "page_width": 1241,
    "page_height": 1754,
    "page_no": 6
  },
  {
    "question": "7",
    "text": "7b",
    "x": 125,
    "y": 255,
    "page_width": 1241,
    "page_height": 1754,
    "page_no": 7
  },
  {
    "question": "7",
    "text": "7c",
    "x": 125,
    "y": 256,
    "page_width": 1241,
    "page_height": 1754,
    "page_no": 8
  },
  {
    "question": "7",
    "text": "7d",
    "x": 125,
    "y": 252,
    "page_width": 1241,
    "page_height": 1754,
    "page_no": 9
  },
  {
    "question": "7",
    "text": "7e",
    "x": 125,
    "y": 312,
    "page_width": 1241,
    "page_height": 1754,
    "page_no": 10
  },
  {
    "question": "8",
    "text": "8",
    "x": 125,
    "y": 318,
    "page_width": 1241,
    "page_height": 1754,
    "page_no": 14
  },
  {
    "question": "9",
    "text": "9",
    "x": 125,
    "y": 287,
    "page_width": 1241,
    "page_height": 1754,
    "page_no": 18
  },
  {
    "question": "10",
    "text": "10",
    "x": 126,
    "y": 256,
    "page_width": 1241,
    "page_height": 1754,
    "page_no": 22
  }
]