[
  {
    "question": "1",
    "text": "1a",
    "x": 128,
    "y": 180,
    "page_width": 1241,
    "page_height": 1754,
    "page_no": 7
  },
  {
    "question": "2",
    "text": "2a",
    "x": 126,
    "y": 180,
    "page_width": 1241,
    "page_height": 1754,
    "page_no": 8
  },
  {
    "question": "4",
    "text": "4a",
    "x": 126,
    "y": 180,
    "page_width": 1241,
    "page_height": 1754,
    "page_no": 10
  },
  {
    "question": "5",
    "text": "5",
    "x": 126,
    "y": 180,
    "page_width": 1241,
    "page_height": 1754,
    "page_no": 11
  },
  {
    "question": "6",
    "text": "6a",
    "x": 126,
    "y": 135,
    "page_width": 1241,
    "page_height": 1754,
    "page_no": 12
  },
  {
    "question": "8",
    "text": "8a",
    "x": 129,
    "y": 181,
    "page_width": 1241,
    "page_height": 1754,
    "page_no": 14
  },
  {
    "question": "9",
    "text": "9a",
    "x": 126,
    "y": 180,
    "page_width": 1241,
    "page_height": 1754,
    "page_no": 16
  }
]