[
  {
    "question": "1",
    "text": "1a",
    "x": 152,
    "y": 245,
    "page_width": 1754,
    "page_height": 1241,
    "page_no": 4
  },
  {
    "question": "1",
    "text": "1bi",
    "x": 152,
    "y": 638,
    "page_width": 1754,
    "page_height": 1241,
    "page_no": 4
  },
  {
    "question": "1",
    "text": "1bii",
    "x": 152,
    "y": 246,
    "page_width": 1754,
    "page_height": 1241,
    "page_no": 5
  },
  {
    "question": "1",
    "text": "1ci",
    "x": 152,
    "y": 641,
    "page_width": 1754,
    "page_height": 1241,
    "page_no": 5
  },
  {
    "question": "1",
    "text": "1cii",
    "x": 152,
    "y": 218,
    "page_width": 1754,
    "page_height": 1241,
    "page_no": 6
  },
  {
    "question": "2",
    "text": "2a",
    "x": 151,
    "y": 218,
    "page_width": 1754,
    "page_height": 1241,
    "page_no": 7
  },
  {
    "question": "2",
    "text": "2b",
    "x": 151,
    "y": 621,
    "page_width": 1754,
    "page_height": 1241,
    "page_no": 7
  },
  {
    "question": "2",
    "text": "2ci",
    "x": 151,
    "y": 218,
    "page_width": 1754,
    "page_height": 1241,
    "page_no": 8
  },
  {
    "question": "2",
    "text": "2cii",
    "x": 151,
    "y": 214,
    "page_width": 1754,
    "page_height": 1241,
    "page_no": 9
  },
  {
    "question": "3",
    "text": "3ai",
    "x": 151,
    "y": 219,
    "page_width": 1754,
    "page_height": 1241,
    "page_no": 10
  },
  {
    "question": "3",
    "text": "3aii",
    "x": 151,
    "y": 592,
    "page_width": 1754,
    "page_height": 1241,
    "page_no": 10
  },
  {
    "question": "3",
    "text": "3bi",
    "x": 151,
    "y": 219,
    "page_width": 1754,
    "page_height": 1241,
    "page_no": 11
  },
  {
    "question": "3",
    "text": "3bii",
    "x": 151,
    "y": 686,
    "page_width": 1754,
    "page_height": 1241,
    "page_no": 11
  },
  {
    "question": "3",
    "text": "3biii",
    "x": 151,
    "y": 214,
    "page_width": 1754,
    "page_height": 1241,
    "page_no": 12
  },
  {
    "question": "4",
    "text": "4ai",
    "x": 151,
    "y": 211,
    "page_width": 1754,
    "page_height": 1241,
    "page_no": 13
  },
  {
    "question": "5",
    "text": "5ai",
    "x": 151,
    "y": 246,
    "page_width": 1754,
    "page_height": 1241,
    "page_no": 15
  },
  {
    "question": "5",
    "text": "5aii",
    "x": 151,
    "y": 500,
    "page_width": 1754,
    "page_height": 1241,
    "page_no": 15
  },
  {
    "question": "5",
    "text": "5aiii",
    "x": 151,
    "y": 225,
    "page_width": 1754,
    "page_height": 1241,
    "page_no": 16
  },
  {
    "question": "5",
    "text": "5b",
    "x": 151,
    "y": 198,
    "page_width": 1754,
    "page_height": 1241,
    "page_no": 17
  },
  {
    "question": "6",
    "text": "6ai",
    "x": 151,
    "y": 242,
    "page_width": 1754,
    "page_height": 1241,
    "page_no": 18
  },
  {
    "question": "6",
    "text": "6aii",
    "x": 151,
    "y": 686,
    "page_width": 1754,
    "page_height": 1241,
    "page_no": 18
  },
  {
    "question": "6",
    "text": "6b",
    "x": 151,
    "y": 219,
    "page_width": 1754,
    "page_height": 1241,
    "page_no": 19
  },
  {
    "question": "6",
    "text": "6ci",
    "x": 151,
    "y": 219,
    "page_width": 1754,
    "page_height": 1241,
    "page_no": 20
  },
  {
    "question": "6",
    "text": "6cii",
    "x": 151,
    "y": 789,
    "page_width": 1754,
    "page_height": 1241,
    "page_no": 20
  },
  {
    "question": "6",
    "text": "6d",
    "x": 151,
    "y": 219,
    "page_width": 1754,
    "page_height": 1241,
    "page_no": 21
  },
  {
    "question": "7",
    "text": "7a",
    "x": 151,
    "y": 247,
    "page_width": 1754,
    "page_height": 1241,
    "page_no": 22
  },
  {
    "question": "7",
    "text": "7b",
    "x": 151,
    "y": 219,
    "page_width": 1754,
    "page_height": 1241,
    "page_no": 23
  },
  {
    "question": "7",
    "text": "7c",
    "x": 151,
    "y": 220,
    "page_width": 1754,
    "page_height": 1241,
    "page_no": 25
  },
  {
    "question": "7",
    "text": "7d",
    "x": 151,
    "y": 219,
    "page_width": 1754,
    "page_height": 1241,
    "page_no": 26
  },
  {
    "question": "8",
    "text": "8a",
    "x": 151,
    "y": 219,
    "page_width": 1754,
    "page_height": 1241,
    "page_no": 27
  },
  {
    "question": "8",
    "text": "8b",
    "x": 151,
    "y": 219,
    "page_width": 1754,
    "page_height": 1241,
    "page_no": 28
  },
  {
    "question": "8",
    "text": "8c",
    "x": 151,
    "y": 215,
    "page_width": 1754,
    "page_height": 1241,
    "page_no": 29
  },
  {
    "question": "8",
    "text": "8d",
    "x": 151,
    "y": 219,
    "page_width": 1754,
    "page_height": 1241,
    "page_no": 30
  },
  {
    "question": "0",
    "text": "0",
    "x": 212,
    "y": 188,
    "page_width": 1754,
    "page_height": 1241,
    "page_no": 24
  },
  {
    "question": "1",
    "text": "1",
    "x": 213,
    "y": 221,
    "page_width": 1754,
    "page_height": 1241,
    "page_no": 24
  },
  {
    "question": "2",
    "text": "2",
    "x": 212,
    "y": 377,
    "page_width": 1754,
    "page_height": 1241,
    "page_no": 24
  },
  {
    "question": "3",
    "text": "3",
    "x": 212,
    "y": 549,
    "page_width": 1754,
    "page_height": 1241,
    "page_no": 24
  },
  {
    "question": "0",
    "text": "0",
    "x": 212,
    "y": 188,
    "page_width": 1754,
    "page_height": 1241,
    "page_no": 31
  },
  {
    "question": "1",
    "text": "1",
    "x": 213,
    "y": 221,
    "page_width": 1754,
    "page_height": 1241,
    "page_no": 31
  },
  {
    "question": "2",
    "text": "2",
    "x": 212,
    "y": 409,
    "page_width": 1754,
    "page_height": 1241,
    "page_no": 31
  },
  {
    "question": "3",
    "text": "3",
    "x": 212,
    "y": 659,
    "page_width": 1754,
    "page_height": 1241,
    "page_no": 31
  }
]