[
  {
    "question": "1",
    "text": "1a",
    "x": 165,
    "y": 210,
    "page_width": 1754,
    "page_height": 1241,
    "page_no": 4
  },
  {
    "question": "1",
    "text": "1bi",
    "x": 165,
    "y": 467,
    "page_width": 1754,
    "page_height": 1241,
    "page_no": 4
  },
  {
    "question": "1",
    "text": "1bii",
    "x": 165,
    "y": 259,
    "page_width": 1754,
    "page_height": 1241,
    "page_no": 5
  },
  {
    "question": "8",
    "text": "8f",
    "x": 171,
    "y": 165,
    "page_width": 1754,
    "page_height": 1241,
    "page_no": 34
  },
  {
    "question": "2",
    "text": "2ai",
    "x": 163,
    "y": 677,
    "page_width": 1754,
    "page_height": 1241,
    "page_no": 5
  },
  {
    "question": "2",
    "text": "2aii",
    "x": 163,
    "y": 206,
    "page_width": 1754,
    "page_height": 1241,
    "page_no": 6
  },
  {
    "question": "2",
    "text": "2aiii",
    "x": 164,
    "y": 735,
    "page_width": 1754,
    "page_height": 1241,
    "page_no": 6
  },
  {
    "question": "2",
    "text": "2bi",
    "x": 163,
    "y": 232,
    "page_width": 1754,
    "page_height": 1241,
    "page_no": 7
  },
  {
    "question": "2",
    "text": "2bii",
    "x": 163,
    "y": 206,
    "page_width": 1754,
    "page_height": 1241,
    "page_no": 8
  },
  {
    "question": "3",
    "text": "3a",
    "x": 164,
    "y": 211,
    "page_width": 1754,
    "page_height": 1241,
    "page_no": 9
  },
  {
    "question": "3",
    "text": "3bi",
    "x": 164,
    "y": 206,
    "page_width": 1754,
    "page_height": 1241,
    "page_no": 10
  },
  {
    "question": "3",
    "text": "3b",
    "x": 164,
    "y": 210,
    "page_width": 1754,
    "page_height": 1241,
    "page_no": 11
  },
  {
    "question": "3",
    "text": "3c",
    "x": 164,
    "y": 173,
    "page_width": 1754,
    "page_height": 1241,
    "page_no": 12
  },
  {
    "question": "4",
    "text": "4a",
    "x": 163,
    "y": 211,
    "page_width": 1754,
    "page_height": 1241,
    "page_no": 13
  },
  {
    "question": "4",
    "text": "4bi",
    "x": 163,
    "y": 575,
    "page_width": 1754,
    "page_height": 1241,
    "page_no": 13
  },
  {
    "question": "4",
    "text": "4bii",
    "x": 163,
    "y": 196,
    "page_width": 1754,
    "page_height": 1241,
    "page_no": 14
  },
  {
    "question": "4",
    "text": "4biii",
    "x": 163,
    "y": 194,
    "page_width": 1754,
    "page_height": 1241,
    "page_no": 15
  },
  {
    "question": "5",
    "text": "5ai",
    "x": 164,
    "y": 211,
    "page_width": 1754,
    "page_height": 1241,
    "page_no": 17
  },
  {
    "question": "5",
    "text": "5aii",
    "x": 164,
    "y": 680,
    "page_width": 1754,
    "page_height": 1241,
    "page_no": 17
  },
  {
    "question": "5",
    "text": "5aiii",
    "x": 164,
    "y": 241,
    "page_width": 1754,
    "page_height": 1241,
    "page_no": 18
  },
  {
    "question": "5",
    "text": "5b",
    "x": 164,
    "y": 102,
    "page_width": 1754,
    "page_height": 1241,
    "page_no": 19
  },
  {
    "question": "5",
    "text": "5ci",
    "x": 164,
    "y": 177,
    "page_width": 1754,
    "page_height": 1241,
    "page_no": 20
  },
  {
    "question": "5",
    "text": "5cii",
    "x": 164,
    "y": 540,
    "page_width": 1754,
    "page_height": 1241,
    "page_no": 20
  },
  {
    "question": "5",
    "text": "5ciii",
    "x": 164,
    "y": 173,
    "page_width": 1754,
    "page_height": 1241,
    "page_no": 21
  },
  {
    "question": "6",
    "text": "6a",
    "x": 163,
    "y": 256,
    "page_width": 1754,
    "page_height": 1241,
    "page_no": 22
  },
  {
    "question": "6",
    "text": "6b",
    "x": 164,
    "y": 151,
    "page_width": 1754,
    "page_height": 1241,
    "page_no": 23
  },
  {
    "question": "7",
    "text": "7a",
    "x": 163,
    "y": 263,
    "page_width": 1754,
    "page_height": 1241,
    "page_no": 25
  },
  {
    "question": "7",
    "text": "7b",
    "x": 163,
    "y": 195,
    "page_width": 1754,
    "page_height": 1241,
    "page_no": 26
  },
  {
    "question": "7",
    "text": "7ci",
    "x": 163,
    "y": 237,
    "page_width": 1754,
    "page_height": 1241,
    "page_no": 27
  },
  {
    "question": "7",
    "text": "7cii",
    "x": 163,
    "y": 748,
    "page_width": 1754,
    "page_height": 1241,
    "page_no": 27
  },
  {
    "question": "7",
    "text": "7ciii",
    "x": 163,
    "y": 130,
    "page_width": 1754,
    "page_height": 1241,
    "page_no": 28
  },
  {
    "question": "8",
    "text": "8a",
    "x": 163,
    "y": 187,
    "page_width": 1754,
    "page_height": 1241,
    "page_no": 29
  },
  {
    "question": "8",
    "text": "8b",
    "x": 163,
    "y": 272,
    "page_width": 1754,
    "page_height": 1241,
    "page_no": 30
  },
  {
    "question": "8",
    "text": "8c",
    "x": 163,
    "y": 195,
    "page_width": 1754,
    "page_height": 1241,
    "page_no": 31
  },
  {
    "question": "8",
    "text": "8d",
    "x": 163,
    "y": 301,
    "page_width": 1754,
    "page_height": 1241,
    "page_no": 32
  },
  {
    "question": "8",
    "text": "8e",
    "x": 163,
    "y": 233,
    "page_width": 1754,
    "page_height": 1241,
    "page_no": 33
  },
  {
    "question": "8",
    "text": "8g",
    "x": 163,
    "y": 642,
    "page_width": 1754,
    "page_height": 1241,
    "page_no": 34
  }
]