[
  {
    "question": "1",
    "text": "1b",
    "x": 107,
    "y": 630,
    "page_width": 1241,
    "page_height": 1754,
    "page_no": 4
  },
  {
    "question": "1",
    "text": "1c",
    "x": 107,
    "y": 268,
    "page_width": 1241,
    "page_height": 1754,
    "page_no": 5
  },
  {
    "question": "2",
    "text": "2ci",
    "x": 102,
    "y": 227,
    "page_width": 1241,
    "page_height": 1754,
    "page_no": 7
  },
  {
    "question": "2",
    "text": "2d",
    "x": 102,
    "y": 1141,
    "page_width": 1241,
    "page_height": 1754,
    "page_no": 7
  },
  {
    "question": "4",
    "text": "4b",
    "x": 102,
    "y": 279,
    "page_width": 1241,
    "page_height": 1754,
    "page_no": 12
  },
  {
    "question": "2",
    "text": "2a",
    "x": 160,
    "y": 971,
    "page_width": 1241,
    "page_height": 1754,
    "page_no": 5
  },
  {
    "question": "2",
    "text": "2b",
    "x": 160,
    "y": 272,
    "page_width": 1241,
    "page_height": 1754,
    "page_no": 6
  },
  {
    "question": "3",
    "text": "3a",
    "x": 160,
    "y": 227,
    "page_width": 1241,
    "page_height": 1754,
    "page_no": 8
  },
  {
    "question": "3",
    "text": "3b",
    "x": 161,
    "y": 558,
    "page_width": 1241,
    "page_height": 1754,
    "page_no": 8
  },
  {
    "question": "3",
    "text": "3c",
    "x": 160,
    "y": 1048,
    "page_width": 1241,
    "page_height": 1754,
    "page_no": 8
  },
  {
    "question": "3",
    "text": "3di",
    "x": 160,
    "y": 226,
    "page_width": 1241,
    "page_height": 1754,
    "page_no": 9
  },
  {
    "question": "3",
    "text": "3d",
    "x": 160,
    "y": 671,
    "page_width": 1241,
    "page_height": 1754,
    "page_no": 9
  },
  {
    "question": "4",
    "text": "4a",
    "x": 159,
    "y": 256,
    "page_width": 1241,
    "page_height": 1754,
    "page_no": 11
  },
  {
    "question": "4",
    "text": "4c",
    "x": 159,
    "y": 417,
    "page_width": 1241,
    "page_height": 1754,
    "page_no": 13
  }
]