[
  {
    "question": "1",
    "text": "1",
    "x": 150,
    "y": 473,
    "page_width": 1359,
    "page_height": 1873,
    "page_no": 2
  },
  {
    "question": "2",
    "text": "2",
    "x": 148,
    "y": 971,
    "page_width": 1359,
    "page_height": 1873,
    "page_no": 2
  },
  {
    "question": "3",
    "text": "3.",
    "x": 148,
    "y": 190,
    "page_width": 1359,
    "page_height": 1873,
    "page_no": 3
  },
  {
    "question": "5",
    "text": "5",
    "x": 149,
    "y": 191,
    "page_width": 1359,
    "page_height": 1873,
    "page_no": 4
  },
  {
    "question": "6",
    "text": "6",
    "x": 148,
    "y": 516,
    "page_width": 1359,
    "page_height": 1873,
    "page_no": 4
  },
  {
    "question": "7",
    "text": "7",
    "x": 149,
    "y": 842,
    "page_width": 1359,
    "page_height": 1873,
    "page_no": 4
  },
  {
    "question": "8",
    "text": "8",
    "x": 148,
    "y": 190,
    "page_width": 1359,
    "page_height": 1873,
    "page_no": 5
  },
  {
    "question": "9",
    "text": "9",
    "x": 148,
    "y": 1189,
    "page_width": 1359,
    "page_height": 1873,
    "page_no": 5
  },
  {
    "question": "10",
    "text": "10",
    "x": 150,
    "y": 190,
    "page_width": 1359,
    "page_height": 1873,
    "page_no": 6
  },
  {
    "question": "11",
    "text": "11",
    "x": 150,
    "y": 517,
    "page_width": 1359,
    "page_height": 1873,
    "page_no": 6
  },
  {
    "question": "14",
    "text": "14",
    "x": 150,
    "y": 191,
    "page_width": 1359,
    "page_height": 1873,
    "page_no": 7
  },
  {
    "question": "15",
    "text": "15",
    "x": 150,
    "y": 717,
    "page_width": 1359,
    "page_height": 1873,
    "page_no": 7
  },
  {
    "question": "16",
    "text": "16",
    "x": 150,
    "y": 1141,
    "page_width": 1359,
    "page_height": 1873,
    "page_no": 7
  },
  {
    "question": "17",
    "text": "17",
    "x": 150,
    "y": 191,
    "page_width": 1359,
    "page_height": 1873,
    "page_no": 8
  },
  {
    "question": "18",
    "text": "18",
    "x": 150,
    "y": 741,
    "page_width": 1359,
    "page_height": 1873,
    "page_no": 8
  },
  {
    "question": "19",
    "text": "19",
    "x": 150,
    "y": 190,
    "page_width": 1359,
    "page_height": 1873,
    "page_no": 9
  },
  {
    "question": "20",
    "text": "20",
    "x": 148,
    "y": 308,
    "page_width": 1359,
    "page_height": 1873,
    "page_no": 10
  },
  {
    "question": "21",
    "text": "21",
    "x": 148,
    "y": 190,
    "page_width": 1359,
    "page_height": 1873,
    "page_no": 12
  },
  {
    "question": "22",
    "text": "22",
    "x": 148,
    "y": 190,
    "page_width": 1359,
    "page_height": 1873,
    "page_no": 15
  },
  {
    "question": "23",
    "text": "23",
    "x": 148,
    "y": 190,
    "page_width": 1359,
    "page_height": 1873,
    "page_no": 18
  },
  {
    "question": "24",
    "text": "24",
    "x": 148,
    "y": 308,
    "page_width": 1359,
    "page_height": 1873,
    "page_no": 20
  },
  {
    "question": "5",
    "text": "5S",
    "x": 71,
    "y": 288,
    "page_width": 1359,
    "page_height": 1873,
    "page_no": 5
  },
  {
    "question": "36",
    "text": "36",
    "x": 71,
    "y": 132,
    "page_width": 1359,
    "page_height": 1873,
    "page_no": 9
  },
  {
    "question": "8",
    "text": "8",
    "x": 71,
    "y": 1047,
    "page_width": 1359,
    "page_height": 1873,
    "page_no": 9
  },
  {
    "question": "28",
    "text": "28",
    "x": 71,
    "y": 1301,
    "page_width": 1359,
    "page_height": 1873,
    "page_no": 13
  },
  {
    "question": "12",
    "text": "12",
    "x": 163,
    "y": 1728,
    "page_width": 1359,
    "page_height": 1873,
    "page_no": 12
  },
  {
    "question": "14",
    "text": "14",
    "x": 163,
    "y": 1728,
    "page_width": 1359,
    "page_height": 1873,
    "page_no": 14
  },
  {
    "question": "16",
    "text": "16",
    "x": 163,
    "y": 1728,
    "page_width": 1359,
    "page_height": 1873,
    "page_no": 16
  },
  {
    "question": "18",
    "text": "18",
    "x": 163,
    "y": 1728,
    "page_width": 1359,
    "page_height": 1873,
    "page_no": 18
  },
  {
    "question": "20",
    "text": "20",
    "x": 162,
    "y": 1728,
    "page_width": 1359,
    "page_height": 1873,
    "page_no": 20
  },
  {
    "question": "22",
    "text": "22",
    "x": 162,
    "y": 1728,
    "page_width": 1359,
    "page_height": 1873,
    "page_no": 22
  },
  {
    "question": "24",
    "text": "24",
    "x": 162,
    "y": 1728,
    "page_width": 1359,
    "page_height": 1873,
    "page_no": 24
  },
  {
    "question": "26",
    "text": "26",
    "x": 162,
    "y": 1728,
    "page_width": 1359,
    "page_height": 1873,
    "page_no": 26
  },
  {
    "question": "28",
    "text": "28",
    "x": 163,
    "y": 1728,
    "page_width": 1359,
    "page_height": 1873,
    "page_no": 28
  }
]