[
  {
    "question": "1",
    "text": "1ci",
    "x": 68,
    "y": 704,
    "page_width": 1754,
    "page_height": 1241,
    "page_no": 6
  },
  {
    "question": "1",
    "text": "1cii",
    "x": 68,
    "y": 180,
    "page_width": 1754,
    "page_height": 1241,
    "page_no": 7
  },
  {
    "question": "1",
    "text": "1d",
    "x": 68,
    "y": 665,
    "page_width": 1754,
    "page_height": 1241,
    "page_no": 7
  },
  {
    "question": "2",
    "text": "2a",
    "x": 70,
    "y": 180,
    "page_width": 1754,
    "page_height": 1241,
    "page_no": 8
  },
  {
    "question": "2",
    "text": "2b",
    "x": 70,
    "y": 242,
    "page_width": 1754,
    "page_height": 1241,
    "page_no": 9
  },
  {
    "question": "2",
    "text": "2c",
    "x": 71,
    "y": 645,
    "page_width": 1754,
    "page_height": 1241,
    "page_no": 9
  },
  {
    "question": "3",
    "text": "3a",
    "x": 67,
    "y": 227,
    "page_width": 1754,
    "page_height": 1241,
    "page_no": 10
  },
  {
    "question": "3",
    "text": "3c",
    "x": 128,
    "y": 180,
    "page_width": 1754,
    "page_height": 1241,
    "page_no": 12
  },
  {
    "question": "3",
    "text": "3di",
    "x": 128,
    "y": 666,
    "page_width": 1754,
    "page_height": 1241,
    "page_no": 12
  },
  {
    "question": "3",
    "text": "3d",
    "x": 128,
    "y": 180,
    "page_width": 1754,
    "page_height": 1241,
    "page_no": 13
  },
  {
    "question": "3",
    "text": "3e",
    "x": 128,
    "y": 668,
    "page_width": 1754,
    "page_height": 1241,
    "page_no": 13
  },
  {
    "question": "4",
    "text": "4c",
    "x": 127,
    "y": 214,
    "page_width": 1754,
    "page_height": 1241,
    "page_no": 16
  },
  {
    "question": "4",
    "text": "4d",
    "x": 127,
    "y": 210,
    "page_width": 1754,
    "page_height": 1241,
    "page_no": 17
  }
]