[
  {
    "question": "7",
    "text": "7.",
    "x": 98,
    "y": 151,
    "page_width": 1241,
    "page_height": 1754,
    "page_no": 5
  },
  {
    "question": "8",
    "text": "8.",
    "x": 97,
    "y": 207,
    "page_width": 1241,
    "page_height": 1754,
    "page_no": 5
  },
  {
    "question": "9",
    "text": "9.",
    "x": 97,
    "y": 603,
    "page_width": 1241,
    "page_height": 1754,
    "page_no": 5
  },
  {
    "question": "1",
    "text": "1a",
    "x": 101,
    "y": 206,
    "page_width": 1241,
    "page_height": 1754,
    "page_no": 7
  },
  {
    "question": "1",
    "text": "1.",
    "x": 61,
    "y": 206,
    "page_width": 1241,
    "page_height": 1754,
    "page_no": 6
  },
  {
    "question": "2",
    "text": "2.",
    "x": 60,
    "y": 347,
    "page_width": 1241,
    "page_height": 1754,
    "page_no": 6
  },
  {
    "question": "3",
    "text": "3.",
    "x": 60,
    "y": 431,
    "page_width": 1241,
    "page_height": 1754,
    "page_no": 6
  },
  {
    "question": "1",
    "text": "1.",
    "x": 61,
    "y": 588,
    "page_width": 1241,
    "page_height": 1754,
    "page_no": 6
  },
  {
    "question": "2",
    "text": "2.",
    "x": 60,
    "y": 682,
    "page_width": 1241,
    "page_height": 1754,
    "page_no": 6
  },
  {
    "question": "2",
    "text": "2",
    "x": 138,
    "y": 1507,
    "page_width": 1241,
    "page_height": 1754,
    "page_no": 7
  },
  {
    "question": "3",
    "text": "3",
    "x": 141,
    "y": 1543,
    "page_width": 1241,
    "page_height": 1754,
    "page_no": 7
  },
  {
    "question": "4",
    "text": "4x+9y\u201443=0",
    "x": 138,
    "y": 729,
    "page_width": 1241,
    "page_height": 1754,
    "page_no": 8
  },
  {
    "question": "2",
    "text": "2x",
    "x": 138,
    "y": 275,
    "page_width": 1241,
    "page_height": 1754,
    "page_no": 17
  },
  {
    "question": "12",
    "text": "12",
    "x": 137,
    "y": 1332,
    "page_width": 1241,
    "page_height": 1754,
    "page_no": 18
  },
  {
    "question": "3",
    "text": "3x\u00b0",
    "x": 138,
    "y": 258,
    "page_width": 1241,
    "page_height": 1754,
    "page_no": 21
  },
  {
    "question": "14",
    "text": "14",
    "x": 137,
    "y": 739,
    "page_width": 1241,
    "page_height": 1754,
    "page_no": 23
  }
]