[
  {
    "question": 0,
    "x": 89,
    "y": 1237,
    "page_no": 16,
    "page_width": 1241,
    "page_height": 1754
  },
  {
    "question": 16,
    "x": 89,
    "y": 132,
    "page_no": 14,
    "page_width": 1241,
    "page_height": 1754
  },
  {
    "question": 11,
    "x": 106,
    "y": 126,
    "page_no": 9,
    "page_width": 1241,
    "page_height": 1754
  },
  {
    "question": 7,
    "x": 103,
    "y": 60,
    "page_no": 8,
    "page_width": 1241,
    "page_height": 1754
  },
  {
    "question": 6,
    "x": 89,
    "y": 1328,
    "page_no": 7,
    "page_width": 1241,
    "page_height": 1754
  },
  {
    "question": 5,
    "x": 85,
    "y": 1142,
    "page_no": 7,
    "page_width": 1241,
    "page_height": 1754
  },
  {
    "question": 4,
    "x": 87,
    "y": 831,
    "page_no": 7,
    "page_width": 1241,
    "page_height": 1754
  },
  {
    "question": 3,
    "x": 89,
    "y": 644,
    "page_no": 7,
    "page_width": 1241,
    "page_height": 1754
  },
  {
    "question": 2,
    "x": 89,
    "y": 333,
    "page_no": 7,
    "page_width": 1241,
    "page_height": 1754
  },
  {
    "question": 1,
    "x": 92,
    "y": 140,
    "page_no": 7,
    "page_width": 1241,
    "page_height": 1754
  },
  {
    "question": "8",
    "text": "8",
    "x": 101,
    "y": 380,
    "page_width": 1241,
    "page_height": 1754,
    "page_no": 8
  },
  {
    "question": "9",
    "text": "9",
    "x": 100,
    "y": 631,
    "page_width": 1241,
    "page_height": 1754,
    "page_no": 8
  },
  {
    "question": "10",
    "text": "10",
    "x": 102,
    "y": 788,
    "page_width": 1241,
    "page_height": 1754,
    "page_no": 8
  },
  {
    "question": "12",
    "text": "12a",
    "x": 102,
    "y": 162,
    "page_width": 1241,
    "page_height": 1754,
    "page_no": 10
  },
  {
    "question": "13",
    "text": "13a",
    "x": 102,
    "y": 162,
    "page_width": 1241,
    "page_height": 1754,
    "page_no": 11
  },
  {
    "question": "14",
    "text": "14a",
    "x": 102,
    "y": 132,
    "page_width": 1241,
    "page_height": 1754,
    "page_no": 12
  },
  {
    "question": "15",
    "text": "15a",
    "x": 102,
    "y": 132,
    "page_width": 1241,
    "page_height": 1754,
    "page_no": 13
  },
  {
    "question": "17",
    "text": "17a",
    "x": 102,
    "y": 132,
    "page_width": 1241,
    "page_height": 1754,
    "page_no": 15
  },
  {
    "question": "18",
    "text": "18a",
    "x": 102,
    "y": 131,
    "page_width": 1241,
    "page_height": 1754,
    "page_no": 16
  },
  {
    "question": "18",
    "text": "18d",
    "x": 102,
    "y": 1071,
    "page_width": 1241,
    "page_height": 1754,
    "page_no": 16
  }
]