[
  {
    "question": "1",
    "text": "1",
    "x": 123,
    "y": 248,
    "page_width": 1755,
    "page_height": 1241,
    "page_no": 4
  },
  {
    "question": "10",
    "text": "10",
    "x": 123,
    "y": 153,
    "page_width": 1755,
    "page_height": 1241,
    "page_no": 8
  },
  {
    "question": "12",
    "text": "12",
    "x": 123,
    "y": 799,
    "page_width": 1755,
    "page_height": 1241,
    "page_no": 8
  },
  {
    "question": "13",
    "text": "13",
    "x": 123,
    "y": 153,
    "page_width": 1755,
    "page_height": 1241,
    "page_no": 9
  },
  {
    "question": "14",
    "text": "14",
    "x": 123,
    "y": 476,
    "page_width": 1755,
    "page_height": 1241,
    "page_no": 9
  },
  {
    "question": "15",
    "text": "15",
    "x": 123,
    "y": 801,
    "page_width": 1755,
    "page_height": 1241,
    "page_no": 9
  },
  {
    "question": "16",
    "text": "16",
    "x": 123,
    "y": 153,
    "page_width": 1755,
    "page_height": 1241,
    "page_no": 10
  },
  {
    "question": "17",
    "text": "17",
    "x": 123,
    "y": 478,
    "page_width": 1755,
    "page_height": 1241,
    "page_no": 10
  },
  {
    "question": "18",
    "text": "18b",
    "x": 123,
    "y": 629,
    "page_width": 1755,
    "page_height": 1241,
    "page_no": 11
  },
  {
    "question": "18",
    "text": "18c",
    "x": 123,
    "y": 148,
    "page_width": 1755,
    "page_height": 1241,
    "page_no": 12
  },
  {
    "question": "18",
    "text": "18di",
    "x": 123,
    "y": 148,
    "page_width": 1755,
    "page_height": 1241,
    "page_no": 13
  },
  {
    "question": "18",
    "text": "18dii",
    "x": 123,
    "y": 148,
    "page_width": 1755,
    "page_height": 1241,
    "page_no": 14
  },
  {
    "question": "18",
    "text": "18diii",
    "x": 123,
    "y": 498,
    "page_width": 1755,
    "page_height": 1241,
    "page_no": 14
  },
  {
    "question": "19",
    "text": "19ai",
    "x": 123,
    "y": 874,
    "page_width": 1755,
    "page_height": 1241,
    "page_no": 14
  },
  {
    "question": "19",
    "text": "19aii",
    "x": 123,
    "y": 173,
    "page_width": 1755,
    "page_height": 1241,
    "page_no": 15
  },
  {
    "question": "19",
    "text": "19b",
    "x": 123,
    "y": 353,
    "page_width": 1755,
    "page_height": 1241,
    "page_no": 15
  },
  {
    "question": "19",
    "text": "19di",
    "x": 123,
    "y": 144,
    "page_width": 1755,
    "page_height": 1241,
    "page_no": 17
  },
  {
    "question": "19",
    "text": "19dii",
    "x": 123,
    "y": 641,
    "page_width": 1755,
    "page_height": 1241,
    "page_no": 17
  },
  {
    "question": "24",
    "text": "24ci",
    "x": 123,
    "y": 1011,
    "page_width": 1755,
    "page_height": 1241,
    "page_no": 23
  },
  {
    "question": "21",
    "text": "21cii",
    "x": 124,
    "y": 148,
    "page_width": 1755,
    "page_height": 1241,
    "page_no": 24
  },
  {
    "question": "22",
    "text": "22bv",
    "x": 124,
    "y": 817,
    "page_width": 1755,
    "page_height": 1241,
    "page_no": 26
  },
  {
    "question": "2",
    "text": "2",
    "x": 122,
    "y": 570,
    "page_width": 1755,
    "page_height": 1241,
    "page_no": 4
  },
  {
    "question": "2",
    "text": "2",
    "x": 122,
    "y": 892,
    "page_width": 1755,
    "page_height": 1241,
    "page_no": 4
  },
  {
    "question": "3",
    "text": "3",
    "x": 122,
    "y": 154,
    "page_width": 1755,
    "page_height": 1241,
    "page_no": 5
  },
  {
    "question": "4",
    "text": "4",
    "x": 121,
    "y": 476,
    "page_width": 1755,
    "page_height": 1241,
    "page_no": 5
  },
  {
    "question": "5",
    "text": "5",
    "x": 122,
    "y": 798,
    "page_width": 1755,
    "page_height": 1241,
    "page_no": 5
  },
  {
    "question": "6",
    "text": "6a",
    "x": 121,
    "y": 153,
    "page_width": 1755,
    "page_height": 1241,
    "page_no": 6
  },
  {
    "question": "6",
    "text": "6b",
    "x": 121,
    "y": 489,
    "page_width": 1755,
    "page_height": 1241,
    "page_no": 6
  },
  {
    "question": "7",
    "text": "7",
    "x": 121,
    "y": 812,
    "page_width": 1755,
    "page_height": 1241,
    "page_no": 6
  },
  {
    "question": "8",
    "text": "8a",
    "x": 121,
    "y": 153,
    "page_width": 1755,
    "page_height": 1241,
    "page_no": 7
  },
  {
    "question": "8",
    "text": "8b",
    "x": 121,
    "y": 475,
    "page_width": 1755,
    "page_height": 1241,
    "page_no": 7
  },
  {
    "question": "9",
    "text": "9",
    "x": 121,
    "y": 798,
    "page_width": 1755,
    "page_height": 1241,
    "page_no": 7
  },
  {
    "question": "18",
    "text": "18a",
    "x": 118,
    "y": 201,
    "page_width": 1755,
    "page_height": 1241,
    "page_no": 11
  },
  {
    "question": "20",
    "text": "20aiv",
    "x": 121,
    "y": 144,
    "page_width": 1755,
    "page_height": 1241,
    "page_no": 20
  },
  {
    "question": "20",
    "text": "20bi",
    "x": 121,
    "y": 144,
    "page_width": 1755,
    "page_height": 1241,
    "page_no": 21
  },
  {
    "question": "20",
    "text": "20bii",
    "x": 121,
    "y": 353,
    "page_width": 1755,
    "page_height": 1241,
    "page_no": 21
  },
  {
    "question": "20",
    "text": "20b",
    "x": 121,
    "y": 581,
    "page_width": 1755,
    "page_height": 1241,
    "page_no": 21
  },
  {
    "question": "21",
    "text": "21a",
    "x": 121,
    "y": 148,
    "page_width": 1755,
    "page_height": 1241,
    "page_no": 22
  },
  {
    "question": "21",
    "text": "21bi",
    "x": 120,
    "y": 578,
    "page_width": 1755,
    "page_height": 1241,
    "page_no": 22
  },
  {
    "question": "21",
    "text": "21bii",
    "x": 120,
    "y": 148,
    "page_width": 1755,
    "page_height": 1241,
    "page_no": 23
  },
  {
    "question": "21",
    "text": "21d",
    "x": 116,
    "y": 656,
    "page_width": 1755,
    "page_height": 1241,
    "page_no": 24
  },
  {
    "question": "22",
    "text": "22a",
    "x": 121,
    "y": 148,
    "page_width": 1755,
    "page_height": 1241,
    "page_no": 25
  },
  {
    "question": "22",
    "text": "22bi",
    "x": 121,
    "y": 318,
    "page_width": 1755,
    "page_height": 1241,
    "page_no": 25
  },
  {
    "question": "22",
    "text": "22bii",
    "x": 121,
    "y": 509,
    "page_width": 1755,
    "page_height": 1241,
    "page_no": 25
  },
  {
    "question": "22",
    "text": "22biii",
    "x": 121,
    "y": 148,
    "page_width": 1755,
    "page_height": 1241,
    "page_no": 26
  },
  {
    "question": "22",
    "text": "22biv",
    "x": 119,
    "y": 480,
    "page_width": 1755,
    "page_height": 1241,
    "page_no": 26
  }
]