[
  {
    "question": "1",
    "text": "1ai",
    "x": 164,
    "y": 217,
    "page_width": 1755,
    "page_height": 1241,
    "page_no": 4
  },
  {
    "question": "1",
    "text": "1aii",
    "x": 164,
    "y": 450,
    "page_width": 1755,
    "page_height": 1241,
    "page_no": 4
  },
  {
    "question": "1",
    "text": "1bi",
    "x": 164,
    "y": 184,
    "page_width": 1755,
    "page_height": 1241,
    "page_no": 5
  },
  {
    "question": "1",
    "text": "1b",
    "x": 164,
    "y": 413,
    "page_width": 1755,
    "page_height": 1241,
    "page_no": 5
  },
  {
    "question": "1",
    "text": "1biii",
    "x": 164,
    "y": 615,
    "page_width": 1755,
    "page_height": 1241,
    "page_no": 5
  },
  {
    "question": "1",
    "text": "1biv",
    "x": 164,
    "y": 184,
    "page_width": 1755,
    "page_height": 1241,
    "page_no": 6
  },
  {
    "question": "1",
    "text": "1bv",
    "x": 164,
    "y": 587,
    "page_width": 1755,
    "page_height": 1241,
    "page_no": 6
  },
  {
    "question": "1",
    "text": "1bvi",
    "x": 164,
    "y": 184,
    "page_width": 1755,
    "page_height": 1241,
    "page_no": 7
  },
  {
    "question": "1",
    "text": "1bvii",
    "x": 164,
    "y": 554,
    "page_width": 1755,
    "page_height": 1241,
    "page_no": 7
  },
  {
    "question": "2",
    "text": "2a",
    "x": 162,
    "y": 212,
    "page_width": 1755,
    "page_height": 1241,
    "page_no": 8
  },
  {
    "question": "2",
    "text": "2b",
    "x": 162,
    "y": 184,
    "page_width": 1755,
    "page_height": 1241,
    "page_no": 9
  },
  {
    "question": "2",
    "text": "2c",
    "x": 162,
    "y": 184,
    "page_width": 1755,
    "page_height": 1241,
    "page_no": 10
  },
  {
    "question": "2",
    "text": "2d",
    "x": 162,
    "y": 817,
    "page_width": 1755,
    "page_height": 1241,
    "page_no": 10
  },
  {
    "question": "2",
    "text": "2e",
    "x": 162,
    "y": 210,
    "page_width": 1755,
    "page_height": 1241,
    "page_no": 11
  },
  {
    "question": "2",
    "text": "2g",
    "x": 162,
    "y": 210,
    "page_width": 1755,
    "page_height": 1241,
    "page_no": 13
  },
  {
    "question": "3",
    "text": "3ad",
    "x": 162,
    "y": 781,
    "page_width": 1755,
    "page_height": 1241,
    "page_no": 13
  },
  {
    "question": "3",
    "text": "3aiii",
    "x": 162,
    "y": 210,
    "page_width": 1755,
    "page_height": 1241,
    "page_no": 15
  },
  {
    "question": "3",
    "text": "3b",
    "x": 162,
    "y": 731,
    "page_width": 1755,
    "page_height": 1241,
    "page_no": 15
  },
  {
    "question": "3",
    "text": "3ci",
    "x": 162,
    "y": 184,
    "page_width": 1755,
    "page_height": 1241,
    "page_no": 16
  },
  {
    "question": "3",
    "text": "3cii",
    "x": 162,
    "y": 423,
    "page_width": 1755,
    "page_height": 1241,
    "page_no": 16
  },
  {
    "question": "3",
    "text": "3di",
    "x": 162,
    "y": 184,
    "page_width": 1755,
    "page_height": 1241,
    "page_no": 17
  },
  {
    "question": "3",
    "text": "3dii",
    "x": 162,
    "y": 478,
    "page_width": 1755,
    "page_height": 1241,
    "page_no": 17
  },
  {
    "question": "3",
    "text": "3diii",
    "x": 162,
    "y": 740,
    "page_width": 1755,
    "page_height": 1241,
    "page_no": 17
  },
  {
    "question": "3",
    "text": "3div",
    "x": 162,
    "y": 180,
    "page_width": 1755,
    "page_height": 1241,
    "page_no": 18
  },
  {
    "question": "3",
    "text": "3e",
    "x": 162,
    "y": 443,
    "page_width": 1755,
    "page_height": 1241,
    "page_no": 18
  }
]