[
  {
    "question": "1",
    "text": "1ai",
    "x": 152,
    "y": 246,
    "page_width": 1754,
    "page_height": 1241,
    "page_no": 4
  },
  {
    "question": "1",
    "text": "1aii",
    "x": 152,
    "y": 620,
    "page_width": 1754,
    "page_height": 1241,
    "page_no": 4
  },
  {
    "question": "1",
    "text": "1aiii",
    "x": 152,
    "y": 219,
    "page_width": 1754,
    "page_height": 1241,
    "page_no": 5
  },
  {
    "question": "1",
    "text": "1bi",
    "x": 152,
    "y": 593,
    "page_width": 1754,
    "page_height": 1241,
    "page_no": 5
  },
  {
    "question": "4",
    "text": "4bii",
    "x": 152,
    "y": 784,
    "page_width": 1754,
    "page_height": 1241,
    "page_no": 5
  },
  {
    "question": "2",
    "text": "2ai",
    "x": 151,
    "y": 242,
    "page_width": 1754,
    "page_height": 1241,
    "page_no": 6
  },
  {
    "question": "2",
    "text": "2aii",
    "x": 151,
    "y": 556,
    "page_width": 1754,
    "page_height": 1241,
    "page_no": 6
  },
  {
    "question": "2",
    "text": "2bi",
    "x": 151,
    "y": 242,
    "page_width": 1754,
    "page_height": 1241,
    "page_no": 7
  },
  {
    "question": "2",
    "text": "2bii",
    "x": 151,
    "y": 582,
    "page_width": 1754,
    "page_height": 1241,
    "page_no": 7
  },
  {
    "question": "3",
    "text": "3ai",
    "x": 151,
    "y": 246,
    "page_width": 1754,
    "page_height": 1241,
    "page_no": 8
  },
  {
    "question": "3",
    "text": "3aii",
    "x": 151,
    "y": 614,
    "page_width": 1754,
    "page_height": 1241,
    "page_no": 8
  },
  {
    "question": "3",
    "text": "3bi",
    "x": 151,
    "y": 929,
    "page_width": 1754,
    "page_height": 1241,
    "page_no": 8
  },
  {
    "question": "3",
    "text": "3bii",
    "x": 151,
    "y": 246,
    "page_width": 1754,
    "page_height": 1241,
    "page_no": 9
  },
  {
    "question": "3",
    "text": "3biii",
    "x": 151,
    "y": 613,
    "page_width": 1754,
    "page_height": 1241,
    "page_no": 9
  },
  {
    "question": "5",
    "text": "5ai",
    "x": 151,
    "y": 294,
    "page_width": 1754,
    "page_height": 1241,
    "page_no": 12
  },
  {
    "question": "5",
    "text": "5aii",
    "x": 151,
    "y": 761,
    "page_width": 1754,
    "page_height": 1241,
    "page_no": 12
  },
  {
    "question": "5",
    "text": "5aiii",
    "x": 151,
    "y": 246,
    "page_width": 1754,
    "page_height": 1241,
    "page_no": 13
  },
  {
    "question": "5",
    "text": "5bi",
    "x": 151,
    "y": 613,
    "page_width": 1754,
    "page_height": 1241,
    "page_no": 13
  },
  {
    "question": "5",
    "text": "5bii",
    "x": 151,
    "y": 851,
    "page_width": 1754,
    "page_height": 1241,
    "page_no": 13
  },
  {
    "question": "5",
    "text": "5biii",
    "x": 151,
    "y": 241,
    "page_width": 1754,
    "page_height": 1241,
    "page_no": 14
  },
  {
    "question": "6",
    "text": "6a",
    "x": 151,
    "y": 246,
    "page_width": 1754,
    "page_height": 1241,
    "page_no": 15
  },
  {
    "question": "6",
    "text": "6b",
    "x": 151,
    "y": 219,
    "page_width": 1754,
    "page_height": 1241,
    "page_no": 16
  },
  {
    "question": "7",
    "text": "7a",
    "x": 151,
    "y": 247,
    "page_width": 1754,
    "page_height": 1241,
    "page_no": 18
  },
  {
    "question": "7",
    "text": "7b",
    "x": 151,
    "y": 642,
    "page_width": 1754,
    "page_height": 1241,
    "page_no": 18
  },
  {
    "question": "7",
    "text": "7ci",
    "x": 151,
    "y": 246,
    "page_width": 1754,
    "page_height": 1241,
    "page_no": 19
  },
  {
    "question": "7",
    "text": "7cii",
    "x": 151,
    "y": 267,
    "page_width": 1754,
    "page_height": 1241,
    "page_no": 20
  },
  {
    "question": "8",
    "text": "8a",
    "x": 151,
    "y": 246,
    "page_width": 1754,
    "page_height": 1241,
    "page_no": 21
  },
  {
    "question": "8",
    "text": "8bi",
    "x": 151,
    "y": 267,
    "page_width": 1754,
    "page_height": 1241,
    "page_no": 22
  },
  {
    "question": "8",
    "text": "8bii",
    "x": 151,
    "y": 242,
    "page_width": 1754,
    "page_height": 1241,
    "page_no": 23
  },
  {
    "question": "8",
    "text": "8biii",
    "x": 151,
    "y": 242,
    "page_width": 1754,
    "page_height": 1241,
    "page_no": 25
  },
  {
    "question": "4",
    "text": "4ai",
    "x": 150,
    "y": 241,
    "page_width": 1754,
    "page_height": 1241,
    "page_no": 10
  },
  {
    "question": "4",
    "text": "4aii",
    "x": 150,
    "y": 582,
    "page_width": 1754,
    "page_height": 1241,
    "page_no": 10
  },
  {
    "question": "4",
    "text": "4bi",
    "x": 150,
    "y": 242,
    "page_width": 1754,
    "page_height": 1241,
    "page_no": 11
  },
  {
    "question": "4",
    "text": "4bii",
    "x": 150,
    "y": 583,
    "page_width": 1754,
    "page_height": 1241,
    "page_no": 11
  },
  {
    "question": "0",
    "text": "0",
    "x": 212,
    "y": 188,
    "page_width": 1754,
    "page_height": 1241,
    "page_no": 17
  },
  {
    "question": "1",
    "text": "1",
    "x": 213,
    "y": 221,
    "page_width": 1754,
    "page_height": 1241,
    "page_no": 17
  },
  {
    "question": "2",
    "text": "2",
    "x": 212,
    "y": 533,
    "page_width": 1754,
    "page_height": 1241,
    "page_no": 17
  },
  {
    "question": "3",
    "text": "3",
    "x": 212,
    "y": 690,
    "page_width": 1754,
    "page_height": 1241,
    "page_no": 17
  },
  {
    "question": "0",
    "text": "0",
    "x": 212,
    "y": 283,
    "page_width": 1754,
    "page_height": 1241,
    "page_no": 24
  },
  {
    "question": "1",
    "text": "1",
    "x": 213,
    "y": 316,
    "page_width": 1754,
    "page_height": 1241,
    "page_no": 24
  },
  {
    "question": "2",
    "text": "2",
    "x": 212,
    "y": 597,
    "page_width": 1754,
    "page_height": 1241,
    "page_no": 24
  },
  {
    "question": "3",
    "text": "3",
    "x": 212,
    "y": 879,
    "page_width": 1754,
    "page_height": 1241,
    "page_no": 24
  }
]