[
  {
    "question": "1",
    "text": "1a",
    "x": 146,
    "y": 223,
    "page_width": 1241,
    "page_height": 1754,
    "page_no": 5
  },
  {
    "question": "1",
    "text": "1b",
    "x": 146,
    "y": 474,
    "page_width": 1241,
    "page_height": 1754,
    "page_no": 5
  },
  {
    "question": "1",
    "text": "1c",
    "x": 146,
    "y": 223,
    "page_width": 1241,
    "page_height": 1754,
    "page_no": 6
  },
  {
    "question": "1",
    "text": "1d",
    "x": 146,
    "y": 221,
    "page_width": 1241,
    "page_height": 1754,
    "page_no": 7
  },
  {
    "question": "1",
    "text": "1e",
    "x": 146,
    "y": 223,
    "page_width": 1241,
    "page_height": 1754,
    "page_no": 9
  },
  {
    "question": "2",
    "text": "2a",
    "x": 145,
    "y": 222,
    "page_width": 1241,
    "page_height": 1754,
    "page_no": 11
  },
  {
    "question": "2",
    "text": "2b",
    "x": 145,
    "y": 505,
    "page_width": 1241,
    "page_height": 1754,
    "page_no": 11
  },
  {
    "question": "2",
    "text": "2c",
    "x": 145,
    "y": 222,
    "page_width": 1241,
    "page_height": 1754,
    "page_no": 12
  },
  {
    "question": "2",
    "text": "2d",
    "x": 145,
    "y": 221,
    "page_width": 1241,
    "page_height": 1754,
    "page_no": 13
  },
  {
    "question": "2",
    "text": "2e",
    "x": 145,
    "y": 222,
    "page_width": 1241,
    "page_height": 1754,
    "page_no": 15
  },
  {
    "question": "3",
    "text": "3",
    "x": 145,
    "y": 222,
    "page_width": 1241,
    "page_height": 1754,
    "page_no": 17
  }
]