[
  {
    "question": 0,
    "x": 147,
    "y": 1320,
    "page_no": 13,
    "page_width": 1275,
    "page_height": 1650
  },
  {
    "question": 17,
    "x": 152,
    "y": 129,
    "page_no": 12,
    "page_width": 1275,
    "page_height": 1650
  },
  {
    "question": 16,
    "x": 165,
    "y": 153,
    "page_no": 10,
    "page_width": 1275,
    "page_height": 1650
  },
  {
    "question": 14,
    "x": 167,
    "y": 122,
    "page_no": 7,
    "page_width": 1275,
    "page_height": 1650
  },
  {
    "question": 11,
    "x": 155,
    "y": 130,
    "page_no": 5,
    "page_width": 1275,
    "page_height": 1650
  },
  {
    "question": 9,
    "x": 152,
    "y": 1030,
    "page_no": 4,
    "page_width": 1275,
    "page_height": 1650
  },
  {
    "question": 8,
    "x": 149,
    "y": 917,
    "page_no": 4,
    "page_width": 1275,
    "page_height": 1650
  },
  {
    "question": 7,
    "x": 150,
    "y": 817,
    "page_no": 4,
    "page_width": 1275,
    "page_height": 1650
  },
  {
    "question": 6,
    "x": 149,
    "y": 718,
    "page_no": 4,
    "page_width": 1275,
    "page_height": 1650
  },
  {
    "question": 5,
    "x": 149,
    "y": 615,
    "page_no": 4,
    "page_width": 1275,
    "page_height": 1650
  },
  {
    "question": 4,
    "x": 149,
    "y": 520,
    "page_no": 4,
    "page_width": 1275,
    "page_height": 1650
  },
  {
    "question": 3,
    "x": 150,
    "y": 391,
    "page_no": 4,
    "page_width": 1275,
    "page_height": 1650
  },
  {
    "question": 2,
    "x": 150,
    "y": 267,
    "page_no": 4,
    "page_width": 1275,
    "page_height": 1650
  },
  {
    "question": 1,
    "x": 152,
    "y": 168,
    "page_no": 4,
    "page_width": 1275,
    "page_height": 1650
  },
  {
    "question": "10",
    "text": "10",
    "x": 150,
    "y": 1170,
    "page_width": 1275,
    "page_height": 1650,
    "page_no": 4
  },
  {
    "question": "12",
    "text": "12",
    "x": 150,
    "y": 377,
    "page_width": 1275,
    "page_height": 1650,
    "page_no": 5
  },
  {
    "question": "15",
    "text": "15a",
    "x": 150,
    "y": 131,
    "page_width": 1275,
    "page_height": 1650,
    "page_no": 8
  },
  {
    "question": "13",
    "text": "13ai",
    "x": 164,
    "y": 144,
    "page_width": 1275,
    "page_height": 1650,
    "page_no": 6
  },
  {
    "question": "18",
    "text": "18a",
    "x": 163,
    "y": 132,
    "page_width": 1275,
    "page_height": 1650,
    "page_no": 13
  },
  {
    "question": "18",
    "text": "18\u00a2",
    "x": 163,
    "y": 797,
    "page_width": 1275,
    "page_height": 1650,
    "page_no": 13
  }
]