[
  {
    "question": "1",
    "text": "1a",
    "x": 103,
    "y": 466,
    "page_width": 1241,
    "page_height": 1754,
    "page_no": 5
  },
  {
    "question": "1",
    "text": "1bi",
    "x": 103,
    "y": 1506,
    "page_width": 1241,
    "page_height": 1754,
    "page_no": 5
  },
  {
    "question": "1",
    "text": "1bii",
    "x": 107,
    "y": 223,
    "page_width": 1241,
    "page_height": 1754,
    "page_no": 7
  },
  {
    "question": "1",
    "text": "1c",
    "x": 103,
    "y": 588,
    "page_width": 1241,
    "page_height": 1754,
    "page_no": 7
  },
  {
    "question": "2",
    "text": "2a",
    "x": 103,
    "y": 227,
    "page_width": 1241,
    "page_height": 1754,
    "page_no": 8
  },
  {
    "question": "2",
    "text": "2bi",
    "x": 99,
    "y": 486,
    "page_width": 1241,
    "page_height": 1754,
    "page_no": 8
  },
  {
    "question": "2",
    "text": "2bii",
    "x": 99,
    "y": 867,
    "page_width": 1241,
    "page_height": 1754,
    "page_no": 8
  },
  {
    "question": "2",
    "text": "2biii",
    "x": 99,
    "y": 309,
    "page_width": 1241,
    "page_height": 1754,
    "page_no": 9
  },
  {
    "question": "2",
    "text": "2c",
    "x": 99,
    "y": 946,
    "page_width": 1241,
    "page_height": 1754,
    "page_no": 9
  },
  {
    "question": "2",
    "text": "2di",
    "x": 99,
    "y": 227,
    "page_width": 1241,
    "page_height": 1754,
    "page_no": 10
  },
  {
    "question": "2",
    "text": "2dii",
    "x": 99,
    "y": 724,
    "page_width": 1241,
    "page_height": 1754,
    "page_no": 10
  }
]