[
  {
    "question": "1",
    "text": "1",
    "x": 91,
    "y": 283,
    "page_width": 1241,
    "page_height": 1754,
    "page_no": 2
  },
  {
    "question": "2",
    "text": "2",
    "x": 89,
    "y": 282,
    "page_width": 1241,
    "page_height": 1754,
    "page_no": 8
  },
  {
    "question": "3",
    "text": "3",
    "x": 89,
    "y": 282,
    "page_width": 1241,
    "page_height": 1754,
    "page_no": 14
  },
  {
    "question": "1",
    "text": "1,950",
    "x": 91,
    "y": 650,
    "page_width": 1241,
    "page_height": 1754,
    "page_no": 18
  },
  {
    "question": "12",
    "text": "125",
    "x": 91,
    "y": 541,
    "page_width": 1241,
    "page_height": 1754,
    "page_no": 19
  },
  {
    "question": "3",
    "text": "3.06%",
    "x": 90,
    "y": 287,
    "page_width": 1241,
    "page_height": 1754,
    "page_no": 20
  },
  {
    "question": "22",
    "text": "22.9%",
    "x": 90,
    "y": 512,
    "page_width": 1241,
    "page_height": 1754,
    "page_no": 20
  }
]