[
  {
    "question": "1",
    "text": "1a",
    "x": 133,
    "y": 267,
    "page_width": 1241,
    "page_height": 1754,
    "page_no": 4
  },
  {
    "question": "1",
    "text": "1b",
    "x": 133,
    "y": 616,
    "page_width": 1241,
    "page_height": 1754,
    "page_no": 4
  },
  {
    "question": "1",
    "text": "1c",
    "x": 133,
    "y": 285,
    "page_width": 1241,
    "page_height": 1754,
    "page_no": 5
  },
  {
    "question": "1",
    "text": "1d",
    "x": 132,
    "y": 252,
    "page_width": 1241,
    "page_height": 1754,
    "page_no": 6
  },
  {
    "question": "1",
    "text": "1e",
    "x": 132,
    "y": 285,
    "page_width": 1241,
    "page_height": 1754,
    "page_no": 8
  },
  {
    "question": "2",
    "text": "2a",
    "x": 132,
    "y": 253,
    "page_width": 1241,
    "page_height": 1754,
    "page_no": 10
  },
  {
    "question": "2",
    "text": "2b",
    "x": 132,
    "y": 630,
    "page_width": 1241,
    "page_height": 1754,
    "page_no": 10
  },
  {
    "question": "2",
    "text": "2c",
    "x": 132,
    "y": 284,
    "page_width": 1241,
    "page_height": 1754,
    "page_no": 11
  },
  {
    "question": "2",
    "text": "2d",
    "x": 131,
    "y": 283,
    "page_width": 1241,
    "page_height": 1754,
    "page_no": 12
  },
  {
    "question": "2",
    "text": "2e",
    "x": 131,
    "y": 253,
    "page_width": 1241,
    "page_height": 1754,
    "page_no": 14
  },
  {
    "question": "3",
    "text": "3",
    "x": 131,
    "y": 284,
    "page_width": 1241,
    "page_height": 1754,
    "page_no": 16
  }
]