[
  {
    "question": "1",
    "text": "1a",
    "x": 164,
    "y": 256,
    "page_width": 1755,
    "page_height": 1241,
    "page_no": 4
  },
  {
    "question": "1",
    "text": "1b",
    "x": 164,
    "y": 551,
    "page_width": 1755,
    "page_height": 1241,
    "page_no": 4
  },
  {
    "question": "2",
    "text": "2",
    "x": 162,
    "y": 853,
    "page_width": 1755,
    "page_height": 1241,
    "page_no": 4
  },
  {
    "question": "3",
    "text": "3",
    "x": 162,
    "y": 213,
    "page_width": 1755,
    "page_height": 1241,
    "page_no": 5
  },
  {
    "question": "4",
    "text": "4",
    "x": 162,
    "y": 575,
    "page_width": 1755,
    "page_height": 1241,
    "page_no": 5
  },
  {
    "question": "5",
    "text": "5",
    "x": 162,
    "y": 880,
    "page_width": 1755,
    "page_height": 1241,
    "page_no": 5
  },
  {
    "question": "6",
    "text": "6",
    "x": 162,
    "y": 208,
    "page_width": 1755,
    "page_height": 1241,
    "page_no": 6
  },
  {
    "question": "7",
    "text": "7",
    "x": 163,
    "y": 513,
    "page_width": 1755,
    "page_height": 1241,
    "page_no": 6
  },
  {
    "question": "8",
    "text": "8",
    "x": 162,
    "y": 818,
    "page_width": 1755,
    "page_height": 1241,
    "page_no": 6
  },
  {
    "question": "9",
    "text": "9",
    "x": 162,
    "y": 213,
    "page_width": 1755,
    "page_height": 1241,
    "page_no": 7
  },
  {
    "question": "10",
    "text": "10a",
    "x": 164,
    "y": 518,
    "page_width": 1755,
    "page_height": 1241,
    "page_no": 7
  },
  {
    "question": "10",
    "text": "10b",
    "x": 164,
    "y": 820,
    "page_width": 1755,
    "page_height": 1241,
    "page_no": 7
  },
  {
    "question": "12",
    "text": "12",
    "x": 164,
    "y": 510,
    "page_width": 1755,
    "page_height": 1241,
    "page_no": 8
  },
  {
    "question": "13",
    "text": "13",
    "x": 164,
    "y": 813,
    "page_width": 1755,
    "page_height": 1241,
    "page_no": 8
  },
  {
    "question": "14",
    "text": "14",
    "x": 164,
    "y": 208,
    "page_width": 1755,
    "page_height": 1241,
    "page_no": 9
  },
  {
    "question": "15",
    "text": "15",
    "x": 164,
    "y": 513,
    "page_width": 1755,
    "page_height": 1241,
    "page_no": 9
  },
  {
    "question": "16",
    "text": "16",
    "x": 164,
    "y": 839,
    "page_width": 1755,
    "page_height": 1241,
    "page_no": 9
  },
  {
    "question": "17",
    "text": "17",
    "x": 164,
    "y": 213,
    "page_width": 1755,
    "page_height": 1241,
    "page_no": 10
  },
  {
    "question": "18",
    "text": "18",
    "x": 164,
    "y": 515,
    "page_width": 1755,
    "page_height": 1241,
    "page_no": 10
  },
  {
    "question": "19",
    "text": "19b",
    "x": 164,
    "y": 198,
    "page_width": 1755,
    "page_height": 1241,
    "page_no": 13
  },
  {
    "question": "20",
    "text": "20a",
    "x": 162,
    "y": 198,
    "page_width": 1755,
    "page_height": 1241,
    "page_no": 14
  },
  {
    "question": "20",
    "text": "20bi",
    "x": 162,
    "y": 493,
    "page_width": 1755,
    "page_height": 1241,
    "page_no": 14
  },
  {
    "question": "20",
    "text": "20bii",
    "x": 162,
    "y": 752,
    "page_width": 1755,
    "page_height": 1241,
    "page_no": 14
  },
  {
    "question": "20",
    "text": "20b",
    "x": 162,
    "y": 225,
    "page_width": 1755,
    "page_height": 1241,
    "page_no": 15
  },
  {
    "question": "20",
    "text": "20biv",
    "x": 162,
    "y": 256,
    "page_width": 1755,
    "page_height": 1241,
    "page_no": 16
  },
  {
    "question": "20",
    "text": "20\u00a2",
    "x": 162,
    "y": 273,
    "page_width": 1755,
    "page_height": 1241,
    "page_no": 18
  },
  {
    "question": "20",
    "text": "20cii",
    "x": 162,
    "y": 225,
    "page_width": 1755,
    "page_height": 1241,
    "page_no": 19
  },
  {
    "question": "21",
    "text": "21a",
    "x": 162,
    "y": 225,
    "page_width": 1755,
    "page_height": 1241,
    "page_no": 20
  },
  {
    "question": "21",
    "text": "21bi",
    "x": 162,
    "y": 225,
    "page_width": 1755,
    "page_height": 1241,
    "page_no": 22
  },
  {
    "question": "21",
    "text": "21bii",
    "x": 162,
    "y": 198,
    "page_width": 1755,
    "page_height": 1241,
    "page_no": 23
  },
  {
    "question": "21",
    "text": "21\u00a2",
    "x": 162,
    "y": 198,
    "page_width": 1755,
    "page_height": 1241,
    "page_no": 24
  },
  {
    "question": "21",
    "text": "21cii",
    "x": 162,
    "y": 395,
    "page_width": 1755,
    "page_height": 1241,
    "page_no": 24
  },
  {
    "question": "21",
    "text": "21ciii",
    "x": 162,
    "y": 194,
    "page_width": 1755,
    "page_height": 1241,
    "page_no": 25
  },
  {
    "question": "21",
    "text": "21civ",
    "x": 162,
    "y": 198,
    "page_width": 1755,
    "page_height": 1241,
    "page_no": 26
  },
  {
    "question": "22",
    "text": "22aji",
    "x": 162,
    "y": 198,
    "page_width": 1755,
    "page_height": 1241,
    "page_no": 27
  },
  {
    "question": "22",
    "text": "22aii",
    "x": 162,
    "y": 256,
    "page_width": 1755,
    "page_height": 1241,
    "page_no": 28
  },
  {
    "question": "22",
    "text": "22bi",
    "x": 162,
    "y": 193,
    "page_width": 1755,
    "page_height": 1241,
    "page_no": 29
  },
  {
    "question": "22",
    "text": "22bii",
    "x": 162,
    "y": 416,
    "page_width": 1755,
    "page_height": 1241,
    "page_no": 29
  },
  {
    "question": "22",
    "text": "22ci_|",
    "x": 162,
    "y": 324,
    "page_width": 1755,
    "page_height": 1241,
    "page_no": 30
  },
  {
    "question": "22",
    "text": "22cii_",
    "x": 162,
    "y": 298,
    "page_width": 1755,
    "page_height": 1241,
    "page_no": 31
  },
  {
    "question": "23",
    "text": "23ai",
    "x": 162,
    "y": 193,
    "page_width": 1755,
    "page_height": 1241,
    "page_no": 32
  },
  {
    "question": "23",
    "text": "23aii",
    "x": 162,
    "y": 512,
    "page_width": 1755,
    "page_height": 1241,
    "page_no": 32
  },
  {
    "question": "23",
    "text": "23aiii",
    "x": 162,
    "y": 219,
    "page_width": 1755,
    "page_height": 1241,
    "page_no": 33
  },
  {
    "question": "23",
    "text": "23b",
    "x": 162,
    "y": 482,
    "page_width": 1755,
    "page_height": 1241,
    "page_no": 34
  },
  {
    "question": "24",
    "text": "24a",
    "x": 162,
    "y": 272,
    "page_width": 1755,
    "page_height": 1241,
    "page_no": 35
  },
  {
    "question": "24",
    "text": "24b",
    "x": 162,
    "y": 272,
    "page_width": 1755,
    "page_height": 1241,
    "page_no": 36
  }
]