[
  {
    "question": 0,
    "x": 106,
    "y": 526,
    "page_no": 20,
    "page_width": 1241,
    "page_height": 1754
  },
  {
    "question": 11,
    "x": 120,
    "y": 431,
    "page_no": 10,
    "page_width": 1241,
    "page_height": 1754
  },
  {
    "question": "1",
    "text": "1",
    "x": 118,
    "y": 302,
    "page_width": 1241,
    "page_height": 1754,
    "page_no": 7
  },
  {
    "question": "2",
    "text": "2",
    "x": 116,
    "y": 823,
    "page_width": 1241,
    "page_height": 1754,
    "page_no": 7
  },
  {
    "question": "3",
    "text": "3",
    "x": 116,
    "y": 1191,
    "page_width": 1241,
    "page_height": 1754,
    "page_no": 7
  },
  {
    "question": "4",
    "text": "4",
    "x": 116,
    "y": 1534,
    "page_width": 1241,
    "page_height": 1754,
    "page_no": 7
  },
  {
    "question": "5",
    "text": "5",
    "x": 116,
    "y": 449,
    "page_width": 1241,
    "page_height": 1754,
    "page_no": 8
  },
  {
    "question": "6",
    "text": "6",
    "x": 116,
    "y": 157,
    "page_width": 1241,
    "page_height": 1754,
    "page_no": 9
  },
  {
    "question": "7",
    "text": "7",
    "x": 116,
    "y": 424,
    "page_width": 1241,
    "page_height": 1754,
    "page_no": 9
  },
  {
    "question": "8",
    "text": "8",
    "x": 116,
    "y": 742,
    "page_width": 1241,
    "page_height": 1754,
    "page_no": 9
  },
  {
    "question": "9",
    "text": "9",
    "x": 116,
    "y": 1085,
    "page_width": 1241,
    "page_height": 1754,
    "page_no": 9
  },
  {
    "question": "10",
    "text": "10",
    "x": 118,
    "y": 1391,
    "page_width": 1241,
    "page_height": 1754,
    "page_no": 9
  },
  {
    "question": "12",
    "text": "12",
    "x": 118,
    "y": 888,
    "page_width": 1241,
    "page_height": 1754,
    "page_no": 10
  },
  {
    "question": "13",
    "text": "13",
    "x": 118,
    "y": 245,
    "page_width": 1241,
    "page_height": 1754,
    "page_no": 11
  },
  {
    "question": "14",
    "text": "14a",
    "x": 118,
    "y": 245,
    "page_width": 1241,
    "page_height": 1754,
    "page_no": 12
  },
  {
    "question": "15",
    "text": "15a",
    "x": 118,
    "y": 244,
    "page_width": 1241,
    "page_height": 1754,
    "page_no": 13
  },
  {
    "question": "16",
    "text": "16a",
    "x": 117,
    "y": 245,
    "page_width": 1241,
    "page_height": 1754,
    "page_no": 16
  },
  {
    "question": "17",
    "text": "17a",
    "x": 118,
    "y": 218,
    "page_width": 1241,
    "page_height": 1754,
    "page_no": 17
  },
  {
    "question": "18",
    "text": "18a",
    "x": 118,
    "y": 247,
    "page_width": 1241,
    "page_height": 1754,
    "page_no": 19
  },
  {
    "question": "18",
    "text": "18",
    "x": 118,
    "y": 157,
    "page_width": 1241,
    "page_height": 1754,
    "page_no": 20
  }
]