[
  {
    "question": 8,
    "x": 133,
    "y": 1175,
    "page_no": 4,
    "page_width": 1241,
    "page_height": 1754
  },
  {
    "question": 0,
    "x": 118,
    "y": 898,
    "page_no": 14,
    "page_width": 1241,
    "page_height": 1754
  },
  {
    "question": 11,
    "x": 131,
    "y": 214,
    "page_no": 5,
    "page_width": 1241,
    "page_height": 1754
  },
  {
    "question": 9,
    "x": 126,
    "y": 1323,
    "page_no": 4,
    "page_width": 1241,
    "page_height": 1754
  },
  {
    "question": 7,
    "x": 129,
    "y": 1121,
    "page_no": 4,
    "page_width": 1241,
    "page_height": 1754
  },
  {
    "question": 6,
    "x": 133,
    "y": 944,
    "page_no": 4,
    "page_width": 1241,
    "page_height": 1754
  },
  {
    "question": 5,
    "x": 133,
    "y": 803,
    "page_no": 4,
    "page_width": 1241,
    "page_height": 1754
  },
  {
    "question": 4,
    "x": 133,
    "y": 614,
    "page_no": 4,
    "page_width": 1241,
    "page_height": 1754
  },
  {
    "question": 3,
    "x": 136,
    "y": 535,
    "page_no": 4,
    "page_width": 1241,
    "page_height": 1754
  },
  {
    "question": 2,
    "x": 133,
    "y": 386,
    "page_no": 4,
    "page_width": 1241,
    "page_height": 1754
  },
  {
    "question": "1",
    "text": "1",
    "x": 132,
    "y": 211,
    "page_width": 1241,
    "page_height": 1754,
    "page_no": 4
  },
  {
    "question": "10",
    "text": "10",
    "x": 132,
    "y": 1468,
    "page_width": 1241,
    "page_height": 1754,
    "page_no": 4
  },
  {
    "question": "12",
    "text": "12",
    "x": 132,
    "y": 530,
    "page_width": 1241,
    "page_height": 1754,
    "page_no": 5
  },
  {
    "question": "13",
    "text": "13",
    "x": 133,
    "y": 236,
    "page_width": 1241,
    "page_height": 1754,
    "page_no": 6
  },
  {
    "question": "14",
    "text": "14",
    "x": 132,
    "y": 905,
    "page_width": 1241,
    "page_height": 1754,
    "page_no": 6
  },
  {
    "question": "15",
    "text": "15a",
    "x": 132,
    "y": 211,
    "page_width": 1241,
    "page_height": 1754,
    "page_no": 7
  },
  {
    "question": "16",
    "text": "16a",
    "x": 132,
    "y": 211,
    "page_width": 1241,
    "page_height": 1754,
    "page_no": 8
  },
  {
    "question": "17",
    "text": "17a",
    "x": 132,
    "y": 211,
    "page_width": 1241,
    "page_height": 1754,
    "page_no": 9
  },
  {
    "question": "18",
    "text": "18a",
    "x": 132,
    "y": 210,
    "page_width": 1241,
    "page_height": 1754,
    "page_no": 10
  },
  {
    "question": "19",
    "text": "19a",
    "x": 132,
    "y": 210,
    "page_width": 1241,
    "page_height": 1754,
    "page_no": 11
  },
  {
    "question": "20",
    "text": "20a",
    "x": 131,
    "y": 210,
    "page_width": 1241,
    "page_height": 1754,
    "page_no": 12
  },
  {
    "question": "21",
    "text": "21a",
    "x": 131,
    "y": 210,
    "page_width": 1241,
    "page_height": 1754,
    "page_no": 13
  },
  {
    "question": "21",
    "text": "21bit",
    "x": 131,
    "y": 654,
    "page_width": 1241,
    "page_height": 1754,
    "page_no": 14
  }
]