[
  {
    "question": "1",
    "text": "1",
    "x": 165,
    "y": 267,
    "page_width": 1754,
    "page_height": 1241,
    "page_no": 5
  },
  {
    "question": "10",
    "text": "10a",
    "x": 165,
    "y": 224,
    "page_width": 1754,
    "page_height": 1241,
    "page_no": 8
  },
  {
    "question": "10",
    "text": "10b",
    "x": 165,
    "y": 518,
    "page_width": 1754,
    "page_height": 1241,
    "page_no": 8
  },
  {
    "question": "10",
    "text": "10c",
    "x": 165,
    "y": 813,
    "page_width": 1754,
    "page_height": 1241,
    "page_no": 8
  },
  {
    "question": "10",
    "text": "10d",
    "x": 165,
    "y": 224,
    "page_width": 1754,
    "page_height": 1241,
    "page_no": 9
  },
  {
    "question": "11",
    "text": "11",
    "x": 165,
    "y": 547,
    "page_width": 1754,
    "page_height": 1241,
    "page_no": 9
  },
  {
    "question": "12",
    "text": "12",
    "x": 165,
    "y": 842,
    "page_width": 1754,
    "page_height": 1241,
    "page_no": 9
  },
  {
    "question": "13",
    "text": "13",
    "x": 165,
    "y": 225,
    "page_width": 1754,
    "page_height": 1241,
    "page_no": 10
  },
  {
    "question": "14",
    "text": "14",
    "x": 165,
    "y": 520,
    "page_width": 1754,
    "page_height": 1241,
    "page_no": 10
  },
  {
    "question": "15",
    "text": "15",
    "x": 165,
    "y": 876,
    "page_width": 1754,
    "page_height": 1241,
    "page_no": 10
  },
  {
    "question": "16",
    "text": "16",
    "x": 165,
    "y": 225,
    "page_width": 1754,
    "page_height": 1241,
    "page_no": 11
  },
  {
    "question": "17",
    "text": "17",
    "x": 165,
    "y": 521,
    "page_width": 1754,
    "page_height": 1241,
    "page_no": 11
  },
  {
    "question": "18",
    "text": "18a",
    "x": 165,
    "y": 266,
    "page_width": 1754,
    "page_height": 1241,
    "page_no": 12
  },
  {
    "question": "18",
    "text": "18b",
    "x": 165,
    "y": 442,
    "page_width": 1754,
    "page_height": 1241,
    "page_no": 12
  },
  {
    "question": "18",
    "text": "18c",
    "x": 165,
    "y": 210,
    "page_width": 1754,
    "page_height": 1241,
    "page_no": 13
  },
  {
    "question": "18",
    "text": "18d",
    "x": 165,
    "y": 210,
    "page_width": 1754,
    "page_height": 1241,
    "page_no": 14
  },
  {
    "question": "18",
    "text": "18e",
    "x": 165,
    "y": 575,
    "page_width": 1754,
    "page_height": 1241,
    "page_no": 14
  },
  {
    "question": "18",
    "text": "18fi",
    "x": 165,
    "y": 206,
    "page_width": 1754,
    "page_height": 1241,
    "page_no": 15
  },
  {
    "question": "18",
    "text": "18fii",
    "x": 165,
    "y": 210,
    "page_width": 1754,
    "page_height": 1241,
    "page_no": 16
  },
  {
    "question": "19",
    "text": "19ai",
    "x": 165,
    "y": 210,
    "page_width": 1754,
    "page_height": 1241,
    "page_no": 17
  },
  {
    "question": "19",
    "text": "19aii",
    "x": 165,
    "y": 434,
    "page_width": 1754,
    "page_height": 1241,
    "page_no": 17
  },
  {
    "question": "19",
    "text": "19bi",
    "x": 165,
    "y": 210,
    "page_width": 1754,
    "page_height": 1241,
    "page_no": 18
  },
  {
    "question": "19",
    "text": "19bii",
    "x": 165,
    "y": 574,
    "page_width": 1754,
    "page_height": 1241,
    "page_no": 18
  },
  {
    "question": "19",
    "text": "19ci",
    "x": 165,
    "y": 210,
    "page_width": 1754,
    "page_height": 1241,
    "page_no": 19
  },
  {
    "question": "19",
    "text": "19cii",
    "x": 165,
    "y": 210,
    "page_width": 1754,
    "page_height": 1241,
    "page_no": 20
  },
  {
    "question": "2",
    "text": "2",
    "x": 164,
    "y": 552,
    "page_width": 1754,
    "page_height": 1241,
    "page_no": 5
  },
  {
    "question": "3",
    "text": "3",
    "x": 163,
    "y": 876,
    "page_width": 1754,
    "page_height": 1241,
    "page_no": 5
  },
  {
    "question": "4",
    "text": "4",
    "x": 163,
    "y": 225,
    "page_width": 1754,
    "page_height": 1241,
    "page_no": 6
  },
  {
    "question": "5",
    "text": "5",
    "x": 164,
    "y": 519,
    "page_width": 1754,
    "page_height": 1241,
    "page_no": 6
  },
  {
    "question": "6",
    "text": "6",
    "x": 163,
    "y": 814,
    "page_width": 1754,
    "page_height": 1241,
    "page_no": 6
  },
  {
    "question": "7",
    "text": "7",
    "x": 163,
    "y": 225,
    "page_width": 1754,
    "page_height": 1241,
    "page_no": 7
  },
  {
    "question": "8",
    "text": "8",
    "x": 163,
    "y": 547,
    "page_width": 1754,
    "page_height": 1241,
    "page_no": 7
  },
  {
    "question": "9",
    "text": "9",
    "x": 163,
    "y": 842,
    "page_width": 1754,
    "page_height": 1241,
    "page_no": 7
  },
  {
    "question": "20",
    "text": "20a",
    "x": 164,
    "y": 210,
    "page_width": 1754,
    "page_height": 1241,
    "page_no": 21
  },
  {
    "question": "20",
    "text": "20bi",
    "x": 164,
    "y": 212,
    "page_width": 1754,
    "page_height": 1241,
    "page_no": 22
  },
  {
    "question": "20",
    "text": "20bii",
    "x": 164,
    "y": 631,
    "page_width": 1754,
    "page_height": 1241,
    "page_no": 22
  },
  {
    "question": "20",
    "text": "20biii",
    "x": 164,
    "y": 852,
    "page_width": 1754,
    "page_height": 1241,
    "page_no": 22
  },
  {
    "question": "20",
    "text": "20biv",
    "x": 164,
    "y": 210,
    "page_width": 1754,
    "page_height": 1241,
    "page_no": 23
  },
  {
    "question": "21",
    "text": "21a",
    "x": 164,
    "y": 210,
    "page_width": 1754,
    "page_height": 1241,
    "page_no": 24
  },
  {
    "question": "21",
    "text": "21b",
    "x": 164,
    "y": 210,
    "page_width": 1754,
    "page_height": 1241,
    "page_no": 25
  },
  {
    "question": "21",
    "text": "21ci",
    "x": 164,
    "y": 210,
    "page_width": 1754,
    "page_height": 1241,
    "page_no": 27
  },
  {
    "question": "21",
    "text": "21cii",
    "x": 164,
    "y": 236,
    "page_width": 1754,
    "page_height": 1241,
    "page_no": 28
  },
  {
    "question": "21",
    "text": "21di",
    "x": 160,
    "y": 206,
    "page_width": 1754,
    "page_height": 1241,
    "page_no": 29
  },
  {
    "question": "21",
    "text": "21dii",
    "x": 164,
    "y": 624,
    "page_width": 1754,
    "page_height": 1241,
    "page_no": 30
  },
  {
    "question": "21",
    "text": "21e",
    "x": 164,
    "y": 266,
    "page_width": 1754,
    "page_height": 1241,
    "page_no": 31
  },
  {
    "question": "21",
    "text": "21fi",
    "x": 164,
    "y": 742,
    "page_width": 1754,
    "page_height": 1241,
    "page_no": 31
  },
  {
    "question": "21",
    "text": "21f",
    "x": 164,
    "y": 238,
    "page_width": 1754,
    "page_height": 1241,
    "page_no": 32
  },
  {
    "question": "21",
    "text": "21fiii",
    "x": 164,
    "y": 210,
    "page_width": 1754,
    "page_height": 1241,
    "page_no": 33
  }
]