[
  {
    "question": "1",
    "text": "1",
    "x": 91,
    "y": 282,
    "page_width": 1241,
    "page_height": 1755,
    "page_no": 2
  },
  {
    "question": "2",
    "text": "2",
    "x": 89,
    "y": 181,
    "page_width": 1241,
    "page_height": 1755,
    "page_no": 8
  },
  {
    "question": "3",
    "text": "3",
    "x": 89,
    "y": 432,
    "page_width": 1241,
    "page_height": 1755,
    "page_no": 18
  },
  {
    "question": "4",
    "text": "4",
    "x": 89,
    "y": 258,
    "page_width": 1241,
    "page_height": 1755,
    "page_no": 24
  },
  {
    "question": "5",
    "text": "5",
    "x": 89,
    "y": 258,
    "page_width": 1241,
    "page_height": 1755,
    "page_no": 28
  },
  {
    "question": "1",
    "text": "1",
    "x": 91,
    "y": 209,
    "page_width": 1241,
    "page_height": 1755,
    "page_no": 42
  },
  {
    "question": "3",
    "text": "3",
    "x": 90,
    "y": 208,
    "page_width": 1241,
    "page_height": 1755,
    "page_no": 50
  },
  {
    "question": "30",
    "text": "30",
    "x": 128,
    "y": 516,
    "page_width": 1241,
    "page_height": 1755,
    "page_no": 50
  },
  {
    "question": "30",
    "text": "30",
    "x": 128,
    "y": 137,
    "page_width": 1241,
    "page_height": 1755,
    "page_no": 51
  },
  {
    "question": "8",
    "text": "8%",
    "x": 128,
    "y": 187,
    "page_width": 1241,
    "page_height": 1755,
    "page_no": 51
  },
  {
    "question": "3",
    "text": "3%",
    "x": 128,
    "y": 295,
    "page_width": 1241,
    "page_height": 1755,
    "page_no": 56
  },
  {
    "question": "5",
    "text": "5%",
    "x": 128,
    "y": 353,
    "page_width": 1241,
    "page_height": 1755,
    "page_no": 56
  },
  {
    "question": "7",
    "text": "7%",
    "x": 128,
    "y": 383,
    "page_width": 1241,
    "page_height": 1755,
    "page_no": 56
  }
]