[
  {
    "question": "1",
    "text": "1",
    "x": 163,
    "y": 253,
    "page_width": 1754,
    "page_height": 1241,
    "page_no": 5
  },
  {
    "question": "2",
    "text": "2",
    "x": 163,
    "y": 788,
    "page_width": 1754,
    "page_height": 1241,
    "page_no": 5
  },
  {
    "question": "3",
    "text": "3",
    "x": 163,
    "y": 189,
    "page_width": 1754,
    "page_height": 1241,
    "page_no": 6
  },
  {
    "question": "4",
    "text": "4",
    "x": 162,
    "y": 463,
    "page_width": 1754,
    "page_height": 1241,
    "page_no": 6
  },
  {
    "question": "5",
    "text": "5",
    "x": 163,
    "y": 723,
    "page_width": 1754,
    "page_height": 1241,
    "page_no": 6
  },
  {
    "question": "6",
    "text": "6",
    "x": 163,
    "y": 990,
    "page_width": 1754,
    "page_height": 1241,
    "page_no": 6
  },
  {
    "question": "7",
    "text": "7",
    "x": 162,
    "y": 176,
    "page_width": 1754,
    "page_height": 1241,
    "page_no": 7
  },
  {
    "question": "8",
    "text": "8",
    "x": 163,
    "y": 438,
    "page_width": 1754,
    "page_height": 1241,
    "page_no": 7
  },
  {
    "question": "9",
    "text": "9a",
    "x": 162,
    "y": 701,
    "page_width": 1754,
    "page_height": 1241,
    "page_no": 7
  },
  {
    "question": "9",
    "text": "9b",
    "x": 162,
    "y": 974,
    "page_width": 1754,
    "page_height": 1241,
    "page_no": 7
  },
  {
    "question": "10",
    "text": "10",
    "x": 163,
    "y": 220,
    "page_width": 1754,
    "page_height": 1241,
    "page_no": 8
  },
  {
    "question": "11",
    "text": "11",
    "x": 163,
    "y": 569,
    "page_width": 1754,
    "page_height": 1241,
    "page_no": 8
  },
  {
    "question": "12",
    "text": "12",
    "x": 163,
    "y": 189,
    "page_width": 1754,
    "page_height": 1241,
    "page_no": 9
  },
  {
    "question": "13",
    "text": "13",
    "x": 163,
    "y": 567,
    "page_width": 1754,
    "page_height": 1241,
    "page_no": 9
  },
  {
    "question": "14",
    "text": "14",
    "x": 164,
    "y": 842,
    "page_width": 1754,
    "page_height": 1241,
    "page_no": 9
  },
  {
    "question": "15",
    "text": "15a",
    "x": 163,
    "y": 190,
    "page_width": 1754,
    "page_height": 1241,
    "page_no": 10
  },
  {
    "question": "15",
    "text": "15b",
    "x": 163,
    "y": 449,
    "page_width": 1754,
    "page_height": 1241,
    "page_no": 10
  },
  {
    "question": "15",
    "text": "15c",
    "x": 163,
    "y": 724,
    "page_width": 1754,
    "page_height": 1241,
    "page_no": 10
  },
  {
    "question": "16",
    "text": "16",
    "x": 163,
    "y": 991,
    "page_width": 1754,
    "page_height": 1241,
    "page_no": 10
  },
  {
    "question": "17",
    "text": "17",
    "x": 163,
    "y": 221,
    "page_width": 1754,
    "page_height": 1241,
    "page_no": 11
  },
  {
    "question": "18",
    "text": "18a",
    "x": 164,
    "y": 237,
    "page_width": 1754,
    "page_height": 1241,
    "page_no": 12
  },
  {
    "question": "18",
    "text": "18bi",
    "x": 163,
    "y": 922,
    "page_width": 1754,
    "page_height": 1241,
    "page_no": 12
  },
  {
    "question": "18",
    "text": "18bii",
    "x": 163,
    "y": 201,
    "page_width": 1754,
    "page_height": 1241,
    "page_no": 13
  },
  {
    "question": "18",
    "text": "18biii",
    "x": 163,
    "y": 418,
    "page_width": 1754,
    "page_height": 1241,
    "page_no": 13
  },
  {
    "question": "18",
    "text": "18biv",
    "x": 163,
    "y": 174,
    "page_width": 1754,
    "page_height": 1241,
    "page_no": 14
  },
  {
    "question": "19",
    "text": "19a",
    "x": 163,
    "y": 175,
    "page_width": 1754,
    "page_height": 1241,
    "page_no": 15
  },
  {
    "question": "19",
    "text": "19b",
    "x": 163,
    "y": 551,
    "page_width": 1754,
    "page_height": 1241,
    "page_no": 15
  },
  {
    "question": "19",
    "text": "19ci",
    "x": 163,
    "y": 170,
    "page_width": 1754,
    "page_height": 1241,
    "page_no": 16
  },
  {
    "question": "19",
    "text": "19cii",
    "x": 163,
    "y": 175,
    "page_width": 1754,
    "page_height": 1241,
    "page_no": 17
  },
  {
    "question": "19",
    "text": "19d",
    "x": 163,
    "y": 547,
    "page_width": 1754,
    "page_height": 1241,
    "page_no": 17
  },
  {
    "question": "20",
    "text": "20",
    "x": 163,
    "y": 175,
    "page_width": 1754,
    "page_height": 1241,
    "page_no": 18
  },
  {
    "question": "20",
    "text": "20b",
    "x": 163,
    "y": 170,
    "page_width": 1754,
    "page_height": 1241,
    "page_no": 20
  },
  {
    "question": "20",
    "text": "20c",
    "x": 163,
    "y": 201,
    "page_width": 1754,
    "page_height": 1241,
    "page_no": 21
  },
  {
    "question": "21",
    "text": "21",
    "x": 163,
    "y": 175,
    "page_width": 1754,
    "page_height": 1241,
    "page_no": 22
  },
  {
    "question": "21",
    "text": "21",
    "x": 163,
    "y": 175,
    "page_width": 1754,
    "page_height": 1241,
    "page_no": 24
  },
  {
    "question": "21",
    "text": "21",
    "x": 163,
    "y": 641,
    "page_width": 1754,
    "page_height": 1241,
    "page_no": 24
  },
  {
    "question": "22",
    "text": "22a",
    "x": 163,
    "y": 237,
    "page_width": 1754,
    "page_height": 1241,
    "page_no": 25
  },
  {
    "question": "22",
    "text": "22bi",
    "x": 163,
    "y": 170,
    "page_width": 1754,
    "page_height": 1241,
    "page_no": 26
  },
  {
    "question": "22",
    "text": "22",
    "x": 163,
    "y": 175,
    "page_width": 1754,
    "page_height": 1241,
    "page_no": 27
  },
  {
    "question": "22",
    "text": "22ci",
    "x": 163,
    "y": 730,
    "page_width": 1754,
    "page_height": 1241,
    "page_no": 27
  },
  {
    "question": "22",
    "text": "22cii",
    "x": 163,
    "y": 170,
    "page_width": 1754,
    "page_height": 1241,
    "page_no": 28
  },
  {
    "question": "22",
    "text": "22ciii",
    "x": 163,
    "y": 454,
    "page_width": 1754,
    "page_height": 1241,
    "page_no": 28
  },
  {
    "question": "22",
    "text": "22",
    "x": 163,
    "y": 175,
    "page_width": 1754,
    "page_height": 1241,
    "page_no": 29
  },
  {
    "question": "22",
    "text": "22ei",
    "x": 163,
    "y": 692,
    "page_width": 1754,
    "page_height": 1241,
    "page_no": 29
  },
  {
    "question": "22",
    "text": "22eii",
    "x": 163,
    "y": 175,
    "page_width": 1754,
    "page_height": 1241,
    "page_no": 30
  },
  {
    "question": "22",
    "text": "22eiii_",
    "x": 163,
    "y": 692,
    "page_width": 1754,
    "page_height": 1241,
    "page_no": 30
  },
  {
    "question": "22",
    "text": "22eiv_",
    "x": 163,
    "y": 174,
    "page_width": 1754,
    "page_height": 1241,
    "page_no": 31
  }
]