[
  {
    "question": "1",
    "text": "1.",
    "x": 150,
    "y": 449,
    "page_width": 1359,
    "page_height": 1873,
    "page_no": 2
  },
  {
    "question": "2",
    "text": "2.",
    "x": 148,
    "y": 1391,
    "page_width": 1359,
    "page_height": 1873,
    "page_no": 2
  },
  {
    "question": "3",
    "text": "3",
    "x": 148,
    "y": 190,
    "page_width": 1359,
    "page_height": 1873,
    "page_no": 3
  },
  {
    "question": "4",
    "text": "4",
    "x": 148,
    "y": 517,
    "page_width": 1359,
    "page_height": 1873,
    "page_no": 3
  },
  {
    "question": "5",
    "text": "5",
    "x": 149,
    "y": 842,
    "page_width": 1359,
    "page_height": 1873,
    "page_no": 3
  },
  {
    "question": "6",
    "text": "6",
    "x": 148,
    "y": 190,
    "page_width": 1359,
    "page_height": 1873,
    "page_no": 4
  },
  {
    "question": "7",
    "text": "7",
    "x": 149,
    "y": 191,
    "page_width": 1359,
    "page_height": 1873,
    "page_no": 5
  },
  {
    "question": "8",
    "text": "8",
    "x": 148,
    "y": 190,
    "page_width": 1359,
    "page_height": 1873,
    "page_no": 6
  },
  {
    "question": "10",
    "text": "10",
    "x": 150,
    "y": 190,
    "page_width": 1359,
    "page_height": 1873,
    "page_no": 7
  },
  {
    "question": "11",
    "text": "11",
    "x": 150,
    "y": 1017,
    "page_width": 1359,
    "page_height": 1873,
    "page_no": 7
  },
  {
    "question": "12",
    "text": "12",
    "x": 150,
    "y": 1341,
    "page_width": 1359,
    "page_height": 1873,
    "page_no": 7
  },
  {
    "question": "13",
    "text": "13",
    "x": 150,
    "y": 190,
    "page_width": 1359,
    "page_height": 1873,
    "page_no": 8
  },
  {
    "question": "14",
    "text": "14",
    "x": 150,
    "y": 617,
    "page_width": 1359,
    "page_height": 1873,
    "page_no": 8
  },
  {
    "question": "15",
    "text": "15",
    "x": 150,
    "y": 992,
    "page_width": 1359,
    "page_height": 1873,
    "page_no": 8
  },
  {
    "question": "16",
    "text": "16",
    "x": 150,
    "y": 1316,
    "page_width": 1359,
    "page_height": 1873,
    "page_no": 8
  },
  {
    "question": "17",
    "text": "17",
    "x": 150,
    "y": 191,
    "page_width": 1359,
    "page_height": 1873,
    "page_no": 9
  },
  {
    "question": "18",
    "text": "18",
    "x": 150,
    "y": 566,
    "page_width": 1359,
    "page_height": 1873,
    "page_no": 9
  },
  {
    "question": "19",
    "text": "19",
    "x": 150,
    "y": 340,
    "page_width": 1359,
    "page_height": 1873,
    "page_no": 10
  },
  {
    "question": "20",
    "text": "20",
    "x": 148,
    "y": 190,
    "page_width": 1359,
    "page_height": 1873,
    "page_no": 14
  },
  {
    "question": "21",
    "text": "21",
    "x": 148,
    "y": 190,
    "page_width": 1359,
    "page_height": 1873,
    "page_no": 17
  },
  {
    "question": "22",
    "text": "22",
    "x": 148,
    "y": 340,
    "page_width": 1359,
    "page_height": 1873,
    "page_no": 21
  },
  {
    "question": "90",
    "text": "906",
    "x": 71,
    "y": 944,
    "page_width": 1359,
    "page_height": 1873,
    "page_no": 3
  },
  {
    "question": "8",
    "text": "8",
    "x": 71,
    "y": 669,
    "page_width": 1359,
    "page_height": 1873,
    "page_no": 5
  },
  {
    "question": "28",
    "text": "28",
    "x": 71,
    "y": 1677,
    "page_width": 1359,
    "page_height": 1873,
    "page_no": 7
  },
  {
    "question": "3",
    "text": "3A",
    "x": 71,
    "y": 380,
    "page_width": 1359,
    "page_height": 1873,
    "page_no": 9
  },
  {
    "question": "36",
    "text": "36",
    "x": 71,
    "y": 132,
    "page_width": 1359,
    "page_height": 1873,
    "page_no": 13
  },
  {
    "question": "28",
    "text": "28",
    "x": 71,
    "y": 229,
    "page_width": 1359,
    "page_height": 1873,
    "page_no": 13
  },
  {
    "question": "36",
    "text": "36",
    "x": 71,
    "y": 132,
    "page_width": 1359,
    "page_height": 1873,
    "page_no": 19
  },
  {
    "question": "33",
    "text": "338",
    "x": 71,
    "y": 356,
    "page_width": 1359,
    "page_height": 1873,
    "page_no": 19
  },
  {
    "question": "5",
    "text": "5A",
    "x": 71,
    "y": 1325,
    "page_width": 1359,
    "page_height": 1873,
    "page_no": 19
  },
  {
    "question": "39",
    "text": "398",
    "x": 71,
    "y": 1459,
    "page_width": 1359,
    "page_height": 1873,
    "page_no": 19
  },
  {
    "question": "2",
    "text": "2.",
    "x": 0,
    "y": 475,
    "page_width": 1359,
    "page_height": 1873,
    "page_no": 5
  },
  {
    "question": "0",
    "text": "0",
    "x": 0,
    "y": 261,
    "page_width": 1359,
    "page_height": 1873,
    "page_no": 9
  },
  {
    "question": "1",
    "text": "1",
    "x": 0,
    "y": 1263,
    "page_width": 1359,
    "page_height": 1873,
    "page_no": 9
  },
  {
    "question": "5",
    "text": "5c",
    "x": 0,
    "y": 1136,
    "page_width": 1359,
    "page_height": 1873,
    "page_no": 13
  },
  {
    "question": "1",
    "text": "1ON0",
    "x": 0,
    "y": 1296,
    "page_width": 1359,
    "page_height": 1873,
    "page_no": 19
  },
  {
    "question": "2",
    "text": "2.",
    "x": 0,
    "y": 1427,
    "page_width": 1359,
    "page_height": 1873,
    "page_no": 25
  },
  {
    "question": "10",
    "text": "10",
    "x": 163,
    "y": 1728,
    "page_width": 1359,
    "page_height": 1873,
    "page_no": 10
  },
  {
    "question": "12",
    "text": "12",
    "x": 163,
    "y": 1728,
    "page_width": 1359,
    "page_height": 1873,
    "page_no": 12
  },
  {
    "question": "14",
    "text": "14",
    "x": 163,
    "y": 1728,
    "page_width": 1359,
    "page_height": 1873,
    "page_no": 14
  },
  {
    "question": "16",
    "text": "16",
    "x": 163,
    "y": 1728,
    "page_width": 1359,
    "page_height": 1873,
    "page_no": 16
  },
  {
    "question": "18",
    "text": "18",
    "x": 163,
    "y": 1728,
    "page_width": 1359,
    "page_height": 1873,
    "page_no": 18
  },
  {
    "question": "20",
    "text": "20",
    "x": 162,
    "y": 1728,
    "page_width": 1359,
    "page_height": 1873,
    "page_no": 20
  },
  {
    "question": "22",
    "text": "22",
    "x": 162,
    "y": 1728,
    "page_width": 1359,
    "page_height": 1873,
    "page_no": 22
  },
  {
    "question": "24",
    "text": "24",
    "x": 162,
    "y": 1728,
    "page_width": 1359,
    "page_height": 1873,
    "page_no": 24
  },
  {
    "question": "26",
    "text": "26",
    "x": 162,
    "y": 1728,
    "page_width": 1359,
    "page_height": 1873,
    "page_no": 26
  },
  {
    "question": "28",
    "text": "28",
    "x": 163,
    "y": 1728,
    "page_width": 1359,
    "page_height": 1873,
    "page_no": 28
  }
]