[
  {
    "question": 2,
    "x": 134,
    "y": 675,
    "page_no": 7,
    "page_width": 1241,
    "page_height": 1754
  },
  {
    "question": 0,
    "x": 90,
    "y": 1531,
    "page_no": 10,
    "page_width": 1241,
    "page_height": 1754
  },
  {
    "question": 4,
    "x": 104,
    "y": 898,
    "page_no": 9,
    "page_width": 1241,
    "page_height": 1754
  },
  {
    "question": "1",
    "text": "1ai",
    "x": 101,
    "y": 186,
    "page_width": 1241,
    "page_height": 1754,
    "page_no": 6
  },
  {
    "question": "3",
    "text": "3ai",
    "x": 101,
    "y": 258,
    "page_width": 1241,
    "page_height": 1754,
    "page_no": 8
  },
  {
    "question": "4",
    "text": "4d",
    "x": 100,
    "y": 1069,
    "page_width": 1241,
    "page_height": 1754,
    "page_no": 10
  }
]