[
  {
    "question": 0,
    "x": 120,
    "y": 640,
    "page_no": 17,
    "page_width": 1241,
    "page_height": 1754
  },
  {
    "question": 16,
    "x": 134,
    "y": 209,
    "page_no": 13,
    "page_width": 1241,
    "page_height": 1754
  },
  {
    "question": 14,
    "x": 133,
    "y": 209,
    "page_no": 11,
    "page_width": 1241,
    "page_height": 1754
  },
  {
    "question": 11,
    "x": 134,
    "y": 239,
    "page_no": 8,
    "page_width": 1241,
    "page_height": 1754
  },
  {
    "question": 9,
    "x": 131,
    "y": 424,
    "page_no": 7,
    "page_width": 1241,
    "page_height": 1754
  },
  {
    "question": 8,
    "x": 136,
    "y": 156,
    "page_no": 7,
    "page_width": 1241,
    "page_height": 1754
  },
  {
    "question": 7,
    "x": 133,
    "y": 1340,
    "page_no": 6,
    "page_width": 1241,
    "page_height": 1754
  },
  {
    "question": 6,
    "x": 133,
    "y": 1158,
    "page_no": 6,
    "page_width": 1241,
    "page_height": 1754
  },
  {
    "question": 5,
    "x": 133,
    "y": 1021,
    "page_no": 6,
    "page_width": 1241,
    "page_height": 1754
  },
  {
    "question": 4,
    "x": 133,
    "y": 861,
    "page_no": 6,
    "page_width": 1241,
    "page_height": 1754
  },
  {
    "question": 3,
    "x": 133,
    "y": 651,
    "page_no": 6,
    "page_width": 1241,
    "page_height": 1754
  },
  {
    "question": 2,
    "x": 134,
    "y": 468,
    "page_no": 6,
    "page_width": 1241,
    "page_height": 1754
  },
  {
    "question": 1,
    "x": 133,
    "y": 226,
    "page_no": 6,
    "page_width": 1241,
    "page_height": 1754
  },
  {
    "question": "10",
    "text": "10",
    "x": 132,
    "y": 685,
    "page_width": 1241,
    "page_height": 1754,
    "page_no": 7
  },
  {
    "question": "12",
    "text": "12ai",
    "x": 132,
    "y": 210,
    "page_width": 1241,
    "page_height": 1754,
    "page_no": 9
  },
  {
    "question": "13",
    "text": "13",
    "x": 131,
    "y": 210,
    "page_width": 1241,
    "page_height": 1754,
    "page_no": 10
  },
  {
    "question": "15",
    "text": "15a",
    "x": 132,
    "y": 237,
    "page_width": 1241,
    "page_height": 1754,
    "page_no": 12
  },
  {
    "question": "17",
    "text": "17a",
    "x": 132,
    "y": 211,
    "page_width": 1241,
    "page_height": 1754,
    "page_no": 14
  },
  {
    "question": "18",
    "text": "18a",
    "x": 132,
    "y": 236,
    "page_width": 1241,
    "page_height": 1754,
    "page_no": 16
  },
  {
    "question": "18",
    "text": "18cii",
    "x": 132,
    "y": 553,
    "page_width": 1241,
    "page_height": 1754,
    "page_no": 17
  }
]