[
  {
    "question": 0,
    "x": 101,
    "y": 1279,
    "page_no": 17,
    "page_width": 1241,
    "page_height": 1755
  },
  {
    "question": 19,
    "x": 118,
    "y": 191,
    "page_no": 17,
    "page_width": 1241,
    "page_height": 1755
  },
  {
    "question": 9,
    "x": 106,
    "y": 630,
    "page_no": 7,
    "page_width": 1241,
    "page_height": 1755
  },
  {
    "question": 7,
    "x": 103,
    "y": 219,
    "page_no": 7,
    "page_width": 1241,
    "page_height": 1755
  },
  {
    "question": 6,
    "x": 103,
    "y": 98,
    "page_no": 7,
    "page_width": 1241,
    "page_height": 1755
  },
  {
    "question": 4,
    "x": 94,
    "y": 756,
    "page_no": 6,
    "page_width": 1241,
    "page_height": 1755
  },
  {
    "question": "12",
    "text": "12a",
    "x": 74,
    "y": 190,
    "page_width": 1241,
    "page_height": 1755,
    "page_no": 9
  },
  {
    "question": "13",
    "text": "13a",
    "x": 74,
    "y": 190,
    "page_width": 1241,
    "page_height": 1755,
    "page_no": 10
  },
  {
    "question": "15",
    "text": "15a",
    "x": 74,
    "y": 174,
    "page_width": 1241,
    "page_height": 1755,
    "page_no": 12
  },
  {
    "question": "1",
    "text": "1",
    "x": 89,
    "y": 191,
    "page_width": 1241,
    "page_height": 1755,
    "page_no": 6
  },
  {
    "question": "2",
    "text": "2",
    "x": 88,
    "y": 378,
    "page_width": 1241,
    "page_height": 1755,
    "page_no": 6
  },
  {
    "question": "3",
    "text": "3",
    "x": 88,
    "y": 535,
    "page_width": 1241,
    "page_height": 1755,
    "page_no": 6
  },
  {
    "question": "5",
    "text": "5",
    "x": 88,
    "y": 942,
    "page_width": 1241,
    "page_height": 1755,
    "page_no": 6
  },
  {
    "question": "11",
    "text": "11a",
    "x": 89,
    "y": 191,
    "page_width": 1241,
    "page_height": 1755,
    "page_no": 8
  },
  {
    "question": "8",
    "text": "8",
    "x": 102,
    "y": 410,
    "page_width": 1241,
    "page_height": 1755,
    "page_no": 7
  },
  {
    "question": "10",
    "text": "10",
    "x": 103,
    "y": 786,
    "page_width": 1241,
    "page_height": 1755,
    "page_no": 7
  },
  {
    "question": "16",
    "text": "16a",
    "x": 103,
    "y": 189,
    "page_width": 1241,
    "page_height": 1755,
    "page_no": 13
  },
  {
    "question": "17",
    "text": "17ai",
    "x": 103,
    "y": 190,
    "page_width": 1241,
    "page_height": 1755,
    "page_no": 15
  },
  {
    "question": "18",
    "text": "18a",
    "x": 102,
    "y": 253,
    "page_width": 1241,
    "page_height": 1755,
    "page_no": 16
  },
  {
    "question": "14",
    "text": "14a",
    "x": 59,
    "y": 223,
    "page_width": 1241,
    "page_height": 1755,
    "page_no": 11
  },
  {
    "question": "14",
    "text": "14c",
    "x": 59,
    "y": 1044,
    "page_width": 1241,
    "page_height": 1755,
    "page_no": 11
  }
]