[
  {
    "question": 0,
    "x": 99,
    "y": 261,
    "page_no": 18,
    "page_width": 1241,
    "page_height": 1754
  },
  {
    "question": 21,
    "x": 117,
    "y": 105,
    "page_no": 17,
    "page_width": 1241,
    "page_height": 1754
  },
  {
    "question": 18,
    "x": 115,
    "y": 107,
    "page_no": 14,
    "page_width": 1241,
    "page_height": 1754
  },
  {
    "question": 13,
    "x": 113,
    "y": 103,
    "page_no": 9,
    "page_width": 1241,
    "page_height": 1754
  },
  {
    "question": 12,
    "x": 104,
    "y": 154,
    "page_no": 8,
    "page_width": 1241,
    "page_height": 1754
  },
  {
    "question": 11,
    "x": 118,
    "y": 130,
    "page_no": 7,
    "page_width": 1241,
    "page_height": 1754
  },
  {
    "question": 9,
    "x": 113,
    "y": 1270,
    "page_no": 6,
    "page_width": 1241,
    "page_height": 1754
  },
  {
    "question": 8,
    "x": 117,
    "y": 1112,
    "page_no": 6,
    "page_width": 1241,
    "page_height": 1754
  },
  {
    "question": 7,
    "x": 115,
    "y": 968,
    "page_no": 6,
    "page_width": 1241,
    "page_height": 1754
  },
  {
    "question": 6,
    "x": 117,
    "y": 849,
    "page_no": 6,
    "page_width": 1241,
    "page_height": 1754
  },
  {
    "question": 5,
    "x": 113,
    "y": 672,
    "page_no": 6,
    "page_width": 1241,
    "page_height": 1754
  },
  {
    "question": 4,
    "x": 115,
    "y": 524,
    "page_no": 6,
    "page_width": 1241,
    "page_height": 1754
  },
  {
    "question": 3,
    "x": 111,
    "y": 442,
    "page_no": 6,
    "page_width": 1241,
    "page_height": 1754
  },
  {
    "question": 2,
    "x": 115,
    "y": 216,
    "page_no": 6,
    "page_width": 1241,
    "page_height": 1754
  },
  {
    "question": "1",
    "text": "1",
    "x": 114,
    "y": 140,
    "page_width": 1241,
    "page_height": 1754,
    "page_no": 6
  },
  {
    "question": "10",
    "text": "10",
    "x": 114,
    "y": 1417,
    "page_width": 1241,
    "page_height": 1754,
    "page_no": 6
  },
  {
    "question": "14",
    "text": "14a",
    "x": 114,
    "y": 130,
    "page_width": 1241,
    "page_height": 1754,
    "page_no": 10
  },
  {
    "question": "15",
    "text": "15",
    "x": 113,
    "y": 131,
    "page_width": 1241,
    "page_height": 1754,
    "page_no": 11
  },
  {
    "question": "16",
    "text": "16a",
    "x": 114,
    "y": 131,
    "page_width": 1241,
    "page_height": 1754,
    "page_no": 12
  },
  {
    "question": "17",
    "text": "17a",
    "x": 114,
    "y": 134,
    "page_width": 1241,
    "page_height": 1754,
    "page_no": 13
  },
  {
    "question": "19",
    "text": "19ai_|",
    "x": 114,
    "y": 133,
    "page_width": 1241,
    "page_height": 1754,
    "page_no": 15
  },
  {
    "question": "20",
    "text": "20a",
    "x": 101,
    "y": 134,
    "page_width": 1241,
    "page_height": 1754,
    "page_no": 16
  },
  {
    "question": "20",
    "text": "20c",
    "x": 101,
    "y": 1119,
    "page_width": 1241,
    "page_height": 1754,
    "page_no": 16
  }
]