[
  {
    "question": "1",
    "text": "1a",
    "x": 133,
    "y": 152,
    "page_width": 1241,
    "page_height": 1754,
    "page_no": 5
  },
  {
    "question": "1",
    "text": "1b",
    "x": 133,
    "y": 907,
    "page_width": 1241,
    "page_height": 1754,
    "page_no": 5
  },
  {
    "question": "1",
    "text": "1c",
    "x": 133,
    "y": 167,
    "page_width": 1241,
    "page_height": 1754,
    "page_no": 6
  },
  {
    "question": "1",
    "text": "1d",
    "x": 133,
    "y": 167,
    "page_width": 1241,
    "page_height": 1754,
    "page_no": 7
  },
  {
    "question": "1",
    "text": "1e",
    "x": 133,
    "y": 167,
    "page_width": 1241,
    "page_height": 1754,
    "page_no": 9
  },
  {
    "question": "2",
    "text": "2",
    "x": 132,
    "y": 139,
    "page_width": 1241,
    "page_height": 1754,
    "page_no": 11
  },
  {
    "question": "3",
    "text": "3",
    "x": 131,
    "y": 139,
    "page_width": 1241,
    "page_height": 1754,
    "page_no": 13
  }
]