[
  {
    "question": "1",
    "text": "1a",
    "x": 152,
    "y": 229,
    "page_width": 1754,
    "page_height": 1241,
    "page_no": 4
  },
  {
    "question": "1",
    "text": "1b",
    "x": 152,
    "y": 632,
    "page_width": 1754,
    "page_height": 1241,
    "page_no": 4
  },
  {
    "question": "2",
    "text": "2b",
    "x": 151,
    "y": 490,
    "page_width": 1754,
    "page_height": 1241,
    "page_no": 5
  },
  {
    "question": "2",
    "text": "2c",
    "x": 151,
    "y": 681,
    "page_width": 1754,
    "page_height": 1241,
    "page_no": 5
  },
  {
    "question": "2",
    "text": "2d",
    "x": 151,
    "y": 175,
    "page_width": 1754,
    "page_height": 1241,
    "page_no": 6
  },
  {
    "question": "3",
    "text": "3ai",
    "x": 151,
    "y": 366,
    "page_width": 1754,
    "page_height": 1241,
    "page_no": 6
  },
  {
    "question": "3",
    "text": "3aii",
    "x": 151,
    "y": 808,
    "page_width": 1754,
    "page_height": 1241,
    "page_no": 6
  },
  {
    "question": "3",
    "text": "3aiii",
    "x": 151,
    "y": 204,
    "page_width": 1754,
    "page_height": 1241,
    "page_no": 7
  },
  {
    "question": "3",
    "text": "3aiv",
    "x": 151,
    "y": 497,
    "page_width": 1754,
    "page_height": 1241,
    "page_no": 7
  },
  {
    "question": "3",
    "text": "3b",
    "x": 151,
    "y": 683,
    "page_width": 1754,
    "page_height": 1241,
    "page_no": 7
  },
  {
    "question": "5",
    "text": "5a",
    "x": 151,
    "y": 604,
    "page_width": 1754,
    "page_height": 1241,
    "page_no": 11
  },
  {
    "question": "5",
    "text": "5bi",
    "x": 151,
    "y": 264,
    "page_width": 1754,
    "page_height": 1241,
    "page_no": 12
  },
  {
    "question": "5",
    "text": "5bii",
    "x": 151,
    "y": 646,
    "page_width": 1754,
    "page_height": 1241,
    "page_no": 12
  },
  {
    "question": "5",
    "text": "5biii",
    "x": 151,
    "y": 171,
    "page_width": 1754,
    "page_height": 1241,
    "page_no": 13
  },
  {
    "question": "5",
    "text": "5ci",
    "x": 151,
    "y": 673,
    "page_width": 1754,
    "page_height": 1241,
    "page_no": 13
  },
  {
    "question": "5",
    "text": "5cii",
    "x": 151,
    "y": 199,
    "page_width": 1754,
    "page_height": 1241,
    "page_no": 14
  },
  {
    "question": "6",
    "text": "6a",
    "x": 151,
    "y": 175,
    "page_width": 1754,
    "page_height": 1241,
    "page_no": 15
  },
  {
    "question": "1",
    "text": "1",
    "x": 152,
    "y": 801,
    "page_width": 1754,
    "page_height": 1241,
    "page_no": 15
  },
  {
    "question": "2",
    "text": "2",
    "x": 151,
    "y": 831,
    "page_width": 1754,
    "page_height": 1241,
    "page_no": 15
  },
  {
    "question": "3",
    "text": "3",
    "x": 151,
    "y": 894,
    "page_width": 1754,
    "page_height": 1241,
    "page_no": 15
  },
  {
    "question": "5",
    "text": "5",
    "x": 151,
    "y": 988,
    "page_width": 1754,
    "page_height": 1241,
    "page_no": 15
  },
  {
    "question": "6",
    "text": "6",
    "x": 151,
    "y": 1019,
    "page_width": 1754,
    "page_height": 1241,
    "page_no": 15
  },
  {
    "question": "6",
    "text": "6bi",
    "x": 151,
    "y": 204,
    "page_width": 1754,
    "page_height": 1241,
    "page_no": 16
  },
  {
    "question": "6",
    "text": "6bii",
    "x": 151,
    "y": 390,
    "page_width": 1754,
    "page_height": 1241,
    "page_no": 16
  },
  {
    "question": "7",
    "text": "7a",
    "x": 151,
    "y": 205,
    "page_width": 1754,
    "page_height": 1241,
    "page_no": 17
  },
  {
    "question": "7",
    "text": "7b",
    "x": 151,
    "y": 737,
    "page_width": 1754,
    "page_height": 1241,
    "page_no": 17
  },
  {
    "question": "7",
    "text": "7ci",
    "x": 151,
    "y": 228,
    "page_width": 1754,
    "page_height": 1241,
    "page_no": 18
  },
  {
    "question": "7",
    "text": "7cii",
    "x": 151,
    "y": 757,
    "page_width": 1754,
    "page_height": 1241,
    "page_no": 18
  },
  {
    "question": "7",
    "text": "7d",
    "x": 151,
    "y": 268,
    "page_width": 1754,
    "page_height": 1241,
    "page_no": 19
  },
  {
    "question": "8",
    "text": "8a",
    "x": 151,
    "y": 204,
    "page_width": 1754,
    "page_height": 1241,
    "page_no": 20
  },
  {
    "question": "8",
    "text": "8b",
    "x": 151,
    "y": 335,
    "page_width": 1754,
    "page_height": 1241,
    "page_no": 21
  },
  {
    "question": "8",
    "text": "8ci",
    "x": 151,
    "y": 201,
    "page_width": 1754,
    "page_height": 1241,
    "page_no": 22
  },
  {
    "question": "8",
    "text": "8cii",
    "x": 151,
    "y": 200,
    "page_width": 1754,
    "page_height": 1241,
    "page_no": 23
  },
  {
    "question": "4",
    "text": "4aii",
    "x": 150,
    "y": 716,
    "page_width": 1754,
    "page_height": 1241,
    "page_no": 8
  },
  {
    "question": "4",
    "text": "4bi",
    "x": 150,
    "y": 200,
    "page_width": 1754,
    "page_height": 1241,
    "page_no": 10
  },
  {
    "question": "4",
    "text": "4bii",
    "x": 150,
    "y": 204,
    "page_width": 1754,
    "page_height": 1241,
    "page_no": 11
  },
  {
    "question": "4",
    "text": "4",
    "x": 150,
    "y": 926,
    "page_width": 1754,
    "page_height": 1241,
    "page_no": 15
  },
  {
    "question": "1",
    "text": "1:",
    "x": 218,
    "y": 770,
    "page_width": 1754,
    "page_height": 1241,
    "page_no": 15
  },
  {
    "question": "2",
    "text": "2:",
    "x": 217,
    "y": 863,
    "page_width": 1754,
    "page_height": 1241,
    "page_no": 15
  },
  {
    "question": "3",
    "text": "3:",
    "x": 217,
    "y": 956,
    "page_width": 1754,
    "page_height": 1241,
    "page_no": 15
  },
  {
    "question": "1",
    "text": "1",
    "x": 218,
    "y": 997,
    "page_width": 1754,
    "page_height": 1241,
    "page_no": 23
  },
  {
    "question": "2",
    "text": "2",
    "x": 217,
    "y": 1027,
    "page_width": 1754,
    "page_height": 1241,
    "page_no": 23
  },
  {
    "question": "3",
    "text": "3",
    "x": 217,
    "y": 1059,
    "page_width": 1754,
    "page_height": 1241,
    "page_no": 23
  }
]