[
  {
    "question": "1",
    "text": "1ai",
    "x": 155,
    "y": 274,
    "page_width": 1650,
    "page_height": 1275,
    "page_no": 4
  },
  {
    "question": "1",
    "text": "1aii",
    "x": 155,
    "y": 656,
    "page_width": 1650,
    "page_height": 1275,
    "page_no": 4
  },
  {
    "question": "1",
    "text": "1aiii",
    "x": 155,
    "y": 210,
    "page_width": 1650,
    "page_height": 1275,
    "page_no": 5
  },
  {
    "question": "1",
    "text": "1b",
    "x": 155,
    "y": 635,
    "page_width": 1650,
    "page_height": 1275,
    "page_no": 5
  },
  {
    "question": "2",
    "text": "2a",
    "x": 153,
    "y": 258,
    "page_width": 1650,
    "page_height": 1275,
    "page_no": 6
  },
  {
    "question": "2",
    "text": "2bi",
    "x": 153,
    "y": 219,
    "page_width": 1650,
    "page_height": 1275,
    "page_no": 7
  },
  {
    "question": "2",
    "text": "2bii",
    "x": 153,
    "y": 641,
    "page_width": 1650,
    "page_height": 1275,
    "page_no": 7
  },
  {
    "question": "2",
    "text": "2biii",
    "x": 153,
    "y": 270,
    "page_width": 1650,
    "page_height": 1275,
    "page_no": 8
  },
  {
    "question": "3",
    "text": "3.1",
    "x": 153,
    "y": 589,
    "page_width": 1650,
    "page_height": 1275,
    "page_no": 8
  },
  {
    "question": "3",
    "text": "3.14",
    "x": 153,
    "y": 615,
    "page_width": 1650,
    "page_height": 1275,
    "page_no": 8
  },
  {
    "question": "3",
    "text": "3.142",
    "x": 153,
    "y": 640,
    "page_width": 1650,
    "page_height": 1275,
    "page_no": 8
  },
  {
    "question": "3",
    "text": "3ai",
    "x": 154,
    "y": 282,
    "page_width": 1650,
    "page_height": 1275,
    "page_no": 9
  },
  {
    "question": "0",
    "text": "0.985",
    "x": 153,
    "y": 644,
    "page_width": 1650,
    "page_height": 1275,
    "page_no": 9
  },
  {
    "question": "0",
    "text": "0.99",
    "x": 153,
    "y": 670,
    "page_width": 1650,
    "page_height": 1275,
    "page_no": 9
  },
  {
    "question": "0",
    "text": "0.98",
    "x": 153,
    "y": 696,
    "page_width": 1650,
    "page_height": 1275,
    "page_no": 9
  },
  {
    "question": "3",
    "text": "3aii",
    "x": 154,
    "y": 201,
    "page_width": 1650,
    "page_height": 1275,
    "page_no": 10
  },
  {
    "question": "1",
    "text": "1",
    "x": 155,
    "y": 541,
    "page_width": 1650,
    "page_height": 1275,
    "page_no": 10
  },
  {
    "question": "0",
    "text": "0.53",
    "x": 153,
    "y": 567,
    "page_width": 1650,
    "page_height": 1275,
    "page_no": 10
  },
  {
    "question": "5",
    "text": "5.3",
    "x": 153,
    "y": 593,
    "page_width": 1650,
    "page_height": 1275,
    "page_no": 10
  },
  {
    "question": "0",
    "text": "0.985",
    "x": 153,
    "y": 642,
    "page_width": 1650,
    "page_height": 1275,
    "page_no": 10
  },
  {
    "question": "3",
    "text": "3b",
    "x": 154,
    "y": 791,
    "page_width": 1650,
    "page_height": 1275,
    "page_no": 10
  },
  {
    "question": "3",
    "text": "3c",
    "x": 154,
    "y": 283,
    "page_width": 1650,
    "page_height": 1275,
    "page_no": 11
  },
  {
    "question": "4",
    "text": "4a",
    "x": 153,
    "y": 274,
    "page_width": 1650,
    "page_height": 1275,
    "page_no": 12
  },
  {
    "question": "4",
    "text": "4bi",
    "x": 153,
    "y": 282,
    "page_width": 1650,
    "page_height": 1275,
    "page_no": 13
  },
  {
    "question": "4",
    "text": "4bii",
    "x": 153,
    "y": 622,
    "page_width": 1650,
    "page_height": 1275,
    "page_no": 13
  },
  {
    "question": "4",
    "text": "4ci",
    "x": 153,
    "y": 299,
    "page_width": 1650,
    "page_height": 1275,
    "page_no": 14
  },
  {
    "question": "4",
    "text": "4cii",
    "x": 153,
    "y": 274,
    "page_width": 1650,
    "page_height": 1275,
    "page_no": 15
  },
  {
    "question": "4",
    "text": "4ciii",
    "x": 153,
    "y": 254,
    "page_width": 1650,
    "page_height": 1275,
    "page_no": 16
  },
  {
    "question": "5",
    "text": "5a",
    "x": 154,
    "y": 299,
    "page_width": 1650,
    "page_height": 1275,
    "page_no": 17
  },
  {
    "question": "5",
    "text": "5b",
    "x": 154,
    "y": 258,
    "page_width": 1650,
    "page_height": 1275,
    "page_no": 18
  },
  {
    "question": "5",
    "text": "5c",
    "x": 154,
    "y": 258,
    "page_width": 1650,
    "page_height": 1275,
    "page_no": 19
  },
  {
    "question": "6",
    "text": "6ai",
    "x": 153,
    "y": 258,
    "page_width": 1650,
    "page_height": 1275,
    "page_no": 20
  },
  {
    "question": "6",
    "text": "6aii",
    "x": 153,
    "y": 254,
    "page_width": 1650,
    "page_height": 1275,
    "page_no": 21
  },
  {
    "question": "6",
    "text": "6b",
    "x": 153,
    "y": 258,
    "page_width": 1650,
    "page_height": 1275,
    "page_no": 22
  },
  {
    "question": "6",
    "text": "6c",
    "x": 153,
    "y": 286,
    "page_width": 1650,
    "page_height": 1275,
    "page_no": 23
  },
  {
    "question": "7",
    "text": "7ayi",
    "x": 153,
    "y": 252,
    "page_width": 1650,
    "page_height": 1275,
    "page_no": 26
  },
  {
    "question": "7",
    "text": "7aii",
    "x": 153,
    "y": 228,
    "page_width": 1650,
    "page_height": 1275,
    "page_no": 27
  },
  {
    "question": "7",
    "text": "7bi",
    "x": 153,
    "y": 232,
    "page_width": 1650,
    "page_height": 1275,
    "page_no": 28
  },
  {
    "question": "7",
    "text": "7bii",
    "x": 153,
    "y": 254,
    "page_width": 1650,
    "page_height": 1275,
    "page_no": 29
  },
  {
    "question": "7",
    "text": "7b",
    "x": 153,
    "y": 254,
    "page_width": 1650,
    "page_height": 1275,
    "page_no": 30
  },
  {
    "question": "0",
    "text": "0.59",
    "x": 153,
    "y": 668,
    "page_width": 1650,
    "page_height": 1275,
    "page_no": 30
  },
  {
    "question": "0",
    "text": "0.74",
    "x": 153,
    "y": 696,
    "page_width": 1650,
    "page_height": 1275,
    "page_no": 30
  },
  {
    "question": "0",
    "text": "0.15",
    "x": 154,
    "y": 721,
    "page_width": 1650,
    "page_height": 1275,
    "page_no": 30
  },
  {
    "question": "7",
    "text": "7c",
    "x": 153,
    "y": 284,
    "page_width": 1650,
    "page_height": 1275,
    "page_no": 31
  },
  {
    "question": "8",
    "text": "8a",
    "x": 153,
    "y": 283,
    "page_width": 1650,
    "page_height": 1275,
    "page_no": 32
  },
  {
    "question": "8",
    "text": "8b",
    "x": 153,
    "y": 699,
    "page_width": 1650,
    "page_height": 1275,
    "page_no": 32
  },
  {
    "question": "8",
    "text": "8c",
    "x": 153,
    "y": 258,
    "page_width": 1650,
    "page_height": 1275,
    "page_no": 33
  },
  {
    "question": "8",
    "text": "8d",
    "x": 153,
    "y": 284,
    "page_width": 1650,
    "page_height": 1275,
    "page_no": 34
  },
  {
    "question": "8",
    "text": "8e",
    "x": 153,
    "y": 307,
    "page_width": 1650,
    "page_height": 1275,
    "page_no": 35
  },
  {
    "question": "8",
    "text": "8f",
    "x": 153,
    "y": 271,
    "page_width": 1650,
    "page_height": 1275,
    "page_no": 36
  },
  {
    "question": "8",
    "text": "8g",
    "x": 153,
    "y": 296,
    "page_width": 1650,
    "page_height": 1275,
    "page_no": 37
  },
  {
    "question": "0",
    "text": "0.6",
    "x": 212,
    "y": 567,
    "page_width": 1650,
    "page_height": 1275,
    "page_no": 10
  },
  {
    "question": "0",
    "text": "0",
    "x": 210,
    "y": 233,
    "page_width": 1650,
    "page_height": 1275,
    "page_no": 25
  },
  {
    "question": "1",
    "text": "1",
    "x": 212,
    "y": 264,
    "page_width": 1650,
    "page_height": 1275,
    "page_no": 25
  },
  {
    "question": "2",
    "text": "2",
    "x": 212,
    "y": 320,
    "page_width": 1650,
    "page_height": 1275,
    "page_no": 25
  },
  {
    "question": "3",
    "text": "3",
    "x": 212,
    "y": 402,
    "page_width": 1650,
    "page_height": 1275,
    "page_no": 25
  },
  {
    "question": "6",
    "text": "6.0",
    "x": 203,
    "y": 593,
    "page_width": 1650,
    "page_height": 1275,
    "page_no": 10
  },
  {
    "question": "1",
    "text": "1",
    "x": 200,
    "y": 523,
    "page_width": 1650,
    "page_height": 1275,
    "page_no": 23
  },
  {
    "question": "2",
    "text": "2",
    "x": 205,
    "y": 745,
    "page_width": 1650,
    "page_height": 1275,
    "page_no": 23
  },
  {
    "question": "3",
    "text": "3",
    "x": 205,
    "y": 960,
    "page_width": 1650,
    "page_height": 1275,
    "page_no": 23
  }
]