[
  {
    "question": 0,
    "x": 165,
    "y": 731,
    "page_no": 12,
    "page_width": 1275,
    "page_height": 1650
  },
  {
    "question": 4,
    "x": 180,
    "y": 219,
    "page_no": 9,
    "page_width": 1275,
    "page_height": 1650
  },
  {
    "question": 3,
    "x": 178,
    "y": 190,
    "page_no": 6,
    "page_width": 1275,
    "page_height": 1650
  },
  {
    "question": 2,
    "x": 193,
    "y": 219,
    "page_no": 5,
    "page_width": 1275,
    "page_height": 1650
  },
  {
    "question": 1,
    "x": 140,
    "y": 158,
    "page_no": 4,
    "page_width": 1275,
    "page_height": 1650
  },
  {
    "question": 1,
    "x": 140,
    "y": 160,
    "page_no": 4,
    "page_width": 1275,
    "page_height": 1650
  }
]