[
  {
    "question": "1",
    "text": "1",
    "x": 91,
    "y": 425,
    "page_width": 1241,
    "page_height": 1755,
    "page_no": 2
  },
  {
    "question": "3",
    "text": "3",
    "x": 89,
    "y": 1130,
    "page_width": 1241,
    "page_height": 1755,
    "page_no": 3
  },
  {
    "question": "4",
    "text": "4",
    "x": 89,
    "y": 132,
    "page_width": 1241,
    "page_height": 1755,
    "page_no": 4
  },
  {
    "question": "5",
    "text": "5",
    "x": 90,
    "y": 132,
    "page_width": 1241,
    "page_height": 1755,
    "page_no": 5
  },
  {
    "question": "6",
    "text": "6",
    "x": 89,
    "y": 131,
    "page_width": 1241,
    "page_height": 1755,
    "page_no": 6
  },
  {
    "question": "7",
    "text": "7",
    "x": 90,
    "y": 457,
    "page_width": 1241,
    "page_height": 1755,
    "page_no": 6
  },
  {
    "question": "8",
    "text": "8",
    "x": 89,
    "y": 781,
    "page_width": 1241,
    "page_height": 1755,
    "page_no": 6
  },
  {
    "question": "9",
    "text": "9",
    "x": 89,
    "y": 131,
    "page_width": 1241,
    "page_height": 1755,
    "page_no": 7
  },
  {
    "question": "10",
    "text": "10",
    "x": 91,
    "y": 931,
    "page_width": 1241,
    "page_height": 1755,
    "page_no": 7
  },
  {
    "question": "11",
    "text": "11",
    "x": 91,
    "y": 132,
    "page_width": 1241,
    "page_height": 1755,
    "page_no": 8
  },
  {
    "question": "12",
    "text": "12",
    "x": 91,
    "y": 856,
    "page_width": 1241,
    "page_height": 1755,
    "page_no": 8
  },
  {
    "question": "13",
    "text": "13",
    "x": 91,
    "y": 131,
    "page_width": 1241,
    "page_height": 1755,
    "page_no": 9
  },
  {
    "question": "14",
    "text": "14",
    "x": 91,
    "y": 132,
    "page_width": 1241,
    "page_height": 1755,
    "page_no": 10
  },
  {
    "question": "15",
    "text": "15",
    "x": 91,
    "y": 132,
    "page_width": 1241,
    "page_height": 1755,
    "page_no": 11
  },
  {
    "question": "16",
    "text": "16",
    "x": 91,
    "y": 306,
    "page_width": 1241,
    "page_height": 1755,
    "page_no": 12
  },
  {
    "question": "18",
    "text": "18",
    "x": 91,
    "y": 131,
    "page_width": 1241,
    "page_height": 1755,
    "page_no": 18
  },
  {
    "question": "19",
    "text": "19",
    "x": 91,
    "y": 131,
    "page_width": 1241,
    "page_height": 1755,
    "page_no": 22
  },
  {
    "question": "20",
    "text": "20",
    "x": 89,
    "y": 307,
    "page_width": 1241,
    "page_height": 1755,
    "page_no": 27
  },
  {
    "question": "2",
    "text": "2",
    "x": 28,
    "y": 333,
    "page_width": 1241,
    "page_height": 1755,
    "page_no": 5
  },
  {
    "question": "9",
    "text": "9",
    "x": 27,
    "y": 475,
    "page_width": 1241,
    "page_height": 1755,
    "page_no": 5
  },
  {
    "question": "7",
    "text": "7",
    "x": 27,
    "y": 252,
    "page_width": 1241,
    "page_height": 1755,
    "page_no": 9
  },
  {
    "question": "4",
    "text": "4",
    "x": 27,
    "y": 315,
    "page_width": 1241,
    "page_height": 1755,
    "page_no": 9
  },
  {
    "question": "4",
    "text": "4",
    "x": 27,
    "y": 259,
    "page_width": 1241,
    "page_height": 1755,
    "page_no": 15
  },
  {
    "question": "8",
    "text": "8",
    "x": 27,
    "y": 475,
    "page_width": 1241,
    "page_height": 1755,
    "page_no": 15
  },
  {
    "question": "2",
    "text": "2",
    "x": 26,
    "y": 315,
    "page_width": 1241,
    "page_height": 1755,
    "page_no": 17
  },
  {
    "question": "4",
    "text": "4",
    "x": 27,
    "y": 259,
    "page_width": 1241,
    "page_height": 1755,
    "page_no": 21
  },
  {
    "question": "8",
    "text": "8",
    "x": 27,
    "y": 475,
    "page_width": 1241,
    "page_height": 1755,
    "page_no": 21
  },
  {
    "question": "2",
    "text": "2",
    "x": 27,
    "y": 315,
    "page_width": 1241,
    "page_height": 1755,
    "page_no": 25
  },
  {
    "question": "2",
    "text": "2",
    "x": 27,
    "y": 475,
    "page_width": 1241,
    "page_height": 1755,
    "page_no": 29
  },
  {
    "question": "2",
    "text": "2",
    "x": 27,
    "y": 315,
    "page_width": 1241,
    "page_height": 1755,
    "page_no": 31
  },
  {
    "question": "2",
    "text": "2",
    "x": 27,
    "y": 475,
    "page_width": 1241,
    "page_height": 1755,
    "page_no": 31
  },
  {
    "question": "8",
    "text": "8",
    "x": 23,
    "y": 421,
    "page_width": 1241,
    "page_height": 1755,
    "page_no": 5
  },
  {
    "question": "8",
    "text": "8",
    "x": 22,
    "y": 475,
    "page_width": 1241,
    "page_height": 1755,
    "page_no": 9
  },
  {
    "question": "2",
    "text": "2",
    "x": 24,
    "y": 393,
    "page_width": 1241,
    "page_height": 1755,
    "page_no": 15
  },
  {
    "question": "8",
    "text": "8",
    "x": 23,
    "y": 420,
    "page_width": 1241,
    "page_height": 1755,
    "page_no": 15
  },
  {
    "question": "3",
    "text": "3S",
    "x": 23,
    "y": 433,
    "page_width": 1241,
    "page_height": 1755,
    "page_no": 17
  },
  {
    "question": "2",
    "text": "2",
    "x": 24,
    "y": 393,
    "page_width": 1241,
    "page_height": 1755,
    "page_no": 21
  },
  {
    "question": "8",
    "text": "8",
    "x": 23,
    "y": 420,
    "page_width": 1241,
    "page_height": 1755,
    "page_no": 21
  },
  {
    "question": "2",
    "text": "2",
    "x": 20,
    "y": 393,
    "page_width": 1241,
    "page_height": 1755,
    "page_no": 25
  },
  {
    "question": "13",
    "text": "13",
    "x": 21,
    "y": 930,
    "page_width": 1241,
    "page_height": 1755,
    "page_no": 27
  },
  {
    "question": "2",
    "text": "2",
    "x": 20,
    "y": 393,
    "page_width": 1241,
    "page_height": 1755,
    "page_no": 29
  },
  {
    "question": "2",
    "text": "2",
    "x": 20,
    "y": 393,
    "page_width": 1241,
    "page_height": 1755,
    "page_no": 31
  },
  {
    "question": "28",
    "text": "28",
    "x": 12,
    "y": 452,
    "page_width": 1241,
    "page_height": 1755,
    "page_no": 7
  },
  {
    "question": "2",
    "text": "2",
    "x": 12,
    "y": 1266,
    "page_width": 1241,
    "page_height": 1755,
    "page_no": 9
  },
  {
    "question": "38",
    "text": "38",
    "x": 12,
    "y": 451,
    "page_width": 1241,
    "page_height": 1755,
    "page_no": 11
  },
  {
    "question": "28",
    "text": "28",
    "x": 12,
    "y": 1141,
    "page_width": 1241,
    "page_height": 1755,
    "page_no": 25
  }
]