[
  {
    "question": "3",
    "text": "3.",
    "x": 129,
    "y": 137,
    "page_width": 1241,
    "page_height": 1754,
    "page_no": 7
  },
  {
    "question": "4",
    "text": "4.",
    "x": 129,
    "y": 137,
    "page_width": 1241,
    "page_height": 1754,
    "page_no": 8
  },
  {
    "question": "5",
    "text": "5.",
    "x": 129,
    "y": 164,
    "page_width": 1241,
    "page_height": 1754,
    "page_no": 9
  },
  {
    "question": "6",
    "text": "6",
    "x": 129,
    "y": 164,
    "page_width": 1241,
    "page_height": 1754,
    "page_no": 10
  }
]