[
  {
    "question": "1",
    "text": "1",
    "x": 150,
    "y": 370,
    "page_width": 1359,
    "page_height": 1873,
    "page_no": 2
  },
  {
    "question": "3",
    "text": "3",
    "x": 149,
    "y": 1111,
    "page_width": 1359,
    "page_height": 1873,
    "page_no": 2
  },
  {
    "question": "4",
    "text": "4",
    "x": 148,
    "y": 191,
    "page_width": 1359,
    "page_height": 1873,
    "page_no": 3
  },
  {
    "question": "6",
    "text": "6",
    "x": 148,
    "y": 190,
    "page_width": 1359,
    "page_height": 1873,
    "page_no": 4
  },
  {
    "question": "7",
    "text": "7",
    "x": 149,
    "y": 320,
    "page_width": 1359,
    "page_height": 1873,
    "page_no": 6
  },
  {
    "question": "8",
    "text": "8",
    "x": 148,
    "y": 390,
    "page_width": 1359,
    "page_height": 1873,
    "page_no": 16
  },
  {
    "question": "9",
    "text": "9",
    "x": 148,
    "y": 590,
    "page_width": 1359,
    "page_height": 1873,
    "page_no": 16
  },
  {
    "question": "10",
    "text": "10",
    "x": 150,
    "y": 819,
    "page_width": 1359,
    "page_height": 1873,
    "page_no": 16
  },
  {
    "question": "14",
    "text": "147.5%",
    "x": 150,
    "y": 412,
    "page_width": 1359,
    "page_height": 1873,
    "page_no": 31
  },
  {
    "question": "63",
    "text": "63",
    "x": 148,
    "y": 872,
    "page_width": 1359,
    "page_height": 1873,
    "page_no": 31
  },
  {
    "question": "06",
    "text": "06",
    "x": 73,
    "y": 536,
    "page_width": 1359,
    "page_height": 1873,
    "page_no": 3
  },
  {
    "question": "0",
    "text": "0",
    "x": 73,
    "y": 1007,
    "page_width": 1359,
    "page_height": 1873,
    "page_no": 3
  },
  {
    "question": "88",
    "text": "88",
    "x": 73,
    "y": 198,
    "page_width": 1359,
    "page_height": 1873,
    "page_no": 17
  },
  {
    "question": "9",
    "text": "9",
    "x": 73,
    "y": 1238,
    "page_width": 1359,
    "page_height": 1873,
    "page_no": 17
  },
  {
    "question": "10",
    "text": "10",
    "x": 163,
    "y": 1728,
    "page_width": 1359,
    "page_height": 1873,
    "page_no": 10
  },
  {
    "question": "12",
    "text": "12",
    "x": 163,
    "y": 1728,
    "page_width": 1359,
    "page_height": 1873,
    "page_no": 12
  },
  {
    "question": "14",
    "text": "14",
    "x": 163,
    "y": 1728,
    "page_width": 1359,
    "page_height": 1873,
    "page_no": 14
  },
  {
    "question": "16",
    "text": "16",
    "x": 163,
    "y": 1728,
    "page_width": 1359,
    "page_height": 1873,
    "page_no": 16
  },
  {
    "question": "18",
    "text": "18",
    "x": 163,
    "y": 1728,
    "page_width": 1359,
    "page_height": 1873,
    "page_no": 18
  },
  {
    "question": "20",
    "text": "20",
    "x": 162,
    "y": 1728,
    "page_width": 1359,
    "page_height": 1873,
    "page_no": 20
  },
  {
    "question": "22",
    "text": "22",
    "x": 162,
    "y": 1728,
    "page_width": 1359,
    "page_height": 1873,
    "page_no": 22
  },
  {
    "question": "24",
    "text": "24",
    "x": 162,
    "y": 1728,
    "page_width": 1359,
    "page_height": 1873,
    "page_no": 24
  },
  {
    "question": "26",
    "text": "26",
    "x": 162,
    "y": 1728,
    "page_width": 1359,
    "page_height": 1873,
    "page_no": 26
  },
  {
    "question": "28",
    "text": "28",
    "x": 162,
    "y": 1728,
    "page_width": 1359,
    "page_height": 1873,
    "page_no": 28
  }
]