[
  {
    "question": "1",
    "text": "1",
    "x": 150,
    "y": 370,
    "page_width": 1359,
    "page_height": 1873,
    "page_no": 2
  },
  {
    "question": "2",
    "text": "2.",
    "x": 148,
    "y": 190,
    "page_width": 1359,
    "page_height": 1873,
    "page_no": 4
  },
  {
    "question": "3",
    "text": "3",
    "x": 149,
    "y": 191,
    "page_width": 1359,
    "page_height": 1873,
    "page_no": 6
  },
  {
    "question": "4",
    "text": "4",
    "x": 148,
    "y": 191,
    "page_width": 1359,
    "page_height": 1873,
    "page_no": 8
  },
  {
    "question": "6",
    "text": "6",
    "x": 148,
    "y": 190,
    "page_width": 1359,
    "page_height": 1873,
    "page_no": 15
  },
  {
    "question": "7",
    "text": "7",
    "x": 149,
    "y": 191,
    "page_width": 1359,
    "page_height": 1873,
    "page_no": 21
  },
  {
    "question": "1",
    "text": "1.",
    "x": 150,
    "y": 317,
    "page_width": 1359,
    "page_height": 1873,
    "page_no": 30
  },
  {
    "question": "2",
    "text": "2.",
    "x": 149,
    "y": 512,
    "page_width": 1359,
    "page_height": 1873,
    "page_no": 30
  },
  {
    "question": "3",
    "text": "3.",
    "x": 149,
    "y": 679,
    "page_width": 1359,
    "page_height": 1873,
    "page_no": 30
  },
  {
    "question": "4",
    "text": "4.",
    "x": 148,
    "y": 788,
    "page_width": 1359,
    "page_height": 1873,
    "page_no": 30
  },
  {
    "question": "5",
    "text": "5.",
    "x": 149,
    "y": 1042,
    "page_width": 1359,
    "page_height": 1873,
    "page_no": 30
  },
  {
    "question": "6",
    "text": "6.",
    "x": 148,
    "y": 1267,
    "page_width": 1359,
    "page_height": 1873,
    "page_no": 30
  },
  {
    "question": "7",
    "text": "7.",
    "x": 149,
    "y": 168,
    "page_width": 1359,
    "page_height": 1873,
    "page_no": 31
  },
  {
    "question": "8",
    "text": "8.",
    "x": 148,
    "y": 567,
    "page_width": 1359,
    "page_height": 1873,
    "page_no": 31
  },
  {
    "question": "9",
    "text": "9.",
    "x": 149,
    "y": 851,
    "page_width": 1359,
    "page_height": 1873,
    "page_no": 31
  },
  {
    "question": "10",
    "text": "10.",
    "x": 150,
    "y": 1017,
    "page_width": 1359,
    "page_height": 1873,
    "page_no": 31
  },
  {
    "question": "11",
    "text": "11.",
    "x": 150,
    "y": 1155,
    "page_width": 1359,
    "page_height": 1873,
    "page_no": 31
  },
  {
    "question": "12",
    "text": "12.",
    "x": 150,
    "y": 1379,
    "page_width": 1359,
    "page_height": 1873,
    "page_no": 31
  },
  {
    "question": "13",
    "text": "13.",
    "x": 150,
    "y": 167,
    "page_width": 1359,
    "page_height": 1873,
    "page_no": 32
  },
  {
    "question": "15",
    "text": "15.",
    "x": 150,
    "y": 268,
    "page_width": 1359,
    "page_height": 1873,
    "page_no": 33
  },
  {
    "question": "16",
    "text": "16.",
    "x": 150,
    "y": 726,
    "page_width": 1359,
    "page_height": 1873,
    "page_no": 33
  },
  {
    "question": "17",
    "text": "17.",
    "x": 150,
    "y": 1009,
    "page_width": 1359,
    "page_height": 1873,
    "page_no": 33
  },
  {
    "question": "2",
    "text": "2",
    "x": 168,
    "y": 1728,
    "page_width": 1359,
    "page_height": 1873,
    "page_no": 2
  },
  {
    "question": "4",
    "text": "4",
    "x": 168,
    "y": 1728,
    "page_width": 1359,
    "page_height": 1873,
    "page_no": 4
  },
  {
    "question": "6",
    "text": "6",
    "x": 168,
    "y": 1728,
    "page_width": 1359,
    "page_height": 1873,
    "page_no": 6
  },
  {
    "question": "8",
    "text": "8",
    "x": 168,
    "y": 1728,
    "page_width": 1359,
    "page_height": 1873,
    "page_no": 8
  },
  {
    "question": "12",
    "text": "12",
    "x": 163,
    "y": 1728,
    "page_width": 1359,
    "page_height": 1873,
    "page_no": 12
  },
  {
    "question": "14",
    "text": "14",
    "x": 163,
    "y": 1728,
    "page_width": 1359,
    "page_height": 1873,
    "page_no": 14
  },
  {
    "question": "18",
    "text": "18",
    "x": 163,
    "y": 1728,
    "page_width": 1359,
    "page_height": 1873,
    "page_no": 18
  },
  {
    "question": "20",
    "text": "20",
    "x": 162,
    "y": 1728,
    "page_width": 1359,
    "page_height": 1873,
    "page_no": 20
  },
  {
    "question": "22",
    "text": "22",
    "x": 162,
    "y": 1728,
    "page_width": 1359,
    "page_height": 1873,
    "page_no": 22
  },
  {
    "question": "24",
    "text": "24",
    "x": 162,
    "y": 1728,
    "page_width": 1359,
    "page_height": 1873,
    "page_no": 24
  },
  {
    "question": "26",
    "text": "26",
    "x": 162,
    "y": 1728,
    "page_width": 1359,
    "page_height": 1873,
    "page_no": 26
  },
  {
    "question": "28",
    "text": "28",
    "x": 162,
    "y": 1728,
    "page_width": 1359,
    "page_height": 1873,
    "page_no": 28
  }
]