[
  {
    "question": "5",
    "text": "5%",
    "x": 153,
    "y": 970,
    "page_width": 1241,
    "page_height": 1754,
    "page_no": 10
  },
  {
    "question": "1",
    "text": "1",
    "x": 157,
    "y": 232,
    "page_width": 1241,
    "page_height": 1754,
    "page_no": 11
  },
  {
    "question": "2",
    "text": "2",
    "x": 157,
    "y": 270,
    "page_width": 1241,
    "page_height": 1754,
    "page_no": 11
  },
  {
    "question": "3",
    "text": "3",
    "x": 157,
    "y": 307,
    "page_width": 1241,
    "page_height": 1754,
    "page_no": 11
  },
  {
    "question": "1",
    "text": "1.",
    "x": 157,
    "y": 457,
    "page_width": 1241,
    "page_height": 1754,
    "page_no": 29
  },
  {
    "question": "2",
    "text": "2.",
    "x": 157,
    "y": 569,
    "page_width": 1241,
    "page_height": 1754,
    "page_no": 29
  },
  {
    "question": "3",
    "text": "3.",
    "x": 157,
    "y": 719,
    "page_width": 1241,
    "page_height": 1754,
    "page_no": 29
  },
  {
    "question": "1",
    "text": "1",
    "x": 119,
    "y": 457,
    "page_width": 1241,
    "page_height": 1754,
    "page_no": 16
  },
  {
    "question": "1",
    "text": "1",
    "x": 119,
    "y": 532,
    "page_width": 1241,
    "page_height": 1754,
    "page_no": 16
  },
  {
    "question": "1",
    "text": "1",
    "x": 119,
    "y": 1243,
    "page_width": 1241,
    "page_height": 1754,
    "page_no": 16
  },
  {
    "question": "1",
    "text": "1",
    "x": 119,
    "y": 1481,
    "page_width": 1241,
    "page_height": 1754,
    "page_no": 17
  },
  {
    "question": "1",
    "text": "1",
    "x": 119,
    "y": 346,
    "page_width": 1241,
    "page_height": 1754,
    "page_no": 23
  },
  {
    "question": "1",
    "text": "1of",
    "x": 119,
    "y": 1347,
    "page_width": 1241,
    "page_height": 1754,
    "page_no": 28
  },
  {
    "question": "20",
    "text": "2023",
    "x": 146,
    "y": 971,
    "page_width": 1241,
    "page_height": 1754,
    "page_no": 23
  },
  {
    "question": "30",
    "text": "30",
    "x": 146,
    "y": 1008,
    "page_width": 1241,
    "page_height": 1754,
    "page_no": 23
  },
  {
    "question": "4",
    "text": "4",
    "x": 145,
    "y": 1117,
    "page_width": 1241,
    "page_height": 1754,
    "page_no": 23
  },
  {
    "question": "31",
    "text": "31",
    "x": 146,
    "y": 1154,
    "page_width": 1241,
    "page_height": 1754,
    "page_no": 23
  },
  {
    "question": "20",
    "text": "2024",
    "x": 146,
    "y": 1228,
    "page_width": 1241,
    "page_height": 1754,
    "page_no": 23
  }
]