[
  {
    "question": 0,
    "x": 173,
    "y": 927,
    "page_no": 30,
    "page_width": 1359,
    "page_height": 1873
  },
  {
    "question": "1",
    "text": "1",
    "x": 150,
    "y": 397,
    "page_width": 1359,
    "page_height": 1873,
    "page_no": 2
  },
  {
    "question": "2",
    "text": "2",
    "x": 148,
    "y": 778,
    "page_width": 1359,
    "page_height": 1873,
    "page_no": 2
  },
  {
    "question": "3",
    "text": "3",
    "x": 148,
    "y": 189,
    "page_width": 1359,
    "page_height": 1873,
    "page_no": 3
  },
  {
    "question": "4",
    "text": "4",
    "x": 148,
    "y": 1028,
    "page_width": 1359,
    "page_height": 1873,
    "page_no": 3
  },
  {
    "question": "5",
    "text": "5",
    "x": 148,
    "y": 189,
    "page_width": 1359,
    "page_height": 1873,
    "page_no": 4
  },
  {
    "question": "6",
    "text": "6",
    "x": 148,
    "y": 928,
    "page_width": 1359,
    "page_height": 1873,
    "page_no": 4
  },
  {
    "question": "7",
    "text": "7",
    "x": 148,
    "y": 189,
    "page_width": 1359,
    "page_height": 1873,
    "page_no": 5
  },
  {
    "question": "8",
    "text": "8",
    "x": 148,
    "y": 189,
    "page_width": 1359,
    "page_height": 1873,
    "page_no": 6
  },
  {
    "question": "9",
    "text": "9",
    "x": 148,
    "y": 189,
    "page_width": 1359,
    "page_height": 1873,
    "page_no": 7
  },
  {
    "question": "10",
    "text": "10",
    "x": 150,
    "y": 189,
    "page_width": 1359,
    "page_height": 1873,
    "page_no": 8
  },
  {
    "question": "11",
    "text": "11",
    "x": 150,
    "y": 288,
    "page_width": 1359,
    "page_height": 1873,
    "page_no": 9
  },
  {
    "question": "12",
    "text": "12",
    "x": 149,
    "y": 189,
    "page_width": 1359,
    "page_height": 1873,
    "page_no": 10
  },
  {
    "question": "13",
    "text": "13",
    "x": 150,
    "y": 189,
    "page_width": 1359,
    "page_height": 1873,
    "page_no": 11
  },
  {
    "question": "14",
    "text": "14",
    "x": 150,
    "y": 189,
    "page_width": 1359,
    "page_height": 1873,
    "page_no": 12
  },
  {
    "question": "15",
    "text": "15",
    "x": 150,
    "y": 189,
    "page_width": 1359,
    "page_height": 1873,
    "page_no": 13
  },
  {
    "question": "16",
    "text": "16",
    "x": 150,
    "y": 189,
    "page_width": 1359,
    "page_height": 1873,
    "page_no": 14
  },
  {
    "question": "17",
    "text": "17",
    "x": 150,
    "y": 189,
    "page_width": 1359,
    "page_height": 1873,
    "page_no": 16
  },
  {
    "question": "18",
    "text": "18",
    "x": 149,
    "y": 189,
    "page_width": 1359,
    "page_height": 1873,
    "page_no": 18
  },
  {
    "question": "19",
    "text": "19",
    "x": 150,
    "y": 189,
    "page_width": 1359,
    "page_height": 1873,
    "page_no": 22
  },
  {
    "question": "20",
    "text": "20",
    "x": 148,
    "y": 189,
    "page_width": 1359,
    "page_height": 1873,
    "page_no": 24
  },
  {
    "question": "21",
    "text": "21",
    "x": 148,
    "y": 189,
    "page_width": 1359,
    "page_height": 1873,
    "page_no": 26
  },
  {
    "question": "22",
    "text": "22",
    "x": 148,
    "y": 189,
    "page_width": 1359,
    "page_height": 1873,
    "page_no": 28
  },
  {
    "question": "32",
    "text": "32",
    "x": 163,
    "y": 1728,
    "page_width": 1359,
    "page_height": 1873,
    "page_no": 32
  },
  {
    "question": "34",
    "text": "34",
    "x": 163,
    "y": 1728,
    "page_width": 1359,
    "page_height": 1873,
    "page_no": 34
  },
  {
    "question": "36",
    "text": "36",
    "x": 163,
    "y": 1728,
    "page_width": 1359,
    "page_height": 1873,
    "page_no": 36
  }
]