[
  {
    "question": 0,
    "x": 160,
    "y": 1015,
    "page_no": 13,
    "page_width": 1359,
    "page_height": 1873
  },
  {
    "question": 4,
    "x": 149,
    "y": 191,
    "page_no": 10,
    "page_width": 1359,
    "page_height": 1873
  },
  {
    "question": 3,
    "x": 155,
    "y": 189,
    "page_no": 7,
    "page_width": 1359,
    "page_height": 1873
  },
  {
    "question": 2,
    "x": 151,
    "y": 189,
    "page_no": 4,
    "page_width": 1359,
    "page_height": 1873
  },
  {
    "question": 1,
    "x": 157,
    "y": 238,
    "page_no": 2,
    "page_width": 1359,
    "page_height": 1873
  },
  {
    "question": "1",
    "text": "1",
    "x": 201,
    "y": 900,
    "page_width": 1359,
    "page_height": 1873,
    "page_no": 14
  },
  {
    "question": "2",
    "text": "2",
    "x": 200,
    "y": 188,
    "page_width": 1359,
    "page_height": 1873,
    "page_no": 16
  },
  {
    "question": "4",
    "text": "4",
    "x": 201,
    "y": 188,
    "page_width": 1359,
    "page_height": 1873,
    "page_no": 17
  },
  {
    "question": "5",
    "text": "5",
    "x": 201,
    "y": 188,
    "page_width": 1359,
    "page_height": 1873,
    "page_no": 19
  }
]