[
  {
    "question": "20",
    "text": "2020",
    "x": 152,
    "y": 1091,
    "page_width": 1241,
    "page_height": 1754,
    "page_no": 2
  },
  {
    "question": "9",
    "text": "9+h",
    "x": 153,
    "y": 1122,
    "page_width": 1241,
    "page_height": 1754,
    "page_no": 9
  },
  {
    "question": "3",
    "text": "3x\u20144y\u201424=0",
    "x": 153,
    "y": 1511,
    "page_width": 1241,
    "page_height": 1754,
    "page_no": 14
  },
  {
    "question": "9",
    "text": "9x?",
    "x": 153,
    "y": 1339,
    "page_width": 1241,
    "page_height": 1754,
    "page_no": 16
  },
  {
    "question": "2",
    "text": "2x\"",
    "x": 153,
    "y": 415,
    "page_width": 1241,
    "page_height": 1754,
    "page_no": 21
  },
  {
    "question": "16",
    "text": "16",
    "x": 152,
    "y": 855,
    "page_width": 1241,
    "page_height": 1754,
    "page_no": 23
  },
  {
    "question": "5",
    "text": "5.",
    "x": 112,
    "y": 210,
    "page_width": 1241,
    "page_height": 1754,
    "page_no": 5
  },
  {
    "question": "6",
    "text": "6.",
    "x": 112,
    "y": 325,
    "page_width": 1241,
    "page_height": 1754,
    "page_no": 5
  },
  {
    "question": "7",
    "text": "7.",
    "x": 112,
    "y": 472,
    "page_width": 1241,
    "page_height": 1754,
    "page_no": 5
  },
  {
    "question": "8",
    "text": "8.",
    "x": 113,
    "y": 530,
    "page_width": 1241,
    "page_height": 1754,
    "page_no": 5
  },
  {
    "question": "9",
    "text": "9.",
    "x": 112,
    "y": 928,
    "page_width": 1241,
    "page_height": 1754,
    "page_no": 5
  },
  {
    "question": "7",
    "text": "7.ay",
    "x": 113,
    "y": 171,
    "page_width": 1241,
    "page_height": 1754,
    "page_no": 18
  },
  {
    "question": "1",
    "text": "1.",
    "x": 77,
    "y": 243,
    "page_width": 1241,
    "page_height": 1754,
    "page_no": 6
  },
  {
    "question": "2",
    "text": "2.",
    "x": 75,
    "y": 384,
    "page_width": 1241,
    "page_height": 1754,
    "page_no": 6
  },
  {
    "question": "3",
    "text": "3.",
    "x": 75,
    "y": 470,
    "page_width": 1241,
    "page_height": 1754,
    "page_no": 6
  },
  {
    "question": "1",
    "text": "1.",
    "x": 77,
    "y": 626,
    "page_width": 1241,
    "page_height": 1754,
    "page_no": 6
  },
  {
    "question": "2",
    "text": "2.",
    "x": 75,
    "y": 724,
    "page_width": 1241,
    "page_height": 1754,
    "page_no": 6
  },
  {
    "question": "1",
    "text": "1.",
    "x": 77,
    "y": 776,
    "page_width": 1241,
    "page_height": 1754,
    "page_no": 16
  },
  {
    "question": "2",
    "text": "2.",
    "x": 74,
    "y": 941,
    "page_width": 1241,
    "page_height": 1754,
    "page_no": 16
  },
  {
    "question": "3",
    "text": "3.",
    "x": 75,
    "y": 1135,
    "page_width": 1241,
    "page_height": 1754,
    "page_no": 16
  },
  {
    "question": "8",
    "text": "8,0",
    "x": 78,
    "y": 1192,
    "page_width": 1241,
    "page_height": 1754,
    "page_no": 16
  },
  {
    "question": "2",
    "text": "2a",
    "x": 127,
    "y": 172,
    "page_width": 1241,
    "page_height": 1754,
    "page_no": 8
  },
  {
    "question": "3",
    "text": "3.a",
    "x": 127,
    "y": 181,
    "page_width": 1241,
    "page_height": 1754,
    "page_no": 9
  },
  {
    "question": "4",
    "text": "4",
    "x": 127,
    "y": 178,
    "page_width": 1241,
    "page_height": 1754,
    "page_no": 10
  },
  {
    "question": "6",
    "text": "6.a",
    "x": 128,
    "y": 186,
    "page_width": 1241,
    "page_height": 1754,
    "page_no": 14
  },
  {
    "question": "9",
    "text": "9.",
    "x": 123,
    "y": 243,
    "page_width": 1241,
    "page_height": 1754,
    "page_no": 20
  }
]