[
  {
    "question": "1",
    "text": "1",
    "x": 161,
    "y": 285,
    "page_width": 1241,
    "page_height": 1754,
    "page_no": 4
  },
  {
    "question": "7",
    "text": "7a",
    "x": 160,
    "y": 256,
    "page_width": 1241,
    "page_height": 1754,
    "page_no": 7
  },
  {
    "question": "7",
    "text": "7",
    "x": 160,
    "y": 225,
    "page_width": 1241,
    "page_height": 1754,
    "page_no": 8
  },
  {
    "question": "7",
    "text": "7c",
    "x": 160,
    "y": 223,
    "page_width": 1241,
    "page_height": 1754,
    "page_no": 9
  },
  {
    "question": "7",
    "text": "7",
    "x": 160,
    "y": 225,
    "page_width": 1241,
    "page_height": 1754,
    "page_no": 12
  },
  {
    "question": "7",
    "text": "7e",
    "x": 160,
    "y": 225,
    "page_width": 1241,
    "page_height": 1754,
    "page_no": 13
  },
  {
    "question": "8",
    "text": "8",
    "x": 160,
    "y": 287,
    "page_width": 1241,
    "page_height": 1754,
    "page_no": 16
  },
  {
    "question": "9",
    "text": "9",
    "x": 160,
    "y": 224,
    "page_width": 1241,
    "page_height": 1754,
    "page_no": 20
  },
  {
    "question": "10",
    "text": "10",
    "x": 161,
    "y": 224,
    "page_width": 1241,
    "page_height": 1754,
    "page_no": 24
  }
]