[
  {
    "question": "1",
    "text": "1ai",
    "x": 152,
    "y": 175,
    "page_width": 1754,
    "page_height": 1241,
    "page_no": 4
  },
  {
    "question": "1",
    "text": "1aii",
    "x": 153,
    "y": 173,
    "page_width": 1754,
    "page_height": 1241,
    "page_no": 5
  },
  {
    "question": "1",
    "text": "1bi",
    "x": 153,
    "y": 484,
    "page_width": 1754,
    "page_height": 1241,
    "page_no": 5
  },
  {
    "question": "1",
    "text": "1bii",
    "x": 153,
    "y": 797,
    "page_width": 1754,
    "page_height": 1241,
    "page_no": 5
  },
  {
    "question": "2",
    "text": "2a",
    "x": 152,
    "y": 173,
    "page_width": 1754,
    "page_height": 1241,
    "page_no": 6
  },
  {
    "question": "2",
    "text": "2bi",
    "x": 151,
    "y": 483,
    "page_width": 1754,
    "page_height": 1241,
    "page_no": 6
  },
  {
    "question": "2",
    "text": "2bii",
    "x": 152,
    "y": 194,
    "page_width": 1754,
    "page_height": 1241,
    "page_no": 7
  },
  {
    "question": "2",
    "text": "2ci",
    "x": 152,
    "y": 817,
    "page_width": 1754,
    "page_height": 1241,
    "page_no": 7
  },
  {
    "question": "2",
    "text": "2cii",
    "x": 151,
    "y": 281,
    "page_width": 1754,
    "page_height": 1241,
    "page_no": 8
  },
  {
    "question": "3",
    "text": "3a",
    "x": 151,
    "y": 189,
    "page_width": 1754,
    "page_height": 1241,
    "page_no": 9
  },
  {
    "question": "3",
    "text": "3b",
    "x": 152,
    "y": 172,
    "page_width": 1754,
    "page_height": 1241,
    "page_no": 10
  },
  {
    "question": "3",
    "text": "3c",
    "x": 152,
    "y": 317,
    "page_width": 1754,
    "page_height": 1241,
    "page_no": 11
  },
  {
    "question": "3",
    "text": "3d",
    "x": 151,
    "y": 175,
    "page_width": 1754,
    "page_height": 1241,
    "page_no": 12
  },
  {
    "question": "4",
    "text": "4c",
    "x": 151,
    "y": 173,
    "page_width": 1754,
    "page_height": 1241,
    "page_no": 14
  },
  {
    "question": "4",
    "text": "4d",
    "x": 151,
    "y": 702,
    "page_width": 1754,
    "page_height": 1241,
    "page_no": 14
  },
  {
    "question": "5",
    "text": "5a",
    "x": 152,
    "y": 288,
    "page_width": 1754,
    "page_height": 1241,
    "page_no": 15
  },
  {
    "question": "5",
    "text": "5b",
    "x": 151,
    "y": 502,
    "page_width": 1754,
    "page_height": 1241,
    "page_no": 15
  },
  {
    "question": "5",
    "text": "5c",
    "x": 152,
    "y": 202,
    "page_width": 1754,
    "page_height": 1241,
    "page_no": 16
  },
  {
    "question": "6",
    "text": "6c",
    "x": 152,
    "y": 173,
    "page_width": 1754,
    "page_height": 1241,
    "page_no": 20
  },
  {
    "question": "6",
    "text": "6di",
    "x": 151,
    "y": 727,
    "page_width": 1754,
    "page_height": 1241,
    "page_no": 20
  },
  {
    "question": "6",
    "text": "6dii",
    "x": 152,
    "y": 168,
    "page_width": 1754,
    "page_height": 1241,
    "page_no": 21
  },
  {
    "question": "7",
    "text": "7a",
    "x": 151,
    "y": 770,
    "page_width": 1754,
    "page_height": 1241,
    "page_no": 21
  },
  {
    "question": "7",
    "text": "7bi",
    "x": 151,
    "y": 175,
    "page_width": 1754,
    "page_height": 1241,
    "page_no": 22
  },
  {
    "question": "7",
    "text": "7bii",
    "x": 151,
    "y": 359,
    "page_width": 1754,
    "page_height": 1241,
    "page_no": 22
  },
  {
    "question": "7",
    "text": "7c",
    "x": 152,
    "y": 549,
    "page_width": 1754,
    "page_height": 1241,
    "page_no": 22
  },
  {
    "question": "7",
    "text": "7d",
    "x": 152,
    "y": 201,
    "page_width": 1754,
    "page_height": 1241,
    "page_no": 23
  },
  {
    "question": "7",
    "text": "7e",
    "x": 151,
    "y": 204,
    "page_width": 1754,
    "page_height": 1241,
    "page_no": 24
  },
  {
    "question": "8",
    "text": "8a",
    "x": 151,
    "y": 230,
    "page_width": 1754,
    "page_height": 1241,
    "page_no": 26
  },
  {
    "question": "8",
    "text": "8bi",
    "x": 151,
    "y": 814,
    "page_width": 1754,
    "page_height": 1241,
    "page_no": 26
  },
  {
    "question": "8",
    "text": "8bii",
    "x": 151,
    "y": 290,
    "page_width": 1754,
    "page_height": 1241,
    "page_no": 27
  },
  {
    "question": "8",
    "text": "8ci",
    "x": 151,
    "y": 232,
    "page_width": 1754,
    "page_height": 1241,
    "page_no": 28
  },
  {
    "question": "8",
    "text": "8cii",
    "x": 151,
    "y": 201,
    "page_width": 1754,
    "page_height": 1241,
    "page_no": 29
  },
  {
    "question": "8",
    "text": "8ciii",
    "x": 151,
    "y": 689,
    "page_width": 1754,
    "page_height": 1241,
    "page_no": 29
  },
  {
    "question": "0",
    "text": "0",
    "x": 135,
    "y": 136,
    "page_width": 1754,
    "page_height": 1241,
    "page_no": 18
  },
  {
    "question": "1",
    "text": "1",
    "x": 136,
    "y": 165,
    "page_width": 1754,
    "page_height": 1241,
    "page_no": 18
  },
  {
    "question": "2",
    "text": "2",
    "x": 135,
    "y": 325,
    "page_width": 1754,
    "page_height": 1241,
    "page_no": 18
  },
  {
    "question": "3",
    "text": "3",
    "x": 135,
    "y": 485,
    "page_width": 1754,
    "page_height": 1241,
    "page_no": 18
  },
  {
    "question": "1",
    "text": "1-2",
    "x": 178,
    "y": 164,
    "page_width": 1754,
    "page_height": 1241,
    "page_no": 18
  },
  {
    "question": "3",
    "text": "3-4",
    "x": 177,
    "y": 325,
    "page_width": 1754,
    "page_height": 1241,
    "page_no": 18
  },
  {
    "question": "5",
    "text": "5-6",
    "x": 178,
    "y": 485,
    "page_width": 1754,
    "page_height": 1241,
    "page_no": 18
  },
  {
    "question": "0",
    "text": "0",
    "x": 177,
    "y": 165,
    "page_width": 1754,
    "page_height": 1241,
    "page_no": 25
  },
  {
    "question": "1",
    "text": "1-2",
    "x": 178,
    "y": 192,
    "page_width": 1754,
    "page_height": 1241,
    "page_no": 25
  },
  {
    "question": "3",
    "text": "3-4",
    "x": 177,
    "y": 327,
    "page_width": 1754,
    "page_height": 1241,
    "page_no": 25
  },
  {
    "question": "5",
    "text": "5-6",
    "x": 178,
    "y": 487,
    "page_width": 1754,
    "page_height": 1241,
    "page_no": 25
  }
]