[
  {
    "question": "4",
    "text": "4",
    "x": 151,
    "y": 482,
    "page_width": 1754,
    "page_height": 1241,
    "page_no": 6
  },
  {
    "question": "5",
    "text": "5",
    "x": 151,
    "y": 737,
    "page_width": 1754,
    "page_height": 1241,
    "page_no": 6
  },
  {
    "question": "6",
    "text": "6",
    "x": 151,
    "y": 169,
    "page_width": 1754,
    "page_height": 1241,
    "page_no": 7
  },
  {
    "question": "7",
    "text": "7",
    "x": 151,
    "y": 468,
    "page_width": 1754,
    "page_height": 1241,
    "page_no": 7
  },
  {
    "question": "8",
    "text": "8",
    "x": 151,
    "y": 847,
    "page_width": 1754,
    "page_height": 1241,
    "page_no": 7
  },
  {
    "question": "9",
    "text": "9",
    "x": 151,
    "y": 169,
    "page_width": 1754,
    "page_height": 1241,
    "page_no": 8
  },
  {
    "question": "10",
    "text": "10",
    "x": 152,
    "y": 453,
    "page_width": 1754,
    "page_height": 1241,
    "page_no": 8
  },
  {
    "question": "11",
    "text": "11",
    "x": 152,
    "y": 737,
    "page_width": 1754,
    "page_height": 1241,
    "page_no": 8
  },
  {
    "question": "12",
    "text": "12a",
    "x": 152,
    "y": 169,
    "page_width": 1754,
    "page_height": 1241,
    "page_no": 9
  },
  {
    "question": "12",
    "text": "12b",
    "x": 152,
    "y": 430,
    "page_width": 1754,
    "page_height": 1241,
    "page_no": 9
  },
  {
    "question": "13",
    "text": "13",
    "x": 152,
    "y": 883,
    "page_width": 1754,
    "page_height": 1241,
    "page_no": 9
  },
  {
    "question": "14",
    "text": "14",
    "x": 152,
    "y": 198,
    "page_width": 1754,
    "page_height": 1241,
    "page_no": 10
  },
  {
    "question": "15",
    "text": "15",
    "x": 152,
    "y": 542,
    "page_width": 1754,
    "page_height": 1241,
    "page_no": 10
  },
  {
    "question": "16",
    "text": "16",
    "x": 152,
    "y": 169,
    "page_width": 1754,
    "page_height": 1241,
    "page_no": 11
  },
  {
    "question": "17",
    "text": "17",
    "x": 152,
    "y": 424,
    "page_width": 1754,
    "page_height": 1241,
    "page_no": 11
  },
  {
    "question": "18",
    "text": "18",
    "x": 152,
    "y": 679,
    "page_width": 1754,
    "page_height": 1241,
    "page_no": 11
  },
  {
    "question": "19",
    "text": "19a",
    "x": 152,
    "y": 284,
    "page_width": 1754,
    "page_height": 1241,
    "page_no": 12
  },
  {
    "question": "19",
    "text": "19bi",
    "x": 152,
    "y": 169,
    "page_width": 1754,
    "page_height": 1241,
    "page_no": 13
  },
  {
    "question": "19",
    "text": "19b",
    "x": 152,
    "y": 165,
    "page_width": 1754,
    "page_height": 1241,
    "page_no": 14
  },
  {
    "question": "19",
    "text": "19ci",
    "x": 152,
    "y": 710,
    "page_width": 1754,
    "page_height": 1241,
    "page_no": 14
  },
  {
    "question": "19",
    "text": "19cii",
    "x": 152,
    "y": 169,
    "page_width": 1754,
    "page_height": 1241,
    "page_no": 15
  },
  {
    "question": "19",
    "text": "19ciii",
    "x": 152,
    "y": 198,
    "page_width": 1754,
    "page_height": 1241,
    "page_no": 16
  },
  {
    "question": "19",
    "text": "19d",
    "x": 152,
    "y": 169,
    "page_width": 1754,
    "page_height": 1241,
    "page_no": 17
  },
  {
    "question": "20",
    "text": "20",
    "x": 152,
    "y": 169,
    "page_width": 1754,
    "page_height": 1241,
    "page_no": 18
  },
  {
    "question": "20",
    "text": "20",
    "x": 151,
    "y": 169,
    "page_width": 1754,
    "page_height": 1241,
    "page_no": 19
  },
  {
    "question": "21",
    "text": "21ai",
    "x": 151,
    "y": 169,
    "page_width": 1754,
    "page_height": 1241,
    "page_no": 20
  },
  {
    "question": "21",
    "text": "21aii",
    "x": 151,
    "y": 194,
    "page_width": 1754,
    "page_height": 1241,
    "page_no": 21
  },
  {
    "question": "21",
    "text": "21bi",
    "x": 151,
    "y": 662,
    "page_width": 1754,
    "page_height": 1241,
    "page_no": 21
  },
  {
    "question": "21",
    "text": "21bii",
    "x": 151,
    "y": 169,
    "page_width": 1754,
    "page_height": 1241,
    "page_no": 22
  },
  {
    "question": "21",
    "text": "21c",
    "x": 151,
    "y": 169,
    "page_width": 1754,
    "page_height": 1241,
    "page_no": 23
  },
  {
    "question": "22",
    "text": "22a",
    "x": 151,
    "y": 169,
    "page_width": 1754,
    "page_height": 1241,
    "page_no": 24
  },
  {
    "question": "22",
    "text": "22bi",
    "x": 151,
    "y": 748,
    "page_width": 1754,
    "page_height": 1241,
    "page_no": 24
  },
  {
    "question": "22",
    "text": "22bii",
    "x": 151,
    "y": 169,
    "page_width": 1754,
    "page_height": 1241,
    "page_no": 25
  },
  {
    "question": "22",
    "text": "22biii",
    "x": 151,
    "y": 495,
    "page_width": 1754,
    "page_height": 1241,
    "page_no": 25
  },
  {
    "question": "23",
    "text": "23a",
    "x": 151,
    "y": 227,
    "page_width": 1754,
    "page_height": 1241,
    "page_no": 26
  },
  {
    "question": "23",
    "text": "23bi_",
    "x": 151,
    "y": 169,
    "page_width": 1754,
    "page_height": 1241,
    "page_no": 27
  },
  {
    "question": "23",
    "text": "23bii",
    "x": 151,
    "y": 169,
    "page_width": 1754,
    "page_height": 1241,
    "page_no": 28
  },
  {
    "question": "23",
    "text": "23c",
    "x": 151,
    "y": 169,
    "page_width": 1754,
    "page_height": 1241,
    "page_no": 29
  },
  {
    "question": "23",
    "text": "23cii",
    "x": 151,
    "y": 169,
    "page_width": 1754,
    "page_height": 1241,
    "page_no": 30
  },
  {
    "question": "23",
    "text": "23d",
    "x": 151,
    "y": 198,
    "page_width": 1754,
    "page_height": 1241,
    "page_no": 31
  },
  {
    "question": "23",
    "text": "23ei",
    "x": 151,
    "y": 169,
    "page_width": 1754,
    "page_height": 1241,
    "page_no": 32
  },
  {
    "question": "23",
    "text": "23eii",
    "x": 151,
    "y": 809,
    "page_width": 1754,
    "page_height": 1241,
    "page_no": 32
  }
]