[
  {
    "question": "1",
    "text": "1ai",
    "x": 123,
    "y": 110,
    "page_width": 1754,
    "page_height": 1241,
    "page_no": 4
  },
  {
    "question": "1",
    "text": "1aii",
    "x": 123,
    "y": 438,
    "page_width": 1754,
    "page_height": 1241,
    "page_no": 4
  },
  {
    "question": "1",
    "text": "1aiii",
    "x": 123,
    "y": 721,
    "page_width": 1754,
    "page_height": 1241,
    "page_no": 4
  },
  {
    "question": "1",
    "text": "1aiv",
    "x": 123,
    "y": 106,
    "page_width": 1754,
    "page_height": 1241,
    "page_no": 5
  },
  {
    "question": "1",
    "text": "1i",
    "x": 123,
    "y": 111,
    "page_width": 1754,
    "page_height": 1241,
    "page_no": 6
  },
  {
    "question": "1",
    "text": "1bii",
    "x": 123,
    "y": 162,
    "page_width": 1754,
    "page_height": 1241,
    "page_no": 7
  },
  {
    "question": "1",
    "text": "1biii",
    "x": 123,
    "y": 892,
    "page_width": 1754,
    "page_height": 1241,
    "page_no": 7
  },
  {
    "question": "2",
    "text": "2a",
    "x": 121,
    "y": 277,
    "page_width": 1754,
    "page_height": 1241,
    "page_no": 8
  },
  {
    "question": "2",
    "text": "2b",
    "x": 121,
    "y": 560,
    "page_width": 1754,
    "page_height": 1241,
    "page_no": 8
  },
  {
    "question": "2",
    "text": "2c",
    "x": 121,
    "y": 824,
    "page_width": 1754,
    "page_height": 1241,
    "page_no": 8
  },
  {
    "question": "2",
    "text": "2@",
    "x": 121,
    "y": 216,
    "page_width": 1754,
    "page_height": 1241,
    "page_no": 9
  },
  {
    "question": "2",
    "text": "2dii",
    "x": 118,
    "y": 157,
    "page_width": 1754,
    "page_height": 1241,
    "page_no": 10
  },
  {
    "question": "2",
    "text": "2diii",
    "x": 121,
    "y": 529,
    "page_width": 1754,
    "page_height": 1241,
    "page_no": 10
  },
  {
    "question": "3",
    "text": "3aii",
    "x": 117,
    "y": 160,
    "page_width": 1754,
    "page_height": 1241,
    "page_no": 12
  },
  {
    "question": "3",
    "text": "3",
    "x": 117,
    "y": 671,
    "page_width": 1754,
    "page_height": 1241,
    "page_no": 12
  },
  {
    "question": "3",
    "text": "3aiv",
    "x": 117,
    "y": 210,
    "page_width": 1754,
    "page_height": 1241,
    "page_no": 13
  },
  {
    "question": "3",
    "text": "3av",
    "x": 117,
    "y": 811,
    "page_width": 1754,
    "page_height": 1241,
    "page_no": 13
  },
  {
    "question": "3",
    "text": "3b",
    "x": 117,
    "y": 160,
    "page_width": 1754,
    "page_height": 1241,
    "page_no": 14
  },
  {
    "question": "3",
    "text": "3bii",
    "x": 117,
    "y": 104,
    "page_width": 1754,
    "page_height": 1241,
    "page_no": 15
  },
  {
    "question": "4",
    "text": "4a",
    "x": 117,
    "y": 154,
    "page_width": 1754,
    "page_height": 1241,
    "page_no": 16
  },
  {
    "question": "4",
    "text": "4aGi",
    "x": 117,
    "y": 160,
    "page_width": 1754,
    "page_height": 1241,
    "page_no": 17
  },
  {
    "question": "4",
    "text": "4",
    "x": 117,
    "y": 104,
    "page_width": 1754,
    "page_height": 1241,
    "page_no": 18
  },
  {
    "question": "4",
    "text": "4b",
    "x": 117,
    "y": 104,
    "page_width": 1754,
    "page_height": 1241,
    "page_no": 19
  },
  {
    "question": "4",
    "text": "4ci",
    "x": 117,
    "y": 160,
    "page_width": 1754,
    "page_height": 1241,
    "page_no": 20
  },
  {
    "question": "4",
    "text": "4@Gii",
    "x": 117,
    "y": 100,
    "page_width": 1754,
    "page_height": 1241,
    "page_no": 21
  },
  {
    "question": "4",
    "text": "4oiii",
    "x": 117,
    "y": 104,
    "page_width": 1754,
    "page_height": 1241,
    "page_no": 22
  },
  {
    "question": "4",
    "text": "4d",
    "x": 117,
    "y": 104,
    "page_width": 1754,
    "page_height": 1241,
    "page_no": 23
  }
]