[
  {
    "question": "1",
    "text": "1",
    "x": 164,
    "y": 261,
    "page_width": 1755,
    "page_height": 1241,
    "page_no": 5
  },
  {
    "question": "2",
    "text": "2",
    "x": 162,
    "y": 560,
    "page_width": 1755,
    "page_height": 1241,
    "page_no": 5
  },
  {
    "question": "3",
    "text": "3",
    "x": 162,
    "y": 869,
    "page_width": 1755,
    "page_height": 1241,
    "page_no": 5
  },
  {
    "question": "4",
    "text": "4",
    "x": 162,
    "y": 223,
    "page_width": 1755,
    "page_height": 1241,
    "page_no": 6
  },
  {
    "question": "5",
    "text": "5",
    "x": 162,
    "y": 531,
    "page_width": 1755,
    "page_height": 1241,
    "page_no": 6
  },
  {
    "question": "6",
    "text": "6",
    "x": 162,
    "y": 839,
    "page_width": 1755,
    "page_height": 1241,
    "page_no": 6
  },
  {
    "question": "7",
    "text": "7a",
    "x": 162,
    "y": 249,
    "page_width": 1755,
    "page_height": 1241,
    "page_no": 7
  },
  {
    "question": "7",
    "text": "7b",
    "x": 162,
    "y": 556,
    "page_width": 1755,
    "page_height": 1241,
    "page_no": 7
  },
  {
    "question": "8",
    "text": "8",
    "x": 162,
    "y": 864,
    "page_width": 1755,
    "page_height": 1241,
    "page_no": 7
  },
  {
    "question": "9",
    "text": "9",
    "x": 162,
    "y": 223,
    "page_width": 1755,
    "page_height": 1241,
    "page_no": 8
  },
  {
    "question": "10",
    "text": "10a",
    "x": 164,
    "y": 529,
    "page_width": 1755,
    "page_height": 1241,
    "page_no": 8
  },
  {
    "question": "10",
    "text": "10b",
    "x": 164,
    "y": 837,
    "page_width": 1755,
    "page_height": 1241,
    "page_no": 8
  },
  {
    "question": "11",
    "text": "11",
    "x": 164,
    "y": 223,
    "page_width": 1755,
    "page_height": 1241,
    "page_no": 9
  },
  {
    "question": "12",
    "text": "12",
    "x": 164,
    "y": 530,
    "page_width": 1755,
    "page_height": 1241,
    "page_no": 9
  },
  {
    "question": "13",
    "text": "13",
    "x": 164,
    "y": 836,
    "page_width": 1755,
    "page_height": 1241,
    "page_no": 9
  },
  {
    "question": "14",
    "text": "14",
    "x": 164,
    "y": 222,
    "page_width": 1755,
    "page_height": 1241,
    "page_no": 10
  },
  {
    "question": "15",
    "text": "15",
    "x": 164,
    "y": 530,
    "page_width": 1755,
    "page_height": 1241,
    "page_no": 10
  },
  {
    "question": "16",
    "text": "16",
    "x": 164,
    "y": 837,
    "page_width": 1755,
    "page_height": 1241,
    "page_no": 10
  },
  {
    "question": "17",
    "text": "17",
    "x": 164,
    "y": 223,
    "page_width": 1755,
    "page_height": 1241,
    "page_no": 11
  },
  {
    "question": "18",
    "text": "18",
    "x": 164,
    "y": 530,
    "page_width": 1755,
    "page_height": 1241,
    "page_no": 11
  },
  {
    "question": "19",
    "text": "19ai",
    "x": 164,
    "y": 292,
    "page_width": 1755,
    "page_height": 1241,
    "page_no": 12
  },
  {
    "question": "19",
    "text": "19aii",
    "x": 164,
    "y": 643,
    "page_width": 1755,
    "page_height": 1241,
    "page_no": 12
  },
  {
    "question": "19",
    "text": "19aiii",
    "x": 164,
    "y": 231,
    "page_width": 1755,
    "page_height": 1241,
    "page_no": 13
  },
  {
    "question": "19",
    "text": "19aiv",
    "x": 164,
    "y": 802,
    "page_width": 1755,
    "page_height": 1241,
    "page_no": 13
  },
  {
    "question": "19",
    "text": "19bi",
    "x": 164,
    "y": 206,
    "page_width": 1755,
    "page_height": 1241,
    "page_no": 14
  },
  {
    "question": "19",
    "text": "19bii",
    "x": 164,
    "y": 206,
    "page_width": 1755,
    "page_height": 1241,
    "page_no": 15
  },
  {
    "question": "19",
    "text": "19c",
    "x": 164,
    "y": 211,
    "page_width": 1755,
    "page_height": 1241,
    "page_no": 16
  },
  {
    "question": "20",
    "text": "20ai",
    "x": 162,
    "y": 265,
    "page_width": 1755,
    "page_height": 1241,
    "page_no": 17
  },
  {
    "question": "20",
    "text": "20aii",
    "x": 162,
    "y": 544,
    "page_width": 1755,
    "page_height": 1241,
    "page_no": 17
  },
  {
    "question": "20",
    "text": "20",
    "x": 162,
    "y": 210,
    "page_width": 1755,
    "page_height": 1241,
    "page_no": 18
  },
  {
    "question": "20",
    "text": "20c",
    "x": 162,
    "y": 213,
    "page_width": 1755,
    "page_height": 1241,
    "page_no": 19
  },
  {
    "question": "20",
    "text": "20",
    "x": 162,
    "y": 213,
    "page_width": 1755,
    "page_height": 1241,
    "page_no": 20
  },
  {
    "question": "21",
    "text": "21a",
    "x": 162,
    "y": 213,
    "page_width": 1755,
    "page_height": 1241,
    "page_no": 21
  },
  {
    "question": "21",
    "text": "21",
    "x": 162,
    "y": 590,
    "page_width": 1755,
    "page_height": 1241,
    "page_no": 21
  },
  {
    "question": "21",
    "text": "21aiii",
    "x": 162,
    "y": 208,
    "page_width": 1755,
    "page_height": 1241,
    "page_no": 22
  },
  {
    "question": "21",
    "text": "21bi",
    "x": 162,
    "y": 391,
    "page_width": 1755,
    "page_height": 1241,
    "page_no": 22
  },
  {
    "question": "21",
    "text": "21bii",
    "x": 162,
    "y": 209,
    "page_width": 1755,
    "page_height": 1241,
    "page_no": 23
  },
  {
    "question": "21",
    "text": "21c",
    "x": 162,
    "y": 213,
    "page_width": 1755,
    "page_height": 1241,
    "page_no": 24
  },
  {
    "question": "22",
    "text": "22a",
    "x": 162,
    "y": 271,
    "page_width": 1755,
    "page_height": 1241,
    "page_no": 25
  },
  {
    "question": "22",
    "text": "22b",
    "x": 162,
    "y": 213,
    "page_width": 1755,
    "page_height": 1241,
    "page_no": 26
  },
  {
    "question": "22",
    "text": "22\u00a2",
    "x": 162,
    "y": 791,
    "page_width": 1755,
    "page_height": 1241,
    "page_no": 26
  },
  {
    "question": "22",
    "text": "22d",
    "x": 162,
    "y": 995,
    "page_width": 1755,
    "page_height": 1241,
    "page_no": 26
  },
  {
    "question": "22",
    "text": "22dii_",
    "x": 162,
    "y": 213,
    "page_width": 1755,
    "page_height": 1241,
    "page_no": 27
  },
  {
    "question": "22",
    "text": "22ei",
    "x": 163,
    "y": 213,
    "page_width": 1755,
    "page_height": 1241,
    "page_no": 28
  },
  {
    "question": "22",
    "text": "22",
    "x": 162,
    "y": 290,
    "page_width": 1755,
    "page_height": 1241,
    "page_no": 30
  },
  {
    "question": "2",
    "text": "2H",
    "x": 162,
    "y": 267,
    "page_width": 1755,
    "page_height": 1241,
    "page_no": 31
  },
  {
    "question": "22",
    "text": "22fii",
    "x": 162,
    "y": 501,
    "page_width": 1755,
    "page_height": 1241,
    "page_no": 31
  }
]