[
  {
    "question": "1",
    "text": "1",
    "x": 150,
    "y": 449,
    "page_width": 1359,
    "page_height": 1873,
    "page_no": 2
  },
  {
    "question": "2",
    "text": "2",
    "x": 148,
    "y": 886,
    "page_width": 1359,
    "page_height": 1873,
    "page_no": 2
  },
  {
    "question": "3",
    "text": "3",
    "x": 148,
    "y": 190,
    "page_width": 1359,
    "page_height": 1873,
    "page_no": 4
  },
  {
    "question": "4",
    "text": "4",
    "x": 148,
    "y": 637,
    "page_width": 1359,
    "page_height": 1873,
    "page_no": 5
  },
  {
    "question": "5",
    "text": "5",
    "x": 149,
    "y": 1042,
    "page_width": 1359,
    "page_height": 1873,
    "page_no": 5
  },
  {
    "question": "6",
    "text": "6",
    "x": 148,
    "y": 190,
    "page_width": 1359,
    "page_height": 1873,
    "page_no": 6
  },
  {
    "question": "7",
    "text": "7",
    "x": 149,
    "y": 191,
    "page_width": 1359,
    "page_height": 1873,
    "page_no": 7
  },
  {
    "question": "8",
    "text": "8",
    "x": 148,
    "y": 516,
    "page_width": 1359,
    "page_height": 1873,
    "page_no": 7
  },
  {
    "question": "9",
    "text": "9",
    "x": 148,
    "y": 841,
    "page_width": 1359,
    "page_height": 1873,
    "page_no": 7
  },
  {
    "question": "10",
    "text": "10",
    "x": 150,
    "y": 1266,
    "page_width": 1359,
    "page_height": 1873,
    "page_no": 7
  },
  {
    "question": "11",
    "text": "11",
    "x": 150,
    "y": 191,
    "page_width": 1359,
    "page_height": 1873,
    "page_no": 8
  },
  {
    "question": "12",
    "text": "12",
    "x": 150,
    "y": 586,
    "page_width": 1359,
    "page_height": 1873,
    "page_no": 8
  },
  {
    "question": "13",
    "text": "13",
    "x": 150,
    "y": 961,
    "page_width": 1359,
    "page_height": 1873,
    "page_no": 8
  },
  {
    "question": "14",
    "text": "14",
    "x": 150,
    "y": 1312,
    "page_width": 1359,
    "page_height": 1873,
    "page_no": 8
  },
  {
    "question": "15",
    "text": "15",
    "x": 150,
    "y": 291,
    "page_width": 1359,
    "page_height": 1873,
    "page_no": 10
  },
  {
    "question": "16",
    "text": "16",
    "x": 150,
    "y": 190,
    "page_width": 1359,
    "page_height": 1873,
    "page_no": 14
  },
  {
    "question": "17",
    "text": "17",
    "x": 150,
    "y": 191,
    "page_width": 1359,
    "page_height": 1873,
    "page_no": 19
  },
  {
    "question": "18",
    "text": "18",
    "x": 150,
    "y": 290,
    "page_width": 1359,
    "page_height": 1873,
    "page_no": 25
  },
  {
    "question": "29",
    "text": "298",
    "x": 71,
    "y": 1007,
    "page_width": 1359,
    "page_height": 1873,
    "page_no": 3
  },
  {
    "question": "8",
    "text": "8",
    "x": 71,
    "y": 1238,
    "page_width": 1359,
    "page_height": 1873,
    "page_no": 3
  },
  {
    "question": "10",
    "text": "10.NOT",
    "x": 71,
    "y": 1508,
    "page_width": 1359,
    "page_height": 1873,
    "page_no": 3
  },
  {
    "question": "36",
    "text": "36",
    "x": 71,
    "y": 132,
    "page_width": 1359,
    "page_height": 1873,
    "page_no": 19
  },
  {
    "question": "96",
    "text": "96",
    "x": 71,
    "y": 1175,
    "page_width": 1359,
    "page_height": 1873,
    "page_no": 19
  },
  {
    "question": "36",
    "text": "36",
    "x": 71,
    "y": 132,
    "page_width": 1359,
    "page_height": 1873,
    "page_no": 21
  },
  {
    "question": "36",
    "text": "36",
    "x": 71,
    "y": 132,
    "page_width": 1359,
    "page_height": 1873,
    "page_no": 27
  },
  {
    "question": "58",
    "text": "588",
    "x": 71,
    "y": 1301,
    "page_width": 1359,
    "page_height": 1873,
    "page_no": 27
  },
  {
    "question": "10",
    "text": "10",
    "x": 163,
    "y": 1728,
    "page_width": 1359,
    "page_height": 1873,
    "page_no": 10
  },
  {
    "question": "12",
    "text": "12",
    "x": 163,
    "y": 1728,
    "page_width": 1359,
    "page_height": 1873,
    "page_no": 12
  },
  {
    "question": "71",
    "text": "710\u00b0",
    "x": 160,
    "y": 1012,
    "page_width": 1359,
    "page_height": 1873,
    "page_no": 14
  },
  {
    "question": "14",
    "text": "14",
    "x": 163,
    "y": 1728,
    "page_width": 1359,
    "page_height": 1873,
    "page_no": 14
  },
  {
    "question": "16",
    "text": "16",
    "x": 163,
    "y": 1728,
    "page_width": 1359,
    "page_height": 1873,
    "page_no": 16
  },
  {
    "question": "18",
    "text": "18",
    "x": 163,
    "y": 1728,
    "page_width": 1359,
    "page_height": 1873,
    "page_no": 18
  },
  {
    "question": "20",
    "text": "20",
    "x": 162,
    "y": 1728,
    "page_width": 1359,
    "page_height": 1873,
    "page_no": 20
  },
  {
    "question": "22",
    "text": "22",
    "x": 162,
    "y": 1728,
    "page_width": 1359,
    "page_height": 1873,
    "page_no": 22
  },
  {
    "question": "24",
    "text": "24",
    "x": 162,
    "y": 1728,
    "page_width": 1359,
    "page_height": 1873,
    "page_no": 24
  },
  {
    "question": "26",
    "text": "26",
    "x": 162,
    "y": 1728,
    "page_width": 1359,
    "page_height": 1873,
    "page_no": 26
  },
  {
    "question": "28",
    "text": "28",
    "x": 162,
    "y": 1728,
    "page_width": 1359,
    "page_height": 1873,
    "page_no": 28
  },
  {
    "question": "30",
    "text": "30",
    "x": 163,
    "y": 1728,
    "page_width": 1359,
    "page_height": 1873,
    "page_no": 30
  },
  {
    "question": "32",
    "text": "32",
    "x": 163,
    "y": 1728,
    "page_width": 1359,
    "page_height": 1873,
    "page_no": 32
  },
  {
    "question": "88",
    "text": "88",
    "x": 0,
    "y": 1181,
    "page_width": 1359,
    "page_height": 1873,
    "page_no": 13
  },
  {
    "question": "0",
    "text": "0c",
    "x": 0,
    "y": 261,
    "page_width": 1359,
    "page_height": 1873,
    "page_no": 15
  },
  {
    "question": "1",
    "text": "1M",
    "x": 0,
    "y": 1364,
    "page_width": 1359,
    "page_height": 1873,
    "page_no": 21
  },
  {
    "question": "6",
    "text": "6",
    "x": 0,
    "y": 1217,
    "page_width": 1359,
    "page_height": 1873,
    "page_no": 23
  },
  {
    "question": "61",
    "text": "6166-660",
    "x": 0,
    "y": 1168,
    "page_width": 1359,
    "page_height": 1873,
    "page_no": 23
  },
  {
    "question": "8",
    "text": "8",
    "x": 0,
    "y": 1161,
    "page_width": 1359,
    "page_height": 1873,
    "page_no": 23
  },
  {
    "question": "8",
    "text": "8",
    "x": 0,
    "y": 1154,
    "page_width": 1359,
    "page_height": 1873,
    "page_no": 23
  },
  {
    "question": "60",
    "text": "60-66-60",
    "x": 0,
    "y": 1108,
    "page_width": 1359,
    "page_height": 1873,
    "page_no": 23
  },
  {
    "question": "08",
    "text": "08",
    "x": 0,
    "y": 1091,
    "page_width": 1359,
    "page_height": 1873,
    "page_no": 23
  },
  {
    "question": "00",
    "text": "00",
    "x": 0,
    "y": 1071,
    "page_width": 1359,
    "page_height": 1873,
    "page_no": 23
  },
  {
    "question": "6",
    "text": "6",
    "x": 0,
    "y": 1066,
    "page_width": 1359,
    "page_height": 1873,
    "page_no": 23
  },
  {
    "question": "60",
    "text": "60",
    "x": 0,
    "y": 1051,
    "page_width": 1359,
    "page_height": 1873,
    "page_no": 23
  },
  {
    "question": "0",
    "text": "0.",
    "x": 0,
    "y": 1042,
    "page_width": 1359,
    "page_height": 1873,
    "page_no": 23
  },
  {
    "question": "5",
    "text": "5c",
    "x": 0,
    "y": 1136,
    "page_width": 1359,
    "page_height": 1873,
    "page_no": 27
  }
]