[
  {
    "question": 0,
    "x": 104,
    "y": 993,
    "page_no": 13,
    "page_width": 1241,
    "page_height": 1754
  },
  {
    "question": "1",
    "text": "1a",
    "x": 139,
    "y": 180,
    "page_width": 1241,
    "page_height": 1754,
    "page_no": 6
  },
  {
    "question": "2",
    "text": "2a",
    "x": 137,
    "y": 179,
    "page_width": 1241,
    "page_height": 1754,
    "page_no": 8
  },
  {
    "question": "3",
    "text": "3a",
    "x": 138,
    "y": 179,
    "page_width": 1241,
    "page_height": 1754,
    "page_no": 10
  },
  {
    "question": "4",
    "text": "4a",
    "x": 140,
    "y": 180,
    "page_width": 1241,
    "page_height": 1754,
    "page_no": 12
  },
  {
    "question": "4",
    "text": "4ciii",
    "x": 123,
    "y": 457,
    "page_width": 1241,
    "page_height": 1754,
    "page_no": 13
  }
]