[
  {
    "question": "1",
    "text": "1d",
    "x": 160,
    "y": 203,
    "page_width": 1241,
    "page_height": 1754,
    "page_no": 8
  },
  {
    "question": "2",
    "text": "2",
    "x": 160,
    "y": 204,
    "page_width": 1241,
    "page_height": 1754,
    "page_no": 15
  },
  {
    "question": "20",
    "text": "2019",
    "x": 160,
    "y": 538,
    "page_width": 1241,
    "page_height": 1754,
    "page_no": 18
  },
  {
    "question": "1",
    "text": "1",
    "x": 161,
    "y": 572,
    "page_width": 1241,
    "page_height": 1754,
    "page_no": 18
  },
  {
    "question": "10",
    "text": "10",
    "x": 161,
    "y": 603,
    "page_width": 1241,
    "page_height": 1754,
    "page_no": 18
  },
  {
    "question": "20",
    "text": "2020",
    "x": 160,
    "y": 635,
    "page_width": 1241,
    "page_height": 1754,
    "page_no": 18
  },
  {
    "question": "1",
    "text": "1",
    "x": 161,
    "y": 733,
    "page_width": 1241,
    "page_height": 1754,
    "page_no": 18
  },
  {
    "question": "20",
    "text": "2019",
    "x": 160,
    "y": 1196,
    "page_width": 1241,
    "page_height": 1754,
    "page_no": 18
  },
  {
    "question": "1",
    "text": "1",
    "x": 161,
    "y": 1229,
    "page_width": 1241,
    "page_height": 1754,
    "page_no": 18
  },
  {
    "question": "20",
    "text": "2019",
    "x": 160,
    "y": 572,
    "page_width": 1241,
    "page_height": 1754,
    "page_no": 22
  },
  {
    "question": "1",
    "text": "1",
    "x": 161,
    "y": 605,
    "page_width": 1241,
    "page_height": 1754,
    "page_no": 22
  },
  {
    "question": "20",
    "text": "2020",
    "x": 160,
    "y": 636,
    "page_width": 1241,
    "page_height": 1754,
    "page_no": 22
  },
  {
    "question": "30",
    "text": "30",
    "x": 160,
    "y": 669,
    "page_width": 1241,
    "page_height": 1754,
    "page_no": 22
  }
]