[
  {
    "question": "1",
    "text": "1b",
    "x": 87,
    "y": 830,
    "page_width": 1241,
    "page_height": 1755,
    "page_no": 4
  },
  {
    "question": "2",
    "text": "2a",
    "x": 86,
    "y": 234,
    "page_width": 1241,
    "page_height": 1755,
    "page_no": 5
  },
  {
    "question": "2",
    "text": "2bi",
    "x": 86,
    "y": 818,
    "page_width": 1241,
    "page_height": 1755,
    "page_no": 5
  },
  {
    "question": "2",
    "text": "2bii",
    "x": 86,
    "y": 1324,
    "page_width": 1241,
    "page_height": 1755,
    "page_no": 5
  },
  {
    "question": "0",
    "text": "0",
    "x": 86,
    "y": 412,
    "page_width": 1241,
    "page_height": 1755,
    "page_no": 6
  },
  {
    "question": "2",
    "text": "2d",
    "x": 86,
    "y": 827,
    "page_width": 1241,
    "page_height": 1755,
    "page_no": 6
  },
  {
    "question": "3",
    "text": "3",
    "x": 86,
    "y": 234,
    "page_width": 1241,
    "page_height": 1755,
    "page_no": 7
  },
  {
    "question": "5",
    "text": "5a",
    "x": 86,
    "y": 235,
    "page_width": 1241,
    "page_height": 1755,
    "page_no": 10
  },
  {
    "question": "5",
    "text": "5b",
    "x": 86,
    "y": 713,
    "page_width": 1241,
    "page_height": 1755,
    "page_no": 10
  },
  {
    "question": "5",
    "text": "5c",
    "x": 86,
    "y": 235,
    "page_width": 1241,
    "page_height": 1755,
    "page_no": 11
  },
  {
    "question": "6",
    "text": "6a",
    "x": 86,
    "y": 234,
    "page_width": 1241,
    "page_height": 1755,
    "page_no": 12
  },
  {
    "question": "6",
    "text": "6b",
    "x": 86,
    "y": 743,
    "page_width": 1241,
    "page_height": 1755,
    "page_no": 12
  },
  {
    "question": "6",
    "text": "6c",
    "x": 86,
    "y": 285,
    "page_width": 1241,
    "page_height": 1755,
    "page_no": 13
  },
  {
    "question": "6",
    "text": "6d",
    "x": 86,
    "y": 857,
    "page_width": 1241,
    "page_height": 1755,
    "page_no": 13
  },
  {
    "question": "7",
    "text": "7a",
    "x": 86,
    "y": 286,
    "page_width": 1241,
    "page_height": 1755,
    "page_no": 14
  },
  {
    "question": "7",
    "text": "7b",
    "x": 86,
    "y": 763,
    "page_width": 1241,
    "page_height": 1755,
    "page_no": 14
  }
]