[
  {
    "question": "1",
    "text": "1aiii",
    "x": 112,
    "y": 190,
    "page_width": 1754,
    "page_height": 1241,
    "page_no": 6
  },
  {
    "question": "1",
    "text": "1bi",
    "x": 112,
    "y": 663,
    "page_width": 1754,
    "page_height": 1241,
    "page_no": 6
  },
  {
    "question": "2",
    "text": "2cii",
    "x": 115,
    "y": 838,
    "page_width": 1754,
    "page_height": 1241,
    "page_no": 11
  },
  {
    "question": "3",
    "text": "3c",
    "x": 110,
    "y": 467,
    "page_width": 1754,
    "page_height": 1241,
    "page_no": 16
  },
  {
    "question": "3",
    "text": "3d",
    "x": 110,
    "y": 712,
    "page_width": 1754,
    "page_height": 1241,
    "page_no": 16
  },
  {
    "question": "4",
    "text": "4a",
    "x": 109,
    "y": 169,
    "page_width": 1754,
    "page_height": 1241,
    "page_no": 17
  },
  {
    "question": "2",
    "text": "2ai",
    "x": 118,
    "y": 194,
    "page_width": 1754,
    "page_height": 1241,
    "page_no": 8
  },
  {
    "question": "2",
    "text": "2aii",
    "x": 119,
    "y": 706,
    "page_width": 1754,
    "page_height": 1241,
    "page_no": 8
  },
  {
    "question": "2",
    "text": "2bi",
    "x": 119,
    "y": 164,
    "page_width": 1754,
    "page_height": 1241,
    "page_no": 9
  },
  {
    "question": "2",
    "text": "2bii",
    "x": 119,
    "y": 749,
    "page_width": 1754,
    "page_height": 1241,
    "page_no": 9
  },
  {
    "question": "2",
    "text": "2b",
    "x": 119,
    "y": 114,
    "page_width": 1754,
    "page_height": 1241,
    "page_no": 10
  },
  {
    "question": "2",
    "text": "2ci",
    "x": 118,
    "y": 188,
    "page_width": 1754,
    "page_height": 1241,
    "page_no": 11
  },
  {
    "question": "4",
    "text": "4b",
    "x": 121,
    "y": 157,
    "page_width": 1754,
    "page_height": 1241,
    "page_no": 18
  },
  {
    "question": "4",
    "text": "4ci",
    "x": 117,
    "y": 174,
    "page_width": 1754,
    "page_height": 1241,
    "page_no": 19
  },
  {
    "question": "4",
    "text": "4cii",
    "x": 118,
    "y": 481,
    "page_width": 1754,
    "page_height": 1241,
    "page_no": 19
  },
  {
    "question": "4",
    "text": "4ciii",
    "x": 118,
    "y": 777,
    "page_width": 1754,
    "page_height": 1241,
    "page_no": 19
  },
  {
    "question": "4",
    "text": "4civ",
    "x": 118,
    "y": 200,
    "page_width": 1754,
    "page_height": 1241,
    "page_no": 20
  },
  {
    "question": "3",
    "text": "3ai",
    "x": 101,
    "y": 155,
    "page_width": 1754,
    "page_height": 1241,
    "page_no": 12
  },
  {
    "question": "3",
    "text": "3aii",
    "x": 101,
    "y": 173,
    "page_width": 1754,
    "page_height": 1241,
    "page_no": 13
  },
  {
    "question": "3",
    "text": "3bi",
    "x": 101,
    "y": 572,
    "page_width": 1754,
    "page_height": 1241,
    "page_no": 13
  },
  {
    "question": "3",
    "text": "3bii",
    "x": 101,
    "y": 915,
    "page_width": 1754,
    "page_height": 1241,
    "page_no": 13
  },
  {
    "question": "3",
    "text": "3biii",
    "x": 101,
    "y": 176,
    "page_width": 1754,
    "page_height": 1241,
    "page_no": 14
  },
  {
    "question": "3",
    "text": "3biv",
    "x": 101,
    "y": 124,
    "page_width": 1754,
    "page_height": 1241,
    "page_no": 15
  },
  {
    "question": "3",
    "text": "3bv",
    "x": 101,
    "y": 166,
    "page_width": 1754,
    "page_height": 1241,
    "page_no": 16
  }
]