[
  {
    "question": "1",
    "text": "1",
    "x": 150,
    "y": 339,
    "page_width": 1359,
    "page_height": 1873,
    "page_no": 3
  },
  {
    "question": "2",
    "text": "2.",
    "x": 148,
    "y": 190,
    "page_width": 1359,
    "page_height": 1873,
    "page_no": 4
  },
  {
    "question": "3",
    "text": "3",
    "x": 148,
    "y": 190,
    "page_width": 1359,
    "page_height": 1873,
    "page_no": 7
  },
  {
    "question": "4",
    "text": "4",
    "x": 148,
    "y": 191,
    "page_width": 1359,
    "page_height": 1873,
    "page_no": 10
  },
  {
    "question": "5",
    "text": "5",
    "x": 149,
    "y": 191,
    "page_width": 1359,
    "page_height": 1873,
    "page_no": 13
  },
  {
    "question": "6",
    "text": "6",
    "x": 148,
    "y": 190,
    "page_width": 1359,
    "page_height": 1873,
    "page_no": 16
  },
  {
    "question": "7",
    "text": "7",
    "x": 149,
    "y": 191,
    "page_width": 1359,
    "page_height": 1873,
    "page_no": 20
  },
  {
    "question": "8",
    "text": "8",
    "x": 148,
    "y": 190,
    "page_width": 1359,
    "page_height": 1873,
    "page_no": 23
  },
  {
    "question": "1",
    "text": "1.",
    "x": 150,
    "y": 286,
    "page_width": 1359,
    "page_height": 1873,
    "page_no": 30
  },
  {
    "question": "2",
    "text": "2.",
    "x": 149,
    "y": 431,
    "page_width": 1359,
    "page_height": 1873,
    "page_no": 30
  },
  {
    "question": "3",
    "text": "3.",
    "x": 149,
    "y": 723,
    "page_width": 1359,
    "page_height": 1873,
    "page_no": 30
  },
  {
    "question": "4",
    "text": "4.",
    "x": 148,
    "y": 987,
    "page_width": 1359,
    "page_height": 1873,
    "page_no": 30
  },
  {
    "question": "5",
    "text": "5.",
    "x": 149,
    "y": 1221,
    "page_width": 1359,
    "page_height": 1873,
    "page_no": 30
  },
  {
    "question": "6",
    "text": "6.",
    "x": 148,
    "y": 1455,
    "page_width": 1359,
    "page_height": 1873,
    "page_no": 30
  },
  {
    "question": "7",
    "text": "7.",
    "x": 149,
    "y": 1601,
    "page_width": 1359,
    "page_height": 1873,
    "page_no": 30
  },
  {
    "question": "8",
    "text": "8.",
    "x": 148,
    "y": 226,
    "page_width": 1359,
    "page_height": 1873,
    "page_no": 31
  },
  {
    "question": "9",
    "text": "9.",
    "x": 149,
    "y": 517,
    "page_width": 1359,
    "page_height": 1873,
    "page_no": 31
  },
  {
    "question": "10",
    "text": "10.",
    "x": 150,
    "y": 1303,
    "page_width": 1359,
    "page_height": 1873,
    "page_no": 31
  },
  {
    "question": "11",
    "text": "11.",
    "x": 150,
    "y": 1450,
    "page_width": 1359,
    "page_height": 1873,
    "page_no": 31
  },
  {
    "question": "12",
    "text": "12.",
    "x": 150,
    "y": 167,
    "page_width": 1359,
    "page_height": 1873,
    "page_no": 32
  },
  {
    "question": "13",
    "text": "13.",
    "x": 150,
    "y": 400,
    "page_width": 1359,
    "page_height": 1873,
    "page_no": 32
  },
  {
    "question": "22",
    "text": "22",
    "x": 71,
    "y": 1427,
    "page_width": 1359,
    "page_height": 1873,
    "page_no": 3
  },
  {
    "question": "26",
    "text": "26",
    "x": 71,
    "y": 132,
    "page_width": 1359,
    "page_height": 1873,
    "page_no": 5
  },
  {
    "question": "28",
    "text": "28",
    "x": 67,
    "y": 1297,
    "page_width": 1359,
    "page_height": 1873,
    "page_no": 9
  },
  {
    "question": "2",
    "text": "2",
    "x": 71,
    "y": 1673,
    "page_width": 1359,
    "page_height": 1873,
    "page_no": 13
  },
  {
    "question": "36",
    "text": "36",
    "x": 71,
    "y": 132,
    "page_width": 1359,
    "page_height": 1873,
    "page_no": 17
  },
  {
    "question": "14",
    "text": "14:",
    "x": 0,
    "y": 1427,
    "page_width": 1359,
    "page_height": 1873,
    "page_no": 5
  },
  {
    "question": "0",
    "text": "0c",
    "x": 0,
    "y": 261,
    "page_width": 1359,
    "page_height": 1873,
    "page_no": 9
  },
  {
    "question": "1",
    "text": "1",
    "x": 0,
    "y": 1353,
    "page_width": 1359,
    "page_height": 1873,
    "page_no": 17
  },
  {
    "question": "0",
    "text": "0\u00a2",
    "x": 0,
    "y": 261,
    "page_width": 1359,
    "page_height": 1873,
    "page_no": 19
  },
  {
    "question": "0",
    "text": "0\u00a2",
    "x": 0,
    "y": 257,
    "page_width": 1359,
    "page_height": 1873,
    "page_no": 25
  },
  {
    "question": "10",
    "text": "10",
    "x": 163,
    "y": 1728,
    "page_width": 1359,
    "page_height": 1873,
    "page_no": 10
  },
  {
    "question": "12",
    "text": "12",
    "x": 163,
    "y": 1728,
    "page_width": 1359,
    "page_height": 1873,
    "page_no": 12
  },
  {
    "question": "14",
    "text": "14",
    "x": 163,
    "y": 1728,
    "page_width": 1359,
    "page_height": 1873,
    "page_no": 14
  },
  {
    "question": "16",
    "text": "16",
    "x": 163,
    "y": 1728,
    "page_width": 1359,
    "page_height": 1873,
    "page_no": 16
  },
  {
    "question": "18",
    "text": "18",
    "x": 163,
    "y": 1728,
    "page_width": 1359,
    "page_height": 1873,
    "page_no": 18
  },
  {
    "question": "20",
    "text": "20",
    "x": 162,
    "y": 1728,
    "page_width": 1359,
    "page_height": 1873,
    "page_no": 20
  },
  {
    "question": "22",
    "text": "22",
    "x": 162,
    "y": 1728,
    "page_width": 1359,
    "page_height": 1873,
    "page_no": 22
  },
  {
    "question": "24",
    "text": "24",
    "x": 162,
    "y": 1728,
    "page_width": 1359,
    "page_height": 1873,
    "page_no": 24
  },
  {
    "question": "26",
    "text": "26",
    "x": 162,
    "y": 1728,
    "page_width": 1359,
    "page_height": 1873,
    "page_no": 26
  },
  {
    "question": "28",
    "text": "28",
    "x": 162,
    "y": 1728,
    "page_width": 1359,
    "page_height": 1873,
    "page_no": 28
  }
]