[
  {
    "question": 0,
    "x": 106,
    "y": 589,
    "page_no": 15,
    "page_width": 1241,
    "page_height": 1754
  },
  {
    "question": "1",
    "text": "1a",
    "x": 118,
    "y": 253,
    "page_width": 1241,
    "page_height": 1754,
    "page_no": 7
  },
  {
    "question": "2",
    "text": "2a",
    "x": 116,
    "y": 253,
    "page_width": 1241,
    "page_height": 1754,
    "page_no": 8
  },
  {
    "question": "3",
    "text": "3a",
    "x": 116,
    "y": 253,
    "page_width": 1241,
    "page_height": 1754,
    "page_no": 9
  },
  {
    "question": "4",
    "text": "4ai",
    "x": 116,
    "y": 253,
    "page_width": 1241,
    "page_height": 1754,
    "page_no": 13
  },
  {
    "question": "4",
    "text": "4civ",
    "x": 116,
    "y": 729,
    "page_width": 1241,
    "page_height": 1754,
    "page_no": 14
  }
]