[
  {
    "question": 0,
    "x": 170,
    "y": 965,
    "page_no": 13,
    "page_width": 1359,
    "page_height": 1873
  },
  {
    "question": "1",
    "text": "1",
    "x": 150,
    "y": 247,
    "page_width": 1359,
    "page_height": 1873,
    "page_no": 2
  },
  {
    "question": "2",
    "text": "2",
    "x": 148,
    "y": 189,
    "page_width": 1359,
    "page_height": 1873,
    "page_no": 4
  },
  {
    "question": "3",
    "text": "3",
    "x": 148,
    "y": 189,
    "page_width": 1359,
    "page_height": 1873,
    "page_no": 6
  },
  {
    "question": "4",
    "text": "4",
    "x": 148,
    "y": 189,
    "page_width": 1359,
    "page_height": 1873,
    "page_no": 11
  },
  {
    "question": "1",
    "text": "1",
    "x": 201,
    "y": 900,
    "page_width": 1359,
    "page_height": 1873,
    "page_no": 14
  },
  {
    "question": "2",
    "text": "2",
    "x": 200,
    "y": 188,
    "page_width": 1359,
    "page_height": 1873,
    "page_no": 16
  },
  {
    "question": "4",
    "text": "4",
    "x": 201,
    "y": 188,
    "page_width": 1359,
    "page_height": 1873,
    "page_no": 17
  },
  {
    "question": "5",
    "text": "5",
    "x": 201,
    "y": 188,
    "page_width": 1359,
    "page_height": 1873,
    "page_no": 19
  }
]