[
  {
    "question": 0,
    "x": 92,
    "y": 1459,
    "page_no": 18,
    "page_width": 1241,
    "page_height": 1754
  },
  {
    "question": 13,
    "x": 115,
    "y": 202,
    "page_no": 9,
    "page_width": 1241,
    "page_height": 1754
  },
  {
    "question": 10,
    "x": 143,
    "y": 1361,
    "page_no": 6,
    "page_width": 1241,
    "page_height": 1754
  },
  {
    "question": 9,
    "x": 143,
    "y": 1294,
    "page_no": 6,
    "page_width": 1241,
    "page_height": 1754
  },
  {
    "question": 8,
    "x": 145,
    "y": 1244,
    "page_no": 6,
    "page_width": 1241,
    "page_height": 1754
  },
  {
    "question": 7,
    "x": 145,
    "y": 1187,
    "page_no": 6,
    "page_width": 1241,
    "page_height": 1754
  },
  {
    "question": 6,
    "x": 143,
    "y": 1126,
    "page_no": 6,
    "page_width": 1241,
    "page_height": 1754
  },
  {
    "question": 5,
    "x": 147,
    "y": 954,
    "page_no": 6,
    "page_width": 1241,
    "page_height": 1754
  },
  {
    "question": 4,
    "x": 147,
    "y": 766,
    "page_no": 6,
    "page_width": 1241,
    "page_height": 1754
  },
  {
    "question": 3,
    "x": 147,
    "y": 544,
    "page_no": 6,
    "page_width": 1241,
    "page_height": 1754
  },
  {
    "question": 2,
    "x": 147,
    "y": 344,
    "page_no": 6,
    "page_width": 1241,
    "page_height": 1754
  },
  {
    "question": 1,
    "x": 150,
    "y": 179,
    "page_no": 6,
    "page_width": 1241,
    "page_height": 1754
  },
  {
    "question": "11",
    "text": "11",
    "x": 104,
    "y": 158,
    "page_width": 1241,
    "page_height": 1754,
    "page_no": 7
  },
  {
    "question": "12",
    "text": "12",
    "x": 104,
    "y": 185,
    "page_width": 1241,
    "page_height": 1754,
    "page_no": 8
  },
  {
    "question": "14",
    "text": "14a",
    "x": 102,
    "y": 597,
    "page_width": 1241,
    "page_height": 1754,
    "page_no": 10
  },
  {
    "question": "15",
    "text": "15a",
    "x": 104,
    "y": 219,
    "page_width": 1241,
    "page_height": 1754,
    "page_no": 11
  },
  {
    "question": "16",
    "text": "16a",
    "x": 102,
    "y": 215,
    "page_width": 1241,
    "page_height": 1754,
    "page_no": 12
  },
  {
    "question": "17",
    "text": "17ai__|",
    "x": 104,
    "y": 203,
    "page_width": 1241,
    "page_height": 1754,
    "page_no": 13
  },
  {
    "question": "19",
    "text": "19a",
    "x": 102,
    "y": 215,
    "page_width": 1241,
    "page_height": 1754,
    "page_no": 16
  },
  {
    "question": "18",
    "text": "18ai_",
    "x": 99,
    "y": 238,
    "page_width": 1241,
    "page_height": 1754,
    "page_no": 15
  },
  {
    "question": "20",
    "text": "20a",
    "x": 101,
    "y": 635,
    "page_width": 1241,
    "page_height": 1754,
    "page_no": 17
  },
  {
    "question": "20",
    "text": "20cii",
    "x": 100,
    "y": 925,
    "page_width": 1241,
    "page_height": 1754,
    "page_no": 18
  }
]