[
  {
    "question": "11",
    "text": "11",
    "x": 133,
    "y": 789,
    "page_width": 1241,
    "page_height": 1754,
    "page_no": 3
  },
  {
    "question": "12",
    "text": "12",
    "x": 133,
    "y": 819,
    "page_width": 1241,
    "page_height": 1754,
    "page_no": 3
  },
  {
    "question": "13",
    "text": "13",
    "x": 133,
    "y": 849,
    "page_width": 1241,
    "page_height": 1754,
    "page_no": 3
  },
  {
    "question": "14",
    "text": "14",
    "x": 133,
    "y": 881,
    "page_width": 1241,
    "page_height": 1754,
    "page_no": 3
  },
  {
    "question": "15",
    "text": "15",
    "x": 133,
    "y": 911,
    "page_width": 1241,
    "page_height": 1754,
    "page_no": 3
  },
  {
    "question": "16",
    "text": "16",
    "x": 133,
    "y": 941,
    "page_width": 1241,
    "page_height": 1754,
    "page_no": 3
  },
  {
    "question": "17",
    "text": "17",
    "x": 133,
    "y": 972,
    "page_width": 1241,
    "page_height": 1754,
    "page_no": 3
  },
  {
    "question": "18",
    "text": "18",
    "x": 133,
    "y": 1002,
    "page_width": 1241,
    "page_height": 1754,
    "page_no": 3
  },
  {
    "question": "19",
    "text": "19",
    "x": 133,
    "y": 1033,
    "page_width": 1241,
    "page_height": 1754,
    "page_no": 3
  },
  {
    "question": "20",
    "text": "20",
    "x": 132,
    "y": 1063,
    "page_width": 1241,
    "page_height": 1754,
    "page_no": 3
  },
  {
    "question": "21",
    "text": "21",
    "x": 132,
    "y": 1112,
    "page_width": 1241,
    "page_height": 1754,
    "page_no": 3
  },
  {
    "question": "22",
    "text": "22",
    "x": 132,
    "y": 1143,
    "page_width": 1241,
    "page_height": 1754,
    "page_no": 3
  },
  {
    "question": "23",
    "text": "23",
    "x": 132,
    "y": 1173,
    "page_width": 1241,
    "page_height": 1754,
    "page_no": 3
  },
  {
    "question": "24",
    "text": "24",
    "x": 132,
    "y": 1204,
    "page_width": 1241,
    "page_height": 1754,
    "page_no": 3
  },
  {
    "question": "25",
    "text": "25",
    "x": 132,
    "y": 1235,
    "page_width": 1241,
    "page_height": 1754,
    "page_no": 3
  },
  {
    "question": "26",
    "text": "26",
    "x": 132,
    "y": 1265,
    "page_width": 1241,
    "page_height": 1754,
    "page_no": 3
  },
  {
    "question": "27",
    "text": "27",
    "x": 131,
    "y": 1296,
    "page_width": 1241,
    "page_height": 1754,
    "page_no": 3
  },
  {
    "question": "28",
    "text": "28",
    "x": 131,
    "y": 1326,
    "page_width": 1241,
    "page_height": 1754,
    "page_no": 3
  },
  {
    "question": "29",
    "text": "29",
    "x": 131,
    "y": 1357,
    "page_width": 1241,
    "page_height": 1754,
    "page_no": 3
  },
  {
    "question": "30",
    "text": "30",
    "x": 131,
    "y": 1387,
    "page_width": 1241,
    "page_height": 1754,
    "page_no": 3
  },
  {
    "question": "40",
    "text": "40",
    "x": 131,
    "y": 1437,
    "page_width": 1241,
    "page_height": 1754,
    "page_no": 3
  },
  {
    "question": "50",
    "text": "50",
    "x": 131,
    "y": 1468,
    "page_width": 1241,
    "page_height": 1754,
    "page_no": 3
  },
  {
    "question": "60",
    "text": "60",
    "x": 131,
    "y": 1500,
    "page_width": 1241,
    "page_height": 1754,
    "page_no": 3
  },
  {
    "question": "70",
    "text": "70",
    "x": 131,
    "y": 1532,
    "page_width": 1241,
    "page_height": 1754,
    "page_no": 3
  },
  {
    "question": "5",
    "text": "5",
    "x": 136,
    "y": 567,
    "page_width": 1241,
    "page_height": 1754,
    "page_no": 18
  },
  {
    "question": "1",
    "text": "1",
    "x": 91,
    "y": 283,
    "page_width": 1241,
    "page_height": 1754,
    "page_no": 5
  },
  {
    "question": "2",
    "text": "2.",
    "x": 89,
    "y": 132,
    "page_width": 1241,
    "page_height": 1754,
    "page_no": 6
  },
  {
    "question": "3",
    "text": "3",
    "x": 89,
    "y": 132,
    "page_width": 1241,
    "page_height": 1754,
    "page_no": 9
  },
  {
    "question": "4",
    "text": "4",
    "x": 89,
    "y": 133,
    "page_width": 1241,
    "page_height": 1754,
    "page_no": 11
  },
  {
    "question": "5",
    "text": "5",
    "x": 90,
    "y": 133,
    "page_width": 1241,
    "page_height": 1754,
    "page_no": 13
  },
  {
    "question": "6",
    "text": "6",
    "x": 89,
    "y": 282,
    "page_width": 1241,
    "page_height": 1754,
    "page_no": 15
  },
  {
    "question": "8",
    "text": "8",
    "x": 89,
    "y": 132,
    "page_width": 1241,
    "page_height": 1754,
    "page_no": 20
  },
  {
    "question": "9",
    "text": "9",
    "x": 89,
    "y": 132,
    "page_width": 1241,
    "page_height": 1754,
    "page_no": 23
  },
  {
    "question": "10",
    "text": "10",
    "x": 91,
    "y": 232,
    "page_width": 1241,
    "page_height": 1754,
    "page_no": 26
  },
  {
    "question": "11",
    "text": "11",
    "x": 91,
    "y": 133,
    "page_width": 1241,
    "page_height": 1754,
    "page_no": 30
  },
  {
    "question": "2",
    "text": "2",
    "x": 13,
    "y": 1207,
    "page_width": 1241,
    "page_height": 1754,
    "page_no": 9
  },
  {
    "question": "20",
    "text": "203",
    "x": 13,
    "y": 1270,
    "page_width": 1241,
    "page_height": 1754,
    "page_no": 13
  },
  {
    "question": "2",
    "text": "2",
    "x": 13,
    "y": 1207,
    "page_width": 1241,
    "page_height": 1754,
    "page_no": 25
  },
  {
    "question": "5",
    "text": "5",
    "x": 13,
    "y": 1584,
    "page_width": 1241,
    "page_height": 1754,
    "page_no": 29
  },
  {
    "question": "20",
    "text": "203",
    "x": 13,
    "y": 1270,
    "page_width": 1241,
    "page_height": 1754,
    "page_no": 33
  }
]