[
  {
    "question": "2",
    "text": "2.",
    "x": 88,
    "y": 163,
    "page_width": 1241,
    "page_height": 1754,
    "page_no": 7
  },
  {
    "question": "3",
    "text": "3.",
    "x": 94,
    "y": 143,
    "page_width": 1241,
    "page_height": 1754,
    "page_no": 9
  },
  {
    "question": "5",
    "text": "5",
    "x": 89,
    "y": 143,
    "page_width": 1241,
    "page_height": 1754,
    "page_no": 11
  },
  {
    "question": "6",
    "text": "6",
    "x": 93,
    "y": 143,
    "page_width": 1241,
    "page_height": 1754,
    "page_no": 12
  }
]