[
  {
    "question": "1",
    "text": "1",
    "x": 128,
    "y": 237,
    "page_width": 1241,
    "page_height": 1755,
    "page_no": 4
  },
  {
    "question": "2",
    "text": "2",
    "x": 127,
    "y": 551,
    "page_width": 1241,
    "page_height": 1755,
    "page_no": 4
  },
  {
    "question": "3",
    "text": "3",
    "x": 127,
    "y": 895,
    "page_width": 1241,
    "page_height": 1755,
    "page_no": 4
  },
  {
    "question": "4",
    "text": "4",
    "x": 127,
    "y": 1177,
    "page_width": 1241,
    "page_height": 1755,
    "page_no": 4
  },
  {
    "question": "7",
    "text": "7a",
    "x": 126,
    "y": 331,
    "page_width": 1241,
    "page_height": 1755,
    "page_no": 6
  },
  {
    "question": "7",
    "text": "7",
    "x": 126,
    "y": 320,
    "page_width": 1241,
    "page_height": 1755,
    "page_no": 7
  },
  {
    "question": "7",
    "text": "7c",
    "x": 126,
    "y": 286,
    "page_width": 1241,
    "page_height": 1755,
    "page_no": 9
  },
  {
    "question": "1",
    "text": "1",
    "x": 156,
    "y": 230,
    "page_width": 1241,
    "page_height": 1755,
    "page_no": 26
  },
  {
    "question": "2",
    "text": "2",
    "x": 155,
    "y": 421,
    "page_width": 1241,
    "page_height": 1755,
    "page_no": 26
  },
  {
    "question": "3",
    "text": "3",
    "x": 156,
    "y": 612,
    "page_width": 1241,
    "page_height": 1755,
    "page_no": 26
  },
  {
    "question": "4",
    "text": "4",
    "x": 155,
    "y": 866,
    "page_width": 1241,
    "page_height": 1755,
    "page_no": 26
  },
  {
    "question": "1",
    "text": "1",
    "x": 156,
    "y": 230,
    "page_width": 1241,
    "page_height": 1755,
    "page_no": 28
  },
  {
    "question": "2",
    "text": "2",
    "x": 155,
    "y": 327,
    "page_width": 1241,
    "page_height": 1755,
    "page_no": 28
  },
  {
    "question": "3",
    "text": "3",
    "x": 156,
    "y": 425,
    "page_width": 1241,
    "page_height": 1755,
    "page_no": 28
  }
]