[
  {
    "question": "1",
    "text": "1a",
    "x": 87,
    "y": 317,
    "page_width": 1241,
    "page_height": 1754,
    "page_no": 4
  },
  {
    "question": "1",
    "text": "1b",
    "x": 87,
    "y": 694,
    "page_width": 1241,
    "page_height": 1754,
    "page_no": 4
  },
  {
    "question": "2",
    "text": "2a",
    "x": 86,
    "y": 253,
    "page_width": 1241,
    "page_height": 1754,
    "page_no": 5
  },
  {
    "question": "2",
    "text": "2b",
    "x": 86,
    "y": 853,
    "page_width": 1241,
    "page_height": 1754,
    "page_no": 5
  },
  {
    "question": "2",
    "text": "2\u00a2",
    "x": 86,
    "y": 234,
    "page_width": 1241,
    "page_height": 1754,
    "page_no": 6
  },
  {
    "question": "3",
    "text": "3a",
    "x": 86,
    "y": 799,
    "page_width": 1241,
    "page_height": 1754,
    "page_no": 6
  },
  {
    "question": "3",
    "text": "3b",
    "x": 86,
    "y": 182,
    "page_width": 1241,
    "page_height": 1754,
    "page_no": 7
  },
  {
    "question": "4",
    "text": "4a",
    "x": 86,
    "y": 235,
    "page_width": 1241,
    "page_height": 1754,
    "page_no": 8
  },
  {
    "question": "4",
    "text": "4b",
    "x": 86,
    "y": 887,
    "page_width": 1241,
    "page_height": 1754,
    "page_no": 8
  },
  {
    "question": "4",
    "text": "4c",
    "x": 86,
    "y": 235,
    "page_width": 1241,
    "page_height": 1754,
    "page_no": 9
  },
  {
    "question": "4",
    "text": "4d",
    "x": 86,
    "y": 726,
    "page_width": 1241,
    "page_height": 1754,
    "page_no": 9
  },
  {
    "question": "5",
    "text": "5",
    "x": 84,
    "y": 235,
    "page_width": 1241,
    "page_height": 1754,
    "page_no": 10
  },
  {
    "question": "6",
    "text": "6a",
    "x": 86,
    "y": 290,
    "page_width": 1241,
    "page_height": 1754,
    "page_no": 12
  },
  {
    "question": "6",
    "text": "6",
    "x": 86,
    "y": 761,
    "page_width": 1241,
    "page_height": 1754,
    "page_no": 12
  },
  {
    "question": "7",
    "text": "7a",
    "x": 86,
    "y": 235,
    "page_width": 1241,
    "page_height": 1754,
    "page_no": 13
  },
  {
    "question": "7",
    "text": "7b",
    "x": 86,
    "y": 750,
    "page_width": 1241,
    "page_height": 1754,
    "page_no": 13
  },
  {
    "question": "7",
    "text": "7c",
    "x": 86,
    "y": 235,
    "page_width": 1241,
    "page_height": 1754,
    "page_no": 14
  },
  {
    "question": "8",
    "text": "8a",
    "x": 86,
    "y": 825,
    "page_width": 1241,
    "page_height": 1754,
    "page_no": 14
  },
  {
    "question": "8",
    "text": "8",
    "x": 86,
    "y": 234,
    "page_width": 1241,
    "page_height": 1754,
    "page_no": 15
  },
  {
    "question": "9",
    "text": "9",
    "x": 86,
    "y": 1013,
    "page_width": 1241,
    "page_height": 1754,
    "page_no": 15
  },
  {
    "question": "9",
    "text": "9b",
    "x": 86,
    "y": 166,
    "page_width": 1241,
    "page_height": 1754,
    "page_no": 16
  }
]