[
  {
    "question": "1",
    "text": "1.",
    "x": 152,
    "y": 283,
    "page_width": 1241,
    "page_height": 1754,
    "page_no": 4
  },
  {
    "question": "2",
    "text": "2.",
    "x": 151,
    "y": 345,
    "page_width": 1241,
    "page_height": 1754,
    "page_no": 4
  },
  {
    "question": "3",
    "text": "3.",
    "x": 151,
    "y": 644,
    "page_width": 1241,
    "page_height": 1754,
    "page_no": 4
  },
  {
    "question": "7",
    "text": "7.",
    "x": 151,
    "y": 564,
    "page_width": 1241,
    "page_height": 1754,
    "page_no": 5
  },
  {
    "question": "1",
    "text": "1.",
    "x": 120,
    "y": 286,
    "page_width": 1241,
    "page_height": 1754,
    "page_no": 6
  },
  {
    "question": "2",
    "text": "2.",
    "x": 119,
    "y": 402,
    "page_width": 1241,
    "page_height": 1754,
    "page_no": 6
  },
  {
    "question": "3",
    "text": "3.",
    "x": 119,
    "y": 464,
    "page_width": 1241,
    "page_height": 1754,
    "page_no": 6
  },
  {
    "question": "1",
    "text": "1.",
    "x": 120,
    "y": 602,
    "page_width": 1241,
    "page_height": 1754,
    "page_no": 6
  },
  {
    "question": "2",
    "text": "2.",
    "x": 119,
    "y": 666,
    "page_width": 1241,
    "page_height": 1754,
    "page_no": 6
  },
  {
    "question": "4",
    "text": "4\u2019",
    "x": 93,
    "y": 1520,
    "page_width": 1241,
    "page_height": 1754,
    "page_no": 9
  },
  {
    "question": "4",
    "text": "4a",
    "x": 93,
    "y": 191,
    "page_width": 1241,
    "page_height": 1754,
    "page_no": 13
  },
  {
    "question": "2",
    "text": "2.5{",
    "x": 93,
    "y": 751,
    "page_width": 1241,
    "page_height": 1754,
    "page_no": 14
  },
  {
    "question": "5",
    "text": "5@",
    "x": 88,
    "y": 185,
    "page_width": 1241,
    "page_height": 1754,
    "page_no": 15
  },
  {
    "question": "2",
    "text": "2log,",
    "x": 93,
    "y": 988,
    "page_width": 1241,
    "page_height": 1754,
    "page_no": 17
  },
  {
    "question": "40",
    "text": "4000",
    "x": 89,
    "y": 396,
    "page_width": 1241,
    "page_height": 1754,
    "page_no": 21
  },
  {
    "question": "20",
    "text": "20\u201467.5=\"\u201423.5...\"",
    "x": 93,
    "y": 1537,
    "page_width": 1241,
    "page_height": 1754,
    "page_no": 26
  },
  {
    "question": "20",
    "text": "20-",
    "x": 93,
    "y": 281,
    "page_width": 1241,
    "page_height": 1754,
    "page_no": 27
  },
  {
    "question": "74",
    "text": "74-0.",
    "x": 93,
    "y": 1101,
    "page_width": 1241,
    "page_height": 1754,
    "page_no": 28
  },
  {
    "question": "12",
    "text": "1243",
    "x": 93,
    "y": 1536,
    "page_width": 1241,
    "page_height": 1754,
    "page_no": 29
  },
  {
    "question": "16",
    "text": "16.",
    "x": 143,
    "y": 1595,
    "page_width": 1241,
    "page_height": 1754,
    "page_no": 14
  },
  {
    "question": "10",
    "text": "106.5",
    "x": 138,
    "y": 934,
    "page_width": 1241,
    "page_height": 1754,
    "page_no": 16
  },
  {
    "question": "64",
    "text": "642",
    "x": 143,
    "y": 1247,
    "page_width": 1241,
    "page_height": 1754,
    "page_no": 17
  },
  {
    "question": "4",
    "text": "4x+2+5",
    "x": 138,
    "y": 1327,
    "page_width": 1241,
    "page_height": 1754,
    "page_no": 17
  },
  {
    "question": "4",
    "text": "4k",
    "x": 138,
    "y": 141,
    "page_width": 1241,
    "page_height": 1754,
    "page_no": 24
  },
  {
    "question": "79",
    "text": "79",
    "x": 140,
    "y": 330,
    "page_width": 1241,
    "page_height": 1754,
    "page_no": 26
  },
  {
    "question": "20",
    "text": "20",
    "x": 143,
    "y": 1383,
    "page_width": 1241,
    "page_height": 1754,
    "page_no": 26
  },
  {
    "question": "29",
    "text": "29-72",
    "x": 139,
    "y": 187,
    "page_width": 1241,
    "page_height": 1754,
    "page_no": 27
  }
]