[
  {
    "question": 0,
    "x": 87,
    "y": 847,
    "page_no": 16,
    "page_width": 1241,
    "page_height": 1754
  },
  {
    "question": 20,
    "x": 97,
    "y": 149,
    "page_no": 15,
    "page_width": 1241,
    "page_height": 1754
  },
  {
    "question": 17,
    "x": 104,
    "y": 126,
    "page_no": 10,
    "page_width": 1241,
    "page_height": 1754
  },
  {
    "question": 14,
    "x": 106,
    "y": 889,
    "page_no": 7,
    "page_width": 1241,
    "page_height": 1754
  },
  {
    "question": 11,
    "x": 108,
    "y": 156,
    "page_no": 5,
    "page_width": 1241,
    "page_height": 1754
  },
  {
    "question": "1",
    "text": "1",
    "x": 104,
    "y": 156,
    "page_width": 1241,
    "page_height": 1754,
    "page_no": 4
  },
  {
    "question": "2",
    "text": "2",
    "x": 102,
    "y": 372,
    "page_width": 1241,
    "page_height": 1754,
    "page_no": 4
  },
  {
    "question": "3",
    "text": "3",
    "x": 102,
    "y": 562,
    "page_width": 1241,
    "page_height": 1754,
    "page_no": 4
  },
  {
    "question": "4",
    "text": "4",
    "x": 102,
    "y": 700,
    "page_width": 1241,
    "page_height": 1754,
    "page_no": 4
  },
  {
    "question": "5",
    "text": "5",
    "x": 103,
    "y": 839,
    "page_width": 1241,
    "page_height": 1754,
    "page_no": 4
  },
  {
    "question": "6",
    "text": "6",
    "x": 103,
    "y": 904,
    "page_width": 1241,
    "page_height": 1754,
    "page_no": 4
  },
  {
    "question": "7",
    "text": "7",
    "x": 103,
    "y": 945,
    "page_width": 1241,
    "page_height": 1754,
    "page_no": 4
  },
  {
    "question": "8",
    "text": "8",
    "x": 103,
    "y": 1108,
    "page_width": 1241,
    "page_height": 1754,
    "page_no": 4
  },
  {
    "question": "9",
    "text": "9",
    "x": 102,
    "y": 1148,
    "page_width": 1241,
    "page_height": 1754,
    "page_no": 4
  },
  {
    "question": "10",
    "text": "10",
    "x": 104,
    "y": 1188,
    "page_width": 1241,
    "page_height": 1754,
    "page_no": 4
  },
  {
    "question": "12",
    "text": "12a",
    "x": 104,
    "y": 170,
    "page_width": 1241,
    "page_height": 1754,
    "page_no": 6
  },
  {
    "question": "13",
    "text": "13a",
    "x": 104,
    "y": 170,
    "page_width": 1241,
    "page_height": 1754,
    "page_no": 7
  },
  {
    "question": "15",
    "text": "15",
    "x": 104,
    "y": 224,
    "page_width": 1241,
    "page_height": 1754,
    "page_no": 8
  },
  {
    "question": "16",
    "text": "16ayi",
    "x": 104,
    "y": 193,
    "page_width": 1241,
    "page_height": 1754,
    "page_no": 9
  },
  {
    "question": "18",
    "text": "18a",
    "x": 101,
    "y": 153,
    "page_width": 1241,
    "page_height": 1754,
    "page_no": 12
  },
  {
    "question": "19",
    "text": "19ai",
    "x": 101,
    "y": 165,
    "page_width": 1241,
    "page_height": 1754,
    "page_no": 13
  },
  {
    "question": "20",
    "text": "20b",
    "x": 97,
    "y": 589,
    "page_width": 1241,
    "page_height": 1754,
    "page_no": 16
  }
]