[
  {
    "question": "1",
    "text": "1",
    "x": 149,
    "y": 256,
    "page_width": 1755,
    "page_height": 1241,
    "page_no": 5
  },
  {
    "question": "2",
    "text": "2",
    "x": 147,
    "y": 581,
    "page_width": 1755,
    "page_height": 1241,
    "page_no": 5
  },
  {
    "question": "3",
    "text": "3",
    "x": 147,
    "y": 878,
    "page_width": 1755,
    "page_height": 1241,
    "page_no": 5
  },
  {
    "question": "4",
    "text": "4a",
    "x": 146,
    "y": 226,
    "page_width": 1755,
    "page_height": 1241,
    "page_no": 6
  },
  {
    "question": "4",
    "text": "4b",
    "x": 147,
    "y": 576,
    "page_width": 1755,
    "page_height": 1241,
    "page_no": 6
  },
  {
    "question": "5",
    "text": "5",
    "x": 147,
    "y": 871,
    "page_width": 1755,
    "page_height": 1241,
    "page_no": 6
  },
  {
    "question": "6",
    "text": "6",
    "x": 147,
    "y": 226,
    "page_width": 1755,
    "page_height": 1241,
    "page_no": 7
  },
  {
    "question": "7",
    "text": "7",
    "x": 147,
    "y": 510,
    "page_width": 1755,
    "page_height": 1241,
    "page_no": 7
  },
  {
    "question": "8",
    "text": "8",
    "x": 147,
    "y": 942,
    "page_width": 1755,
    "page_height": 1241,
    "page_no": 7
  },
  {
    "question": "9",
    "text": "9a",
    "x": 147,
    "y": 252,
    "page_width": 1755,
    "page_height": 1241,
    "page_no": 8
  },
  {
    "question": "9",
    "text": "9b",
    "x": 147,
    "y": 545,
    "page_width": 1755,
    "page_height": 1241,
    "page_no": 8
  },
  {
    "question": "10",
    "text": "10a",
    "x": 149,
    "y": 896,
    "page_width": 1755,
    "page_height": 1241,
    "page_no": 8
  },
  {
    "question": "10",
    "text": "10b",
    "x": 149,
    "y": 226,
    "page_width": 1755,
    "page_height": 1241,
    "page_no": 9
  },
  {
    "question": "10",
    "text": "10c",
    "x": 149,
    "y": 519,
    "page_width": 1755,
    "page_height": 1241,
    "page_no": 9
  },
  {
    "question": "11",
    "text": "11",
    "x": 149,
    "y": 841,
    "page_width": 1755,
    "page_height": 1241,
    "page_no": 9
  },
  {
    "question": "12",
    "text": "12",
    "x": 149,
    "y": 226,
    "page_width": 1755,
    "page_height": 1241,
    "page_no": 10
  },
  {
    "question": "13",
    "text": "13",
    "x": 149,
    "y": 593,
    "page_width": 1755,
    "page_height": 1241,
    "page_no": 10
  },
  {
    "question": "14",
    "text": "14",
    "x": 149,
    "y": 931,
    "page_width": 1755,
    "page_height": 1241,
    "page_no": 10
  },
  {
    "question": "15",
    "text": "15",
    "x": 148,
    "y": 252,
    "page_width": 1755,
    "page_height": 1241,
    "page_no": 11
  },
  {
    "question": "16",
    "text": "16",
    "x": 149,
    "y": 603,
    "page_width": 1755,
    "page_height": 1241,
    "page_no": 11
  },
  {
    "question": "17",
    "text": "17ai",
    "x": 164,
    "y": 271,
    "page_width": 1755,
    "page_height": 1241,
    "page_no": 12
  },
  {
    "question": "17",
    "text": "17aii",
    "x": 164,
    "y": 660,
    "page_width": 1755,
    "page_height": 1241,
    "page_no": 12
  },
  {
    "question": "17",
    "text": "17aiii",
    "x": 164,
    "y": 1000,
    "page_width": 1755,
    "page_height": 1241,
    "page_no": 12
  },
  {
    "question": "17",
    "text": "17b",
    "x": 164,
    "y": 213,
    "page_width": 1755,
    "page_height": 1241,
    "page_no": 13
  },
  {
    "question": "17",
    "text": "17c",
    "x": 164,
    "y": 208,
    "page_width": 1755,
    "page_height": 1241,
    "page_no": 14
  },
  {
    "question": "17",
    "text": "17d",
    "x": 164,
    "y": 213,
    "page_width": 1755,
    "page_height": 1241,
    "page_no": 15
  },
  {
    "question": "17",
    "text": "17dii",
    "x": 164,
    "y": 455,
    "page_width": 1755,
    "page_height": 1241,
    "page_no": 15
  },
  {
    "question": "17",
    "text": "17diii",
    "x": 164,
    "y": 744,
    "page_width": 1755,
    "page_height": 1241,
    "page_no": 15
  },
  {
    "question": "17",
    "text": "17",
    "x": 164,
    "y": 213,
    "page_width": 1755,
    "page_height": 1241,
    "page_no": 16
  },
  {
    "question": "18",
    "text": "18a",
    "x": 164,
    "y": 213,
    "page_width": 1755,
    "page_height": 1241,
    "page_no": 17
  },
  {
    "question": "18",
    "text": "18aii",
    "x": 164,
    "y": 385,
    "page_width": 1755,
    "page_height": 1241,
    "page_no": 17
  },
  {
    "question": "18",
    "text": "18aiii",
    "x": 164,
    "y": 209,
    "page_width": 1755,
    "page_height": 1241,
    "page_no": 18
  },
  {
    "question": "18",
    "text": "18aiv",
    "x": 164,
    "y": 213,
    "page_width": 1755,
    "page_height": 1241,
    "page_no": 19
  },
  {
    "question": "18",
    "text": "18bi",
    "x": 164,
    "y": 213,
    "page_width": 1755,
    "page_height": 1241,
    "page_no": 20
  },
  {
    "question": "18",
    "text": "18bii",
    "x": 164,
    "y": 209,
    "page_width": 1755,
    "page_height": 1241,
    "page_no": 21
  },
  {
    "question": "18",
    "text": "18biii",
    "x": 164,
    "y": 609,
    "page_width": 1755,
    "page_height": 1241,
    "page_no": 21
  },
  {
    "question": "18",
    "text": "18ci",
    "x": 164,
    "y": 213,
    "page_width": 1755,
    "page_height": 1241,
    "page_no": 22
  },
  {
    "question": "18",
    "text": "18cii",
    "x": 164,
    "y": 213,
    "page_width": 1755,
    "page_height": 1241,
    "page_no": 23
  },
  {
    "question": "19",
    "text": "19a",
    "x": 164,
    "y": 213,
    "page_width": 1755,
    "page_height": 1241,
    "page_no": 24
  },
  {
    "question": "19",
    "text": "19b",
    "x": 164,
    "y": 213,
    "page_width": 1755,
    "page_height": 1241,
    "page_no": 25
  },
  {
    "question": "19",
    "text": "19",
    "x": 164,
    "y": 213,
    "page_width": 1755,
    "page_height": 1241,
    "page_no": 26
  },
  {
    "question": "19",
    "text": "19cii",
    "x": 164,
    "y": 687,
    "page_width": 1755,
    "page_height": 1241,
    "page_no": 26
  },
  {
    "question": "19",
    "text": "19c",
    "x": 164,
    "y": 213,
    "page_width": 1755,
    "page_height": 1241,
    "page_no": 27
  },
  {
    "question": "20",
    "text": "20a",
    "x": 162,
    "y": 213,
    "page_width": 1755,
    "page_height": 1241,
    "page_no": 31
  },
  {
    "question": "20",
    "text": "20bi",
    "x": 162,
    "y": 213,
    "page_width": 1755,
    "page_height": 1241,
    "page_no": 32
  },
  {
    "question": "20",
    "text": "20bii",
    "x": 162,
    "y": 213,
    "page_width": 1755,
    "page_height": 1241,
    "page_no": 33
  },
  {
    "question": "20",
    "text": "20b",
    "x": 162,
    "y": 744,
    "page_width": 1755,
    "page_height": 1241,
    "page_no": 33
  },
  {
    "question": "20",
    "text": "20c",
    "x": 162,
    "y": 213,
    "page_width": 1755,
    "page_height": 1241,
    "page_no": 34
  },
  {
    "question": "20",
    "text": "20c",
    "x": 162,
    "y": 213,
    "page_width": 1755,
    "page_height": 1241,
    "page_no": 35
  }
]