[
  {
    "question": 0,
    "x": 131,
    "y": 1368,
    "page_no": 14,
    "page_width": 1241,
    "page_height": 1754
  },
  {
    "question": 10,
    "x": 147,
    "y": 84,
    "page_no": 5,
    "page_width": 1241,
    "page_height": 1754
  },
  {
    "question": 9,
    "x": 147,
    "y": 1440,
    "page_no": 4,
    "page_width": 1241,
    "page_height": 1754
  },
  {
    "question": 8,
    "x": 148,
    "y": 1228,
    "page_no": 4,
    "page_width": 1241,
    "page_height": 1754
  },
  {
    "question": 7,
    "x": 148,
    "y": 1019,
    "page_no": 4,
    "page_width": 1241,
    "page_height": 1754
  },
  {
    "question": 6,
    "x": 148,
    "y": 863,
    "page_no": 4,
    "page_width": 1241,
    "page_height": 1754
  },
  {
    "question": 5,
    "x": 148,
    "y": 702,
    "page_no": 4,
    "page_width": 1241,
    "page_height": 1754
  },
  {
    "question": 4,
    "x": 147,
    "y": 570,
    "page_no": 4,
    "page_width": 1241,
    "page_height": 1754
  },
  {
    "question": 3,
    "x": 147,
    "y": 407,
    "page_no": 4,
    "page_width": 1241,
    "page_height": 1754
  },
  {
    "question": 2,
    "x": 148,
    "y": 277,
    "page_no": 4,
    "page_width": 1241,
    "page_height": 1754
  },
  {
    "question": "1",
    "text": "1",
    "x": 147,
    "y": 146,
    "page_width": 1241,
    "page_height": 1754,
    "page_no": 4
  },
  {
    "question": "11",
    "text": "11a",
    "x": 147,
    "y": 172,
    "page_width": 1241,
    "page_height": 1754,
    "page_no": 6
  },
  {
    "question": "12",
    "text": "12a",
    "x": 147,
    "y": 180,
    "page_width": 1241,
    "page_height": 1754,
    "page_no": 7
  },
  {
    "question": "13",
    "text": "13ai",
    "x": 147,
    "y": 171,
    "page_width": 1241,
    "page_height": 1754,
    "page_no": 8
  },
  {
    "question": "14",
    "text": "14a",
    "x": 147,
    "y": 192,
    "page_width": 1241,
    "page_height": 1754,
    "page_no": 9
  },
  {
    "question": "15",
    "text": "15a",
    "x": 147,
    "y": 179,
    "page_width": 1241,
    "page_height": 1754,
    "page_no": 10
  },
  {
    "question": "16",
    "text": "16a",
    "x": 147,
    "y": 171,
    "page_width": 1241,
    "page_height": 1754,
    "page_no": 11
  },
  {
    "question": "17",
    "text": "17a",
    "x": 147,
    "y": 172,
    "page_width": 1241,
    "page_height": 1754,
    "page_no": 12
  },
  {
    "question": "18",
    "text": "18a",
    "x": 147,
    "y": 171,
    "page_width": 1241,
    "page_height": 1754,
    "page_no": 14
  },
  {
    "question": "18",
    "text": "18biii",
    "x": 147,
    "y": 1077,
    "page_width": 1241,
    "page_height": 1754,
    "page_no": 14
  }
]