[
  {
    "question": "1",
    "text": "1a",
    "x": 152,
    "y": 176,
    "page_width": 1754,
    "page_height": 1241,
    "page_no": 4
  },
  {
    "question": "1",
    "text": "1bi",
    "x": 152,
    "y": 517,
    "page_width": 1754,
    "page_height": 1241,
    "page_no": 4
  },
  {
    "question": "1",
    "text": "1bii",
    "x": 152,
    "y": 930,
    "page_width": 1754,
    "page_height": 1241,
    "page_no": 4
  },
  {
    "question": "1",
    "text": "1biii",
    "x": 152,
    "y": 233,
    "page_width": 1754,
    "page_height": 1241,
    "page_no": 5
  },
  {
    "question": "2",
    "text": "2ai",
    "x": 151,
    "y": 548,
    "page_width": 1754,
    "page_height": 1241,
    "page_no": 5
  },
  {
    "question": "2",
    "text": "2aii",
    "x": 151,
    "y": 895,
    "page_width": 1754,
    "page_height": 1241,
    "page_no": 5
  },
  {
    "question": "2",
    "text": "2bi",
    "x": 151,
    "y": 206,
    "page_width": 1754,
    "page_height": 1241,
    "page_no": 6
  },
  {
    "question": "2",
    "text": "2bii",
    "x": 151,
    "y": 201,
    "page_width": 1754,
    "page_height": 1241,
    "page_no": 7
  },
  {
    "question": "3",
    "text": "3a",
    "x": 151,
    "y": 331,
    "page_width": 1754,
    "page_height": 1241,
    "page_no": 8
  },
  {
    "question": "3",
    "text": "3b",
    "x": 151,
    "y": 175,
    "page_width": 1754,
    "page_height": 1241,
    "page_no": 9
  },
  {
    "question": "3",
    "text": "3ci",
    "x": 151,
    "y": 175,
    "page_width": 1754,
    "page_height": 1241,
    "page_no": 10
  },
  {
    "question": "3",
    "text": "3cii",
    "x": 151,
    "y": 740,
    "page_width": 1754,
    "page_height": 1241,
    "page_no": 10
  },
  {
    "question": "5",
    "text": "5ai",
    "x": 151,
    "y": 709,
    "page_width": 1754,
    "page_height": 1241,
    "page_no": 12
  },
  {
    "question": "6",
    "text": "6b",
    "x": 151,
    "y": 206,
    "page_width": 1754,
    "page_height": 1241,
    "page_no": 16
  },
  {
    "question": "7",
    "text": "7aii",
    "x": 151,
    "y": 517,
    "page_width": 1754,
    "page_height": 1241,
    "page_no": 18
  },
  {
    "question": "7",
    "text": "7bi",
    "x": 151,
    "y": 202,
    "page_width": 1754,
    "page_height": 1241,
    "page_no": 19
  },
  {
    "question": "7",
    "text": "7bii",
    "x": 151,
    "y": 642,
    "page_width": 1754,
    "page_height": 1241,
    "page_no": 19
  },
  {
    "question": "7",
    "text": "7biii",
    "x": 151,
    "y": 202,
    "page_width": 1754,
    "page_height": 1241,
    "page_no": 20
  },
  {
    "question": "8",
    "text": "8ai",
    "x": 151,
    "y": 771,
    "page_width": 1754,
    "page_height": 1241,
    "page_no": 20
  },
  {
    "question": "8",
    "text": "8aii",
    "x": 151,
    "y": 175,
    "page_width": 1754,
    "page_height": 1241,
    "page_no": 21
  },
  {
    "question": "8",
    "text": "8aiii",
    "x": 151,
    "y": 486,
    "page_width": 1754,
    "page_height": 1241,
    "page_no": 21
  },
  {
    "question": "8",
    "text": "8ci",
    "x": 151,
    "y": 740,
    "page_width": 1754,
    "page_height": 1241,
    "page_no": 22
  },
  {
    "question": "8",
    "text": "8cii",
    "x": 151,
    "y": 171,
    "page_width": 1754,
    "page_height": 1241,
    "page_no": 23
  },
  {
    "question": "8",
    "text": "8ciii",
    "x": 151,
    "y": 646,
    "page_width": 1754,
    "page_height": 1241,
    "page_no": 23
  },
  {
    "question": "8",
    "text": "8civ",
    "x": 151,
    "y": 202,
    "page_width": 1754,
    "page_height": 1241,
    "page_no": 24
  },
  {
    "question": "4",
    "text": "4a",
    "x": 150,
    "y": 207,
    "page_width": 1754,
    "page_height": 1241,
    "page_no": 11
  },
  {
    "question": "4",
    "text": "4b",
    "x": 150,
    "y": 497,
    "page_width": 1754,
    "page_height": 1241,
    "page_no": 11
  },
  {
    "question": "5",
    "text": "5aii",
    "x": 150,
    "y": 206,
    "page_width": 1754,
    "page_height": 1241,
    "page_no": 13
  },
  {
    "question": "7",
    "text": "7ai",
    "x": 147,
    "y": 175,
    "page_width": 1754,
    "page_height": 1241,
    "page_no": 18
  }
]