[
  {
    "question": "20",
    "text": "2022",
    "x": 148,
    "y": 1374,
    "page_width": 1241,
    "page_height": 1754,
    "page_no": 2
  },
  {
    "question": "2",
    "text": "2\u20144",
    "x": 148,
    "y": 1463,
    "page_width": 1241,
    "page_height": 1754,
    "page_no": 8
  },
  {
    "question": "32",
    "text": "32-32x+",
    "x": 148,
    "y": 408,
    "page_width": 1241,
    "page_height": 1754,
    "page_no": 9
  },
  {
    "question": "47",
    "text": "47.8",
    "x": 148,
    "y": 1083,
    "page_width": 1241,
    "page_height": 1754,
    "page_no": 15
  },
  {
    "question": "3",
    "text": "3\u00b0",
    "x": 146,
    "y": 1110,
    "page_width": 1241,
    "page_height": 1754,
    "page_no": 15
  },
  {
    "question": "43",
    "text": "43.2",
    "x": 145,
    "y": 1303,
    "page_width": 1241,
    "page_height": 1754,
    "page_no": 17
  },
  {
    "question": "0",
    "text": "0",
    "x": 145,
    "y": 1171,
    "page_width": 1241,
    "page_height": 1754,
    "page_no": 19
  },
  {
    "question": "1",
    "text": "1.",
    "x": 115,
    "y": 283,
    "page_width": 1241,
    "page_height": 1754,
    "page_no": 4
  },
  {
    "question": "2",
    "text": "2.",
    "x": 114,
    "y": 345,
    "page_width": 1241,
    "page_height": 1754,
    "page_no": 4
  },
  {
    "question": "1",
    "text": "1",
    "x": 110,
    "y": 800,
    "page_width": 1241,
    "page_height": 1754,
    "page_no": 10
  },
  {
    "question": "16",
    "text": "16x4+44+4+444",
    "x": 113,
    "y": 1215,
    "page_width": 1241,
    "page_height": 1754,
    "page_no": 10
  },
  {
    "question": "25",
    "text": "2599",
    "x": 109,
    "y": 1347,
    "page_width": 1241,
    "page_height": 1754,
    "page_no": 10
  },
  {
    "question": "6",
    "text": "6",
    "x": 110,
    "y": 507,
    "page_width": 1241,
    "page_height": 1754,
    "page_no": 18
  },
  {
    "question": "28",
    "text": "28",
    "x": 109,
    "y": 886,
    "page_width": 1241,
    "page_height": 1754,
    "page_no": 19
  },
  {
    "question": "28",
    "text": "28",
    "x": 109,
    "y": 1479,
    "page_width": 1241,
    "page_height": 1754,
    "page_no": 19
  },
  {
    "question": "2",
    "text": "2",
    "x": 109,
    "y": 611,
    "page_width": 1241,
    "page_height": 1754,
    "page_no": 20
  },
  {
    "question": "4",
    "text": "4.",
    "x": 97,
    "y": 796,
    "page_width": 1241,
    "page_height": 1754,
    "page_no": 5
  },
  {
    "question": "5",
    "text": "5.",
    "x": 98,
    "y": 953,
    "page_width": 1241,
    "page_height": 1754,
    "page_no": 5
  },
  {
    "question": "6",
    "text": "6.",
    "x": 98,
    "y": 1045,
    "page_width": 1241,
    "page_height": 1754,
    "page_no": 5
  },
  {
    "question": "7",
    "text": "7.",
    "x": 97,
    "y": 1202,
    "page_width": 1241,
    "page_height": 1754,
    "page_no": 5
  },
  {
    "question": "2",
    "text": "2a",
    "x": 100,
    "y": 163,
    "page_width": 1241,
    "page_height": 1754,
    "page_no": 8
  },
  {
    "question": "4",
    "text": "4a",
    "x": 100,
    "y": 163,
    "page_width": 1241,
    "page_height": 1754,
    "page_no": 11
  },
  {
    "question": "5",
    "text": "5",
    "x": 100,
    "y": 163,
    "page_width": 1241,
    "page_height": 1754,
    "page_no": 13
  },
  {
    "question": "6",
    "text": "6@",
    "x": 100,
    "y": 163,
    "page_width": 1241,
    "page_height": 1754,
    "page_no": 14
  },
  {
    "question": "7",
    "text": "7a",
    "x": 100,
    "y": 163,
    "page_width": 1241,
    "page_height": 1754,
    "page_no": 15
  },
  {
    "question": "8",
    "text": "8a",
    "x": 100,
    "y": 163,
    "page_width": 1241,
    "page_height": 1754,
    "page_no": 17
  },
  {
    "question": "1",
    "text": "1,",
    "x": 76,
    "y": 235,
    "page_width": 1241,
    "page_height": 1754,
    "page_no": 6
  },
  {
    "question": "2",
    "text": "2.",
    "x": 75,
    "y": 384,
    "page_width": 1241,
    "page_height": 1754,
    "page_no": 6
  },
  {
    "question": "3",
    "text": "3.",
    "x": 75,
    "y": 477,
    "page_width": 1241,
    "page_height": 1754,
    "page_no": 6
  },
  {
    "question": "1",
    "text": "1.",
    "x": 76,
    "y": 646,
    "page_width": 1241,
    "page_height": 1754,
    "page_no": 6
  },
  {
    "question": "2",
    "text": "2.",
    "x": 75,
    "y": 750,
    "page_width": 1241,
    "page_height": 1754,
    "page_no": 6
  },
  {
    "question": "1",
    "text": "1.",
    "x": 79,
    "y": 1127,
    "page_width": 1241,
    "page_height": 1754,
    "page_no": 13
  },
  {
    "question": "5",
    "text": "5\"",
    "x": 104,
    "y": 814,
    "page_width": 1241,
    "page_height": 1754,
    "page_no": 8
  },
  {
    "question": "4",
    "text": "4",
    "x": 108,
    "y": 770,
    "page_width": 1241,
    "page_height": 1754,
    "page_no": 10
  },
  {
    "question": "4",
    "text": "4",
    "x": 108,
    "y": 836,
    "page_width": 1241,
    "page_height": 1754,
    "page_no": 10
  },
  {
    "question": "1",
    "text": "1",
    "x": 105,
    "y": 865,
    "page_width": 1241,
    "page_height": 1754,
    "page_no": 10
  },
  {
    "question": "10",
    "text": "10=log,",
    "x": 106,
    "y": 1497,
    "page_width": 1241,
    "page_height": 1754,
    "page_no": 11
  },
  {
    "question": "9",
    "text": "9",
    "x": 103,
    "y": 163,
    "page_width": 1241,
    "page_height": 1754,
    "page_no": 18
  },
  {
    "question": "2",
    "text": "2a",
    "x": 106,
    "y": 432,
    "page_width": 1241,
    "page_height": 1754,
    "page_no": 20
  },
  {
    "question": "5",
    "text": "5",
    "x": 153,
    "y": 1176,
    "page_width": 1241,
    "page_height": 1754,
    "page_no": 8
  },
  {
    "question": "0",
    "text": "0.25",
    "x": 155,
    "y": 751,
    "page_width": 1241,
    "page_height": 1754,
    "page_no": 10
  },
  {
    "question": "0",
    "text": "0.25",
    "x": 155,
    "y": 816,
    "page_width": 1241,
    "page_height": 1754,
    "page_no": 10
  },
  {
    "question": "4",
    "text": "4.845.",
    "x": 154,
    "y": 1053,
    "page_width": 1241,
    "page_height": 1754,
    "page_no": 14
  },
  {
    "question": "25",
    "text": "25.2%",
    "x": 154,
    "y": 1325,
    "page_width": 1241,
    "page_height": 1754,
    "page_no": 14
  },
  {
    "question": "3",
    "text": "3",
    "x": 157,
    "y": 834,
    "page_width": 1241,
    "page_height": 1754,
    "page_no": 17
  },
  {
    "question": "12",
    "text": "127.4",
    "x": 157,
    "y": 1489,
    "page_width": 1241,
    "page_height": 1754,
    "page_no": 17
  }
]