[
  {
    "question": "1",
    "text": "1",
    "x": 164,
    "y": 271,
    "page_width": 1754,
    "page_height": 1241,
    "page_no": 5
  },
  {
    "question": "2",
    "text": "2",
    "x": 163,
    "y": 538,
    "page_width": 1754,
    "page_height": 1241,
    "page_no": 5
  },
  {
    "question": "3",
    "text": "3",
    "x": 162,
    "y": 816,
    "page_width": 1754,
    "page_height": 1241,
    "page_no": 5
  },
  {
    "question": "4",
    "text": "4",
    "x": 162,
    "y": 227,
    "page_width": 1754,
    "page_height": 1241,
    "page_no": 6
  },
  {
    "question": "5",
    "text": "5",
    "x": 163,
    "y": 503,
    "page_width": 1754,
    "page_height": 1241,
    "page_no": 6
  },
  {
    "question": "6",
    "text": "6",
    "x": 163,
    "y": 781,
    "page_width": 1754,
    "page_height": 1241,
    "page_no": 6
  },
  {
    "question": "7",
    "text": "7",
    "x": 163,
    "y": 227,
    "page_width": 1754,
    "page_height": 1241,
    "page_no": 7
  },
  {
    "question": "8",
    "text": "8",
    "x": 163,
    "y": 503,
    "page_width": 1754,
    "page_height": 1241,
    "page_no": 7
  },
  {
    "question": "9",
    "text": "9",
    "x": 163,
    "y": 780,
    "page_width": 1754,
    "page_height": 1241,
    "page_no": 7
  },
  {
    "question": "10",
    "text": "10",
    "x": 164,
    "y": 227,
    "page_width": 1754,
    "page_height": 1241,
    "page_no": 8
  },
  {
    "question": "11",
    "text": "11",
    "x": 164,
    "y": 503,
    "page_width": 1754,
    "page_height": 1241,
    "page_no": 8
  },
  {
    "question": "12",
    "text": "12",
    "x": 164,
    "y": 837,
    "page_width": 1754,
    "page_height": 1241,
    "page_no": 8
  },
  {
    "question": "13",
    "text": "13",
    "x": 164,
    "y": 227,
    "page_width": 1754,
    "page_height": 1241,
    "page_no": 9
  },
  {
    "question": "14",
    "text": "14",
    "x": 164,
    "y": 227,
    "page_width": 1754,
    "page_height": 1241,
    "page_no": 10
  },
  {
    "question": "15",
    "text": "15",
    "x": 164,
    "y": 503,
    "page_width": 1754,
    "page_height": 1241,
    "page_no": 10
  },
  {
    "question": "16",
    "text": "16",
    "x": 164,
    "y": 780,
    "page_width": 1754,
    "page_height": 1241,
    "page_no": 10
  },
  {
    "question": "17",
    "text": "17a",
    "x": 164,
    "y": 227,
    "page_width": 1754,
    "page_height": 1241,
    "page_no": 11
  },
  {
    "question": "17",
    "text": "17b",
    "x": 164,
    "y": 503,
    "page_width": 1754,
    "page_height": 1241,
    "page_no": 11
  },
  {
    "question": "18",
    "text": "18",
    "x": 164,
    "y": 751,
    "page_width": 1754,
    "page_height": 1241,
    "page_no": 11
  },
  {
    "question": "19",
    "text": "19",
    "x": 164,
    "y": 227,
    "page_width": 1754,
    "page_height": 1241,
    "page_no": 12
  },
  {
    "question": "20",
    "text": "20a",
    "x": 117,
    "y": 291,
    "page_width": 1754,
    "page_height": 1241,
    "page_no": 13
  },
  {
    "question": "20",
    "text": "20bi",
    "x": 118,
    "y": 243,
    "page_width": 1754,
    "page_height": 1241,
    "page_no": 14
  },
  {
    "question": "20",
    "text": "20b",
    "x": 118,
    "y": 243,
    "page_width": 1754,
    "page_height": 1241,
    "page_no": 15
  },
  {
    "question": "21",
    "text": "21ai",
    "x": 118,
    "y": 213,
    "page_width": 1754,
    "page_height": 1241,
    "page_no": 16
  },
  {
    "question": "21",
    "text": "21aii",
    "x": 118,
    "y": 270,
    "page_width": 1754,
    "page_height": 1241,
    "page_no": 17
  },
  {
    "question": "21",
    "text": "21aiii",
    "x": 117,
    "y": 237,
    "page_width": 1754,
    "page_height": 1241,
    "page_no": 18
  },
  {
    "question": "21",
    "text": "21aiv",
    "x": 118,
    "y": 213,
    "page_width": 1754,
    "page_height": 1241,
    "page_no": 19
  },
  {
    "question": "21",
    "text": "21b",
    "x": 119,
    "y": 213,
    "page_width": 1754,
    "page_height": 1241,
    "page_no": 20
  },
  {
    "question": "21",
    "text": "21c",
    "x": 118,
    "y": 213,
    "page_width": 1754,
    "page_height": 1241,
    "page_no": 23
  },
  {
    "question": "22",
    "text": "22a",
    "x": 118,
    "y": 213,
    "page_width": 1754,
    "page_height": 1241,
    "page_no": 24
  },
  {
    "question": "22",
    "text": "22b",
    "x": 118,
    "y": 242,
    "page_width": 1754,
    "page_height": 1241,
    "page_no": 25
  },
  {
    "question": "22",
    "text": "22ci",
    "x": 118,
    "y": 292,
    "page_width": 1754,
    "page_height": 1241,
    "page_no": 26
  },
  {
    "question": "22",
    "text": "22ceii",
    "x": 118,
    "y": 813,
    "page_width": 1754,
    "page_height": 1241,
    "page_no": 26
  },
  {
    "question": "22",
    "text": "22ciii",
    "x": 118,
    "y": 209,
    "page_width": 1754,
    "page_height": 1241,
    "page_no": 27
  },
  {
    "question": "23",
    "text": "23ai",
    "x": 118,
    "y": 260,
    "page_width": 1754,
    "page_height": 1241,
    "page_no": 28
  },
  {
    "question": "23",
    "text": "23aii",
    "x": 118,
    "y": 461,
    "page_width": 1754,
    "page_height": 1241,
    "page_no": 28
  },
  {
    "question": "23",
    "text": "23b",
    "x": 118,
    "y": 759,
    "page_width": 1754,
    "page_height": 1241,
    "page_no": 28
  },
  {
    "question": "23",
    "text": "23c",
    "x": 118,
    "y": 213,
    "page_width": 1754,
    "page_height": 1241,
    "page_no": 29
  },
  {
    "question": "23",
    "text": "23di",
    "x": 118,
    "y": 213,
    "page_width": 1754,
    "page_height": 1241,
    "page_no": 30
  },
  {
    "question": "23",
    "text": "23dii",
    "x": 118,
    "y": 638,
    "page_width": 1754,
    "page_height": 1241,
    "page_no": 30
  },
  {
    "question": "23",
    "text": "23diii",
    "x": 118,
    "y": 209,
    "page_width": 1754,
    "page_height": 1241,
    "page_no": 31
  },
  {
    "question": "23",
    "text": "23div",
    "x": 118,
    "y": 762,
    "page_width": 1754,
    "page_height": 1241,
    "page_no": 31
  },
  {
    "question": "23",
    "text": "23e",
    "x": 118,
    "y": 209,
    "page_width": 1754,
    "page_height": 1241,
    "page_no": 32
  }
]