[
  {
    "question": "1",
    "text": "1a",
    "x": 87,
    "y": 222,
    "page_width": 1241,
    "page_height": 1754,
    "page_no": 4
  },
  {
    "question": "1",
    "text": "1b",
    "x": 87,
    "y": 640,
    "page_width": 1241,
    "page_height": 1754,
    "page_no": 4
  },
  {
    "question": "4",
    "text": "4c",
    "x": 87,
    "y": 210,
    "page_width": 1241,
    "page_height": 1754,
    "page_no": 5
  },
  {
    "question": "14",
    "text": "14",
    "x": 87,
    "y": 823,
    "page_width": 1241,
    "page_height": 1754,
    "page_no": 5
  },
  {
    "question": "2",
    "text": "2a",
    "x": 86,
    "y": 191,
    "page_width": 1241,
    "page_height": 1754,
    "page_no": 6
  },
  {
    "question": "2",
    "text": "2b",
    "x": 86,
    "y": 752,
    "page_width": 1241,
    "page_height": 1754,
    "page_no": 6
  },
  {
    "question": "2",
    "text": "2c",
    "x": 86,
    "y": 165,
    "page_width": 1241,
    "page_height": 1754,
    "page_no": 7
  },
  {
    "question": "3",
    "text": "3",
    "x": 86,
    "y": 769,
    "page_width": 1241,
    "page_height": 1754,
    "page_no": 7
  },
  {
    "question": "5",
    "text": "5",
    "x": 86,
    "y": 211,
    "page_width": 1241,
    "page_height": 1754,
    "page_no": 9
  },
  {
    "question": "7",
    "text": "7a",
    "x": 86,
    "y": 260,
    "page_width": 1241,
    "page_height": 1754,
    "page_no": 13
  },
  {
    "question": "7",
    "text": "7b",
    "x": 86,
    "y": 825,
    "page_width": 1241,
    "page_height": 1754,
    "page_no": 13
  },
  {
    "question": "7",
    "text": "7c",
    "x": 86,
    "y": 165,
    "page_width": 1241,
    "page_height": 1754,
    "page_no": 14
  },
  {
    "question": "7",
    "text": "7d",
    "x": 86,
    "y": 1132,
    "page_width": 1241,
    "page_height": 1754,
    "page_no": 14
  },
  {
    "question": "7",
    "text": "7f",
    "x": 86,
    "y": 165,
    "page_width": 1241,
    "page_height": 1754,
    "page_no": 15
  },
  {
    "question": "79",
    "text": "79",
    "x": 85,
    "y": 535,
    "page_width": 1241,
    "page_height": 1754,
    "page_no": 15
  },
  {
    "question": "7",
    "text": "7h",
    "x": 86,
    "y": 165,
    "page_width": 1241,
    "page_height": 1754,
    "page_no": 16
  },
  {
    "question": "8",
    "text": "8a",
    "x": 86,
    "y": 165,
    "page_width": 1241,
    "page_height": 1754,
    "page_no": 17
  },
  {
    "question": "8",
    "text": "8b",
    "x": 86,
    "y": 671,
    "page_width": 1241,
    "page_height": 1754,
    "page_no": 17
  }
]