[
  {
    "question": "1",
    "text": "1",
    "x": 91,
    "y": 233,
    "page_width": 1241,
    "page_height": 1754,
    "page_no": 2
  },
  {
    "question": "2",
    "text": "2",
    "x": 89,
    "y": 248,
    "page_width": 1241,
    "page_height": 1754,
    "page_no": 8
  },
  {
    "question": "3",
    "text": "3",
    "x": 89,
    "y": 232,
    "page_width": 1241,
    "page_height": 1754,
    "page_no": 14
  },
  {
    "question": "21",
    "text": "21",
    "x": 89,
    "y": 1526,
    "page_width": 1241,
    "page_height": 1754,
    "page_no": 24
  }
]