[
  {
    "question": 0,
    "x": 118,
    "y": 1217,
    "page_no": 13,
    "page_width": 1241,
    "page_height": 1754
  },
  {
    "question": 9,
    "x": 134,
    "y": 681,
    "page_no": 6,
    "page_width": 1241,
    "page_height": 1754
  },
  {
    "question": 8,
    "x": 134,
    "y": 389,
    "page_no": 6,
    "page_width": 1241,
    "page_height": 1754
  },
  {
    "question": 7,
    "x": 131,
    "y": 149,
    "page_no": 6,
    "page_width": 1241,
    "page_height": 1754
  },
  {
    "question": "1",
    "text": "1",
    "x": 132,
    "y": 223,
    "page_width": 1241,
    "page_height": 1754,
    "page_no": 5
  },
  {
    "question": "2",
    "text": "2",
    "x": 131,
    "y": 381,
    "page_width": 1241,
    "page_height": 1754,
    "page_no": 5
  },
  {
    "question": "3",
    "text": "3",
    "x": 130,
    "y": 593,
    "page_width": 1241,
    "page_height": 1754,
    "page_no": 5
  },
  {
    "question": "4",
    "text": "4",
    "x": 130,
    "y": 831,
    "page_width": 1241,
    "page_height": 1754,
    "page_no": 5
  },
  {
    "question": "5",
    "text": "5",
    "x": 131,
    "y": 1070,
    "page_width": 1241,
    "page_height": 1754,
    "page_no": 5
  },
  {
    "question": "6",
    "text": "6",
    "x": 131,
    "y": 1333,
    "page_width": 1241,
    "page_height": 1754,
    "page_no": 5
  },
  {
    "question": "10",
    "text": "10",
    "x": 132,
    "y": 864,
    "page_width": 1241,
    "page_height": 1754,
    "page_no": 6
  },
  {
    "question": "11",
    "text": "11a",
    "x": 132,
    "y": 236,
    "page_width": 1241,
    "page_height": 1754,
    "page_no": 7
  },
  {
    "question": "12",
    "text": "12a",
    "x": 132,
    "y": 1032,
    "page_width": 1241,
    "page_height": 1754,
    "page_no": 7
  },
  {
    "question": "13",
    "text": "13a",
    "x": 132,
    "y": 210,
    "page_width": 1241,
    "page_height": 1754,
    "page_no": 8
  },
  {
    "question": "14",
    "text": "14",
    "x": 131,
    "y": 210,
    "page_width": 1241,
    "page_height": 1754,
    "page_no": 9
  },
  {
    "question": "15",
    "text": "15a",
    "x": 132,
    "y": 211,
    "page_width": 1241,
    "page_height": 1754,
    "page_no": 10
  },
  {
    "question": "16",
    "text": "16a",
    "x": 132,
    "y": 211,
    "page_width": 1241,
    "page_height": 1754,
    "page_no": 11
  },
  {
    "question": "17",
    "text": "17a",
    "x": 132,
    "y": 211,
    "page_width": 1241,
    "page_height": 1754,
    "page_no": 12
  },
  {
    "question": "18",
    "text": "18a",
    "x": 132,
    "y": 238,
    "page_width": 1241,
    "page_height": 1754,
    "page_no": 13
  },
  {
    "question": "18",
    "text": "18c",
    "x": 132,
    "y": 774,
    "page_width": 1241,
    "page_height": 1754,
    "page_no": 13
  }
]