[
  {
    "question": "1",
    "text": "1",
    "x": 91,
    "y": 283,
    "page_width": 1241,
    "page_height": 1754,
    "page_no": 2
  },
  {
    "question": "2",
    "text": "2.",
    "x": 89,
    "y": 282,
    "page_width": 1241,
    "page_height": 1754,
    "page_no": 9
  },
  {
    "question": "3",
    "text": "3",
    "x": 89,
    "y": 282,
    "page_width": 1241,
    "page_height": 1754,
    "page_no": 12
  },
  {
    "question": "1",
    "text": "1,400",
    "x": 91,
    "y": 758,
    "page_width": 1241,
    "page_height": 1754,
    "page_no": 20
  },
  {
    "question": "19",
    "text": "190",
    "x": 91,
    "y": 483,
    "page_width": 1241,
    "page_height": 1754,
    "page_no": 21
  }
]