[
  {
    "question": "1",
    "text": "1",
    "x": 165,
    "y": 243,
    "page_width": 1754,
    "page_height": 1241,
    "page_no": 5
  },
  {
    "question": "10",
    "text": "10",
    "x": 165,
    "y": 242,
    "page_width": 1754,
    "page_height": 1241,
    "page_no": 8
  },
  {
    "question": "11",
    "text": "11",
    "x": 165,
    "y": 529,
    "page_width": 1754,
    "page_height": 1241,
    "page_no": 8
  },
  {
    "question": "12",
    "text": "12",
    "x": 165,
    "y": 815,
    "page_width": 1754,
    "page_height": 1241,
    "page_no": 8
  },
  {
    "question": "13",
    "text": "13",
    "x": 165,
    "y": 242,
    "page_width": 1754,
    "page_height": 1241,
    "page_no": 9
  },
  {
    "question": "14",
    "text": "14",
    "x": 165,
    "y": 529,
    "page_width": 1754,
    "page_height": 1241,
    "page_no": 9
  },
  {
    "question": "15",
    "text": "15",
    "x": 165,
    "y": 846,
    "page_width": 1754,
    "page_height": 1241,
    "page_no": 9
  },
  {
    "question": "16",
    "text": "16",
    "x": 165,
    "y": 242,
    "page_width": 1754,
    "page_height": 1241,
    "page_no": 10
  },
  {
    "question": "17",
    "text": "17",
    "x": 165,
    "y": 529,
    "page_width": 1754,
    "page_height": 1241,
    "page_no": 10
  },
  {
    "question": "18",
    "text": "18",
    "x": 165,
    "y": 816,
    "page_width": 1754,
    "page_height": 1241,
    "page_no": 10
  },
  {
    "question": "19",
    "text": "19",
    "x": 165,
    "y": 242,
    "page_width": 1754,
    "page_height": 1241,
    "page_no": 11
  },
  {
    "question": "2",
    "text": "2",
    "x": 164,
    "y": 532,
    "page_width": 1754,
    "page_height": 1241,
    "page_no": 5
  },
  {
    "question": "3",
    "text": "3",
    "x": 163,
    "y": 820,
    "page_width": 1754,
    "page_height": 1241,
    "page_no": 5
  },
  {
    "question": "4",
    "text": "4",
    "x": 163,
    "y": 243,
    "page_width": 1754,
    "page_height": 1241,
    "page_no": 6
  },
  {
    "question": "5",
    "text": "5",
    "x": 164,
    "y": 534,
    "page_width": 1754,
    "page_height": 1241,
    "page_no": 6
  },
  {
    "question": "6",
    "text": "6",
    "x": 163,
    "y": 822,
    "page_width": 1754,
    "page_height": 1241,
    "page_no": 6
  },
  {
    "question": "7",
    "text": "7",
    "x": 163,
    "y": 243,
    "page_width": 1754,
    "page_height": 1241,
    "page_no": 7
  },
  {
    "question": "8",
    "text": "8",
    "x": 163,
    "y": 532,
    "page_width": 1754,
    "page_height": 1241,
    "page_no": 7
  },
  {
    "question": "9",
    "text": "9",
    "x": 163,
    "y": 821,
    "page_width": 1754,
    "page_height": 1241,
    "page_no": 7
  },
  {
    "question": "20",
    "text": "20",
    "x": 164,
    "y": 612,
    "page_width": 1754,
    "page_height": 1241,
    "page_no": 11
  },
  {
    "question": "21",
    "text": "21a",
    "x": 119,
    "y": 264,
    "page_width": 1754,
    "page_height": 1241,
    "page_no": 12
  },
  {
    "question": "21",
    "text": "21bi",
    "x": 119,
    "y": 210,
    "page_width": 1754,
    "page_height": 1241,
    "page_no": 13
  },
  {
    "question": "21",
    "text": "21bii",
    "x": 119,
    "y": 882,
    "page_width": 1754,
    "page_height": 1241,
    "page_no": 13
  },
  {
    "question": "21",
    "text": "21biii",
    "x": 119,
    "y": 210,
    "page_width": 1754,
    "page_height": 1241,
    "page_no": 14
  },
  {
    "question": "21",
    "text": "21ci",
    "x": 119,
    "y": 210,
    "page_width": 1754,
    "page_height": 1241,
    "page_no": 15
  },
  {
    "question": "21",
    "text": "21cii",
    "x": 119,
    "y": 210,
    "page_width": 1754,
    "page_height": 1241,
    "page_no": 16
  },
  {
    "question": "21",
    "text": "21d",
    "x": 119,
    "y": 210,
    "page_width": 1754,
    "page_height": 1241,
    "page_no": 17
  },
  {
    "question": "22",
    "text": "22a",
    "x": 119,
    "y": 238,
    "page_width": 1754,
    "page_height": 1241,
    "page_no": 19
  },
  {
    "question": "22",
    "text": "22b",
    "x": 119,
    "y": 238,
    "page_width": 1754,
    "page_height": 1241,
    "page_no": 20
  },
  {
    "question": "22",
    "text": "22c",
    "x": 119,
    "y": 238,
    "page_width": 1754,
    "page_height": 1241,
    "page_no": 21
  },
  {
    "question": "23",
    "text": "23ai",
    "x": 119,
    "y": 210,
    "page_width": 1754,
    "page_height": 1241,
    "page_no": 22
  },
  {
    "question": "23",
    "text": "23aii",
    "x": 119,
    "y": 436,
    "page_width": 1754,
    "page_height": 1241,
    "page_no": 22
  },
  {
    "question": "23",
    "text": "23aiii",
    "x": 119,
    "y": 861,
    "page_width": 1754,
    "page_height": 1241,
    "page_no": 22
  },
  {
    "question": "23",
    "text": "23b",
    "x": 119,
    "y": 210,
    "page_width": 1754,
    "page_height": 1241,
    "page_no": 23
  },
  {
    "question": "23",
    "text": "23ci",
    "x": 119,
    "y": 210,
    "page_width": 1754,
    "page_height": 1241,
    "page_no": 24
  },
  {
    "question": "23",
    "text": "23cii",
    "x": 119,
    "y": 206,
    "page_width": 1754,
    "page_height": 1241,
    "page_no": 25
  },
  {
    "question": "23",
    "text": "23ciii",
    "x": 119,
    "y": 210,
    "page_width": 1754,
    "page_height": 1241,
    "page_no": 26
  },
  {
    "question": "24",
    "text": "24ai",
    "x": 119,
    "y": 266,
    "page_width": 1754,
    "page_height": 1241,
    "page_no": 27
  },
  {
    "question": "24",
    "text": "24aii",
    "x": 119,
    "y": 206,
    "page_width": 1754,
    "page_height": 1241,
    "page_no": 28
  },
  {
    "question": "24",
    "text": "24aiii",
    "x": 119,
    "y": 210,
    "page_width": 1754,
    "page_height": 1241,
    "page_no": 29
  },
  {
    "question": "24",
    "text": "24bi",
    "x": 119,
    "y": 688,
    "page_width": 1754,
    "page_height": 1241,
    "page_no": 29
  },
  {
    "question": "24",
    "text": "24bii",
    "x": 119,
    "y": 206,
    "page_width": 1754,
    "page_height": 1241,
    "page_no": 30
  },
  {
    "question": "24",
    "text": "24biii",
    "x": 119,
    "y": 826,
    "page_width": 1754,
    "page_height": 1241,
    "page_no": 30
  },
  {
    "question": "24",
    "text": "24c",
    "x": 119,
    "y": 238,
    "page_width": 1754,
    "page_height": 1241,
    "page_no": 31
  },
  {
    "question": "24",
    "text": "24d",
    "x": 119,
    "y": 210,
    "page_width": 1754,
    "page_height": 1241,
    "page_no": 32
  }
]