[
  {
    "question": "1",
    "text": "1a",
    "x": 153,
    "y": 155,
    "page_width": 1241,
    "page_height": 1754,
    "page_no": 4
  },
  {
    "question": "2",
    "text": "2a",
    "x": 152,
    "y": 155,
    "page_width": 1241,
    "page_height": 1754,
    "page_no": 8
  },
  {
    "question": "1",
    "text": "1.",
    "x": 153,
    "y": 1010,
    "page_width": 1241,
    "page_height": 1754,
    "page_no": 9
  },
  {
    "question": "2",
    "text": "2.",
    "x": 152,
    "y": 1070,
    "page_width": 1241,
    "page_height": 1754,
    "page_no": 9
  },
  {
    "question": "3",
    "text": "3.",
    "x": 152,
    "y": 1131,
    "page_width": 1241,
    "page_height": 1754,
    "page_no": 9
  },
  {
    "question": "3",
    "text": "3a",
    "x": 152,
    "y": 156,
    "page_width": 1241,
    "page_height": 1754,
    "page_no": 12
  },
  {
    "question": "4",
    "text": "4",
    "x": 151,
    "y": 156,
    "page_width": 1241,
    "page_height": 1754,
    "page_no": 15
  },
  {
    "question": "1",
    "text": "1",
    "x": 152,
    "y": 1025,
    "page_width": 1241,
    "page_height": 1754,
    "page_no": 15
  },
  {
    "question": "5",
    "text": "5aAO1:3A024:A032",
    "x": 152,
    "y": 156,
    "page_width": 1241,
    "page_height": 1754,
    "page_no": 19
  },
  {
    "question": "1",
    "text": "1",
    "x": 152,
    "y": 914,
    "page_width": 1241,
    "page_height": 1754,
    "page_no": 20
  },
  {
    "question": "1",
    "text": "1",
    "x": 152,
    "y": 1081,
    "page_width": 1241,
    "page_height": 1754,
    "page_no": 20
  },
  {
    "question": "2",
    "text": "2",
    "x": 152,
    "y": 1137,
    "page_width": 1241,
    "page_height": 1754,
    "page_no": 20
  },
  {
    "question": "6",
    "text": "6a",
    "x": 152,
    "y": 156,
    "page_width": 1241,
    "page_height": 1754,
    "page_no": 22
  }
]