[
  {
    "question": "1",
    "text": "1a",
    "x": 87,
    "y": 253,
    "page_width": 1241,
    "page_height": 1754,
    "page_no": 4
  },
  {
    "question": "4",
    "text": "4b",
    "x": 87,
    "y": 641,
    "page_width": 1241,
    "page_height": 1754,
    "page_no": 4
  },
  {
    "question": "2",
    "text": "2a",
    "x": 86,
    "y": 1163,
    "page_width": 1241,
    "page_height": 1754,
    "page_no": 4
  },
  {
    "question": "2",
    "text": "2b",
    "x": 86,
    "y": 226,
    "page_width": 1241,
    "page_height": 1754,
    "page_no": 5
  },
  {
    "question": "3",
    "text": "3a",
    "x": 87,
    "y": 887,
    "page_width": 1241,
    "page_height": 1754,
    "page_no": 5
  },
  {
    "question": "3",
    "text": "3b",
    "x": 86,
    "y": 253,
    "page_width": 1241,
    "page_height": 1754,
    "page_no": 6
  },
  {
    "question": "3",
    "text": "3c",
    "x": 86,
    "y": 867,
    "page_width": 1241,
    "page_height": 1754,
    "page_no": 6
  },
  {
    "question": "3",
    "text": "3d",
    "x": 87,
    "y": 271,
    "page_width": 1241,
    "page_height": 1754,
    "page_no": 7
  },
  {
    "question": "6",
    "text": "6",
    "x": 86,
    "y": 280,
    "page_width": 1241,
    "page_height": 1754,
    "page_no": 12
  },
  {
    "question": "7",
    "text": "7a",
    "x": 86,
    "y": 726,
    "page_width": 1241,
    "page_height": 1754,
    "page_no": 12
  },
  {
    "question": "7",
    "text": "7b",
    "x": 86,
    "y": 1192,
    "page_width": 1241,
    "page_height": 1754,
    "page_no": 12
  },
  {
    "question": "7",
    "text": "7c",
    "x": 86,
    "y": 226,
    "page_width": 1241,
    "page_height": 1754,
    "page_no": 13
  },
  {
    "question": "7",
    "text": "7e",
    "x": 86,
    "y": 271,
    "page_width": 1241,
    "page_height": 1754,
    "page_no": 14
  },
  {
    "question": "7",
    "text": "7",
    "x": 86,
    "y": 702,
    "page_width": 1241,
    "page_height": 1754,
    "page_no": 14
  },
  {
    "question": "79",
    "text": "79",
    "x": 86,
    "y": 226,
    "page_width": 1241,
    "page_height": 1754,
    "page_no": 15
  },
  {
    "question": "10",
    "text": "10",
    "x": 87,
    "y": 280,
    "page_width": 1241,
    "page_height": 1754,
    "page_no": 20
  },
  {
    "question": "41",
    "text": "411a",
    "x": 87,
    "y": 726,
    "page_width": 1241,
    "page_height": 1754,
    "page_no": 20
  },
  {
    "question": "11",
    "text": "11b",
    "x": 87,
    "y": 1192,
    "page_width": 1241,
    "page_height": 1754,
    "page_no": 20
  },
  {
    "question": "41",
    "text": "411c",
    "x": 87,
    "y": 226,
    "page_width": 1241,
    "page_height": 1754,
    "page_no": 21
  },
  {
    "question": "11",
    "text": "11e",
    "x": 87,
    "y": 271,
    "page_width": 1241,
    "page_height": 1754,
    "page_no": 23
  },
  {
    "question": "11",
    "text": "11f",
    "x": 87,
    "y": 702,
    "page_width": 1241,
    "page_height": 1754,
    "page_no": 23
  },
  {
    "question": "11",
    "text": "11g",
    "x": 87,
    "y": 226,
    "page_width": 1241,
    "page_height": 1754,
    "page_no": 24
  },
  {
    "question": "4",
    "text": "4",
    "x": 97,
    "y": 215,
    "page_width": 1241,
    "page_height": 1754,
    "page_no": 8
  },
  {
    "question": "5",
    "text": "5",
    "x": 98,
    "y": 294,
    "page_width": 1241,
    "page_height": 1754,
    "page_no": 10
  },
  {
    "question": "8",
    "text": "8",
    "x": 97,
    "y": 259,
    "page_width": 1241,
    "page_height": 1754,
    "page_no": 16
  },
  {
    "question": "9",
    "text": "9",
    "x": 98,
    "y": 240,
    "page_width": 1241,
    "page_height": 1754,
    "page_no": 18
  },
  {
    "question": "13",
    "text": "13",
    "x": 99,
    "y": 214,
    "page_width": 1241,
    "page_height": 1754,
    "page_no": 27
  },
  {
    "question": "1",
    "text": "1",
    "x": 132,
    "y": 391,
    "page_width": 1241,
    "page_height": 1754,
    "page_no": 9
  },
  {
    "question": "2",
    "text": "2",
    "x": 130,
    "y": 494,
    "page_width": 1241,
    "page_height": 1754,
    "page_no": 9
  },
  {
    "question": "3",
    "text": "3",
    "x": 130,
    "y": 654,
    "page_width": 1241,
    "page_height": 1754,
    "page_no": 9
  },
  {
    "question": "4",
    "text": "4",
    "x": 130,
    "y": 840,
    "page_width": 1241,
    "page_height": 1754,
    "page_no": 9
  }
]