[
  {
    "question": "1",
    "text": "1ai",
    "x": 164,
    "y": 213,
    "page_width": 1755,
    "page_height": 1241,
    "page_no": 5
  },
  {
    "question": "1",
    "text": "1aii",
    "x": 164,
    "y": 533,
    "page_width": 1755,
    "page_height": 1241,
    "page_no": 5
  },
  {
    "question": "1",
    "text": "1b",
    "x": 164,
    "y": 213,
    "page_width": 1755,
    "page_height": 1241,
    "page_no": 6
  },
  {
    "question": "1",
    "text": "1",
    "x": 164,
    "y": 789,
    "page_width": 1755,
    "page_height": 1241,
    "page_no": 6
  },
  {
    "question": "1",
    "text": "1cii",
    "x": 164,
    "y": 213,
    "page_width": 1755,
    "page_height": 1241,
    "page_no": 7
  },
  {
    "question": "1",
    "text": "1di",
    "x": 164,
    "y": 660,
    "page_width": 1755,
    "page_height": 1241,
    "page_no": 7
  },
  {
    "question": "1",
    "text": "1dii",
    "x": 164,
    "y": 213,
    "page_width": 1755,
    "page_height": 1241,
    "page_no": 8
  },
  {
    "question": "1",
    "text": "1dGii",
    "x": 164,
    "y": 453,
    "page_width": 1755,
    "page_height": 1241,
    "page_no": 8
  },
  {
    "question": "1",
    "text": "1div",
    "x": 164,
    "y": 213,
    "page_width": 1755,
    "page_height": 1241,
    "page_no": 9
  },
  {
    "question": "2",
    "text": "2a\\",
    "x": 162,
    "y": 213,
    "page_width": 1755,
    "page_height": 1241,
    "page_no": 10
  },
  {
    "question": "2",
    "text": "2aii",
    "x": 162,
    "y": 594,
    "page_width": 1755,
    "page_height": 1241,
    "page_no": 10
  },
  {
    "question": "2",
    "text": "2bi",
    "x": 162,
    "y": 771,
    "page_width": 1755,
    "page_height": 1241,
    "page_no": 10
  },
  {
    "question": "2",
    "text": "2bii",
    "x": 162,
    "y": 209,
    "page_width": 1755,
    "page_height": 1241,
    "page_no": 11
  },
  {
    "question": "2",
    "text": "2O@",
    "x": 162,
    "y": 525,
    "page_width": 1755,
    "page_height": 1241,
    "page_no": 11
  },
  {
    "question": "2",
    "text": "2cii",
    "x": 162,
    "y": 840,
    "page_width": 1755,
    "page_height": 1241,
    "page_no": 11
  },
  {
    "question": "3",
    "text": "3a",
    "x": 162,
    "y": 213,
    "page_width": 1755,
    "page_height": 1241,
    "page_no": 12
  },
  {
    "question": "3",
    "text": "3b",
    "x": 162,
    "y": 477,
    "page_width": 1755,
    "page_height": 1241,
    "page_no": 12
  },
  {
    "question": "3",
    "text": "3c",
    "x": 162,
    "y": 213,
    "page_width": 1755,
    "page_height": 1241,
    "page_no": 13
  },
  {
    "question": "3",
    "text": "3d",
    "x": 162,
    "y": 213,
    "page_width": 1755,
    "page_height": 1241,
    "page_no": 14
  },
  {
    "question": "4",
    "text": "4a",
    "x": 162,
    "y": 213,
    "page_width": 1755,
    "page_height": 1241,
    "page_no": 15
  },
  {
    "question": "4",
    "text": "4b",
    "x": 162,
    "y": 213,
    "page_width": 1755,
    "page_height": 1241,
    "page_no": 16
  },
  {
    "question": "4",
    "text": "4",
    "x": 162,
    "y": 213,
    "page_width": 1755,
    "page_height": 1241,
    "page_no": 17
  },
  {
    "question": "4",
    "text": "4cii",
    "x": 162,
    "y": 901,
    "page_width": 1755,
    "page_height": 1241,
    "page_no": 17
  },
  {
    "question": "4",
    "text": "4d",
    "x": 162,
    "y": 213,
    "page_width": 1755,
    "page_height": 1241,
    "page_no": 18
  },
  {
    "question": "4",
    "text": "4e",
    "x": 162,
    "y": 574,
    "page_width": 1755,
    "page_height": 1241,
    "page_no": 18
  },
  {
    "question": "4",
    "text": "4fi",
    "x": 162,
    "y": 209,
    "page_width": 1755,
    "page_height": 1241,
    "page_no": 19
  },
  {
    "question": "4",
    "text": "4fii",
    "x": 162,
    "y": 414,
    "page_width": 1755,
    "page_height": 1241,
    "page_no": 19
  },
  {
    "question": "4",
    "text": "4fiii",
    "x": 162,
    "y": 209,
    "page_width": 1755,
    "page_height": 1241,
    "page_no": 20
  }
]