[
  {
    "question": "1",
    "text": "1ai",
    "x": 119,
    "y": 210,
    "page_width": 1754,
    "page_height": 1241,
    "page_no": 5
  },
  {
    "question": "1",
    "text": "1aii",
    "x": 119,
    "y": 416,
    "page_width": 1754,
    "page_height": 1241,
    "page_no": 5
  },
  {
    "question": "1",
    "text": "1aiii",
    "x": 119,
    "y": 208,
    "page_width": 1754,
    "page_height": 1241,
    "page_no": 6
  },
  {
    "question": "1",
    "text": "1aiv",
    "x": 119,
    "y": 589,
    "page_width": 1754,
    "page_height": 1241,
    "page_no": 6
  },
  {
    "question": "1",
    "text": "1av",
    "x": 119,
    "y": 822,
    "page_width": 1754,
    "page_height": 1241,
    "page_no": 6
  },
  {
    "question": "1",
    "text": "1b",
    "x": 119,
    "y": 212,
    "page_width": 1754,
    "page_height": 1241,
    "page_no": 7
  },
  {
    "question": "1",
    "text": "1",
    "x": 119,
    "y": 992,
    "page_width": 1754,
    "page_height": 1241,
    "page_no": 7
  },
  {
    "question": "1",
    "text": "1d",
    "x": 119,
    "y": 184,
    "page_width": 1754,
    "page_height": 1241,
    "page_no": 8
  },
  {
    "question": "2",
    "text": "2a",
    "x": 118,
    "y": 184,
    "page_width": 1754,
    "page_height": 1241,
    "page_no": 9
  },
  {
    "question": "2",
    "text": "2bi",
    "x": 118,
    "y": 797,
    "page_width": 1754,
    "page_height": 1241,
    "page_no": 9
  },
  {
    "question": "2",
    "text": "2bii",
    "x": 118,
    "y": 184,
    "page_width": 1754,
    "page_height": 1241,
    "page_no": 10
  },
  {
    "question": "2",
    "text": "2ci",
    "x": 118,
    "y": 212,
    "page_width": 1754,
    "page_height": 1241,
    "page_no": 11
  },
  {
    "question": "2",
    "text": "2cii",
    "x": 118,
    "y": 647,
    "page_width": 1754,
    "page_height": 1241,
    "page_no": 11
  },
  {
    "question": "2",
    "text": "2",
    "x": 118,
    "y": 212,
    "page_width": 1754,
    "page_height": 1241,
    "page_no": 12
  },
  {
    "question": "3",
    "text": "3ad",
    "x": 117,
    "y": 212,
    "page_width": 1754,
    "page_height": 1241,
    "page_no": 13
  },
  {
    "question": "3",
    "text": "3aii",
    "x": 117,
    "y": 532,
    "page_width": 1754,
    "page_height": 1241,
    "page_no": 13
  },
  {
    "question": "3",
    "text": "3aiii",
    "x": 117,
    "y": 180,
    "page_width": 1754,
    "page_height": 1241,
    "page_no": 14
  },
  {
    "question": "3",
    "text": "3aiv",
    "x": 117,
    "y": 184,
    "page_width": 1754,
    "page_height": 1241,
    "page_no": 15
  },
  {
    "question": "3",
    "text": "3bi",
    "x": 117,
    "y": 212,
    "page_width": 1754,
    "page_height": 1241,
    "page_no": 16
  },
  {
    "question": "3",
    "text": "3bii",
    "x": 117,
    "y": 208,
    "page_width": 1754,
    "page_height": 1241,
    "page_no": 17
  },
  {
    "question": "3",
    "text": "3ci",
    "x": 117,
    "y": 551,
    "page_width": 1754,
    "page_height": 1241,
    "page_no": 17
  },
  {
    "question": "3",
    "text": "3@Gii",
    "x": 117,
    "y": 212,
    "page_width": 1754,
    "page_height": 1241,
    "page_no": 18
  },
  {
    "question": "3",
    "text": "3ciii",
    "x": 117,
    "y": 184,
    "page_width": 1754,
    "page_height": 1241,
    "page_no": 19
  },
  {
    "question": "4",
    "text": "4a",
    "x": 117,
    "y": 212,
    "page_width": 1754,
    "page_height": 1241,
    "page_no": 20
  },
  {
    "question": "4",
    "text": "4b",
    "x": 117,
    "y": 184,
    "page_width": 1754,
    "page_height": 1241,
    "page_no": 21
  },
  {
    "question": "4",
    "text": "4ci",
    "x": 117,
    "y": 212,
    "page_width": 1754,
    "page_height": 1241,
    "page_no": 22
  },
  {
    "question": "4",
    "text": "4cii",
    "x": 117,
    "y": 704,
    "page_width": 1754,
    "page_height": 1241,
    "page_no": 22
  },
  {
    "question": "4",
    "text": "4d",
    "x": 117,
    "y": 241,
    "page_width": 1754,
    "page_height": 1241,
    "page_no": 23
  },
  {
    "question": "4",
    "text": "4f",
    "x": 117,
    "y": 180,
    "page_width": 1754,
    "page_height": 1241,
    "page_no": 24
  }
]