[
  {
    "question": "4",
    "text": "4a",
    "x": 87,
    "y": 265,
    "page_width": 1241,
    "page_height": 1754,
    "page_no": 3
  },
  {
    "question": "4",
    "text": "4b",
    "x": 87,
    "y": 876,
    "page_width": 1241,
    "page_height": 1754,
    "page_no": 3
  },
  {
    "question": "2",
    "text": "2a",
    "x": 86,
    "y": 191,
    "page_width": 1241,
    "page_height": 1754,
    "page_no": 4
  },
  {
    "question": "2",
    "text": "2b",
    "x": 86,
    "y": 767,
    "page_width": 1241,
    "page_height": 1754,
    "page_no": 4
  },
  {
    "question": "3",
    "text": "3a",
    "x": 86,
    "y": 191,
    "page_width": 1241,
    "page_height": 1754,
    "page_no": 5
  },
  {
    "question": "3",
    "text": "3b",
    "x": 86,
    "y": 656,
    "page_width": 1241,
    "page_height": 1754,
    "page_no": 5
  },
  {
    "question": "6",
    "text": "6a",
    "x": 86,
    "y": 246,
    "page_width": 1241,
    "page_height": 1754,
    "page_no": 10
  },
  {
    "question": "6",
    "text": "6b",
    "x": 86,
    "y": 691,
    "page_width": 1241,
    "page_height": 1754,
    "page_no": 10
  },
  {
    "question": "7",
    "text": "7a",
    "x": 86,
    "y": 210,
    "page_width": 1241,
    "page_height": 1754,
    "page_no": 11
  },
  {
    "question": "7",
    "text": "7b",
    "x": 86,
    "y": 730,
    "page_width": 1241,
    "page_height": 1754,
    "page_no": 11
  },
  {
    "question": "7",
    "text": "7c",
    "x": 86,
    "y": 210,
    "page_width": 1241,
    "page_height": 1754,
    "page_no": 12
  },
  {
    "question": "8",
    "text": "8",
    "x": 86,
    "y": 795,
    "page_width": 1241,
    "page_height": 1754,
    "page_no": 12
  },
  {
    "question": "41",
    "text": "41a",
    "x": 87,
    "y": 219,
    "page_width": 1241,
    "page_height": 1754,
    "page_no": 17
  },
  {
    "question": "41",
    "text": "41b",
    "x": 87,
    "y": 690,
    "page_width": 1241,
    "page_height": 1754,
    "page_no": 17
  },
  {
    "question": "12",
    "text": "12a",
    "x": 87,
    "y": 210,
    "page_width": 1241,
    "page_height": 1754,
    "page_no": 18
  },
  {
    "question": "12",
    "text": "12b",
    "x": 87,
    "y": 758,
    "page_width": 1241,
    "page_height": 1754,
    "page_no": 18
  },
  {
    "question": "12",
    "text": "12c",
    "x": 87,
    "y": 165,
    "page_width": 1241,
    "page_height": 1754,
    "page_no": 19
  },
  {
    "question": "13",
    "text": "13",
    "x": 87,
    "y": 750,
    "page_width": 1241,
    "page_height": 1754,
    "page_no": 19
  },
  {
    "question": "1",
    "text": "1",
    "x": 158,
    "y": 341,
    "page_width": 1241,
    "page_height": 1754,
    "page_no": 9
  },
  {
    "question": "1",
    "text": "1",
    "x": 158,
    "y": 288,
    "page_width": 1241,
    "page_height": 1754,
    "page_no": 14
  },
  {
    "question": "1",
    "text": "1",
    "x": 158,
    "y": 288,
    "page_width": 1241,
    "page_height": 1754,
    "page_no": 16
  },
  {
    "question": "1",
    "text": "1",
    "x": 158,
    "y": 288,
    "page_width": 1241,
    "page_height": 1754,
    "page_no": 21
  },
  {
    "question": "1",
    "text": "1",
    "x": 158,
    "y": 288,
    "page_width": 1241,
    "page_height": 1754,
    "page_no": 23
  },
  {
    "question": "4",
    "text": "4",
    "x": 156,
    "y": 794,
    "page_width": 1241,
    "page_height": 1754,
    "page_no": 9
  },
  {
    "question": "2",
    "text": "2",
    "x": 156,
    "y": 419,
    "page_width": 1241,
    "page_height": 1754,
    "page_no": 14
  },
  {
    "question": "3",
    "text": "3",
    "x": 156,
    "y": 551,
    "page_width": 1241,
    "page_height": 1754,
    "page_no": 14
  },
  {
    "question": "4",
    "text": "4",
    "x": 156,
    "y": 710,
    "page_width": 1241,
    "page_height": 1754,
    "page_no": 14
  },
  {
    "question": "4",
    "text": "4",
    "x": 156,
    "y": 741,
    "page_width": 1241,
    "page_height": 1754,
    "page_no": 16
  },
  {
    "question": "2",
    "text": "2",
    "x": 156,
    "y": 423,
    "page_width": 1241,
    "page_height": 1754,
    "page_no": 21
  },
  {
    "question": "3",
    "text": "3",
    "x": 156,
    "y": 554,
    "page_width": 1241,
    "page_height": 1754,
    "page_no": 21
  },
  {
    "question": "4",
    "text": "4",
    "x": 156,
    "y": 685,
    "page_width": 1241,
    "page_height": 1754,
    "page_no": 21
  },
  {
    "question": "4",
    "text": "4",
    "x": 156,
    "y": 741,
    "page_width": 1241,
    "page_height": 1754,
    "page_no": 23
  }
]