[
  {
    "question": "1",
    "text": "1a",
    "x": 87,
    "y": 222,
    "page_width": 1241,
    "page_height": 1754,
    "page_no": 3
  },
  {
    "question": "4",
    "text": "4b",
    "x": 87,
    "y": 613,
    "page_width": 1241,
    "page_height": 1754,
    "page_no": 3
  },
  {
    "question": "4",
    "text": "4c",
    "x": 87,
    "y": 1051,
    "page_width": 1241,
    "page_height": 1754,
    "page_no": 3
  },
  {
    "question": "2",
    "text": "2a",
    "x": 86,
    "y": 165,
    "page_width": 1241,
    "page_height": 1754,
    "page_no": 4
  },
  {
    "question": "2",
    "text": "2b",
    "x": 86,
    "y": 490,
    "page_width": 1241,
    "page_height": 1754,
    "page_no": 4
  },
  {
    "question": "2",
    "text": "2c",
    "x": 86,
    "y": 165,
    "page_width": 1241,
    "page_height": 1754,
    "page_no": 5
  },
  {
    "question": "2",
    "text": "2d",
    "x": 86,
    "y": 882,
    "page_width": 1241,
    "page_height": 1754,
    "page_no": 5
  },
  {
    "question": "3",
    "text": "3",
    "x": 86,
    "y": 165,
    "page_width": 1241,
    "page_height": 1754,
    "page_no": 6
  },
  {
    "question": "4",
    "text": "4b",
    "x": 86,
    "y": 546,
    "page_width": 1241,
    "page_height": 1754,
    "page_no": 7
  },
  {
    "question": "4",
    "text": "4c",
    "x": 86,
    "y": 1122,
    "page_width": 1241,
    "page_height": 1754,
    "page_no": 7
  },
  {
    "question": "5",
    "text": "5",
    "x": 86,
    "y": 166,
    "page_width": 1241,
    "page_height": 1754,
    "page_no": 8
  },
  {
    "question": "7",
    "text": "7a",
    "x": 86,
    "y": 215,
    "page_width": 1241,
    "page_height": 1754,
    "page_no": 11
  },
  {
    "question": "7",
    "text": "7b",
    "x": 86,
    "y": 846,
    "page_width": 1241,
    "page_height": 1754,
    "page_no": 11
  },
  {
    "question": "7",
    "text": "7c",
    "x": 86,
    "y": 165,
    "page_width": 1241,
    "page_height": 1754,
    "page_no": 12
  },
  {
    "question": "8",
    "text": "8a",
    "x": 86,
    "y": 742,
    "page_width": 1241,
    "page_height": 1754,
    "page_no": 12
  },
  {
    "question": "8",
    "text": "8b",
    "x": 86,
    "y": 1181,
    "page_width": 1241,
    "page_height": 1754,
    "page_no": 12
  },
  {
    "question": "8",
    "text": "8c",
    "x": 86,
    "y": 165,
    "page_width": 1241,
    "page_height": 1754,
    "page_no": 13
  },
  {
    "question": "8",
    "text": "8d",
    "x": 86,
    "y": 547,
    "page_width": 1241,
    "page_height": 1754,
    "page_no": 13
  },
  {
    "question": "8",
    "text": "8e",
    "x": 85,
    "y": 165,
    "page_width": 1241,
    "page_height": 1754,
    "page_no": 14
  },
  {
    "question": "8",
    "text": "8f",
    "x": 86,
    "y": 1127,
    "page_width": 1241,
    "page_height": 1754,
    "page_no": 14
  },
  {
    "question": "8",
    "text": "8g",
    "x": 86,
    "y": 165,
    "page_width": 1241,
    "page_height": 1754,
    "page_no": 15
  },
  {
    "question": "1",
    "text": "1",
    "x": 143,
    "y": 1028,
    "page_width": 1241,
    "page_height": 1754,
    "page_no": 16
  },
  {
    "question": "2",
    "text": "2",
    "x": 141,
    "y": 1131,
    "page_width": 1241,
    "page_height": 1754,
    "page_no": 16
  },
  {
    "question": "3",
    "text": "3",
    "x": 141,
    "y": 1262,
    "page_width": 1241,
    "page_height": 1754,
    "page_no": 16
  },
  {
    "question": "4",
    "text": "4",
    "x": 141,
    "y": 1449,
    "page_width": 1241,
    "page_height": 1754,
    "page_no": 16
  },
  {
    "question": "1",
    "text": "1",
    "x": 155,
    "y": 266,
    "page_width": 1241,
    "page_height": 1754,
    "page_no": 18
  },
  {
    "question": "2",
    "text": "2",
    "x": 153,
    "y": 459,
    "page_width": 1241,
    "page_height": 1754,
    "page_no": 18
  },
  {
    "question": "3",
    "text": "3",
    "x": 153,
    "y": 708,
    "page_width": 1241,
    "page_height": 1754,
    "page_no": 18
  },
  {
    "question": "4",
    "text": "4",
    "x": 153,
    "y": 985,
    "page_width": 1241,
    "page_height": 1754,
    "page_no": 18
  },
  {
    "question": "5",
    "text": "5",
    "x": 153,
    "y": 1290,
    "page_width": 1241,
    "page_height": 1754,
    "page_no": 18
  }
]