[
  {
    "question": "1",
    "text": "1a",
    "x": 164,
    "y": 239,
    "page_width": 1755,
    "page_height": 1241,
    "page_no": 4
  },
  {
    "question": "1",
    "text": "1b",
    "x": 163,
    "y": 209,
    "page_width": 1755,
    "page_height": 1241,
    "page_no": 5
  },
  {
    "question": "2",
    "text": "2ai",
    "x": 163,
    "y": 273,
    "page_width": 1755,
    "page_height": 1241,
    "page_no": 6
  },
  {
    "question": "2",
    "text": "2aii",
    "x": 163,
    "y": 483,
    "page_width": 1755,
    "page_height": 1241,
    "page_no": 6
  },
  {
    "question": "2",
    "text": "2aiii",
    "x": 162,
    "y": 233,
    "page_width": 1755,
    "page_height": 1241,
    "page_no": 7
  },
  {
    "question": "2",
    "text": "2bi",
    "x": 162,
    "y": 204,
    "page_width": 1755,
    "page_height": 1241,
    "page_no": 8
  },
  {
    "question": "2",
    "text": "2byii",
    "x": 162,
    "y": 740,
    "page_width": 1755,
    "page_height": 1241,
    "page_no": 8
  },
  {
    "question": "3",
    "text": "3a",
    "x": 163,
    "y": 210,
    "page_width": 1755,
    "page_height": 1241,
    "page_no": 9
  },
  {
    "question": "3",
    "text": "3bi",
    "x": 162,
    "y": 558,
    "page_width": 1755,
    "page_height": 1241,
    "page_no": 9
  },
  {
    "question": "3",
    "text": "3bii",
    "x": 163,
    "y": 829,
    "page_width": 1755,
    "page_height": 1241,
    "page_no": 9
  },
  {
    "question": "3",
    "text": "3ci",
    "x": 162,
    "y": 242,
    "page_width": 1755,
    "page_height": 1241,
    "page_no": 10
  },
  {
    "question": "3",
    "text": "3cii",
    "x": 163,
    "y": 210,
    "page_width": 1755,
    "page_height": 1241,
    "page_no": 11
  },
  {
    "question": "3",
    "text": "3d",
    "x": 163,
    "y": 273,
    "page_width": 1755,
    "page_height": 1241,
    "page_no": 12
  },
  {
    "question": "3",
    "text": "3ei",
    "x": 162,
    "y": 209,
    "page_width": 1755,
    "page_height": 1241,
    "page_no": 13
  },
  {
    "question": "3",
    "text": "3eii",
    "x": 162,
    "y": 506,
    "page_width": 1755,
    "page_height": 1241,
    "page_no": 13
  },
  {
    "question": "4",
    "text": "4a",
    "x": 162,
    "y": 211,
    "page_width": 1755,
    "page_height": 1241,
    "page_no": 14
  },
  {
    "question": "4",
    "text": "4d",
    "x": 162,
    "y": 210,
    "page_width": 1755,
    "page_height": 1241,
    "page_no": 17
  }
]