[
  {
    "question": "1",
    "text": "1",
    "x": 164,
    "y": 243,
    "page_width": 1754,
    "page_height": 1241,
    "page_no": 5
  },
  {
    "question": "2",
    "text": "2",
    "x": 163,
    "y": 592,
    "page_width": 1754,
    "page_height": 1241,
    "page_no": 5
  },
  {
    "question": "3",
    "text": "3",
    "x": 162,
    "y": 913,
    "page_width": 1754,
    "page_height": 1241,
    "page_no": 5
  },
  {
    "question": "4",
    "text": "4",
    "x": 162,
    "y": 359,
    "page_width": 1754,
    "page_height": 1241,
    "page_no": 6
  },
  {
    "question": "5",
    "text": "5",
    "x": 163,
    "y": 764,
    "page_width": 1754,
    "page_height": 1241,
    "page_no": 6
  },
  {
    "question": "6",
    "text": "6",
    "x": 163,
    "y": 186,
    "page_width": 1754,
    "page_height": 1241,
    "page_no": 7
  },
  {
    "question": "7",
    "text": "7a",
    "x": 163,
    "y": 563,
    "page_width": 1754,
    "page_height": 1241,
    "page_no": 7
  },
  {
    "question": "7",
    "text": "7b",
    "x": 163,
    "y": 186,
    "page_width": 1754,
    "page_height": 1241,
    "page_no": 8
  },
  {
    "question": "8",
    "text": "8",
    "x": 163,
    "y": 534,
    "page_width": 1754,
    "page_height": 1241,
    "page_no": 8
  },
  {
    "question": "9",
    "text": "9",
    "x": 163,
    "y": 853,
    "page_width": 1754,
    "page_height": 1241,
    "page_no": 8
  },
  {
    "question": "10",
    "text": "10",
    "x": 164,
    "y": 217,
    "page_width": 1754,
    "page_height": 1241,
    "page_no": 9
  },
  {
    "question": "11",
    "text": "11",
    "x": 164,
    "y": 536,
    "page_width": 1754,
    "page_height": 1241,
    "page_no": 9
  },
  {
    "question": "12",
    "text": "12",
    "x": 164,
    "y": 858,
    "page_width": 1754,
    "page_height": 1241,
    "page_no": 9
  },
  {
    "question": "13",
    "text": "13",
    "x": 164,
    "y": 186,
    "page_width": 1754,
    "page_height": 1241,
    "page_no": 10
  },
  {
    "question": "14",
    "text": "14",
    "x": 164,
    "y": 508,
    "page_width": 1754,
    "page_height": 1241,
    "page_no": 10
  },
  {
    "question": "15",
    "text": "15",
    "x": 164,
    "y": 829,
    "page_width": 1754,
    "page_height": 1241,
    "page_no": 10
  },
  {
    "question": "16",
    "text": "16",
    "x": 164,
    "y": 186,
    "page_width": 1754,
    "page_height": 1241,
    "page_no": 11
  },
  {
    "question": "17",
    "text": "17",
    "x": 164,
    "y": 508,
    "page_width": 1754,
    "page_height": 1241,
    "page_no": 11
  },
  {
    "question": "18",
    "text": "18a",
    "x": 164,
    "y": 858,
    "page_width": 1754,
    "page_height": 1241,
    "page_no": 11
  },
  {
    "question": "18",
    "text": "18b",
    "x": 164,
    "y": 186,
    "page_width": 1754,
    "page_height": 1241,
    "page_no": 12
  },
  {
    "question": "19",
    "text": "19ai",
    "x": 119,
    "y": 241,
    "page_width": 1754,
    "page_height": 1241,
    "page_no": 13
  },
  {
    "question": "19",
    "text": "19aii",
    "x": 119,
    "y": 531,
    "page_width": 1754,
    "page_height": 1241,
    "page_no": 13
  },
  {
    "question": "19",
    "text": "19aiii",
    "x": 119,
    "y": 799,
    "page_width": 1754,
    "page_height": 1241,
    "page_no": 13
  },
  {
    "question": "19",
    "text": "19bi",
    "x": 119,
    "y": 184,
    "page_width": 1754,
    "page_height": 1241,
    "page_no": 14
  },
  {
    "question": "19",
    "text": "19ci",
    "x": 119,
    "y": 184,
    "page_width": 1754,
    "page_height": 1241,
    "page_no": 15
  },
  {
    "question": "19",
    "text": "19cii",
    "x": 119,
    "y": 589,
    "page_width": 1754,
    "page_height": 1241,
    "page_no": 15
  },
  {
    "question": "19",
    "text": "19di",
    "x": 119,
    "y": 212,
    "page_width": 1754,
    "page_height": 1241,
    "page_no": 16
  },
  {
    "question": "19",
    "text": "19dii",
    "x": 119,
    "y": 656,
    "page_width": 1754,
    "page_height": 1241,
    "page_no": 16
  },
  {
    "question": "20",
    "text": "20ai",
    "x": 118,
    "y": 184,
    "page_width": 1754,
    "page_height": 1241,
    "page_no": 17
  },
  {
    "question": "20",
    "text": "20aii",
    "x": 118,
    "y": 382,
    "page_width": 1754,
    "page_height": 1241,
    "page_no": 17
  },
  {
    "question": "20",
    "text": "20aiii",
    "x": 118,
    "y": 184,
    "page_width": 1754,
    "page_height": 1241,
    "page_no": 18
  },
  {
    "question": "20",
    "text": "20aiv",
    "x": 118,
    "y": 184,
    "page_width": 1754,
    "page_height": 1241,
    "page_no": 19
  },
  {
    "question": "20",
    "text": "20b",
    "x": 118,
    "y": 184,
    "page_width": 1754,
    "page_height": 1241,
    "page_no": 20
  },
  {
    "question": "21",
    "text": "21a",
    "x": 118,
    "y": 212,
    "page_width": 1754,
    "page_height": 1241,
    "page_no": 21
  },
  {
    "question": "21",
    "text": "21bi",
    "x": 118,
    "y": 679,
    "page_width": 1754,
    "page_height": 1241,
    "page_no": 21
  },
  {
    "question": "21",
    "text": "21bii",
    "x": 118,
    "y": 212,
    "page_width": 1754,
    "page_height": 1241,
    "page_no": 22
  },
  {
    "question": "22",
    "text": "22a",
    "x": 118,
    "y": 184,
    "page_width": 1754,
    "page_height": 1241,
    "page_no": 23
  },
  {
    "question": "22",
    "text": "22aii",
    "x": 121,
    "y": 480,
    "page_width": 1754,
    "page_height": 1241,
    "page_no": 23
  },
  {
    "question": "22",
    "text": "22b",
    "x": 118,
    "y": 184,
    "page_width": 1754,
    "page_height": 1241,
    "page_no": 24
  },
  {
    "question": "22",
    "text": "22e",
    "x": 118,
    "y": 905,
    "page_width": 1754,
    "page_height": 1241,
    "page_no": 24
  },
  {
    "question": "22",
    "text": "22cii",
    "x": 118,
    "y": 180,
    "page_width": 1754,
    "page_height": 1241,
    "page_no": 25
  },
  {
    "question": "22",
    "text": "22ciii",
    "x": 118,
    "y": 589,
    "page_width": 1754,
    "page_height": 1241,
    "page_no": 25
  },
  {
    "question": "22",
    "text": "22civ",
    "x": 118,
    "y": 791,
    "page_width": 1754,
    "page_height": 1241,
    "page_no": 25
  },
  {
    "question": "22",
    "text": "22di",
    "x": 118,
    "y": 184,
    "page_width": 1754,
    "page_height": 1241,
    "page_no": 26
  },
  {
    "question": "22",
    "text": "22dii",
    "x": 118,
    "y": 501,
    "page_width": 1754,
    "page_height": 1241,
    "page_no": 26
  },
  {
    "question": "22",
    "text": "22e",
    "x": 118,
    "y": 184,
    "page_width": 1754,
    "page_height": 1241,
    "page_no": 27
  }
]