[
  {
    "question": "1",
    "text": "1",
    "x": 163,
    "y": 253,
    "page_width": 1755,
    "page_height": 1241,
    "page_no": 5
  },
  {
    "question": "2",
    "text": "2",
    "x": 162,
    "y": 525,
    "page_width": 1755,
    "page_height": 1241,
    "page_no": 5
  },
  {
    "question": "3",
    "text": "3",
    "x": 162,
    "y": 793,
    "page_width": 1755,
    "page_height": 1241,
    "page_no": 5
  },
  {
    "question": "4",
    "text": "4",
    "x": 162,
    "y": 190,
    "page_width": 1755,
    "page_height": 1241,
    "page_no": 6
  },
  {
    "question": "5",
    "text": "5",
    "x": 163,
    "y": 495,
    "page_width": 1755,
    "page_height": 1241,
    "page_no": 6
  },
  {
    "question": "6",
    "text": "6",
    "x": 162,
    "y": 767,
    "page_width": 1755,
    "page_height": 1241,
    "page_no": 6
  },
  {
    "question": "7",
    "text": "7",
    "x": 162,
    "y": 190,
    "page_width": 1755,
    "page_height": 1241,
    "page_no": 7
  },
  {
    "question": "8",
    "text": "8a",
    "x": 162,
    "y": 494,
    "page_width": 1755,
    "page_height": 1241,
    "page_no": 7
  },
  {
    "question": "8",
    "text": "8b",
    "x": 162,
    "y": 767,
    "page_width": 1755,
    "page_height": 1241,
    "page_no": 7
  },
  {
    "question": "9",
    "text": "9",
    "x": 162,
    "y": 189,
    "page_width": 1755,
    "page_height": 1241,
    "page_no": 8
  },
  {
    "question": "10",
    "text": "10",
    "x": 163,
    "y": 463,
    "page_width": 1755,
    "page_height": 1241,
    "page_no": 8
  },
  {
    "question": "11",
    "text": "11",
    "x": 163,
    "y": 737,
    "page_width": 1755,
    "page_height": 1241,
    "page_no": 8
  },
  {
    "question": "12",
    "text": "12",
    "x": 163,
    "y": 189,
    "page_width": 1755,
    "page_height": 1241,
    "page_no": 9
  },
  {
    "question": "13",
    "text": "13",
    "x": 163,
    "y": 458,
    "page_width": 1755,
    "page_height": 1241,
    "page_no": 9
  },
  {
    "question": "14",
    "text": "14",
    "x": 163,
    "y": 731,
    "page_width": 1755,
    "page_height": 1241,
    "page_no": 9
  },
  {
    "question": "15",
    "text": "15",
    "x": 163,
    "y": 190,
    "page_width": 1755,
    "page_height": 1241,
    "page_no": 10
  },
  {
    "question": "16",
    "text": "16",
    "x": 163,
    "y": 458,
    "page_width": 1755,
    "page_height": 1241,
    "page_no": 10
  },
  {
    "question": "17",
    "text": "17",
    "x": 163,
    "y": 727,
    "page_width": 1755,
    "page_height": 1241,
    "page_no": 10
  },
  {
    "question": "18",
    "text": "18",
    "x": 163,
    "y": 189,
    "page_width": 1755,
    "page_height": 1241,
    "page_no": 11
  },
  {
    "question": "19",
    "text": "19",
    "x": 163,
    "y": 464,
    "page_width": 1755,
    "page_height": 1241,
    "page_no": 11
  },
  {
    "question": "20",
    "text": "20a",
    "x": 118,
    "y": 237,
    "page_width": 1755,
    "page_height": 1241,
    "page_no": 12
  },
  {
    "question": "20",
    "text": "20bi",
    "x": 118,
    "y": 549,
    "page_width": 1755,
    "page_height": 1241,
    "page_no": 12
  },
  {
    "question": "20",
    "text": "20bii",
    "x": 118,
    "y": 175,
    "page_width": 1755,
    "page_height": 1241,
    "page_no": 13
  },
  {
    "question": "20",
    "text": "20c",
    "x": 118,
    "y": 171,
    "page_width": 1755,
    "page_height": 1241,
    "page_no": 14
  },
  {
    "question": "21",
    "text": "21ai",
    "x": 118,
    "y": 175,
    "page_width": 1755,
    "page_height": 1241,
    "page_no": 15
  },
  {
    "question": "21",
    "text": "21aii",
    "x": 118,
    "y": 481,
    "page_width": 1755,
    "page_height": 1241,
    "page_no": 15
  },
  {
    "question": "21",
    "text": "21bi",
    "x": 118,
    "y": 175,
    "page_width": 1755,
    "page_height": 1241,
    "page_no": 16
  },
  {
    "question": "21",
    "text": "21bii",
    "x": 118,
    "y": 385,
    "page_width": 1755,
    "page_height": 1241,
    "page_no": 16
  },
  {
    "question": "21",
    "text": "21biii_",
    "x": 118,
    "y": 772,
    "page_width": 1755,
    "page_height": 1241,
    "page_no": 16
  },
  {
    "question": "21",
    "text": "21c",
    "x": 118,
    "y": 175,
    "page_width": 1755,
    "page_height": 1241,
    "page_no": 17
  },
  {
    "question": "22",
    "text": "22a",
    "x": 118,
    "y": 175,
    "page_width": 1755,
    "page_height": 1241,
    "page_no": 18
  },
  {
    "question": "22",
    "text": "22bi",
    "x": 118,
    "y": 421,
    "page_width": 1755,
    "page_height": 1241,
    "page_no": 18
  },
  {
    "question": "22",
    "text": "22bii",
    "x": 118,
    "y": 629,
    "page_width": 1755,
    "page_height": 1241,
    "page_no": 18
  },
  {
    "question": "22",
    "text": "22",
    "x": 118,
    "y": 175,
    "page_width": 1755,
    "page_height": 1241,
    "page_no": 19
  },
  {
    "question": "23",
    "text": "23",
    "x": 118,
    "y": 175,
    "page_width": 1755,
    "page_height": 1241,
    "page_no": 21
  },
  {
    "question": "23",
    "text": "23",
    "x": 118,
    "y": 499,
    "page_width": 1755,
    "page_height": 1241,
    "page_no": 21
  },
  {
    "question": "23",
    "text": "23",
    "x": 118,
    "y": 175,
    "page_width": 1755,
    "page_height": 1241,
    "page_no": 22
  },
  {
    "question": "24",
    "text": "24a",
    "x": 118,
    "y": 223,
    "page_width": 1755,
    "page_height": 1241,
    "page_no": 23
  },
  {
    "question": "24",
    "text": "24b",
    "x": 118,
    "y": 675,
    "page_width": 1755,
    "page_height": 1241,
    "page_no": 23
  },
  {
    "question": "24",
    "text": "24c",
    "x": 118,
    "y": 171,
    "page_width": 1755,
    "page_height": 1241,
    "page_no": 24
  },
  {
    "question": "24",
    "text": "24di",
    "x": 118,
    "y": 495,
    "page_width": 1755,
    "page_height": 1241,
    "page_no": 24
  },
  {
    "question": "24",
    "text": "24dii_|",
    "x": 118,
    "y": 986,
    "page_width": 1755,
    "page_height": 1241,
    "page_no": 24
  },
  {
    "question": "24",
    "text": "24ei",
    "x": 118,
    "y": 175,
    "page_width": 1755,
    "page_height": 1241,
    "page_no": 25
  },
  {
    "question": "24",
    "text": "24eii",
    "x": 118,
    "y": 468,
    "page_width": 1755,
    "page_height": 1241,
    "page_no": 25
  },
  {
    "question": "24",
    "text": "24fi",
    "x": 118,
    "y": 170,
    "page_width": 1755,
    "page_height": 1241,
    "page_no": 26
  },
  {
    "question": "24",
    "text": "24fii",
    "x": 118,
    "y": 619,
    "page_width": 1755,
    "page_height": 1241,
    "page_no": 26
  },
  {
    "question": "24",
    "text": "24gi",
    "x": 118,
    "y": 175,
    "page_width": 1755,
    "page_height": 1241,
    "page_no": 27
  },
  {
    "question": "24",
    "text": "24gii",
    "x": 118,
    "y": 450,
    "page_width": 1755,
    "page_height": 1241,
    "page_no": 27
  }
]