[
  {
    "question": "11",
    "text": "11",
    "x": 108,
    "y": 905,
    "page_width": 1241,
    "page_height": 1754,
    "page_no": 2
  },
  {
    "question": "12",
    "text": "12",
    "x": 108,
    "y": 936,
    "page_width": 1241,
    "page_height": 1754,
    "page_no": 2
  },
  {
    "question": "13",
    "text": "13",
    "x": 108,
    "y": 968,
    "page_width": 1241,
    "page_height": 1754,
    "page_no": 2
  },
  {
    "question": "14",
    "text": "14",
    "x": 108,
    "y": 1001,
    "page_width": 1241,
    "page_height": 1754,
    "page_no": 2
  },
  {
    "question": "15",
    "text": "15",
    "x": 108,
    "y": 1033,
    "page_width": 1241,
    "page_height": 1754,
    "page_no": 2
  },
  {
    "question": "16",
    "text": "16",
    "x": 108,
    "y": 1064,
    "page_width": 1241,
    "page_height": 1754,
    "page_no": 2
  },
  {
    "question": "17",
    "text": "17",
    "x": 108,
    "y": 1097,
    "page_width": 1241,
    "page_height": 1754,
    "page_no": 2
  },
  {
    "question": "18",
    "text": "18",
    "x": 108,
    "y": 1128,
    "page_width": 1241,
    "page_height": 1754,
    "page_no": 2
  },
  {
    "question": "19",
    "text": "19",
    "x": 108,
    "y": 1160,
    "page_width": 1241,
    "page_height": 1754,
    "page_no": 2
  },
  {
    "question": "20",
    "text": "20",
    "x": 107,
    "y": 1191,
    "page_width": 1241,
    "page_height": 1754,
    "page_no": 2
  },
  {
    "question": "21",
    "text": "21",
    "x": 107,
    "y": 1223,
    "page_width": 1241,
    "page_height": 1754,
    "page_no": 2
  },
  {
    "question": "22",
    "text": "22",
    "x": 107,
    "y": 1255,
    "page_width": 1241,
    "page_height": 1754,
    "page_no": 2
  },
  {
    "question": "23",
    "text": "23",
    "x": 107,
    "y": 1287,
    "page_width": 1241,
    "page_height": 1754,
    "page_no": 2
  },
  {
    "question": "24",
    "text": "24",
    "x": 107,
    "y": 1319,
    "page_width": 1241,
    "page_height": 1754,
    "page_no": 2
  },
  {
    "question": "25",
    "text": "25",
    "x": 107,
    "y": 1351,
    "page_width": 1241,
    "page_height": 1754,
    "page_no": 2
  },
  {
    "question": "26",
    "text": "26",
    "x": 107,
    "y": 1383,
    "page_width": 1241,
    "page_height": 1754,
    "page_no": 2
  },
  {
    "question": "27",
    "text": "27",
    "x": 107,
    "y": 1415,
    "page_width": 1241,
    "page_height": 1754,
    "page_no": 2
  },
  {
    "question": "28",
    "text": "28",
    "x": 107,
    "y": 1447,
    "page_width": 1241,
    "page_height": 1754,
    "page_no": 2
  },
  {
    "question": "29",
    "text": "29",
    "x": 107,
    "y": 1479,
    "page_width": 1241,
    "page_height": 1754,
    "page_no": 2
  },
  {
    "question": "30",
    "text": "30",
    "x": 107,
    "y": 1510,
    "page_width": 1241,
    "page_height": 1754,
    "page_no": 2
  },
  {
    "question": "21",
    "text": "21",
    "x": 125,
    "y": 1113,
    "page_width": 1241,
    "page_height": 1754,
    "page_no": 3
  },
  {
    "question": "22",
    "text": "22",
    "x": 125,
    "y": 1143,
    "page_width": 1241,
    "page_height": 1754,
    "page_no": 3
  },
  {
    "question": "23",
    "text": "23",
    "x": 125,
    "y": 1173,
    "page_width": 1241,
    "page_height": 1754,
    "page_no": 3
  },
  {
    "question": "24",
    "text": "24",
    "x": 125,
    "y": 1203,
    "page_width": 1241,
    "page_height": 1754,
    "page_no": 3
  },
  {
    "question": "25",
    "text": "25",
    "x": 125,
    "y": 1234,
    "page_width": 1241,
    "page_height": 1754,
    "page_no": 3
  },
  {
    "question": "26",
    "text": "26",
    "x": 125,
    "y": 1264,
    "page_width": 1241,
    "page_height": 1754,
    "page_no": 3
  },
  {
    "question": "27",
    "text": "27",
    "x": 125,
    "y": 1294,
    "page_width": 1241,
    "page_height": 1754,
    "page_no": 3
  },
  {
    "question": "28",
    "text": "28",
    "x": 125,
    "y": 1324,
    "page_width": 1241,
    "page_height": 1754,
    "page_no": 3
  },
  {
    "question": "29",
    "text": "29",
    "x": 125,
    "y": 1354,
    "page_width": 1241,
    "page_height": 1754,
    "page_no": 3
  },
  {
    "question": "30",
    "text": "30",
    "x": 125,
    "y": 1384,
    "page_width": 1241,
    "page_height": 1754,
    "page_no": 3
  },
  {
    "question": "40",
    "text": "40",
    "x": 125,
    "y": 1433,
    "page_width": 1241,
    "page_height": 1754,
    "page_no": 3
  },
  {
    "question": "50",
    "text": "50",
    "x": 125,
    "y": 1464,
    "page_width": 1241,
    "page_height": 1754,
    "page_no": 3
  },
  {
    "question": "60",
    "text": "60",
    "x": 125,
    "y": 1496,
    "page_width": 1241,
    "page_height": 1754,
    "page_no": 3
  },
  {
    "question": "70",
    "text": "70",
    "x": 125,
    "y": 1527,
    "page_width": 1241,
    "page_height": 1754,
    "page_no": 3
  },
  {
    "question": "1",
    "text": "1",
    "x": 91,
    "y": 283,
    "page_width": 1241,
    "page_height": 1754,
    "page_no": 5
  },
  {
    "question": "2",
    "text": "2.",
    "x": 89,
    "y": 132,
    "page_width": 1241,
    "page_height": 1754,
    "page_no": 7
  },
  {
    "question": "3",
    "text": "3",
    "x": 89,
    "y": 132,
    "page_width": 1241,
    "page_height": 1754,
    "page_no": 10
  },
  {
    "question": "4",
    "text": "4",
    "x": 89,
    "y": 133,
    "page_width": 1241,
    "page_height": 1754,
    "page_no": 12
  },
  {
    "question": "5",
    "text": "5",
    "x": 90,
    "y": 133,
    "page_width": 1241,
    "page_height": 1754,
    "page_no": 15
  },
  {
    "question": "6",
    "text": "6",
    "x": 89,
    "y": 282,
    "page_width": 1241,
    "page_height": 1754,
    "page_no": 18
  },
  {
    "question": "7",
    "text": "7",
    "x": 90,
    "y": 133,
    "page_width": 1241,
    "page_height": 1754,
    "page_no": 19
  },
  {
    "question": "8",
    "text": "8",
    "x": 89,
    "y": 132,
    "page_width": 1241,
    "page_height": 1754,
    "page_no": 23
  },
  {
    "question": "9",
    "text": "9",
    "x": 89,
    "y": 132,
    "page_width": 1241,
    "page_height": 1754,
    "page_no": 25
  },
  {
    "question": "10",
    "text": "10",
    "x": 91,
    "y": 132,
    "page_width": 1241,
    "page_height": 1754,
    "page_no": 26
  },
  {
    "question": "11",
    "text": "11",
    "x": 91,
    "y": 233,
    "page_width": 1241,
    "page_height": 1754,
    "page_no": 28
  },
  {
    "question": "12",
    "text": "12",
    "x": 91,
    "y": 132,
    "page_width": 1241,
    "page_height": 1754,
    "page_no": 31
  },
  {
    "question": "38",
    "text": "38",
    "x": 13,
    "y": 611,
    "page_width": 1241,
    "page_height": 1754,
    "page_no": 5
  },
  {
    "question": "22",
    "text": "22",
    "x": 13,
    "y": 1138,
    "page_width": 1241,
    "page_height": 1754,
    "page_no": 5
  },
  {
    "question": "20",
    "text": "203",
    "x": 13,
    "y": 1270,
    "page_width": 1241,
    "page_height": 1754,
    "page_no": 11
  },
  {
    "question": "20",
    "text": "203",
    "x": 13,
    "y": 1270,
    "page_width": 1241,
    "page_height": 1754,
    "page_no": 13
  },
  {
    "question": "2",
    "text": "2",
    "x": 13,
    "y": 1207,
    "page_width": 1241,
    "page_height": 1754,
    "page_no": 15
  },
  {
    "question": "23",
    "text": "23",
    "x": 13,
    "y": 1143,
    "page_width": 1241,
    "page_height": 1754,
    "page_no": 23
  },
  {
    "question": "2",
    "text": "2",
    "x": 13,
    "y": 1207,
    "page_width": 1241,
    "page_height": 1754,
    "page_no": 27
  }
]