[
  {
    "question": "1",
    "text": "1.",
    "x": 115,
    "y": 132,
    "page_width": 1241,
    "page_height": 1754,
    "page_no": 2
  },
  {
    "question": "4",
    "text": "4.",
    "x": 114,
    "y": 132,
    "page_width": 1241,
    "page_height": 1754,
    "page_no": 12
  },
  {
    "question": "5",
    "text": "5.",
    "x": 114,
    "y": 132,
    "page_width": 1241,
    "page_height": 1754,
    "page_no": 14
  },
  {
    "question": "6",
    "text": "6.",
    "x": 114,
    "y": 132,
    "page_width": 1241,
    "page_height": 1754,
    "page_no": 18
  },
  {
    "question": "7",
    "text": "7.",
    "x": 114,
    "y": 132,
    "page_width": 1241,
    "page_height": 1754,
    "page_no": 22
  },
  {
    "question": "8",
    "text": "8.",
    "x": 114,
    "y": 132,
    "page_width": 1241,
    "page_height": 1754,
    "page_no": 26
  },
  {
    "question": "9",
    "text": "9.",
    "x": 114,
    "y": 132,
    "page_width": 1241,
    "page_height": 1754,
    "page_no": 30
  }
]