[
  {
    "question": "11",
    "text": "11",
    "x": 131,
    "y": 794,
    "page_width": 1241,
    "page_height": 1754,
    "page_no": 3
  },
  {
    "question": "12",
    "text": "12",
    "x": 131,
    "y": 824,
    "page_width": 1241,
    "page_height": 1754,
    "page_no": 3
  },
  {
    "question": "13",
    "text": "13",
    "x": 131,
    "y": 854,
    "page_width": 1241,
    "page_height": 1754,
    "page_no": 3
  },
  {
    "question": "14",
    "text": "14",
    "x": 131,
    "y": 884,
    "page_width": 1241,
    "page_height": 1754,
    "page_no": 3
  },
  {
    "question": "15",
    "text": "15",
    "x": 131,
    "y": 914,
    "page_width": 1241,
    "page_height": 1754,
    "page_no": 3
  },
  {
    "question": "16",
    "text": "16",
    "x": 131,
    "y": 945,
    "page_width": 1241,
    "page_height": 1754,
    "page_no": 3
  },
  {
    "question": "17",
    "text": "17",
    "x": 131,
    "y": 975,
    "page_width": 1241,
    "page_height": 1754,
    "page_no": 3
  },
  {
    "question": "18",
    "text": "18",
    "x": 131,
    "y": 1005,
    "page_width": 1241,
    "page_height": 1754,
    "page_no": 3
  },
  {
    "question": "19",
    "text": "19",
    "x": 131,
    "y": 1035,
    "page_width": 1241,
    "page_height": 1754,
    "page_no": 3
  },
  {
    "question": "20",
    "text": "20",
    "x": 129,
    "y": 1065,
    "page_width": 1241,
    "page_height": 1754,
    "page_no": 3
  },
  {
    "question": "21",
    "text": "21",
    "x": 129,
    "y": 1114,
    "page_width": 1241,
    "page_height": 1754,
    "page_no": 3
  },
  {
    "question": "22",
    "text": "22",
    "x": 129,
    "y": 1144,
    "page_width": 1241,
    "page_height": 1754,
    "page_no": 3
  },
  {
    "question": "23",
    "text": "23",
    "x": 129,
    "y": 1174,
    "page_width": 1241,
    "page_height": 1754,
    "page_no": 3
  },
  {
    "question": "24",
    "text": "24",
    "x": 129,
    "y": 1204,
    "page_width": 1241,
    "page_height": 1754,
    "page_no": 3
  },
  {
    "question": "25",
    "text": "25",
    "x": 129,
    "y": 1234,
    "page_width": 1241,
    "page_height": 1754,
    "page_no": 3
  },
  {
    "question": "26",
    "text": "26",
    "x": 129,
    "y": 1264,
    "page_width": 1241,
    "page_height": 1754,
    "page_no": 3
  },
  {
    "question": "27",
    "text": "27",
    "x": 129,
    "y": 1295,
    "page_width": 1241,
    "page_height": 1754,
    "page_no": 3
  },
  {
    "question": "28",
    "text": "28",
    "x": 129,
    "y": 1325,
    "page_width": 1241,
    "page_height": 1754,
    "page_no": 3
  },
  {
    "question": "29",
    "text": "29",
    "x": 129,
    "y": 1355,
    "page_width": 1241,
    "page_height": 1754,
    "page_no": 3
  },
  {
    "question": "30",
    "text": "30",
    "x": 129,
    "y": 1385,
    "page_width": 1241,
    "page_height": 1754,
    "page_no": 3
  },
  {
    "question": "40",
    "text": "40",
    "x": 128,
    "y": 1434,
    "page_width": 1241,
    "page_height": 1754,
    "page_no": 3
  },
  {
    "question": "50",
    "text": "50",
    "x": 129,
    "y": 1465,
    "page_width": 1241,
    "page_height": 1754,
    "page_no": 3
  },
  {
    "question": "60",
    "text": "60",
    "x": 128,
    "y": 1496,
    "page_width": 1241,
    "page_height": 1754,
    "page_no": 3
  },
  {
    "question": "70",
    "text": "70",
    "x": 129,
    "y": 1528,
    "page_width": 1241,
    "page_height": 1754,
    "page_no": 3
  },
  {
    "question": "2",
    "text": "2",
    "x": 11,
    "y": 352,
    "page_width": 1241,
    "page_height": 1754,
    "page_no": 5
  },
  {
    "question": "0",
    "text": "0",
    "x": 11,
    "y": 1207,
    "page_width": 1241,
    "page_height": 1754,
    "page_no": 5
  },
  {
    "question": "28",
    "text": "28",
    "x": 11,
    "y": 1336,
    "page_width": 1241,
    "page_height": 1754,
    "page_no": 5
  },
  {
    "question": "32",
    "text": "328",
    "x": 11,
    "y": 1399,
    "page_width": 1241,
    "page_height": 1754,
    "page_no": 5
  },
  {
    "question": "00",
    "text": "00",
    "x": 11,
    "y": 1140,
    "page_width": 1241,
    "page_height": 1754,
    "page_no": 7
  },
  {
    "question": "0",
    "text": "0",
    "x": 11,
    "y": 1207,
    "page_width": 1241,
    "page_height": 1754,
    "page_no": 7
  },
  {
    "question": "38",
    "text": "38",
    "x": 11,
    "y": 1273,
    "page_width": 1241,
    "page_height": 1754,
    "page_no": 7
  },
  {
    "question": "22",
    "text": "22",
    "x": 11,
    "y": 611,
    "page_width": 1241,
    "page_height": 1754,
    "page_no": 9
  },
  {
    "question": "2",
    "text": "2",
    "x": 11,
    "y": 951,
    "page_width": 1241,
    "page_height": 1754,
    "page_no": 9
  },
  {
    "question": "2",
    "text": "2",
    "x": 11,
    "y": 1014,
    "page_width": 1241,
    "page_height": 1754,
    "page_no": 9
  },
  {
    "question": "0",
    "text": "0",
    "x": 11,
    "y": 1207,
    "page_width": 1241,
    "page_height": 1754,
    "page_no": 9
  },
  {
    "question": "3",
    "text": "3",
    "x": 11,
    "y": 1143,
    "page_width": 1241,
    "page_height": 1754,
    "page_no": 9
  },
  {
    "question": "2",
    "text": "2K",
    "x": 11,
    "y": 418,
    "page_width": 1241,
    "page_height": 1754,
    "page_no": 13
  },
  {
    "question": "28",
    "text": "28",
    "x": 11,
    "y": 482,
    "page_width": 1241,
    "page_height": 1754,
    "page_no": 13
  },
  {
    "question": "00",
    "text": "00",
    "x": 11,
    "y": 1140,
    "page_width": 1241,
    "page_height": 1754,
    "page_no": 13
  },
  {
    "question": "30",
    "text": "3098",
    "x": 11,
    "y": 1375,
    "page_width": 1241,
    "page_height": 1754,
    "page_no": 13
  },
  {
    "question": "28",
    "text": "28",
    "x": 11,
    "y": 482,
    "page_width": 1241,
    "page_height": 1754,
    "page_no": 15
  },
  {
    "question": "28",
    "text": "28",
    "x": 11,
    "y": 546,
    "page_width": 1241,
    "page_height": 1754,
    "page_no": 15
  },
  {
    "question": "00",
    "text": "00",
    "x": 11,
    "y": 1140,
    "page_width": 1241,
    "page_height": 1754,
    "page_no": 15
  },
  {
    "question": "0",
    "text": "0",
    "x": 11,
    "y": 1207,
    "page_width": 1241,
    "page_height": 1754,
    "page_no": 15
  },
  {
    "question": "03",
    "text": "036",
    "x": 14,
    "y": 267,
    "page_width": 1241,
    "page_height": 1754,
    "page_no": 17
  },
  {
    "question": "2",
    "text": "2",
    "x": 11,
    "y": 1014,
    "page_width": 1241,
    "page_height": 1754,
    "page_no": 17
  },
  {
    "question": "0",
    "text": "0",
    "x": 11,
    "y": 1207,
    "page_width": 1241,
    "page_height": 1754,
    "page_no": 17
  },
  {
    "question": "3",
    "text": "3",
    "x": 11,
    "y": 1143,
    "page_width": 1241,
    "page_height": 1754,
    "page_no": 17
  },
  {
    "question": "00",
    "text": "00",
    "x": 11,
    "y": 1140,
    "page_width": 1241,
    "page_height": 1754,
    "page_no": 19
  },
  {
    "question": "0",
    "text": "0",
    "x": 11,
    "y": 1207,
    "page_width": 1241,
    "page_height": 1754,
    "page_no": 19
  },
  {
    "question": "38",
    "text": "38",
    "x": 11,
    "y": 1273,
    "page_width": 1241,
    "page_height": 1754,
    "page_no": 19
  },
  {
    "question": "2",
    "text": "2K",
    "x": 11,
    "y": 418,
    "page_width": 1241,
    "page_height": 1754,
    "page_no": 23
  },
  {
    "question": "28",
    "text": "28",
    "x": 11,
    "y": 482,
    "page_width": 1241,
    "page_height": 1754,
    "page_no": 23
  },
  {
    "question": "00",
    "text": "00",
    "x": 11,
    "y": 1140,
    "page_width": 1241,
    "page_height": 1754,
    "page_no": 23
  },
  {
    "question": "30",
    "text": "3098",
    "x": 11,
    "y": 1375,
    "page_width": 1241,
    "page_height": 1754,
    "page_no": 23
  },
  {
    "question": "28",
    "text": "28",
    "x": 11,
    "y": 482,
    "page_width": 1241,
    "page_height": 1754,
    "page_no": 25
  },
  {
    "question": "28",
    "text": "28",
    "x": 11,
    "y": 546,
    "page_width": 1241,
    "page_height": 1754,
    "page_no": 25
  },
  {
    "question": "00",
    "text": "00",
    "x": 11,
    "y": 1140,
    "page_width": 1241,
    "page_height": 1754,
    "page_no": 25
  },
  {
    "question": "0",
    "text": "0",
    "x": 11,
    "y": 1207,
    "page_width": 1241,
    "page_height": 1754,
    "page_no": 25
  },
  {
    "question": "00",
    "text": "00",
    "x": 11,
    "y": 1140,
    "page_width": 1241,
    "page_height": 1754,
    "page_no": 29
  },
  {
    "question": "0",
    "text": "0",
    "x": 11,
    "y": 1207,
    "page_width": 1241,
    "page_height": 1754,
    "page_no": 29
  },
  {
    "question": "38",
    "text": "38",
    "x": 11,
    "y": 1273,
    "page_width": 1241,
    "page_height": 1754,
    "page_no": 29
  },
  {
    "question": "2",
    "text": "2K",
    "x": 11,
    "y": 418,
    "page_width": 1241,
    "page_height": 1754,
    "page_no": 33
  },
  {
    "question": "28",
    "text": "28",
    "x": 11,
    "y": 482,
    "page_width": 1241,
    "page_height": 1754,
    "page_no": 33
  },
  {
    "question": "00",
    "text": "00",
    "x": 11,
    "y": 1140,
    "page_width": 1241,
    "page_height": 1754,
    "page_no": 33
  },
  {
    "question": "30",
    "text": "3098",
    "x": 11,
    "y": 1375,
    "page_width": 1241,
    "page_height": 1754,
    "page_no": 33
  },
  {
    "question": "28",
    "text": "28",
    "x": 11,
    "y": 482,
    "page_width": 1241,
    "page_height": 1754,
    "page_no": 35
  },
  {
    "question": "28",
    "text": "28",
    "x": 11,
    "y": 546,
    "page_width": 1241,
    "page_height": 1754,
    "page_no": 35
  },
  {
    "question": "00",
    "text": "00",
    "x": 11,
    "y": 1140,
    "page_width": 1241,
    "page_height": 1754,
    "page_no": 35
  },
  {
    "question": "0",
    "text": "0",
    "x": 11,
    "y": 1207,
    "page_width": 1241,
    "page_height": 1754,
    "page_no": 35
  },
  {
    "question": "5",
    "text": "5",
    "x": 47,
    "y": 1392,
    "page_width": 1241,
    "page_height": 1754,
    "page_no": 5
  },
  {
    "question": "5",
    "text": "5",
    "x": 47,
    "y": 1392,
    "page_width": 1241,
    "page_height": 1754,
    "page_no": 13
  },
  {
    "question": "8",
    "text": "8",
    "x": 49,
    "y": 547,
    "page_width": 1241,
    "page_height": 1754,
    "page_no": 15
  },
  {
    "question": "5",
    "text": "5",
    "x": 47,
    "y": 1392,
    "page_width": 1241,
    "page_height": 1754,
    "page_no": 15
  },
  {
    "question": "5",
    "text": "5",
    "x": 47,
    "y": 1392,
    "page_width": 1241,
    "page_height": 1754,
    "page_no": 23
  },
  {
    "question": "8",
    "text": "8",
    "x": 49,
    "y": 547,
    "page_width": 1241,
    "page_height": 1754,
    "page_no": 25
  },
  {
    "question": "5",
    "text": "5",
    "x": 47,
    "y": 1392,
    "page_width": 1241,
    "page_height": 1754,
    "page_no": 25
  },
  {
    "question": "5",
    "text": "5",
    "x": 47,
    "y": 1392,
    "page_width": 1241,
    "page_height": 1754,
    "page_no": 33
  },
  {
    "question": "8",
    "text": "8",
    "x": 49,
    "y": 547,
    "page_width": 1241,
    "page_height": 1754,
    "page_no": 35
  },
  {
    "question": "5",
    "text": "5",
    "x": 47,
    "y": 1392,
    "page_width": 1241,
    "page_height": 1754,
    "page_no": 35
  },
  {
    "question": "1",
    "text": "1",
    "x": 91,
    "y": 283,
    "page_width": 1241,
    "page_height": 1754,
    "page_no": 6
  },
  {
    "question": "2",
    "text": "2.",
    "x": 89,
    "y": 132,
    "page_width": 1241,
    "page_height": 1754,
    "page_no": 8
  },
  {
    "question": "3",
    "text": "3",
    "x": 89,
    "y": 132,
    "page_width": 1241,
    "page_height": 1754,
    "page_no": 11
  },
  {
    "question": "5",
    "text": "5",
    "x": 90,
    "y": 133,
    "page_width": 1241,
    "page_height": 1754,
    "page_no": 14
  },
  {
    "question": "6",
    "text": "6",
    "x": 89,
    "y": 488,
    "page_width": 1241,
    "page_height": 1754,
    "page_no": 16
  },
  {
    "question": "7",
    "text": "7",
    "x": 90,
    "y": 133,
    "page_width": 1241,
    "page_height": 1754,
    "page_no": 18
  },
  {
    "question": "8",
    "text": "8",
    "x": 89,
    "y": 132,
    "page_width": 1241,
    "page_height": 1754,
    "page_no": 19
  },
  {
    "question": "9",
    "text": "9",
    "x": 89,
    "y": 132,
    "page_width": 1241,
    "page_height": 1754,
    "page_no": 20
  },
  {
    "question": "10",
    "text": "10",
    "x": 91,
    "y": 132,
    "page_width": 1241,
    "page_height": 1754,
    "page_no": 22
  },
  {
    "question": "11",
    "text": "11",
    "x": 91,
    "y": 133,
    "page_width": 1241,
    "page_height": 1754,
    "page_no": 24
  },
  {
    "question": "12",
    "text": "12",
    "x": 91,
    "y": 282,
    "page_width": 1241,
    "page_height": 1754,
    "page_no": 27
  },
  {
    "question": "13",
    "text": "13",
    "x": 91,
    "y": 132,
    "page_width": 1241,
    "page_height": 1754,
    "page_no": 28
  },
  {
    "question": "14",
    "text": "14",
    "x": 91,
    "y": 133,
    "page_width": 1241,
    "page_height": 1754,
    "page_no": 29
  },
  {
    "question": "15",
    "text": "15",
    "x": 91,
    "y": 133,
    "page_width": 1241,
    "page_height": 1754,
    "page_no": 30
  },
  {
    "question": "16",
    "text": "16",
    "x": 91,
    "y": 132,
    "page_width": 1241,
    "page_height": 1754,
    "page_no": 32
  },
  {
    "question": "17",
    "text": "17",
    "x": 91,
    "y": 133,
    "page_width": 1241,
    "page_height": 1754,
    "page_no": 34
  },
  {
    "question": "8",
    "text": "8",
    "x": 27,
    "y": 224,
    "page_width": 1241,
    "page_height": 1754,
    "page_no": 9
  },
  {
    "question": "10",
    "text": "10\"",
    "x": 27,
    "y": 473,
    "page_width": 1241,
    "page_height": 1754,
    "page_no": 13
  },
  {
    "question": "10",
    "text": "10",
    "x": 27,
    "y": 473,
    "page_width": 1241,
    "page_height": 1754,
    "page_no": 15
  },
  {
    "question": "10",
    "text": "10\"",
    "x": 27,
    "y": 473,
    "page_width": 1241,
    "page_height": 1754,
    "page_no": 23
  },
  {
    "question": "10",
    "text": "10",
    "x": 27,
    "y": 473,
    "page_width": 1241,
    "page_height": 1754,
    "page_no": 25
  },
  {
    "question": "10",
    "text": "10\"",
    "x": 27,
    "y": 473,
    "page_width": 1241,
    "page_height": 1754,
    "page_no": 33
  },
  {
    "question": "10",
    "text": "10",
    "x": 27,
    "y": 473,
    "page_width": 1241,
    "page_height": 1754,
    "page_no": 35
  }
]