[
  {
    "question": "1",
    "text": "1",
    "x": 150,
    "y": 370,
    "page_width": 1359,
    "page_height": 1873,
    "page_no": 2
  },
  {
    "question": "2",
    "text": "2.",
    "x": 149,
    "y": 866,
    "page_width": 1359,
    "page_height": 1873,
    "page_no": 2
  },
  {
    "question": "3",
    "text": "3",
    "x": 149,
    "y": 1316,
    "page_width": 1359,
    "page_height": 1873,
    "page_no": 2
  },
  {
    "question": "4",
    "text": "4",
    "x": 148,
    "y": 191,
    "page_width": 1359,
    "page_height": 1873,
    "page_no": 3
  },
  {
    "question": "5",
    "text": "5",
    "x": 149,
    "y": 191,
    "page_width": 1359,
    "page_height": 1873,
    "page_no": 4
  },
  {
    "question": "6",
    "text": "6",
    "x": 148,
    "y": 190,
    "page_width": 1359,
    "page_height": 1873,
    "page_no": 5
  },
  {
    "question": "7",
    "text": "7",
    "x": 148,
    "y": 291,
    "page_width": 1359,
    "page_height": 1873,
    "page_no": 6
  },
  {
    "question": "8",
    "text": "8",
    "x": 148,
    "y": 190,
    "page_width": 1359,
    "page_height": 1873,
    "page_no": 7
  },
  {
    "question": "9",
    "text": "9",
    "x": 148,
    "y": 190,
    "page_width": 1359,
    "page_height": 1873,
    "page_no": 8
  },
  {
    "question": "10",
    "text": "10",
    "x": 150,
    "y": 190,
    "page_width": 1359,
    "page_height": 1873,
    "page_no": 9
  },
  {
    "question": "12",
    "text": "12",
    "x": 150,
    "y": 369,
    "page_width": 1359,
    "page_height": 1873,
    "page_no": 12
  },
  {
    "question": "12",
    "text": "12",
    "x": 150,
    "y": 190,
    "page_width": 1359,
    "page_height": 1873,
    "page_no": 13
  },
  {
    "question": "13",
    "text": "13",
    "x": 150,
    "y": 390,
    "page_width": 1359,
    "page_height": 1873,
    "page_no": 22
  },
  {
    "question": "14",
    "text": "14",
    "x": 150,
    "y": 703,
    "page_width": 1359,
    "page_height": 1873,
    "page_no": 22
  },
  {
    "question": "25",
    "text": "25",
    "x": 149,
    "y": 304,
    "page_width": 1359,
    "page_height": 1873,
    "page_no": 31
  },
  {
    "question": "3",
    "text": "3.3",
    "x": 149,
    "y": 608,
    "page_width": 1359,
    "page_height": 1873,
    "page_no": 31
  },
  {
    "question": "13",
    "text": "138",
    "x": 150,
    "y": 667,
    "page_width": 1359,
    "page_height": 1873,
    "page_no": 31
  },
  {
    "question": "20",
    "text": "2017",
    "x": 149,
    "y": 725,
    "page_width": 1359,
    "page_height": 1873,
    "page_no": 31
  },
  {
    "question": "20",
    "text": "2019",
    "x": 148,
    "y": 1560,
    "page_width": 1359,
    "page_height": 1873,
    "page_no": 32
  },
  {
    "question": "10",
    "text": "10",
    "x": 0,
    "y": 817,
    "page_width": 1359,
    "page_height": 1873,
    "page_no": 3
  },
  {
    "question": "52",
    "text": "52505",
    "x": 0,
    "y": 1238,
    "page_width": 1359,
    "page_height": 1873,
    "page_no": 3
  },
  {
    "question": "0",
    "text": "0\u00a2",
    "x": 0,
    "y": 261,
    "page_width": 1359,
    "page_height": 1873,
    "page_no": 7
  },
  {
    "question": "0",
    "text": "0c",
    "x": 0,
    "y": 261,
    "page_width": 1359,
    "page_height": 1873,
    "page_no": 9
  },
  {
    "question": "5",
    "text": "5",
    "x": 2,
    "y": 1694,
    "page_width": 1359,
    "page_height": 1873,
    "page_no": 19
  },
  {
    "question": "5",
    "text": "5",
    "x": 2,
    "y": 1694,
    "page_width": 1359,
    "page_height": 1873,
    "page_no": 25
  },
  {
    "question": "10",
    "text": "10",
    "x": 163,
    "y": 1728,
    "page_width": 1359,
    "page_height": 1873,
    "page_no": 10
  },
  {
    "question": "12",
    "text": "12",
    "x": 163,
    "y": 1728,
    "page_width": 1359,
    "page_height": 1873,
    "page_no": 12
  },
  {
    "question": "14",
    "text": "14",
    "x": 163,
    "y": 1728,
    "page_width": 1359,
    "page_height": 1873,
    "page_no": 14
  },
  {
    "question": "16",
    "text": "16",
    "x": 163,
    "y": 1728,
    "page_width": 1359,
    "page_height": 1873,
    "page_no": 16
  },
  {
    "question": "18",
    "text": "18",
    "x": 163,
    "y": 1728,
    "page_width": 1359,
    "page_height": 1873,
    "page_no": 18
  },
  {
    "question": "20",
    "text": "20",
    "x": 162,
    "y": 1728,
    "page_width": 1359,
    "page_height": 1873,
    "page_no": 20
  },
  {
    "question": "22",
    "text": "22",
    "x": 163,
    "y": 1728,
    "page_width": 1359,
    "page_height": 1873,
    "page_no": 22
  },
  {
    "question": "24",
    "text": "24",
    "x": 162,
    "y": 1728,
    "page_width": 1359,
    "page_height": 1873,
    "page_no": 24
  },
  {
    "question": "26",
    "text": "26",
    "x": 162,
    "y": 1728,
    "page_width": 1359,
    "page_height": 1873,
    "page_no": 26
  },
  {
    "question": "28",
    "text": "28",
    "x": 162,
    "y": 1728,
    "page_width": 1359,
    "page_height": 1873,
    "page_no": 28
  }
]