[
  {
    "question": "1",
    "text": "1.",
    "x": 99,
    "y": 230,
    "page_width": 1241,
    "page_height": 1754,
    "page_no": 4
  },
  {
    "question": "2",
    "text": "2.",
    "x": 98,
    "y": 286,
    "page_width": 1241,
    "page_height": 1754,
    "page_no": 4
  },
  {
    "question": "3",
    "text": "3.",
    "x": 97,
    "y": 641,
    "page_width": 1241,
    "page_height": 1754,
    "page_no": 4
  },
  {
    "question": "1",
    "text": "1a",
    "x": 101,
    "y": 183,
    "page_width": 1241,
    "page_height": 1754,
    "page_no": 7
  },
  {
    "question": "2",
    "text": "2a",
    "x": 100,
    "y": 178,
    "page_width": 1241,
    "page_height": 1754,
    "page_no": 8
  },
  {
    "question": "3",
    "text": "3a",
    "x": 99,
    "y": 178,
    "page_width": 1241,
    "page_height": 1754,
    "page_no": 10
  },
  {
    "question": "4",
    "text": "4a",
    "x": 100,
    "y": 202,
    "page_width": 1241,
    "page_height": 1754,
    "page_no": 12
  },
  {
    "question": "6",
    "text": "6",
    "x": 100,
    "y": 149,
    "page_width": 1241,
    "page_height": 1754,
    "page_no": 18
  },
  {
    "question": "7",
    "text": "7a",
    "x": 100,
    "y": 207,
    "page_width": 1241,
    "page_height": 1754,
    "page_no": 22
  },
  {
    "question": "1",
    "text": "1.",
    "x": 120,
    "y": 307,
    "page_width": 1241,
    "page_height": 1754,
    "page_no": 6
  },
  {
    "question": "2",
    "text": "2.",
    "x": 119,
    "y": 431,
    "page_width": 1241,
    "page_height": 1754,
    "page_no": 6
  },
  {
    "question": "3",
    "text": "3.",
    "x": 119,
    "y": 524,
    "page_width": 1241,
    "page_height": 1754,
    "page_no": 6
  },
  {
    "question": "1",
    "text": "1.",
    "x": 120,
    "y": 681,
    "page_width": 1241,
    "page_height": 1754,
    "page_no": 6
  },
  {
    "question": "2",
    "text": "2.",
    "x": 119,
    "y": 774,
    "page_width": 1241,
    "page_height": 1754,
    "page_no": 6
  },
  {
    "question": "3",
    "text": "3sin?",
    "x": 121,
    "y": 1184,
    "page_width": 1241,
    "page_height": 1754,
    "page_no": 18
  },
  {
    "question": "3",
    "text": "3x?",
    "x": 134,
    "y": 213,
    "page_width": 1241,
    "page_height": 1754,
    "page_no": 13
  },
  {
    "question": "2",
    "text": "2-}-Ser-m",
    "x": 135,
    "y": 1183,
    "page_width": 1241,
    "page_height": 1754,
    "page_no": 19
  },
  {
    "question": "2",
    "text": "2.",
    "x": 134,
    "y": 637,
    "page_width": 1241,
    "page_height": 1754,
    "page_no": 23
  },
  {
    "question": "0",
    "text": "0,",
    "x": 134,
    "y": 778,
    "page_width": 1241,
    "page_height": 1754,
    "page_no": 23
  },
  {
    "question": "5",
    "text": "5a",
    "x": 129,
    "y": 207,
    "page_width": 1241,
    "page_height": 1754,
    "page_no": 16
  },
  {
    "question": "2",
    "text": "2dp",
    "x": 124,
    "y": 1582,
    "page_width": 1241,
    "page_height": 1754,
    "page_no": 18
  },
  {
    "question": "16",
    "text": "16",
    "x": 125,
    "y": 1279,
    "page_width": 1241,
    "page_height": 1754,
    "page_no": 20
  },
  {
    "question": "27",
    "text": "27",
    "x": 123,
    "y": 1315,
    "page_width": 1241,
    "page_height": 1754,
    "page_no": 20
  },
  {
    "question": "1",
    "text": "1",
    "x": 156,
    "y": 1490,
    "page_width": 1241,
    "page_height": 1754,
    "page_no": 24
  },
  {
    "question": "3",
    "text": "3.81",
    "x": 155,
    "y": 1350,
    "page_width": 1241,
    "page_height": 1754,
    "page_no": 28
  },
  {
    "question": "3",
    "text": "3.81",
    "x": 154,
    "y": 1058,
    "page_width": 1241,
    "page_height": 1754,
    "page_no": 29
  },
  {
    "question": "3",
    "text": "3.81",
    "x": 154,
    "y": 1043,
    "page_width": 1241,
    "page_height": 1754,
    "page_no": 30
  }
]