[
  {
    "question": "1",
    "text": "1",
    "x": 161,
    "y": 363,
    "page_width": 1241,
    "page_height": 1754,
    "page_no": 4
  },
  {
    "question": "2",
    "text": "2",
    "x": 160,
    "y": 644,
    "page_width": 1241,
    "page_height": 1754,
    "page_no": 4
  },
  {
    "question": "3",
    "text": "3",
    "x": 160,
    "y": 926,
    "page_width": 1241,
    "page_height": 1754,
    "page_no": 4
  },
  {
    "question": "4",
    "text": "4",
    "x": 159,
    "y": 1207,
    "page_width": 1241,
    "page_height": 1754,
    "page_no": 4
  },
  {
    "question": "7",
    "text": "7",
    "x": 148,
    "y": 260,
    "page_width": 1241,
    "page_height": 1754,
    "page_no": 6
  },
  {
    "question": "7",
    "text": "7",
    "x": 148,
    "y": 217,
    "page_width": 1241,
    "page_height": 1754,
    "page_no": 7
  },
  {
    "question": "7",
    "text": "7c",
    "x": 148,
    "y": 217,
    "page_width": 1241,
    "page_height": 1754,
    "page_no": 8
  },
  {
    "question": "7",
    "text": "7d",
    "x": 148,
    "y": 190,
    "page_width": 1241,
    "page_height": 1754,
    "page_no": 9
  },
  {
    "question": "7",
    "text": "7e",
    "x": 148,
    "y": 203,
    "page_width": 1241,
    "page_height": 1754,
    "page_no": 11
  },
  {
    "question": "8",
    "text": "8",
    "x": 149,
    "y": 255,
    "page_width": 1241,
    "page_height": 1754,
    "page_no": 14
  },
  {
    "question": "9",
    "text": "9",
    "x": 148,
    "y": 202,
    "page_width": 1241,
    "page_height": 1754,
    "page_no": 17
  },
  {
    "question": "10",
    "text": "10",
    "x": 150,
    "y": 202,
    "page_width": 1241,
    "page_height": 1754,
    "page_no": 20
  }
]