[
  {
    "question": "10",
    "text": "100",
    "x": 61,
    "y": 905,
    "page_width": 1241,
    "page_height": 1754,
    "page_no": 2
  },
  {
    "question": "1",
    "text": "1.",
    "x": 61,
    "y": 250,
    "page_width": 1241,
    "page_height": 1754,
    "page_no": 6
  },
  {
    "question": "2",
    "text": "2.",
    "x": 60,
    "y": 403,
    "page_width": 1241,
    "page_height": 1754,
    "page_no": 6
  },
  {
    "question": "3",
    "text": "3.",
    "x": 60,
    "y": 497,
    "page_width": 1241,
    "page_height": 1754,
    "page_no": 6
  },
  {
    "question": "1",
    "text": "1.",
    "x": 61,
    "y": 669,
    "page_width": 1241,
    "page_height": 1754,
    "page_no": 6
  },
  {
    "question": "2",
    "text": "2.",
    "x": 60,
    "y": 767,
    "page_width": 1241,
    "page_height": 1754,
    "page_no": 6
  },
  {
    "question": "7",
    "text": "7.",
    "x": 98,
    "y": 150,
    "page_width": 1241,
    "page_height": 1754,
    "page_no": 5
  },
  {
    "question": "2",
    "text": "2a",
    "x": 99,
    "y": 132,
    "page_width": 1241,
    "page_height": 1754,
    "page_no": 8
  },
  {
    "question": "3",
    "text": "3",
    "x": 96,
    "y": 126,
    "page_width": 1241,
    "page_height": 1754,
    "page_no": 9
  },
  {
    "question": "5",
    "text": "5a",
    "x": 97,
    "y": 155,
    "page_width": 1241,
    "page_height": 1754,
    "page_no": 13
  },
  {
    "question": "6",
    "text": "6a",
    "x": 97,
    "y": 147,
    "page_width": 1241,
    "page_height": 1754,
    "page_no": 15
  },
  {
    "question": "10",
    "text": "10a",
    "x": 99,
    "y": 193,
    "page_width": 1241,
    "page_height": 1754,
    "page_no": 21
  }
]