[
  {
    "question": "1",
    "text": "1ai",
    "x": 152,
    "y": 129,
    "page_width": 1241,
    "page_height": 1754,
    "page_no": 2
  },
  {
    "question": "2",
    "text": "2a",
    "x": 151,
    "y": 165,
    "page_width": 1241,
    "page_height": 1754,
    "page_no": 7
  },
  {
    "question": "3",
    "text": "3",
    "x": 151,
    "y": 129,
    "page_width": 1241,
    "page_height": 1754,
    "page_no": 12
  },
  {
    "question": "2",
    "text": "2",
    "x": 151,
    "y": 540,
    "page_width": 1241,
    "page_height": 1754,
    "page_no": 16
  },
  {
    "question": "5",
    "text": "5a",
    "x": 151,
    "y": 192,
    "page_width": 1241,
    "page_height": 1754,
    "page_no": 20
  },
  {
    "question": "75",
    "text": "750",
    "x": 151,
    "y": 393,
    "page_width": 1241,
    "page_height": 1754,
    "page_no": 20
  },
  {
    "question": "30",
    "text": "300",
    "x": 151,
    "y": 572,
    "page_width": 1241,
    "page_height": 1754,
    "page_no": 20
  },
  {
    "question": "75",
    "text": "750",
    "x": 151,
    "y": 371,
    "page_width": 1241,
    "page_height": 1754,
    "page_no": 21
  },
  {
    "question": "30",
    "text": "300",
    "x": 151,
    "y": 479,
    "page_width": 1241,
    "page_height": 1754,
    "page_no": 21
  },
  {
    "question": "6",
    "text": "6",
    "x": 151,
    "y": 129,
    "page_width": 1241,
    "page_height": 1754,
    "page_no": 24
  }
]