[
  {
    "question": "1",
    "text": "1",
    "x": 150,
    "y": 429,
    "page_width": 1359,
    "page_height": 1873,
    "page_no": 2
  },
  {
    "question": "2",
    "text": "2.",
    "x": 148,
    "y": 190,
    "page_width": 1359,
    "page_height": 1873,
    "page_no": 3
  },
  {
    "question": "3",
    "text": "3",
    "x": 148,
    "y": 190,
    "page_width": 1359,
    "page_height": 1873,
    "page_no": 4
  },
  {
    "question": "4",
    "text": "4",
    "x": 148,
    "y": 191,
    "page_width": 1359,
    "page_height": 1873,
    "page_no": 6
  },
  {
    "question": "6",
    "text": "6",
    "x": 148,
    "y": 190,
    "page_width": 1359,
    "page_height": 1873,
    "page_no": 8
  },
  {
    "question": "7",
    "text": "7",
    "x": 149,
    "y": 191,
    "page_width": 1359,
    "page_height": 1873,
    "page_no": 9
  },
  {
    "question": "10",
    "text": "10",
    "x": 150,
    "y": 299,
    "page_width": 1359,
    "page_height": 1873,
    "page_no": 12
  },
  {
    "question": "11",
    "text": "11",
    "x": 150,
    "y": 191,
    "page_width": 1359,
    "page_height": 1873,
    "page_no": 14
  },
  {
    "question": "12",
    "text": "12",
    "x": 150,
    "y": 190,
    "page_width": 1359,
    "page_height": 1873,
    "page_no": 16
  },
  {
    "question": "13",
    "text": "13",
    "x": 150,
    "y": 190,
    "page_width": 1359,
    "page_height": 1873,
    "page_no": 18
  },
  {
    "question": "15",
    "text": "15",
    "x": 150,
    "y": 191,
    "page_width": 1359,
    "page_height": 1873,
    "page_no": 23
  },
  {
    "question": "16",
    "text": "16",
    "x": 150,
    "y": 299,
    "page_width": 1359,
    "page_height": 1873,
    "page_no": 26
  },
  {
    "question": "2",
    "text": "2S",
    "x": 71,
    "y": 413,
    "page_width": 1359,
    "page_height": 1873,
    "page_no": 3
  },
  {
    "question": "2",
    "text": "2",
    "x": 71,
    "y": 313,
    "page_width": 1359,
    "page_height": 1873,
    "page_no": 5
  },
  {
    "question": "36",
    "text": "36",
    "x": 71,
    "y": 132,
    "page_width": 1359,
    "page_height": 1873,
    "page_no": 7
  },
  {
    "question": "93",
    "text": "938",
    "x": 71,
    "y": 1427,
    "page_width": 1359,
    "page_height": 1873,
    "page_no": 7
  },
  {
    "question": "22",
    "text": "228",
    "x": 71,
    "y": 293,
    "page_width": 1359,
    "page_height": 1873,
    "page_no": 9
  },
  {
    "question": "2",
    "text": "2",
    "x": 71,
    "y": 877,
    "page_width": 1359,
    "page_height": 1873,
    "page_no": 13
  },
  {
    "question": "2",
    "text": "2x",
    "x": 71,
    "y": 1427,
    "page_width": 1359,
    "page_height": 1873,
    "page_no": 13
  },
  {
    "question": "28",
    "text": "28",
    "x": 71,
    "y": 1615,
    "page_width": 1359,
    "page_height": 1873,
    "page_no": 13
  },
  {
    "question": "25",
    "text": "25",
    "x": 71,
    "y": 1670,
    "page_width": 1359,
    "page_height": 1873,
    "page_no": 13
  },
  {
    "question": "36",
    "text": "36",
    "x": 71,
    "y": 132,
    "page_width": 1359,
    "page_height": 1873,
    "page_no": 15
  },
  {
    "question": "0",
    "text": "0",
    "x": 71,
    "y": 813,
    "page_width": 1359,
    "page_height": 1873,
    "page_no": 15
  },
  {
    "question": "11",
    "text": "11S",
    "x": 67,
    "y": 831,
    "page_width": 1359,
    "page_height": 1873,
    "page_no": 15
  },
  {
    "question": "7",
    "text": "7",
    "x": 71,
    "y": 1637,
    "page_width": 1359,
    "page_height": 1873,
    "page_no": 25
  },
  {
    "question": "36",
    "text": "36",
    "x": 71,
    "y": 132,
    "page_width": 1359,
    "page_height": 1873,
    "page_no": 29
  },
  {
    "question": "36",
    "text": "36",
    "x": 71,
    "y": 132,
    "page_width": 1359,
    "page_height": 1873,
    "page_no": 31
  },
  {
    "question": "6",
    "text": "6",
    "x": 71,
    "y": 1238,
    "page_width": 1359,
    "page_height": 1873,
    "page_no": 31
  },
  {
    "question": "10",
    "text": "10",
    "x": 163,
    "y": 1728,
    "page_width": 1359,
    "page_height": 1873,
    "page_no": 10
  },
  {
    "question": "12",
    "text": "12",
    "x": 163,
    "y": 1728,
    "page_width": 1359,
    "page_height": 1873,
    "page_no": 12
  },
  {
    "question": "14",
    "text": "14",
    "x": 163,
    "y": 1728,
    "page_width": 1359,
    "page_height": 1873,
    "page_no": 14
  },
  {
    "question": "16",
    "text": "16",
    "x": 163,
    "y": 1728,
    "page_width": 1359,
    "page_height": 1873,
    "page_no": 16
  },
  {
    "question": "18",
    "text": "18",
    "x": 163,
    "y": 1728,
    "page_width": 1359,
    "page_height": 1873,
    "page_no": 18
  },
  {
    "question": "20",
    "text": "20",
    "x": 162,
    "y": 1728,
    "page_width": 1359,
    "page_height": 1873,
    "page_no": 20
  },
  {
    "question": "22",
    "text": "22",
    "x": 162,
    "y": 1728,
    "page_width": 1359,
    "page_height": 1873,
    "page_no": 22
  },
  {
    "question": "24",
    "text": "24",
    "x": 162,
    "y": 1728,
    "page_width": 1359,
    "page_height": 1873,
    "page_no": 24
  },
  {
    "question": "26",
    "text": "26",
    "x": 162,
    "y": 1728,
    "page_width": 1359,
    "page_height": 1873,
    "page_no": 26
  },
  {
    "question": "28",
    "text": "28",
    "x": 162,
    "y": 1728,
    "page_width": 1359,
    "page_height": 1873,
    "page_no": 28
  },
  {
    "question": "30",
    "text": "30",
    "x": 163,
    "y": 1728,
    "page_width": 1359,
    "page_height": 1873,
    "page_no": 30
  },
  {
    "question": "32",
    "text": "32",
    "x": 163,
    "y": 1728,
    "page_width": 1359,
    "page_height": 1873,
    "page_no": 32
  }
]