[
  {
    "question": 0,
    "x": 85,
    "y": 637,
    "page_no": 16,
    "page_width": 1241,
    "page_height": 1754
  },
  {
    "question": 16,
    "x": 106,
    "y": 160,
    "page_no": 13,
    "page_width": 1241,
    "page_height": 1754
  },
  {
    "question": 14,
    "x": 103,
    "y": 158,
    "page_no": 11,
    "page_width": 1241,
    "page_height": 1754
  },
  {
    "question": 11,
    "x": 104,
    "y": 160,
    "page_no": 7,
    "page_width": 1241,
    "page_height": 1754
  },
  {
    "question": 9,
    "x": 103,
    "y": 1052,
    "page_no": 6,
    "page_width": 1241,
    "page_height": 1754
  },
  {
    "question": 8,
    "x": 103,
    "y": 952,
    "page_no": 6,
    "page_width": 1241,
    "page_height": 1754
  },
  {
    "question": 7,
    "x": 104,
    "y": 838,
    "page_no": 6,
    "page_width": 1241,
    "page_height": 1754
  },
  {
    "question": 6,
    "x": 103,
    "y": 737,
    "page_no": 6,
    "page_width": 1241,
    "page_height": 1754
  },
  {
    "question": 5,
    "x": 101,
    "y": 628,
    "page_no": 6,
    "page_width": 1241,
    "page_height": 1754
  },
  {
    "question": 4,
    "x": 106,
    "y": 519,
    "page_no": 6,
    "page_width": 1241,
    "page_height": 1754
  },
  {
    "question": 3,
    "x": 103,
    "y": 416,
    "page_no": 6,
    "page_width": 1241,
    "page_height": 1754
  },
  {
    "question": 2,
    "x": 103,
    "y": 309,
    "page_no": 6,
    "page_width": 1241,
    "page_height": 1754
  },
  {
    "question": 1,
    "x": 104,
    "y": 198,
    "page_no": 6,
    "page_width": 1241,
    "page_height": 1754
  },
  {
    "question": "10",
    "text": "10",
    "x": 103,
    "y": 1182,
    "page_width": 1241,
    "page_height": 1754,
    "page_no": 6
  },
  {
    "question": "12",
    "text": "12a",
    "x": 105,
    "y": 191,
    "page_width": 1241,
    "page_height": 1754,
    "page_no": 8
  },
  {
    "question": "13",
    "text": "13a",
    "x": 102,
    "y": 152,
    "page_width": 1241,
    "page_height": 1754,
    "page_no": 9
  },
  {
    "question": "15",
    "text": "15ai",
    "x": 103,
    "y": 190,
    "page_width": 1241,
    "page_height": 1754,
    "page_no": 12
  },
  {
    "question": "17",
    "text": "17a",
    "x": 103,
    "y": 152,
    "page_width": 1241,
    "page_height": 1754,
    "page_no": 14
  },
  {
    "question": "18",
    "text": "18a",
    "x": 103,
    "y": 152,
    "page_width": 1241,
    "page_height": 1754,
    "page_no": 15
  },
  {
    "question": "18",
    "text": "18eii",
    "x": 103,
    "y": 925,
    "page_width": 1241,
    "page_height": 1754,
    "page_no": 15
  }
]