[
  {
    "question": "1",
    "text": "1",
    "x": 91,
    "y": 310,
    "page_width": 1241,
    "page_height": 1754,
    "page_no": 2
  },
  {
    "question": "2",
    "text": "2.",
    "x": 89,
    "y": 309,
    "page_width": 1241,
    "page_height": 1754,
    "page_no": 7
  },
  {
    "question": "3",
    "text": "3",
    "x": 89,
    "y": 309,
    "page_width": 1241,
    "page_height": 1754,
    "page_no": 12
  },
  {
    "question": "10",
    "text": "100,000",
    "x": 91,
    "y": 1337,
    "page_width": 1241,
    "page_height": 1754,
    "page_no": 20
  },
  {
    "question": "80",
    "text": "80%",
    "x": 89,
    "y": 489,
    "page_width": 1241,
    "page_height": 1754,
    "page_no": 21
  }
]