[
  {
    "question": "1",
    "text": "1.",
    "x": 153,
    "y": 284,
    "page_width": 1241,
    "page_height": 1754,
    "page_no": 6
  },
  {
    "question": "2",
    "text": "2.",
    "x": 151,
    "y": 423,
    "page_width": 1241,
    "page_height": 1754,
    "page_no": 6
  },
  {
    "question": "3",
    "text": "3.",
    "x": 151,
    "y": 507,
    "page_width": 1241,
    "page_height": 1754,
    "page_no": 6
  },
  {
    "question": "1",
    "text": "1.",
    "x": 153,
    "y": 659,
    "page_width": 1241,
    "page_height": 1754,
    "page_no": 6
  },
  {
    "question": "2",
    "text": "2.",
    "x": 151,
    "y": 755,
    "page_width": 1241,
    "page_height": 1754,
    "page_no": 6
  },
  {
    "question": "21",
    "text": "21-2x-3\u2019.",
    "x": 155,
    "y": 1110,
    "page_width": 1241,
    "page_height": 1754,
    "page_no": 9
  },
  {
    "question": "2",
    "text": "2x?",
    "x": 154,
    "y": 1489,
    "page_width": 1241,
    "page_height": 1754,
    "page_no": 9
  },
  {
    "question": "4",
    "text": "4V7",
    "x": 154,
    "y": 864,
    "page_width": 1241,
    "page_height": 1754,
    "page_no": 10
  },
  {
    "question": "5",
    "text": "5",
    "x": 154,
    "y": 167,
    "page_width": 1241,
    "page_height": 1754,
    "page_no": 12
  },
  {
    "question": "3",
    "text": "3TQ",
    "x": 151,
    "y": 1254,
    "page_width": 1241,
    "page_height": 1754,
    "page_no": 13
  },
  {
    "question": "12",
    "text": "12,",
    "x": 154,
    "y": 1007,
    "page_width": 1241,
    "page_height": 1754,
    "page_no": 20
  },
  {
    "question": "16",
    "text": "16",
    "x": 153,
    "y": 859,
    "page_width": 1241,
    "page_height": 1754,
    "page_no": 22
  },
  {
    "question": "20",
    "text": "20",
    "x": 151,
    "y": 923,
    "page_width": 1241,
    "page_height": 1754,
    "page_no": 22
  },
  {
    "question": "9",
    "text": "9x\u00b0-3x\u00b0",
    "x": 154,
    "y": 1436,
    "page_width": 1241,
    "page_height": 1754,
    "page_no": 23
  }
]