[
  {
    "question": "1",
    "text": "1",
    "x": 164,
    "y": 244,
    "page_width": 1754,
    "page_height": 1241,
    "page_no": 5
  },
  {
    "question": "2",
    "text": "2a",
    "x": 163,
    "y": 480,
    "page_width": 1754,
    "page_height": 1241,
    "page_no": 5
  },
  {
    "question": "2",
    "text": "2b",
    "x": 163,
    "y": 715,
    "page_width": 1754,
    "page_height": 1241,
    "page_no": 5
  },
  {
    "question": "2",
    "text": "2c",
    "x": 162,
    "y": 215,
    "page_width": 1754,
    "page_height": 1241,
    "page_no": 6
  },
  {
    "question": "3",
    "text": "3a",
    "x": 162,
    "y": 451,
    "page_width": 1754,
    "page_height": 1241,
    "page_no": 6
  },
  {
    "question": "3",
    "text": "3b",
    "x": 162,
    "y": 690,
    "page_width": 1754,
    "page_height": 1241,
    "page_no": 6
  },
  {
    "question": "3",
    "text": "3c",
    "x": 162,
    "y": 955,
    "page_width": 1754,
    "page_height": 1241,
    "page_no": 6
  },
  {
    "question": "4",
    "text": "4",
    "x": 162,
    "y": 215,
    "page_width": 1754,
    "page_height": 1241,
    "page_no": 7
  },
  {
    "question": "5",
    "text": "5",
    "x": 163,
    "y": 480,
    "page_width": 1754,
    "page_height": 1241,
    "page_no": 7
  },
  {
    "question": "6",
    "text": "6a",
    "x": 163,
    "y": 715,
    "page_width": 1754,
    "page_height": 1241,
    "page_no": 7
  },
  {
    "question": "6",
    "text": "6b",
    "x": 163,
    "y": 951,
    "page_width": 1754,
    "page_height": 1241,
    "page_no": 7
  },
  {
    "question": "6",
    "text": "6c",
    "x": 163,
    "y": 215,
    "page_width": 1754,
    "page_height": 1241,
    "page_no": 8
  },
  {
    "question": "7",
    "text": "7",
    "x": 163,
    "y": 451,
    "page_width": 1754,
    "page_height": 1241,
    "page_no": 8
  },
  {
    "question": "8",
    "text": "8",
    "x": 163,
    "y": 689,
    "page_width": 1754,
    "page_height": 1241,
    "page_no": 8
  },
  {
    "question": "9",
    "text": "9",
    "x": 163,
    "y": 930,
    "page_width": 1754,
    "page_height": 1241,
    "page_no": 8
  },
  {
    "question": "10",
    "text": "10",
    "x": 164,
    "y": 215,
    "page_width": 1754,
    "page_height": 1241,
    "page_no": 9
  },
  {
    "question": "11",
    "text": "11",
    "x": 164,
    "y": 451,
    "page_width": 1754,
    "page_height": 1241,
    "page_no": 9
  },
  {
    "question": "12",
    "text": "12",
    "x": 164,
    "y": 744,
    "page_width": 1754,
    "page_height": 1241,
    "page_no": 9
  },
  {
    "question": "13",
    "text": "13",
    "x": 164,
    "y": 980,
    "page_width": 1754,
    "page_height": 1241,
    "page_no": 9
  },
  {
    "question": "14",
    "text": "14",
    "x": 164,
    "y": 215,
    "page_width": 1754,
    "page_height": 1241,
    "page_no": 10
  },
  {
    "question": "15",
    "text": "15a",
    "x": 119,
    "y": 271,
    "page_width": 1754,
    "page_height": 1241,
    "page_no": 11
  },
  {
    "question": "15",
    "text": "15b",
    "x": 119,
    "y": 647,
    "page_width": 1754,
    "page_height": 1241,
    "page_no": 11
  },
  {
    "question": "15",
    "text": "15ci",
    "x": 119,
    "y": 213,
    "page_width": 1754,
    "page_height": 1241,
    "page_no": 12
  },
  {
    "question": "15",
    "text": "15cii",
    "x": 119,
    "y": 213,
    "page_width": 1754,
    "page_height": 1241,
    "page_no": 13
  },
  {
    "question": "15",
    "text": "15ciii",
    "x": 119,
    "y": 213,
    "page_width": 1754,
    "page_height": 1241,
    "page_no": 14
  },
  {
    "question": "15",
    "text": "15civ",
    "x": 119,
    "y": 213,
    "page_width": 1754,
    "page_height": 1241,
    "page_no": 15
  },
  {
    "question": "15",
    "text": "15di",
    "x": 119,
    "y": 213,
    "page_width": 1754,
    "page_height": 1241,
    "page_no": 16
  },
  {
    "question": "15",
    "text": "15dii",
    "x": 119,
    "y": 209,
    "page_width": 1754,
    "page_height": 1241,
    "page_no": 17
  },
  {
    "question": "15",
    "text": "15diii",
    "x": 119,
    "y": 759,
    "page_width": 1754,
    "page_height": 1241,
    "page_no": 17
  },
  {
    "question": "16",
    "text": "16a",
    "x": 119,
    "y": 242,
    "page_width": 1754,
    "page_height": 1241,
    "page_no": 18
  },
  {
    "question": "16",
    "text": "16bi",
    "x": 119,
    "y": 475,
    "page_width": 1754,
    "page_height": 1241,
    "page_no": 18
  },
  {
    "question": "16",
    "text": "16bii",
    "x": 119,
    "y": 238,
    "page_width": 1754,
    "page_height": 1241,
    "page_no": 19
  },
  {
    "question": "16",
    "text": "16ci",
    "x": 119,
    "y": 710,
    "page_width": 1754,
    "page_height": 1241,
    "page_no": 19
  },
  {
    "question": "16",
    "text": "16cii",
    "x": 119,
    "y": 213,
    "page_width": 1754,
    "page_height": 1241,
    "page_no": 20
  },
  {
    "question": "16",
    "text": "16d",
    "x": 119,
    "y": 213,
    "page_width": 1754,
    "page_height": 1241,
    "page_no": 21
  },
  {
    "question": "17",
    "text": "17ai",
    "x": 119,
    "y": 213,
    "page_width": 1754,
    "page_height": 1241,
    "page_no": 22
  },
  {
    "question": "17",
    "text": "17aii",
    "x": 119,
    "y": 600,
    "page_width": 1754,
    "page_height": 1241,
    "page_no": 22
  },
  {
    "question": "17",
    "text": "17aiii",
    "x": 119,
    "y": 238,
    "page_width": 1754,
    "page_height": 1241,
    "page_no": 23
  },
  {
    "question": "17",
    "text": "17bi",
    "x": 119,
    "y": 820,
    "page_width": 1754,
    "page_height": 1241,
    "page_no": 23
  },
  {
    "question": "17",
    "text": "17bii",
    "x": 119,
    "y": 213,
    "page_width": 1754,
    "page_height": 1241,
    "page_no": 24
  },
  {
    "question": "17",
    "text": "170@",
    "x": 119,
    "y": 1022,
    "page_width": 1754,
    "page_height": 1241,
    "page_no": 24
  },
  {
    "question": "17",
    "text": "17cii",
    "x": 119,
    "y": 242,
    "page_width": 1754,
    "page_height": 1241,
    "page_no": 25
  },
  {
    "question": "17",
    "text": "17c",
    "x": 119,
    "y": 826,
    "page_width": 1754,
    "page_height": 1241,
    "page_no": 25
  },
  {
    "question": "17",
    "text": "17civ",
    "x": 119,
    "y": 213,
    "page_width": 1754,
    "page_height": 1241,
    "page_no": 26
  },
  {
    "question": "18",
    "text": "18a",
    "x": 119,
    "y": 213,
    "page_width": 1754,
    "page_height": 1241,
    "page_no": 29
  },
  {
    "question": "18",
    "text": "18b",
    "x": 119,
    "y": 473,
    "page_width": 1754,
    "page_height": 1241,
    "page_no": 29
  },
  {
    "question": "18",
    "text": "18ci",
    "x": 119,
    "y": 240,
    "page_width": 1754,
    "page_height": 1241,
    "page_no": 30
  },
  {
    "question": "18",
    "text": "18cii",
    "x": 119,
    "y": 557,
    "page_width": 1754,
    "page_height": 1241,
    "page_no": 30
  },
  {
    "question": "18",
    "text": "18ciii",
    "x": 119,
    "y": 213,
    "page_width": 1754,
    "page_height": 1241,
    "page_no": 31
  },
  {
    "question": "18",
    "text": "18civ",
    "x": 119,
    "y": 213,
    "page_width": 1754,
    "page_height": 1241,
    "page_no": 32
  },
  {
    "question": "18",
    "text": "18cv",
    "x": 119,
    "y": 213,
    "page_width": 1754,
    "page_height": 1241,
    "page_no": 33
  },
  {
    "question": "18",
    "text": "18cvi",
    "x": 119,
    "y": 240,
    "page_width": 1754,
    "page_height": 1241,
    "page_no": 34
  },
  {
    "question": "18",
    "text": "18d",
    "x": 119,
    "y": 213,
    "page_width": 1754,
    "page_height": 1241,
    "page_no": 35
  }
]