[
  {
    "question": "5",
    "text": "5",
    "x": 173,
    "y": 772,
    "page_width": 1359,
    "page_height": 1873,
    "page_no": 2
  },
  {
    "question": "6",
    "text": "6",
    "x": 173,
    "y": 803,
    "page_width": 1359,
    "page_height": 1873,
    "page_no": 2
  },
  {
    "question": "7",
    "text": "7",
    "x": 173,
    "y": 836,
    "page_width": 1359,
    "page_height": 1873,
    "page_no": 2
  },
  {
    "question": "8",
    "text": "8",
    "x": 173,
    "y": 867,
    "page_width": 1359,
    "page_height": 1873,
    "page_no": 2
  },
  {
    "question": "9",
    "text": "9",
    "x": 173,
    "y": 899,
    "page_width": 1359,
    "page_height": 1873,
    "page_no": 2
  },
  {
    "question": "10",
    "text": "10",
    "x": 167,
    "y": 931,
    "page_width": 1359,
    "page_height": 1873,
    "page_no": 2
  },
  {
    "question": "11",
    "text": "11",
    "x": 167,
    "y": 964,
    "page_width": 1359,
    "page_height": 1873,
    "page_no": 2
  },
  {
    "question": "12",
    "text": "12",
    "x": 167,
    "y": 995,
    "page_width": 1359,
    "page_height": 1873,
    "page_no": 2
  },
  {
    "question": "13",
    "text": "13",
    "x": 167,
    "y": 1027,
    "page_width": 1359,
    "page_height": 1873,
    "page_no": 2
  },
  {
    "question": "14",
    "text": "14",
    "x": 167,
    "y": 1059,
    "page_width": 1359,
    "page_height": 1873,
    "page_no": 2
  },
  {
    "question": "15",
    "text": "15",
    "x": 167,
    "y": 1091,
    "page_width": 1359,
    "page_height": 1873,
    "page_no": 2
  },
  {
    "question": "16",
    "text": "16",
    "x": 167,
    "y": 1122,
    "page_width": 1359,
    "page_height": 1873,
    "page_no": 2
  },
  {
    "question": "17",
    "text": "17",
    "x": 167,
    "y": 1155,
    "page_width": 1359,
    "page_height": 1873,
    "page_no": 2
  },
  {
    "question": "18",
    "text": "18",
    "x": 167,
    "y": 1186,
    "page_width": 1359,
    "page_height": 1873,
    "page_no": 2
  },
  {
    "question": "19",
    "text": "19",
    "x": 167,
    "y": 1218,
    "page_width": 1359,
    "page_height": 1873,
    "page_no": 2
  },
  {
    "question": "20",
    "text": "20",
    "x": 166,
    "y": 1250,
    "page_width": 1359,
    "page_height": 1873,
    "page_no": 2
  },
  {
    "question": "21",
    "text": "21",
    "x": 166,
    "y": 1282,
    "page_width": 1359,
    "page_height": 1873,
    "page_no": 2
  },
  {
    "question": "22",
    "text": "22",
    "x": 166,
    "y": 1314,
    "page_width": 1359,
    "page_height": 1873,
    "page_no": 2
  },
  {
    "question": "23",
    "text": "230.353",
    "x": 166,
    "y": 1346,
    "page_width": 1359,
    "page_height": 1873,
    "page_no": 2
  },
  {
    "question": "24",
    "text": "240.344",
    "x": 166,
    "y": 1377,
    "page_width": 1359,
    "page_height": 1873,
    "page_no": 2
  },
  {
    "question": "25",
    "text": "25",
    "x": 166,
    "y": 1409,
    "page_width": 1359,
    "page_height": 1873,
    "page_no": 2
  },
  {
    "question": "26",
    "text": "26",
    "x": 166,
    "y": 1441,
    "page_width": 1359,
    "page_height": 1873,
    "page_no": 2
  },
  {
    "question": "27",
    "text": "27",
    "x": 166,
    "y": 1473,
    "page_width": 1359,
    "page_height": 1873,
    "page_no": 2
  },
  {
    "question": "28",
    "text": "28",
    "x": 166,
    "y": 1505,
    "page_width": 1359,
    "page_height": 1873,
    "page_no": 2
  },
  {
    "question": "29",
    "text": "29",
    "x": 166,
    "y": 1537,
    "page_width": 1359,
    "page_height": 1873,
    "page_no": 2
  },
  {
    "question": "30",
    "text": "30",
    "x": 166,
    "y": 1569,
    "page_width": 1359,
    "page_height": 1873,
    "page_no": 2
  },
  {
    "question": "6",
    "text": "6",
    "x": 168,
    "y": 1729,
    "page_width": 1359,
    "page_height": 1873,
    "page_no": 6
  },
  {
    "question": "8",
    "text": "8",
    "x": 168,
    "y": 1729,
    "page_width": 1359,
    "page_height": 1873,
    "page_no": 8
  },
  {
    "question": "38",
    "text": "380395",
    "x": 70,
    "y": 327,
    "page_width": 1359,
    "page_height": 1873,
    "page_no": 5
  },
  {
    "question": "29",
    "text": "298",
    "x": 70,
    "y": 791,
    "page_width": 1359,
    "page_height": 1873,
    "page_no": 5
  },
  {
    "question": "2",
    "text": "2",
    "x": 70,
    "y": 1010,
    "page_width": 1359,
    "page_height": 1873,
    "page_no": 5
  },
  {
    "question": "78",
    "text": "78",
    "x": 70,
    "y": 1266,
    "page_width": 1359,
    "page_height": 1873,
    "page_no": 5
  },
  {
    "question": "38",
    "text": "38",
    "x": 68,
    "y": 262,
    "page_width": 1359,
    "page_height": 1873,
    "page_no": 7
  },
  {
    "question": "20",
    "text": "20",
    "x": 70,
    "y": 478,
    "page_width": 1359,
    "page_height": 1873,
    "page_no": 7
  },
  {
    "question": "28",
    "text": "28",
    "x": 70,
    "y": 607,
    "page_width": 1359,
    "page_height": 1873,
    "page_no": 7
  },
  {
    "question": "2",
    "text": "2X",
    "x": 70,
    "y": 1073,
    "page_width": 1359,
    "page_height": 1873,
    "page_no": 7
  },
  {
    "question": "2",
    "text": "2",
    "x": 70,
    "y": 670,
    "page_width": 1359,
    "page_height": 1873,
    "page_no": 9
  },
  {
    "question": "2",
    "text": "2K",
    "x": 70,
    "y": 1010,
    "page_width": 1359,
    "page_height": 1873,
    "page_no": 9
  },
  {
    "question": "32",
    "text": "328",
    "x": 70,
    "y": 669,
    "page_width": 1359,
    "page_height": 1873,
    "page_no": 17
  },
  {
    "question": "3",
    "text": "3",
    "x": 70,
    "y": 604,
    "page_width": 1359,
    "page_height": 1873,
    "page_no": 17
  },
  {
    "question": "2",
    "text": "2",
    "x": 70,
    "y": 1266,
    "page_width": 1359,
    "page_height": 1873,
    "page_no": 17
  },
  {
    "question": "28",
    "text": "28",
    "x": 70,
    "y": 1332,
    "page_width": 1359,
    "page_height": 1873,
    "page_no": 17
  },
  {
    "question": "98",
    "text": "98",
    "x": 70,
    "y": 1392,
    "page_width": 1359,
    "page_height": 1873,
    "page_no": 17
  },
  {
    "question": "32",
    "text": "328",
    "x": 70,
    "y": 1458,
    "page_width": 1359,
    "page_height": 1873,
    "page_no": 17
  },
  {
    "question": "2",
    "text": "2%",
    "x": 70,
    "y": 477,
    "page_width": 1359,
    "page_height": 1873,
    "page_no": 19
  },
  {
    "question": "28",
    "text": "28",
    "x": 70,
    "y": 541,
    "page_width": 1359,
    "page_height": 1873,
    "page_no": 19
  },
  {
    "question": "5",
    "text": "5",
    "x": 70,
    "y": 1087,
    "page_width": 1359,
    "page_height": 1873,
    "page_no": 19
  },
  {
    "question": "28",
    "text": "28",
    "x": 70,
    "y": 1395,
    "page_width": 1359,
    "page_height": 1873,
    "page_no": 19
  },
  {
    "question": "28",
    "text": "28",
    "x": 70,
    "y": 1458,
    "page_width": 1359,
    "page_height": 1873,
    "page_no": 19
  },
  {
    "question": "28",
    "text": "28",
    "x": 70,
    "y": 542,
    "page_width": 1359,
    "page_height": 1873,
    "page_no": 21
  },
  {
    "question": "38",
    "text": "38",
    "x": 70,
    "y": 1332,
    "page_width": 1359,
    "page_height": 1873,
    "page_no": 21
  },
  {
    "question": "28",
    "text": "28",
    "x": 70,
    "y": 1395,
    "page_width": 1359,
    "page_height": 1873,
    "page_no": 21
  },
  {
    "question": "3",
    "text": "3",
    "x": 70,
    "y": 943,
    "page_width": 1359,
    "page_height": 1873,
    "page_no": 23
  },
  {
    "question": "2",
    "text": "2X",
    "x": 70,
    "y": 1073,
    "page_width": 1359,
    "page_height": 1873,
    "page_no": 23
  },
  {
    "question": "22",
    "text": "22",
    "x": 70,
    "y": 1395,
    "page_width": 1359,
    "page_height": 1873,
    "page_no": 23
  },
  {
    "question": "32",
    "text": "328",
    "x": 70,
    "y": 1458,
    "page_width": 1359,
    "page_height": 1873,
    "page_no": 23
  },
  {
    "question": "38",
    "text": "38",
    "x": 68,
    "y": 262,
    "page_width": 1359,
    "page_height": 1873,
    "page_no": 27
  },
  {
    "question": "20",
    "text": "20",
    "x": 70,
    "y": 478,
    "page_width": 1359,
    "page_height": 1873,
    "page_no": 27
  },
  {
    "question": "28",
    "text": "28",
    "x": 70,
    "y": 607,
    "page_width": 1359,
    "page_height": 1873,
    "page_no": 27
  },
  {
    "question": "2",
    "text": "2X",
    "x": 70,
    "y": 1073,
    "page_width": 1359,
    "page_height": 1873,
    "page_no": 27
  },
  {
    "question": "2",
    "text": "2X",
    "x": 70,
    "y": 413,
    "page_width": 1359,
    "page_height": 1873,
    "page_no": 31
  },
  {
    "question": "2",
    "text": "2%",
    "x": 70,
    "y": 477,
    "page_width": 1359,
    "page_height": 1873,
    "page_no": 31
  },
  {
    "question": "28",
    "text": "28",
    "x": 70,
    "y": 541,
    "page_width": 1359,
    "page_height": 1873,
    "page_no": 31
  },
  {
    "question": "2",
    "text": "2",
    "x": 70,
    "y": 1266,
    "page_width": 1359,
    "page_height": 1873,
    "page_no": 31
  },
  {
    "question": "28",
    "text": "28",
    "x": 70,
    "y": 1395,
    "page_width": 1359,
    "page_height": 1873,
    "page_no": 31
  },
  {
    "question": "28",
    "text": "28",
    "x": 70,
    "y": 1458,
    "page_width": 1359,
    "page_height": 1873,
    "page_no": 31
  },
  {
    "question": "1",
    "text": "1",
    "x": 150,
    "y": 342,
    "page_width": 1359,
    "page_height": 1873,
    "page_no": 5
  },
  {
    "question": "2",
    "text": "2.",
    "x": 148,
    "y": 189,
    "page_width": 1359,
    "page_height": 1873,
    "page_no": 7
  },
  {
    "question": "3",
    "text": "3",
    "x": 148,
    "y": 191,
    "page_width": 1359,
    "page_height": 1873,
    "page_no": 9
  },
  {
    "question": "4",
    "text": "4",
    "x": 148,
    "y": 192,
    "page_width": 1359,
    "page_height": 1873,
    "page_no": 11
  },
  {
    "question": "5",
    "text": "5",
    "x": 149,
    "y": 192,
    "page_width": 1359,
    "page_height": 1873,
    "page_no": 12
  },
  {
    "question": "6",
    "text": "6",
    "x": 148,
    "y": 191,
    "page_width": 1359,
    "page_height": 1873,
    "page_no": 13
  },
  {
    "question": "7",
    "text": "7",
    "x": 149,
    "y": 292,
    "page_width": 1359,
    "page_height": 1873,
    "page_no": 14
  },
  {
    "question": "8",
    "text": "8",
    "x": 148,
    "y": 341,
    "page_width": 1359,
    "page_height": 1873,
    "page_no": 18
  },
  {
    "question": "9",
    "text": "9",
    "x": 148,
    "y": 191,
    "page_width": 1359,
    "page_height": 1873,
    "page_no": 20
  },
  {
    "question": "10",
    "text": "10",
    "x": 150,
    "y": 191,
    "page_width": 1359,
    "page_height": 1873,
    "page_no": 22
  },
  {
    "question": "11",
    "text": "11",
    "x": 150,
    "y": 292,
    "page_width": 1359,
    "page_height": 1873,
    "page_no": 24
  },
  {
    "question": "12",
    "text": "12",
    "x": 150,
    "y": 291,
    "page_width": 1359,
    "page_height": 1873,
    "page_no": 27
  },
  {
    "question": "8",
    "text": "8",
    "x": 108,
    "y": 788,
    "page_width": 1359,
    "page_height": 1873,
    "page_no": 5
  },
  {
    "question": "8",
    "text": "8",
    "x": 108,
    "y": 1014,
    "page_width": 1359,
    "page_height": 1873,
    "page_no": 9
  },
  {
    "question": "0",
    "text": "0",
    "x": 106,
    "y": 823,
    "page_width": 1359,
    "page_height": 1873,
    "page_no": 11
  },
  {
    "question": "3",
    "text": "3S",
    "x": 108,
    "y": 1324,
    "page_width": 1359,
    "page_height": 1873,
    "page_no": 17
  },
  {
    "question": "2",
    "text": "2:",
    "x": 86,
    "y": 532,
    "page_width": 1359,
    "page_height": 1873,
    "page_no": 7
  },
  {
    "question": "2",
    "text": "2",
    "x": 85,
    "y": 1580,
    "page_width": 1359,
    "page_height": 1873,
    "page_no": 7
  },
  {
    "question": "2",
    "text": "2",
    "x": 86,
    "y": 161,
    "page_width": 1359,
    "page_height": 1873,
    "page_no": 9
  },
  {
    "question": "3",
    "text": "3O",
    "x": 86,
    "y": 1558,
    "page_width": 1359,
    "page_height": 1873,
    "page_no": 9
  },
  {
    "question": "8",
    "text": "8",
    "x": 87,
    "y": 1063,
    "page_width": 1359,
    "page_height": 1873,
    "page_no": 11
  },
  {
    "question": "8",
    "text": "8",
    "x": 82,
    "y": 1283,
    "page_width": 1359,
    "page_height": 1873,
    "page_no": 11
  },
  {
    "question": "10",
    "text": "10\"",
    "x": 86,
    "y": 532,
    "page_width": 1359,
    "page_height": 1873,
    "page_no": 19
  },
  {
    "question": "10",
    "text": "10\"",
    "x": 86,
    "y": 532,
    "page_width": 1359,
    "page_height": 1873,
    "page_no": 21
  },
  {
    "question": "0",
    "text": "0:",
    "x": 86,
    "y": 532,
    "page_width": 1359,
    "page_height": 1873,
    "page_no": 23
  },
  {
    "question": "2",
    "text": "2:",
    "x": 86,
    "y": 532,
    "page_width": 1359,
    "page_height": 1873,
    "page_no": 27
  },
  {
    "question": "2",
    "text": "2",
    "x": 85,
    "y": 1580,
    "page_width": 1359,
    "page_height": 1873,
    "page_no": 27
  },
  {
    "question": "10",
    "text": "10\"",
    "x": 86,
    "y": 532,
    "page_width": 1359,
    "page_height": 1873,
    "page_no": 31
  },
  {
    "question": "8",
    "text": "8",
    "x": 82,
    "y": 1580,
    "page_width": 1359,
    "page_height": 1873,
    "page_no": 31
  },
  {
    "question": "1",
    "text": "1ON",
    "x": 0,
    "y": 801,
    "page_width": 1359,
    "page_height": 1873,
    "page_no": 9
  },
  {
    "question": "00",
    "text": "00\u00b0",
    "x": 0,
    "y": 749,
    "page_width": 1359,
    "page_height": 1873,
    "page_no": 9
  },
  {
    "question": "8",
    "text": "8:",
    "x": 0,
    "y": 1255,
    "page_width": 1359,
    "page_height": 1873,
    "page_no": 9
  },
  {
    "question": "2",
    "text": "2s",
    "x": 0,
    "y": 449,
    "page_width": 1359,
    "page_height": 1873,
    "page_no": 11
  },
  {
    "question": "2",
    "text": "2",
    "x": 3,
    "y": 1048,
    "page_width": 1359,
    "page_height": 1873,
    "page_no": 11
  },
  {
    "question": "8",
    "text": "8",
    "x": 3,
    "y": 1514,
    "page_width": 1359,
    "page_height": 1873,
    "page_no": 11
  },
  {
    "question": "5",
    "text": "5",
    "x": 0,
    "y": 1647,
    "page_width": 1359,
    "page_height": 1873,
    "page_no": 31
  },
  {
    "question": "4",
    "text": "4",
    "x": 114,
    "y": 1261,
    "page_width": 1359,
    "page_height": 1873,
    "page_no": 9
  },
  {
    "question": "3",
    "text": "3",
    "x": 110,
    "y": 1514,
    "page_width": 1359,
    "page_height": 1873,
    "page_no": 9
  },
  {
    "question": "4",
    "text": "4",
    "x": 110,
    "y": 228,
    "page_width": 1359,
    "page_height": 1873,
    "page_no": 11
  },
  {
    "question": "3",
    "text": "3S",
    "x": 109,
    "y": 1387,
    "page_width": 1359,
    "page_height": 1873,
    "page_no": 19
  },
  {
    "question": "3",
    "text": "3S",
    "x": 109,
    "y": 1387,
    "page_width": 1359,
    "page_height": 1873,
    "page_no": 31
  },
  {
    "question": "2",
    "text": "2:",
    "x": 14,
    "y": 1349,
    "page_width": 1359,
    "page_height": 1873,
    "page_no": 9
  },
  {
    "question": "2",
    "text": "2",
    "x": 14,
    "y": 1371,
    "page_width": 1359,
    "page_height": 1873,
    "page_no": 9
  },
  {
    "question": "2",
    "text": "2",
    "x": 14,
    "y": 366,
    "page_width": 1359,
    "page_height": 1873,
    "page_no": 11
  },
  {
    "question": "5",
    "text": "5",
    "x": 14,
    "y": 523,
    "page_width": 1359,
    "page_height": 1873,
    "page_no": 11
  },
  {
    "question": "8",
    "text": "8",
    "x": 14,
    "y": 1279,
    "page_width": 1359,
    "page_height": 1873,
    "page_no": 11
  },
  {
    "question": "10",
    "text": "10",
    "x": 163,
    "y": 1729,
    "page_width": 1359,
    "page_height": 1873,
    "page_no": 10
  },
  {
    "question": "12",
    "text": "12",
    "x": 163,
    "y": 1729,
    "page_width": 1359,
    "page_height": 1873,
    "page_no": 12
  },
  {
    "question": "14",
    "text": "14",
    "x": 163,
    "y": 1729,
    "page_width": 1359,
    "page_height": 1873,
    "page_no": 14
  },
  {
    "question": "18",
    "text": "18",
    "x": 163,
    "y": 1729,
    "page_width": 1359,
    "page_height": 1873,
    "page_no": 18
  },
  {
    "question": "20",
    "text": "20",
    "x": 162,
    "y": 1729,
    "page_width": 1359,
    "page_height": 1873,
    "page_no": 20
  },
  {
    "question": "22",
    "text": "22",
    "x": 162,
    "y": 1729,
    "page_width": 1359,
    "page_height": 1873,
    "page_no": 22
  },
  {
    "question": "24",
    "text": "24",
    "x": 163,
    "y": 1729,
    "page_width": 1359,
    "page_height": 1873,
    "page_no": 24
  },
  {
    "question": "26",
    "text": "26",
    "x": 162,
    "y": 1729,
    "page_width": 1359,
    "page_height": 1873,
    "page_no": 26
  },
  {
    "question": "32",
    "text": "32",
    "x": 163,
    "y": 1729,
    "page_width": 1359,
    "page_height": 1873,
    "page_no": 32
  }
]