[
  {
    "question": "1",
    "text": "1a",
    "x": 155,
    "y": 305,
    "page_width": 1650,
    "page_height": 1275,
    "page_no": 4
  },
  {
    "question": "1",
    "text": "1b",
    "x": 155,
    "y": 630,
    "page_width": 1650,
    "page_height": 1275,
    "page_no": 4
  },
  {
    "question": "1",
    "text": "1c",
    "x": 155,
    "y": 252,
    "page_width": 1650,
    "page_height": 1275,
    "page_no": 5
  },
  {
    "question": "1",
    "text": "1di",
    "x": 155,
    "y": 618,
    "page_width": 1650,
    "page_height": 1275,
    "page_no": 5
  },
  {
    "question": "1",
    "text": "1dii",
    "x": 155,
    "y": 287,
    "page_width": 1650,
    "page_height": 1275,
    "page_no": 6
  },
  {
    "question": "1",
    "text": "1e",
    "x": 155,
    "y": 289,
    "page_width": 1650,
    "page_height": 1275,
    "page_no": 7
  },
  {
    "question": "2",
    "text": "2ai",
    "x": 153,
    "y": 271,
    "page_width": 1650,
    "page_height": 1275,
    "page_no": 8
  },
  {
    "question": "2",
    "text": "2aii",
    "x": 153,
    "y": 480,
    "page_width": 1650,
    "page_height": 1275,
    "page_no": 8
  },
  {
    "question": "2",
    "text": "2b",
    "x": 153,
    "y": 325,
    "page_width": 1650,
    "page_height": 1275,
    "page_no": 9
  },
  {
    "question": "3",
    "text": "3a",
    "x": 153,
    "y": 247,
    "page_width": 1650,
    "page_height": 1275,
    "page_no": 11
  },
  {
    "question": "3",
    "text": "3b",
    "x": 153,
    "y": 429,
    "page_width": 1650,
    "page_height": 1275,
    "page_no": 11
  },
  {
    "question": "3",
    "text": "3ci",
    "x": 153,
    "y": 831,
    "page_width": 1650,
    "page_height": 1275,
    "page_no": 11
  },
  {
    "question": "4",
    "text": "4a",
    "x": 152,
    "y": 932,
    "page_width": 1650,
    "page_height": 1275,
    "page_no": 12
  },
  {
    "question": "4",
    "text": "4bi",
    "x": 152,
    "y": 290,
    "page_width": 1650,
    "page_height": 1275,
    "page_no": 13
  },
  {
    "question": "5",
    "text": "5a",
    "x": 154,
    "y": 867,
    "page_width": 1650,
    "page_height": 1275,
    "page_no": 15
  },
  {
    "question": "5",
    "text": "5bi",
    "x": 154,
    "y": 202,
    "page_width": 1650,
    "page_height": 1275,
    "page_no": 16
  },
  {
    "question": "5",
    "text": "5bii",
    "x": 154,
    "y": 515,
    "page_width": 1650,
    "page_height": 1275,
    "page_no": 16
  },
  {
    "question": "5",
    "text": "5biii",
    "x": 154,
    "y": 804,
    "page_width": 1650,
    "page_height": 1275,
    "page_no": 16
  },
  {
    "question": "6",
    "text": "6ai",
    "x": 153,
    "y": 202,
    "page_width": 1650,
    "page_height": 1275,
    "page_no": 18
  },
  {
    "question": "6",
    "text": "6aii",
    "x": 153,
    "y": 498,
    "page_width": 1650,
    "page_height": 1275,
    "page_no": 18
  },
  {
    "question": "6",
    "text": "6bi",
    "x": 153,
    "y": 255,
    "page_width": 1650,
    "page_height": 1275,
    "page_no": 19
  },
  {
    "question": "6",
    "text": "6b",
    "x": 153,
    "y": 250,
    "page_width": 1650,
    "page_height": 1275,
    "page_no": 21
  },
  {
    "question": "7",
    "text": "7a",
    "x": 153,
    "y": 764,
    "page_width": 1650,
    "page_height": 1275,
    "page_no": 21
  },
  {
    "question": "7",
    "text": "7c",
    "x": 153,
    "y": 255,
    "page_width": 1650,
    "page_height": 1275,
    "page_no": 24
  },
  {
    "question": "7",
    "text": "7d",
    "x": 153,
    "y": 255,
    "page_width": 1650,
    "page_height": 1275,
    "page_no": 25
  },
  {
    "question": "7",
    "text": "7e",
    "x": 153,
    "y": 694,
    "page_width": 1650,
    "page_height": 1275,
    "page_no": 25
  },
  {
    "question": "8",
    "text": "8ai",
    "x": 153,
    "y": 282,
    "page_width": 1650,
    "page_height": 1275,
    "page_no": 26
  },
  {
    "question": "8",
    "text": "8aii",
    "x": 153,
    "y": 250,
    "page_width": 1650,
    "page_height": 1275,
    "page_no": 27
  },
  {
    "question": "8",
    "text": "8aiii",
    "x": 153,
    "y": 255,
    "page_width": 1650,
    "page_height": 1275,
    "page_no": 28
  },
  {
    "question": "8",
    "text": "8b",
    "x": 153,
    "y": 255,
    "page_width": 1650,
    "page_height": 1275,
    "page_no": 29
  },
  {
    "question": "9",
    "text": "9ai",
    "x": 153,
    "y": 255,
    "page_width": 1650,
    "page_height": 1275,
    "page_no": 30
  },
  {
    "question": "9",
    "text": "9aii",
    "x": 153,
    "y": 615,
    "page_width": 1650,
    "page_height": 1275,
    "page_no": 30
  },
  {
    "question": "9",
    "text": "9aiii",
    "x": 153,
    "y": 250,
    "page_width": 1650,
    "page_height": 1275,
    "page_no": 31
  },
  {
    "question": "9",
    "text": "9bi",
    "x": 153,
    "y": 540,
    "page_width": 1650,
    "page_height": 1275,
    "page_no": 31
  },
  {
    "question": "9",
    "text": "9bii",
    "x": 153,
    "y": 250,
    "page_width": 1650,
    "page_height": 1275,
    "page_no": 32
  },
  {
    "question": "2",
    "text": "2c",
    "x": 83,
    "y": 325,
    "page_width": 1650,
    "page_height": 1275,
    "page_no": 10
  },
  {
    "question": "6",
    "text": "6bii_",
    "x": 83,
    "y": 309,
    "page_width": 1650,
    "page_height": 1275,
    "page_no": 20
  },
  {
    "question": "7",
    "text": "7bi",
    "x": 83,
    "y": 309,
    "page_width": 1650,
    "page_height": 1275,
    "page_no": 22
  },
  {
    "question": "7",
    "text": "7b",
    "x": 83,
    "y": 251,
    "page_width": 1650,
    "page_height": 1275,
    "page_no": 23
  }
]