[
  {
    "question": "4",
    "text": "4a",
    "x": 87,
    "y": 219,
    "page_width": 1241,
    "page_height": 1754,
    "page_no": 4
  },
  {
    "question": "1",
    "text": "1b",
    "x": 87,
    "y": 665,
    "page_width": 1241,
    "page_height": 1754,
    "page_no": 4
  },
  {
    "question": "2",
    "text": "2",
    "x": 86,
    "y": 191,
    "page_width": 1241,
    "page_height": 1754,
    "page_no": 5
  },
  {
    "question": "3",
    "text": "3",
    "x": 86,
    "y": 210,
    "page_width": 1241,
    "page_height": 1754,
    "page_no": 6
  },
  {
    "question": "3",
    "text": "3b",
    "x": 86,
    "y": 819,
    "page_width": 1241,
    "page_height": 1754,
    "page_no": 6
  },
  {
    "question": "3",
    "text": "3c",
    "x": 86,
    "y": 1265,
    "page_width": 1241,
    "page_height": 1754,
    "page_no": 6
  },
  {
    "question": "3",
    "text": "3d",
    "x": 86,
    "y": 191,
    "page_width": 1241,
    "page_height": 1754,
    "page_no": 7
  },
  {
    "question": "6",
    "text": "6a",
    "x": 86,
    "y": 290,
    "page_width": 1241,
    "page_height": 1754,
    "page_no": 13
  },
  {
    "question": "6",
    "text": "6b",
    "x": 86,
    "y": 701,
    "page_width": 1241,
    "page_height": 1754,
    "page_no": 13
  },
  {
    "question": "7",
    "text": "7a",
    "x": 86,
    "y": 191,
    "page_width": 1241,
    "page_height": 1754,
    "page_no": 14
  },
  {
    "question": "7",
    "text": "7b",
    "x": 86,
    "y": 1077,
    "page_width": 1241,
    "page_height": 1754,
    "page_no": 14
  },
  {
    "question": "7",
    "text": "7",
    "x": 86,
    "y": 191,
    "page_width": 1241,
    "page_height": 1754,
    "page_no": 15
  },
  {
    "question": "8",
    "text": "8",
    "x": 86,
    "y": 804,
    "page_width": 1241,
    "page_height": 1754,
    "page_no": 15
  },
  {
    "question": "41",
    "text": "41a",
    "x": 87,
    "y": 219,
    "page_width": 1241,
    "page_height": 1754,
    "page_no": 20
  },
  {
    "question": "11",
    "text": "11b",
    "x": 87,
    "y": 611,
    "page_width": 1241,
    "page_height": 1754,
    "page_no": 20
  },
  {
    "question": "41",
    "text": "412a",
    "x": 87,
    "y": 191,
    "page_width": 1241,
    "page_height": 1754,
    "page_no": 21
  },
  {
    "question": "12",
    "text": "12b",
    "x": 87,
    "y": 1120,
    "page_width": 1241,
    "page_height": 1754,
    "page_no": 21
  },
  {
    "question": "42",
    "text": "42c",
    "x": 87,
    "y": 289,
    "page_width": 1241,
    "page_height": 1754,
    "page_no": 22
  },
  {
    "question": "13",
    "text": "13",
    "x": 87,
    "y": 875,
    "page_width": 1241,
    "page_height": 1754,
    "page_no": 22
  },
  {
    "question": "14",
    "text": "14",
    "x": 87,
    "y": 298,
    "page_width": 1241,
    "page_height": 1754,
    "page_no": 23
  },
  {
    "question": "4",
    "text": "4",
    "x": 70,
    "y": 179,
    "page_width": 1241,
    "page_height": 1754,
    "page_no": 8
  },
  {
    "question": "4",
    "text": "4",
    "x": 70,
    "y": 153,
    "page_width": 1241,
    "page_height": 1754,
    "page_no": 9
  },
  {
    "question": "5",
    "text": "5",
    "x": 70,
    "y": 153,
    "page_width": 1241,
    "page_height": 1754,
    "page_no": 11
  },
  {
    "question": "9",
    "text": "9",
    "x": 70,
    "y": 178,
    "page_width": 1241,
    "page_height": 1754,
    "page_no": 16
  },
  {
    "question": "10",
    "text": "10",
    "x": 71,
    "y": 152,
    "page_width": 1241,
    "page_height": 1754,
    "page_no": 18
  },
  {
    "question": "1",
    "text": "1",
    "x": 143,
    "y": 288,
    "page_width": 1241,
    "page_height": 1754,
    "page_no": 10
  },
  {
    "question": "2",
    "text": "2",
    "x": 141,
    "y": 391,
    "page_width": 1241,
    "page_height": 1754,
    "page_no": 10
  },
  {
    "question": "3",
    "text": "3",
    "x": 141,
    "y": 522,
    "page_width": 1241,
    "page_height": 1754,
    "page_no": 10
  },
  {
    "question": "4",
    "text": "4",
    "x": 141,
    "y": 654,
    "page_width": 1241,
    "page_height": 1754,
    "page_no": 10
  },
  {
    "question": "4",
    "text": "4",
    "x": 141,
    "y": 780,
    "page_width": 1241,
    "page_height": 1754,
    "page_no": 12
  },
  {
    "question": "1",
    "text": "1",
    "x": 143,
    "y": 288,
    "page_width": 1241,
    "page_height": 1754,
    "page_no": 19
  },
  {
    "question": "2",
    "text": "2",
    "x": 141,
    "y": 391,
    "page_width": 1241,
    "page_height": 1754,
    "page_no": 19
  },
  {
    "question": "3",
    "text": "3",
    "x": 141,
    "y": 522,
    "page_width": 1241,
    "page_height": 1754,
    "page_no": 19
  },
  {
    "question": "4",
    "text": "4",
    "x": 141,
    "y": 654,
    "page_width": 1241,
    "page_height": 1754,
    "page_no": 19
  },
  {
    "question": "1",
    "text": "1",
    "x": 143,
    "y": 341,
    "page_width": 1241,
    "page_height": 1754,
    "page_no": 26
  },
  {
    "question": "2",
    "text": "2",
    "x": 141,
    "y": 444,
    "page_width": 1241,
    "page_height": 1754,
    "page_no": 26
  },
  {
    "question": "3",
    "text": "3",
    "x": 141,
    "y": 575,
    "page_width": 1241,
    "page_height": 1754,
    "page_no": 26
  },
  {
    "question": "4",
    "text": "4",
    "x": 141,
    "y": 706,
    "page_width": 1241,
    "page_height": 1754,
    "page_no": 26
  }
]