[
  {
    "question": "1",
    "text": "1ai",
    "x": 161,
    "y": 162,
    "page_width": 1754,
    "page_height": 1241,
    "page_no": 5
  },
  {
    "question": "1",
    "text": "1aii",
    "x": 161,
    "y": 331,
    "page_width": 1754,
    "page_height": 1241,
    "page_no": 5
  },
  {
    "question": "1",
    "text": "1aiii",
    "x": 161,
    "y": 476,
    "page_width": 1754,
    "page_height": 1241,
    "page_no": 5
  },
  {
    "question": "1",
    "text": "1aiv",
    "x": 161,
    "y": 166,
    "page_width": 1754,
    "page_height": 1241,
    "page_no": 6
  },
  {
    "question": "1",
    "text": "1bi",
    "x": 161,
    "y": 693,
    "page_width": 1754,
    "page_height": 1241,
    "page_no": 6
  },
  {
    "question": "1",
    "text": "1bii",
    "x": 161,
    "y": 191,
    "page_width": 1754,
    "page_height": 1241,
    "page_no": 7
  },
  {
    "question": "1",
    "text": "1biii",
    "x": 161,
    "y": 364,
    "page_width": 1754,
    "page_height": 1241,
    "page_no": 7
  },
  {
    "question": "1",
    "text": "1biv",
    "x": 161,
    "y": 728,
    "page_width": 1754,
    "page_height": 1241,
    "page_no": 7
  },
  {
    "question": "1",
    "text": "1c",
    "x": 161,
    "y": 166,
    "page_width": 1754,
    "page_height": 1241,
    "page_no": 8
  },
  {
    "question": "2",
    "text": "2a",
    "x": 160,
    "y": 166,
    "page_width": 1754,
    "page_height": 1241,
    "page_no": 9
  },
  {
    "question": "2",
    "text": "2b",
    "x": 160,
    "y": 446,
    "page_width": 1754,
    "page_height": 1241,
    "page_no": 9
  },
  {
    "question": "2",
    "text": "2c",
    "x": 160,
    "y": 754,
    "page_width": 1754,
    "page_height": 1241,
    "page_no": 9
  },
  {
    "question": "2",
    "text": "2d",
    "x": 160,
    "y": 166,
    "page_width": 1754,
    "page_height": 1241,
    "page_no": 10
  },
  {
    "question": "2",
    "text": "2e",
    "x": 160,
    "y": 390,
    "page_width": 1754,
    "page_height": 1241,
    "page_no": 10
  },
  {
    "question": "2",
    "text": "2fi",
    "x": 160,
    "y": 195,
    "page_width": 1754,
    "page_height": 1241,
    "page_no": 11
  },
  {
    "question": "2",
    "text": "2f",
    "x": 160,
    "y": 366,
    "page_width": 1754,
    "page_height": 1241,
    "page_no": 11
  },
  {
    "question": "29",
    "text": "29i",
    "x": 160,
    "y": 166,
    "page_width": 1754,
    "page_height": 1241,
    "page_no": 12
  },
  {
    "question": "2",
    "text": "2gii",
    "x": 160,
    "y": 215,
    "page_width": 1754,
    "page_height": 1241,
    "page_no": 13
  },
  {
    "question": "3",
    "text": "3ai",
    "x": 160,
    "y": 192,
    "page_width": 1754,
    "page_height": 1241,
    "page_no": 14
  },
  {
    "question": "3",
    "text": "3aii",
    "x": 160,
    "y": 453,
    "page_width": 1754,
    "page_height": 1241,
    "page_no": 14
  },
  {
    "question": "3",
    "text": "3aiii",
    "x": 160,
    "y": 707,
    "page_width": 1754,
    "page_height": 1241,
    "page_no": 14
  },
  {
    "question": "3",
    "text": "3aiv",
    "x": 160,
    "y": 954,
    "page_width": 1754,
    "page_height": 1241,
    "page_no": 14
  },
  {
    "question": "3",
    "text": "3bi",
    "x": 160,
    "y": 195,
    "page_width": 1754,
    "page_height": 1241,
    "page_no": 15
  },
  {
    "question": "3",
    "text": "3bii",
    "x": 160,
    "y": 162,
    "page_width": 1754,
    "page_height": 1241,
    "page_no": 16
  },
  {
    "question": "3",
    "text": "3ci",
    "x": 160,
    "y": 609,
    "page_width": 1754,
    "page_height": 1241,
    "page_no": 16
  },
  {
    "question": "3",
    "text": "3cii",
    "x": 160,
    "y": 782,
    "page_width": 1754,
    "page_height": 1241,
    "page_no": 16
  },
  {
    "question": "3",
    "text": "3c",
    "x": 160,
    "y": 161,
    "page_width": 1754,
    "page_height": 1241,
    "page_no": 17
  },
  {
    "question": "3",
    "text": "3civ",
    "x": 160,
    "y": 475,
    "page_width": 1754,
    "page_height": 1241,
    "page_no": 17
  },
  {
    "question": "3",
    "text": "3di",
    "x": 160,
    "y": 671,
    "page_width": 1754,
    "page_height": 1241,
    "page_no": 17
  },
  {
    "question": "3",
    "text": "3dii",
    "x": 160,
    "y": 162,
    "page_width": 1754,
    "page_height": 1241,
    "page_no": 18
  },
  {
    "question": "3",
    "text": "3diii",
    "x": 160,
    "y": 664,
    "page_width": 1754,
    "page_height": 1241,
    "page_no": 19
  },
  {
    "question": "3",
    "text": "3div",
    "x": 160,
    "y": 782,
    "page_width": 1754,
    "page_height": 1241,
    "page_no": 19
  },
  {
    "question": "3",
    "text": "3dv",
    "x": 160,
    "y": 166,
    "page_width": 1754,
    "page_height": 1241,
    "page_no": 20
  }
]