[
  {
    "question": "1",
    "text": "1.",
    "x": 90,
    "y": 130,
    "page_width": 1241,
    "page_height": 1754,
    "page_no": 2
  },
  {
    "question": "2",
    "text": "2.",
    "x": 89,
    "y": 156,
    "page_width": 1241,
    "page_height": 1754,
    "page_no": 4
  },
  {
    "question": "8",
    "text": "8.",
    "x": 89,
    "y": 130,
    "page_width": 1241,
    "page_height": 1754,
    "page_no": 22
  },
  {
    "question": "9",
    "text": "9.",
    "x": 89,
    "y": 130,
    "page_width": 1241,
    "page_height": 1754,
    "page_no": 24
  },
  {
    "question": "10",
    "text": "10.",
    "x": 90,
    "y": 130,
    "page_width": 1241,
    "page_height": 1754,
    "page_no": 26
  },
  {
    "question": "32",
    "text": "328",
    "x": 11,
    "y": 201,
    "page_width": 1241,
    "page_height": 1754,
    "page_no": 27
  },
  {
    "question": "00",
    "text": "00",
    "x": 11,
    "y": 1140,
    "page_width": 1241,
    "page_height": 1754,
    "page_no": 27
  },
  {
    "question": "0",
    "text": "0",
    "x": 11,
    "y": 1207,
    "page_width": 1241,
    "page_height": 1754,
    "page_no": 27
  },
  {
    "question": "32",
    "text": "328",
    "x": 11,
    "y": 1336,
    "page_width": 1241,
    "page_height": 1754,
    "page_no": 27
  }
]