[
  {
    "question": "1",
    "text": "1",
    "x": 150,
    "y": 339,
    "page_width": 1359,
    "page_height": 1873,
    "page_no": 2
  },
  {
    "question": "3",
    "text": "3",
    "x": 148,
    "y": 190,
    "page_width": 1359,
    "page_height": 1873,
    "page_no": 7
  },
  {
    "question": "4",
    "text": "4",
    "x": 148,
    "y": 191,
    "page_width": 1359,
    "page_height": 1873,
    "page_no": 11
  },
  {
    "question": "5",
    "text": "5",
    "x": 149,
    "y": 191,
    "page_width": 1359,
    "page_height": 1873,
    "page_no": 14
  },
  {
    "question": "6",
    "text": "6",
    "x": 148,
    "y": 190,
    "page_width": 1359,
    "page_height": 1873,
    "page_no": 17
  },
  {
    "question": "1",
    "text": "1.",
    "x": 150,
    "y": 286,
    "page_width": 1359,
    "page_height": 1873,
    "page_no": 30
  },
  {
    "question": "2",
    "text": "2.",
    "x": 149,
    "y": 460,
    "page_width": 1359,
    "page_height": 1873,
    "page_no": 30
  },
  {
    "question": "3",
    "text": "3.",
    "x": 149,
    "y": 636,
    "page_width": 1359,
    "page_height": 1873,
    "page_no": 30
  },
  {
    "question": "4",
    "text": "4.",
    "x": 148,
    "y": 929,
    "page_width": 1359,
    "page_height": 1873,
    "page_no": 30
  },
  {
    "question": "5",
    "text": "5.",
    "x": 149,
    "y": 1250,
    "page_width": 1359,
    "page_height": 1873,
    "page_no": 30
  },
  {
    "question": "6",
    "text": "6.",
    "x": 148,
    "y": 168,
    "page_width": 1359,
    "page_height": 1873,
    "page_no": 31
  },
  {
    "question": "7",
    "text": "7.",
    "x": 149,
    "y": 518,
    "page_width": 1359,
    "page_height": 1873,
    "page_no": 31
  },
  {
    "question": "8",
    "text": "8.",
    "x": 148,
    "y": 838,
    "page_width": 1359,
    "page_height": 1873,
    "page_no": 31
  },
  {
    "question": "9",
    "text": "9.",
    "x": 149,
    "y": 1043,
    "page_width": 1359,
    "page_height": 1873,
    "page_no": 31
  },
  {
    "question": "10",
    "text": "10.",
    "x": 150,
    "y": 1160,
    "page_width": 1359,
    "page_height": 1873,
    "page_no": 31
  },
  {
    "question": "11",
    "text": "11.",
    "x": 150,
    "y": 168,
    "page_width": 1359,
    "page_height": 1873,
    "page_no": 32
  },
  {
    "question": "12",
    "text": "12.",
    "x": 150,
    "y": 488,
    "page_width": 1359,
    "page_height": 1873,
    "page_no": 32
  },
  {
    "question": "13",
    "text": "13.",
    "x": 150,
    "y": 634,
    "page_width": 1359,
    "page_height": 1873,
    "page_no": 32
  },
  {
    "question": "14",
    "text": "14.",
    "x": 150,
    "y": 840,
    "page_width": 1359,
    "page_height": 1873,
    "page_no": 32
  },
  {
    "question": "15",
    "text": "15.",
    "x": 150,
    "y": 1132,
    "page_width": 1359,
    "page_height": 1873,
    "page_no": 32
  },
  {
    "question": "16",
    "text": "16.",
    "x": 150,
    "y": 1249,
    "page_width": 1359,
    "page_height": 1873,
    "page_no": 32
  },
  {
    "question": "3",
    "text": "3",
    "x": 0,
    "y": 1131,
    "page_width": 1359,
    "page_height": 1873,
    "page_no": 7
  },
  {
    "question": "3",
    "text": "3",
    "x": 0,
    "y": 189,
    "page_width": 1359,
    "page_height": 1873,
    "page_no": 15
  },
  {
    "question": "5",
    "text": "5c",
    "x": 0,
    "y": 1136,
    "page_width": 1359,
    "page_height": 1873,
    "page_no": 25
  },
  {
    "question": "2",
    "text": "2",
    "x": 0,
    "y": 502,
    "page_width": 1359,
    "page_height": 1873,
    "page_no": 27
  },
  {
    "question": "10",
    "text": "10",
    "x": 163,
    "y": 1728,
    "page_width": 1359,
    "page_height": 1873,
    "page_no": 10
  },
  {
    "question": "12",
    "text": "12",
    "x": 163,
    "y": 1728,
    "page_width": 1359,
    "page_height": 1873,
    "page_no": 12
  },
  {
    "question": "14",
    "text": "14",
    "x": 163,
    "y": 1728,
    "page_width": 1359,
    "page_height": 1873,
    "page_no": 14
  },
  {
    "question": "16",
    "text": "16",
    "x": 163,
    "y": 1728,
    "page_width": 1359,
    "page_height": 1873,
    "page_no": 16
  },
  {
    "question": "18",
    "text": "18",
    "x": 163,
    "y": 1728,
    "page_width": 1359,
    "page_height": 1873,
    "page_no": 18
  },
  {
    "question": "20",
    "text": "20",
    "x": 163,
    "y": 1728,
    "page_width": 1359,
    "page_height": 1873,
    "page_no": 20
  },
  {
    "question": "22",
    "text": "22",
    "x": 162,
    "y": 1728,
    "page_width": 1359,
    "page_height": 1873,
    "page_no": 22
  },
  {
    "question": "24",
    "text": "24",
    "x": 162,
    "y": 1728,
    "page_width": 1359,
    "page_height": 1873,
    "page_no": 24
  },
  {
    "question": "26",
    "text": "26",
    "x": 162,
    "y": 1728,
    "page_width": 1359,
    "page_height": 1873,
    "page_no": 26
  },
  {
    "question": "28",
    "text": "28",
    "x": 162,
    "y": 1728,
    "page_width": 1359,
    "page_height": 1873,
    "page_no": 28
  }
]