[
  {
    "question": "1",
    "text": "1",
    "x": 150,
    "y": 253,
    "page_width": 1241,
    "page_height": 1754,
    "page_no": 4
  },
  {
    "question": "2",
    "text": "2",
    "x": 149,
    "y": 305,
    "page_width": 1241,
    "page_height": 1754,
    "page_no": 4
  },
  {
    "question": "3",
    "text": "3",
    "x": 149,
    "y": 382,
    "page_width": 1241,
    "page_height": 1754,
    "page_no": 4
  },
  {
    "question": "4",
    "text": "4",
    "x": 148,
    "y": 433,
    "page_width": 1241,
    "page_height": 1754,
    "page_no": 4
  },
  {
    "question": "5",
    "text": "5",
    "x": 149,
    "y": 485,
    "page_width": 1241,
    "page_height": 1754,
    "page_no": 4
  },
  {
    "question": "6",
    "text": "6",
    "x": 149,
    "y": 537,
    "page_width": 1241,
    "page_height": 1754,
    "page_no": 4
  },
  {
    "question": "7",
    "text": "7a",
    "x": 149,
    "y": 361,
    "page_width": 1241,
    "page_height": 1754,
    "page_no": 5
  },
  {
    "question": "7",
    "text": "7b",
    "x": 149,
    "y": 261,
    "page_width": 1241,
    "page_height": 1754,
    "page_no": 6
  },
  {
    "question": "7",
    "text": "7c",
    "x": 149,
    "y": 339,
    "page_width": 1241,
    "page_height": 1754,
    "page_no": 7
  },
  {
    "question": "7",
    "text": "7d",
    "x": 149,
    "y": 309,
    "page_width": 1241,
    "page_height": 1754,
    "page_no": 9
  },
  {
    "question": "7",
    "text": "7e",
    "x": 149,
    "y": 286,
    "page_width": 1241,
    "page_height": 1754,
    "page_no": 10
  },
  {
    "question": "10",
    "text": "10",
    "x": 150,
    "y": 364,
    "page_width": 1241,
    "page_height": 1754,
    "page_no": 18
  }
]