[
  {
    "question": "4",
    "text": "4a",
    "x": 133,
    "y": 284,
    "page_width": 1241,
    "page_height": 1755,
    "page_no": 4
  },
  {
    "question": "1",
    "text": "1b",
    "x": 134,
    "y": 346,
    "page_width": 1241,
    "page_height": 1755,
    "page_no": 5
  },
  {
    "question": "4",
    "text": "4c",
    "x": 132,
    "y": 253,
    "page_width": 1241,
    "page_height": 1755,
    "page_no": 6
  },
  {
    "question": "1",
    "text": "1a",
    "x": 133,
    "y": 253,
    "page_width": 1241,
    "page_height": 1755,
    "page_no": 8
  },
  {
    "question": "4",
    "text": "4e",
    "x": 132,
    "y": 284,
    "page_width": 1241,
    "page_height": 1755,
    "page_no": 10
  }
]