[
  {
    "question": 0,
    "x": 155,
    "y": 712,
    "page_no": 12,
    "page_width": 1359,
    "page_height": 1873
  },
  {
    "question": 4,
    "x": 148,
    "y": 187,
    "page_no": 10,
    "page_width": 1359,
    "page_height": 1873
  },
  {
    "question": 3,
    "x": 152,
    "y": 184,
    "page_no": 6,
    "page_width": 1359,
    "page_height": 1873
  },
  {
    "question": 2,
    "x": 152,
    "y": 181,
    "page_no": 4,
    "page_width": 1359,
    "page_height": 1873
  },
  {
    "question": 1,
    "x": 152,
    "y": 237,
    "page_no": 2,
    "page_width": 1359,
    "page_height": 1873
  },
  {
    "question": "2",
    "text": "2",
    "x": 15,
    "y": 421,
    "page_width": 1359,
    "page_height": 1873,
    "page_no": 5
  }
]