[
  {
    "question": "4",
    "text": "4a",
    "x": 164,
    "y": 172,
    "page_width": 1275,
    "page_height": 1650,
    "page_no": 11
  },
  {
    "question": "8",
    "text": "8",
    "x": 163,
    "y": 1035,
    "page_width": 1275,
    "page_height": 1650,
    "page_no": 11
  },
  {
    "question": "5",
    "text": "5a",
    "x": 164,
    "y": 172,
    "page_width": 1275,
    "page_height": 1650,
    "page_no": 12
  },
  {
    "question": "6",
    "text": "6a",
    "x": 164,
    "y": 172,
    "page_width": 1275,
    "page_height": 1650,
    "page_no": 14
  },
  {
    "question": "7",
    "text": "7a",
    "x": 164,
    "y": 144,
    "page_width": 1275,
    "page_height": 1650,
    "page_no": 17
  },
  {
    "question": "8",
    "text": "8a",
    "x": 164,
    "y": 182,
    "page_width": 1275,
    "page_height": 1650,
    "page_no": 20
  },
  {
    "question": "8",
    "text": "8a",
    "x": 164,
    "y": 182,
    "page_width": 1275,
    "page_height": 1650,
    "page_no": 22
  }
]