[
  {
    "question": "1",
    "text": "1b",
    "x": 152,
    "y": 363,
    "page_width": 1241,
    "page_height": 1754,
    "page_no": 4
  },
  {
    "question": "4",
    "text": "4",
    "x": 156,
    "y": 680,
    "page_width": 1241,
    "page_height": 1754,
    "page_no": 9
  },
  {
    "question": "3",
    "text": "3",
    "x": 156,
    "y": 605,
    "page_width": 1241,
    "page_height": 1754,
    "page_no": 18
  },
  {
    "question": "4",
    "text": "4",
    "x": 156,
    "y": 764,
    "page_width": 1241,
    "page_height": 1754,
    "page_no": 18
  },
  {
    "question": "2",
    "text": "2",
    "x": 156,
    "y": 433,
    "page_width": 1241,
    "page_height": 1754,
    "page_no": 20
  },
  {
    "question": "3",
    "text": "3",
    "x": 156,
    "y": 592,
    "page_width": 1241,
    "page_height": 1754,
    "page_no": 20
  },
  {
    "question": "4",
    "text": "4",
    "x": 156,
    "y": 779,
    "page_width": 1241,
    "page_height": 1754,
    "page_no": 20
  },
  {
    "question": "4",
    "text": "4",
    "x": 156,
    "y": 680,
    "page_width": 1241,
    "page_height": 1754,
    "page_no": 26
  },
  {
    "question": "1",
    "text": "1a",
    "x": 87,
    "y": 219,
    "page_width": 1241,
    "page_height": 1754,
    "page_no": 5
  },
  {
    "question": "4",
    "text": "4c",
    "x": 87,
    "y": 1136,
    "page_width": 1241,
    "page_height": 1754,
    "page_no": 5
  },
  {
    "question": "2",
    "text": "2b",
    "x": 86,
    "y": 1128,
    "page_width": 1241,
    "page_height": 1754,
    "page_no": 6
  },
  {
    "question": "3",
    "text": "3a",
    "x": 86,
    "y": 191,
    "page_width": 1241,
    "page_height": 1754,
    "page_no": 7
  },
  {
    "question": "3",
    "text": "3b",
    "x": 86,
    "y": 767,
    "page_width": 1241,
    "page_height": 1754,
    "page_no": 7
  },
  {
    "question": "6",
    "text": "6a",
    "x": 86,
    "y": 219,
    "page_width": 1241,
    "page_height": 1754,
    "page_no": 12
  },
  {
    "question": "6",
    "text": "6b",
    "x": 86,
    "y": 637,
    "page_width": 1241,
    "page_height": 1754,
    "page_no": 12
  },
  {
    "question": "6",
    "text": "6c",
    "x": 86,
    "y": 165,
    "page_width": 1241,
    "page_height": 1754,
    "page_no": 13
  },
  {
    "question": "7",
    "text": "7",
    "x": 86,
    "y": 238,
    "page_width": 1241,
    "page_height": 1754,
    "page_no": 14
  },
  {
    "question": "8",
    "text": "8",
    "x": 86,
    "y": 893,
    "page_width": 1241,
    "page_height": 1754,
    "page_no": 14
  },
  {
    "question": "9",
    "text": "9a",
    "x": 86,
    "y": 210,
    "page_width": 1241,
    "page_height": 1754,
    "page_no": 15
  },
  {
    "question": "9",
    "text": "9b",
    "x": 86,
    "y": 619,
    "page_width": 1241,
    "page_height": 1754,
    "page_no": 15
  },
  {
    "question": "9",
    "text": "9c",
    "x": 86,
    "y": 210,
    "page_width": 1241,
    "page_height": 1754,
    "page_no": 16
  },
  {
    "question": "12",
    "text": "12a",
    "x": 87,
    "y": 219,
    "page_width": 1241,
    "page_height": 1754,
    "page_no": 21
  },
  {
    "question": "12",
    "text": "12b",
    "x": 87,
    "y": 637,
    "page_width": 1241,
    "page_height": 1754,
    "page_no": 21
  },
  {
    "question": "12",
    "text": "12c",
    "x": 87,
    "y": 1157,
    "page_width": 1241,
    "page_height": 1754,
    "page_no": 21
  },
  {
    "question": "13",
    "text": "13",
    "x": 87,
    "y": 237,
    "page_width": 1241,
    "page_height": 1754,
    "page_no": 22
  },
  {
    "question": "14",
    "text": "14",
    "x": 87,
    "y": 894,
    "page_width": 1241,
    "page_height": 1754,
    "page_no": 22
  },
  {
    "question": "15",
    "text": "15a",
    "x": 87,
    "y": 237,
    "page_width": 1241,
    "page_height": 1754,
    "page_no": 23
  },
  {
    "question": "15",
    "text": "15b",
    "x": 87,
    "y": 757,
    "page_width": 1241,
    "page_height": 1754,
    "page_no": 23
  },
  {
    "question": "15",
    "text": "15c",
    "x": 87,
    "y": 210,
    "page_width": 1241,
    "page_height": 1754,
    "page_no": 24
  },
  {
    "question": "1",
    "text": "1",
    "x": 158,
    "y": 315,
    "page_width": 1241,
    "page_height": 1754,
    "page_no": 9
  },
  {
    "question": "1",
    "text": "1",
    "x": 158,
    "y": 315,
    "page_width": 1241,
    "page_height": 1754,
    "page_no": 18
  },
  {
    "question": "1",
    "text": "1",
    "x": 158,
    "y": 302,
    "page_width": 1241,
    "page_height": 1754,
    "page_no": 20
  },
  {
    "question": "1",
    "text": "1",
    "x": 158,
    "y": 315,
    "page_width": 1241,
    "page_height": 1754,
    "page_no": 26
  },
  {
    "question": "1",
    "text": "1",
    "x": 63,
    "y": 342,
    "page_width": 1241,
    "page_height": 1754,
    "page_no": 11
  },
  {
    "question": "2",
    "text": "2",
    "x": 62,
    "y": 446,
    "page_width": 1241,
    "page_height": 1754,
    "page_no": 11
  },
  {
    "question": "3",
    "text": "3",
    "x": 62,
    "y": 577,
    "page_width": 1241,
    "page_height": 1754,
    "page_no": 11
  },
  {
    "question": "4",
    "text": "4",
    "x": 61,
    "y": 764,
    "page_width": 1241,
    "page_height": 1754,
    "page_no": 11
  }
]