[
  {
    "question": "16",
    "text": "16b@",
    "x": 119,
    "y": 707,
    "page_width": 1754,
    "page_height": 1241,
    "page_no": 4
  },
  {
    "question": "1",
    "text": "1b",
    "x": 119,
    "y": 240,
    "page_width": 1754,
    "page_height": 1241,
    "page_no": 5
  },
  {
    "question": "1",
    "text": "1\u00a9@",
    "x": 119,
    "y": 419,
    "page_width": 1754,
    "page_height": 1241,
    "page_no": 5
  },
  {
    "question": "1",
    "text": "1\u00a9Gi",
    "x": 119,
    "y": 599,
    "page_width": 1754,
    "page_height": 1241,
    "page_no": 5
  },
  {
    "question": "1",
    "text": "1\u00a2ii",
    "x": 119,
    "y": 832,
    "page_width": 1754,
    "page_height": 1241,
    "page_no": 5
  },
  {
    "question": "1",
    "text": "1civ",
    "x": 119,
    "y": 154,
    "page_width": 1754,
    "page_height": 1241,
    "page_no": 6
  },
  {
    "question": "1",
    "text": "1di",
    "x": 119,
    "y": 818,
    "page_width": 1754,
    "page_height": 1241,
    "page_no": 6
  },
  {
    "question": "1",
    "text": "1dii",
    "x": 119,
    "y": 183,
    "page_width": 1754,
    "page_height": 1241,
    "page_no": 7
  },
  {
    "question": "1",
    "text": "1diii",
    "x": 119,
    "y": 294,
    "page_width": 1754,
    "page_height": 1241,
    "page_no": 8
  },
  {
    "question": "2",
    "text": "2ai",
    "x": 118,
    "y": 154,
    "page_width": 1754,
    "page_height": 1241,
    "page_no": 9
  },
  {
    "question": "2",
    "text": "2aii",
    "x": 118,
    "y": 386,
    "page_width": 1754,
    "page_height": 1241,
    "page_no": 9
  },
  {
    "question": "2",
    "text": "2aiii",
    "x": 118,
    "y": 150,
    "page_width": 1754,
    "page_height": 1241,
    "page_no": 10
  },
  {
    "question": "2",
    "text": "2bi",
    "x": 117,
    "y": 154,
    "page_width": 1754,
    "page_height": 1241,
    "page_no": 11
  },
  {
    "question": "2",
    "text": "2b",
    "x": 118,
    "y": 183,
    "page_width": 1754,
    "page_height": 1241,
    "page_no": 12
  },
  {
    "question": "2",
    "text": "2b",
    "x": 118,
    "y": 179,
    "page_width": 1754,
    "page_height": 1241,
    "page_no": 13
  },
  {
    "question": "3",
    "text": "3ad",
    "x": 117,
    "y": 154,
    "page_width": 1754,
    "page_height": 1241,
    "page_no": 14
  },
  {
    "question": "3",
    "text": "3aii",
    "x": 117,
    "y": 599,
    "page_width": 1754,
    "page_height": 1241,
    "page_no": 14
  },
  {
    "question": "3",
    "text": "3b",
    "x": 117,
    "y": 154,
    "page_width": 1754,
    "page_height": 1241,
    "page_no": 15
  },
  {
    "question": "3",
    "text": "3c",
    "x": 117,
    "y": 154,
    "page_width": 1754,
    "page_height": 1241,
    "page_no": 16
  },
  {
    "question": "4",
    "text": "4a",
    "x": 117,
    "y": 154,
    "page_width": 1754,
    "page_height": 1241,
    "page_no": 17
  },
  {
    "question": "4",
    "text": "4b",
    "x": 117,
    "y": 154,
    "page_width": 1754,
    "page_height": 1241,
    "page_no": 18
  },
  {
    "question": "4",
    "text": "4",
    "x": 117,
    "y": 183,
    "page_width": 1754,
    "page_height": 1241,
    "page_no": 19
  },
  {
    "question": "4",
    "text": "4",
    "x": 117,
    "y": 154,
    "page_width": 1754,
    "page_height": 1241,
    "page_no": 20
  },
  {
    "question": "4",
    "text": "4dii",
    "x": 117,
    "y": 183,
    "page_width": 1754,
    "page_height": 1241,
    "page_no": 21
  },
  {
    "question": "4",
    "text": "4f",
    "x": 117,
    "y": 150,
    "page_width": 1754,
    "page_height": 1241,
    "page_no": 23
  }
]