[
  {
    "question": "1",
    "text": "1",
    "x": 91,
    "y": 233,
    "page_width": 1241,
    "page_height": 1754,
    "page_no": 2
  },
  {
    "question": "2",
    "text": "2.",
    "x": 89,
    "y": 232,
    "page_width": 1241,
    "page_height": 1754,
    "page_no": 7
  },
  {
    "question": "3",
    "text": "3",
    "x": 89,
    "y": 232,
    "page_width": 1241,
    "page_height": 1754,
    "page_no": 12
  },
  {
    "question": "7",
    "text": "7.1%.",
    "x": 90,
    "y": 287,
    "page_width": 1241,
    "page_height": 1754,
    "page_no": 18
  }
]