[
  {
    "question": "1",
    "text": "1.",
    "x": 121,
    "y": 283,
    "page_width": 1241,
    "page_height": 1754,
    "page_no": 4
  },
  {
    "question": "2",
    "text": "2.",
    "x": 119,
    "y": 354,
    "page_width": 1241,
    "page_height": 1754,
    "page_no": 4
  },
  {
    "question": "3",
    "text": "3.",
    "x": 119,
    "y": 158,
    "page_width": 1241,
    "page_height": 1754,
    "page_no": 5
  },
  {
    "question": "4",
    "text": "4.",
    "x": 119,
    "y": 854,
    "page_width": 1241,
    "page_height": 1754,
    "page_no": 5
  },
  {
    "question": "5",
    "text": "5.",
    "x": 120,
    "y": 1034,
    "page_width": 1241,
    "page_height": 1754,
    "page_no": 5
  },
  {
    "question": "6",
    "text": "6.",
    "x": 120,
    "y": 1141,
    "page_width": 1241,
    "page_height": 1754,
    "page_no": 5
  },
  {
    "question": "7",
    "text": "7.",
    "x": 119,
    "y": 1352,
    "page_width": 1241,
    "page_height": 1754,
    "page_no": 5
  },
  {
    "question": "30",
    "text": "30000",
    "x": 156,
    "y": 499,
    "page_width": 1241,
    "page_height": 1754,
    "page_no": 7
  },
  {
    "question": "1",
    "text": "1\u201c",
    "x": 153,
    "y": 762,
    "page_width": 1241,
    "page_height": 1754,
    "page_no": 7
  },
  {
    "question": "2",
    "text": "2",
    "x": 154,
    "y": 832,
    "page_width": 1241,
    "page_height": 1754,
    "page_no": 7
  },
  {
    "question": "0",
    "text": "0.5xi",
    "x": 154,
    "y": 979,
    "page_width": 1241,
    "page_height": 1754,
    "page_no": 7
  },
  {
    "question": "48",
    "text": "48a\u2019",
    "x": 157,
    "y": 474,
    "page_width": 1241,
    "page_height": 1754,
    "page_no": 8
  },
  {
    "question": "2",
    "text": "2",
    "x": 100,
    "y": 747,
    "page_width": 1241,
    "page_height": 1754,
    "page_no": 7
  },
  {
    "question": "3",
    "text": "3a",
    "x": 101,
    "y": 157,
    "page_width": 1241,
    "page_height": 1754,
    "page_no": 8
  },
  {
    "question": "3",
    "text": "3b_|",
    "x": 101,
    "y": 720,
    "page_width": 1241,
    "page_height": 1754,
    "page_no": 8
  },
  {
    "question": "4",
    "text": "4a",
    "x": 100,
    "y": 157,
    "page_width": 1241,
    "page_height": 1754,
    "page_no": 9
  },
  {
    "question": "4",
    "text": "4b",
    "x": 100,
    "y": 324,
    "page_width": 1241,
    "page_height": 1754,
    "page_no": 9
  },
  {
    "question": "4",
    "text": "4c",
    "x": 100,
    "y": 590,
    "page_width": 1241,
    "page_height": 1754,
    "page_no": 9
  },
  {
    "question": "5",
    "text": "5b",
    "x": 101,
    "y": 592,
    "page_width": 1241,
    "page_height": 1754,
    "page_no": 10
  },
  {
    "question": "6",
    "text": "6a",
    "x": 101,
    "y": 157,
    "page_width": 1241,
    "page_height": 1754,
    "page_no": 11
  },
  {
    "question": "6",
    "text": "6b_|",
    "x": 101,
    "y": 734,
    "page_width": 1241,
    "page_height": 1754,
    "page_no": 11
  },
  {
    "question": "6",
    "text": "6b",
    "x": 101,
    "y": 1161,
    "page_width": 1241,
    "page_height": 1754,
    "page_no": 11
  },
  {
    "question": "7",
    "text": "7b",
    "x": 101,
    "y": 629,
    "page_width": 1241,
    "page_height": 1754,
    "page_no": 12
  },
  {
    "question": "7",
    "text": "7c",
    "x": 101,
    "y": 864,
    "page_width": 1241,
    "page_height": 1754,
    "page_no": 12
  },
  {
    "question": "8",
    "text": "8a_|",
    "x": 101,
    "y": 157,
    "page_width": 1241,
    "page_height": 1754,
    "page_no": 13
  },
  {
    "question": "8",
    "text": "8b_",
    "x": 101,
    "y": 784,
    "page_width": 1241,
    "page_height": 1754,
    "page_no": 13
  },
  {
    "question": "8",
    "text": "8c",
    "x": 101,
    "y": 1042,
    "page_width": 1241,
    "page_height": 1754,
    "page_no": 13
  }
]