[
  {
    "question": 0,
    "x": 117,
    "y": 628,
    "page_no": 14,
    "page_width": 1241,
    "page_height": 1754
  },
  {
    "question": "1",
    "text": "1a",
    "x": 147,
    "y": 204,
    "page_width": 1241,
    "page_height": 1754,
    "page_no": 6
  },
  {
    "question": "2",
    "text": "2a",
    "x": 145,
    "y": 203,
    "page_width": 1241,
    "page_height": 1754,
    "page_no": 7
  },
  {
    "question": "3",
    "text": "3a",
    "x": 130,
    "y": 203,
    "page_width": 1241,
    "page_height": 1754,
    "page_no": 8
  },
  {
    "question": "4",
    "text": "4ai",
    "x": 130,
    "y": 203,
    "page_width": 1241,
    "page_height": 1754,
    "page_no": 11
  },
  {
    "question": "4",
    "text": "4ciii",
    "x": 134,
    "y": 1047,
    "page_width": 1241,
    "page_height": 1754,
    "page_no": 13
  }
]