[
  {
    "question": "4",
    "text": "4a",
    "x": 87,
    "y": 219,
    "page_width": 1241,
    "page_height": 1754,
    "page_no": 4
  },
  {
    "question": "4",
    "text": "4b",
    "x": 87,
    "y": 637,
    "page_width": 1241,
    "page_height": 1754,
    "page_no": 4
  },
  {
    "question": "2",
    "text": "2a",
    "x": 86,
    "y": 1166,
    "page_width": 1241,
    "page_height": 1754,
    "page_no": 4
  },
  {
    "question": "2",
    "text": "2b",
    "x": 86,
    "y": 208,
    "page_width": 1241,
    "page_height": 1754,
    "page_no": 5
  },
  {
    "question": "2",
    "text": "2c",
    "x": 86,
    "y": 757,
    "page_width": 1241,
    "page_height": 1754,
    "page_no": 5
  },
  {
    "question": "3",
    "text": "3",
    "x": 86,
    "y": 165,
    "page_width": 1241,
    "page_height": 1754,
    "page_no": 6
  },
  {
    "question": "6",
    "text": "6a",
    "x": 86,
    "y": 219,
    "page_width": 1241,
    "page_height": 1754,
    "page_no": 11
  },
  {
    "question": "6",
    "text": "6b",
    "x": 86,
    "y": 778,
    "page_width": 1241,
    "page_height": 1754,
    "page_no": 11
  },
  {
    "question": "7",
    "text": "7a",
    "x": 86,
    "y": 165,
    "page_width": 1241,
    "page_height": 1754,
    "page_no": 12
  },
  {
    "question": "7",
    "text": "7b",
    "x": 86,
    "y": 741,
    "page_width": 1241,
    "page_height": 1754,
    "page_no": 12
  },
  {
    "question": "7",
    "text": "7c",
    "x": 86,
    "y": 1123,
    "page_width": 1241,
    "page_height": 1754,
    "page_no": 12
  },
  {
    "question": "7",
    "text": "7d",
    "x": 86,
    "y": 165,
    "page_width": 1241,
    "page_height": 1754,
    "page_no": 13
  },
  {
    "question": "8",
    "text": "8a",
    "x": 86,
    "y": 742,
    "page_width": 1241,
    "page_height": 1754,
    "page_no": 13
  },
  {
    "question": "8",
    "text": "8",
    "x": 86,
    "y": 165,
    "page_width": 1241,
    "page_height": 1754,
    "page_no": 14
  },
  {
    "question": "41",
    "text": "411a",
    "x": 87,
    "y": 219,
    "page_width": 1241,
    "page_height": 1754,
    "page_no": 19
  },
  {
    "question": "41",
    "text": "41b",
    "x": 87,
    "y": 777,
    "page_width": 1241,
    "page_height": 1754,
    "page_no": 19
  },
  {
    "question": "12",
    "text": "12a",
    "x": 87,
    "y": 210,
    "page_width": 1241,
    "page_height": 1754,
    "page_no": 20
  },
  {
    "question": "12",
    "text": "12b",
    "x": 87,
    "y": 786,
    "page_width": 1241,
    "page_height": 1754,
    "page_no": 20
  },
  {
    "question": "12",
    "text": "12c",
    "x": 87,
    "y": 1168,
    "page_width": 1241,
    "page_height": 1754,
    "page_no": 20
  },
  {
    "question": "12",
    "text": "12d",
    "x": 87,
    "y": 165,
    "page_width": 1241,
    "page_height": 1754,
    "page_no": 21
  },
  {
    "question": "13",
    "text": "13a",
    "x": 87,
    "y": 723,
    "page_width": 1241,
    "page_height": 1754,
    "page_no": 21
  },
  {
    "question": "13",
    "text": "13",
    "x": 87,
    "y": 165,
    "page_width": 1241,
    "page_height": 1754,
    "page_no": 22
  },
  {
    "question": "4",
    "text": "4",
    "x": 88,
    "y": 154,
    "page_width": 1241,
    "page_height": 1754,
    "page_no": 7
  },
  {
    "question": "9",
    "text": "9",
    "x": 88,
    "y": 153,
    "page_width": 1241,
    "page_height": 1754,
    "page_no": 15
  },
  {
    "question": "10",
    "text": "10",
    "x": 89,
    "y": 153,
    "page_width": 1241,
    "page_height": 1754,
    "page_no": 17
  },
  {
    "question": "14",
    "text": "14",
    "x": 89,
    "y": 154,
    "page_width": 1241,
    "page_height": 1754,
    "page_no": 23
  },
  {
    "question": "1",
    "text": "1",
    "x": 158,
    "y": 288,
    "page_width": 1241,
    "page_height": 1754,
    "page_no": 10
  },
  {
    "question": "1",
    "text": "1",
    "x": 158,
    "y": 288,
    "page_width": 1241,
    "page_height": 1754,
    "page_no": 16
  },
  {
    "question": "1",
    "text": "1",
    "x": 158,
    "y": 288,
    "page_width": 1241,
    "page_height": 1754,
    "page_no": 18
  },
  {
    "question": "1",
    "text": "1",
    "x": 158,
    "y": 288,
    "page_width": 1241,
    "page_height": 1754,
    "page_no": 24
  },
  {
    "question": "4",
    "text": "4",
    "x": 156,
    "y": 741,
    "page_width": 1241,
    "page_height": 1754,
    "page_no": 10
  },
  {
    "question": "2",
    "text": "2",
    "x": 156,
    "y": 447,
    "page_width": 1241,
    "page_height": 1754,
    "page_no": 16
  },
  {
    "question": "3",
    "text": "3",
    "x": 156,
    "y": 578,
    "page_width": 1241,
    "page_height": 1754,
    "page_no": 16
  },
  {
    "question": "4",
    "text": "4",
    "x": 156,
    "y": 737,
    "page_width": 1241,
    "page_height": 1754,
    "page_no": 16
  },
  {
    "question": "4",
    "text": "4",
    "x": 156,
    "y": 741,
    "page_width": 1241,
    "page_height": 1754,
    "page_no": 18
  },
  {
    "question": "2",
    "text": "2",
    "x": 156,
    "y": 419,
    "page_width": 1241,
    "page_height": 1754,
    "page_no": 24
  },
  {
    "question": "3",
    "text": "3",
    "x": 156,
    "y": 550,
    "page_width": 1241,
    "page_height": 1754,
    "page_no": 24
  },
  {
    "question": "4",
    "text": "4",
    "x": 156,
    "y": 709,
    "page_width": 1241,
    "page_height": 1754,
    "page_no": 24
  },
  {
    "question": "4",
    "text": "4",
    "x": 156,
    "y": 767,
    "page_width": 1241,
    "page_height": 1754,
    "page_no": 26
  }
]