[
  {
    "question": "20",
    "text": "2022",
    "x": 153,
    "y": 946,
    "page_width": 1754,
    "page_height": 1241,
    "page_no": 2
  },
  {
    "question": "1",
    "text": "1a",
    "x": 152,
    "y": 247,
    "page_width": 1754,
    "page_height": 1241,
    "page_no": 4
  },
  {
    "question": "1",
    "text": "1bi",
    "x": 152,
    "y": 464,
    "page_width": 1754,
    "page_height": 1241,
    "page_no": 4
  },
  {
    "question": "1",
    "text": "1bii",
    "x": 152,
    "y": 706,
    "page_width": 1754,
    "page_height": 1241,
    "page_no": 4
  },
  {
    "question": "2",
    "text": "2a",
    "x": 151,
    "y": 219,
    "page_width": 1754,
    "page_height": 1241,
    "page_no": 5
  },
  {
    "question": "2",
    "text": "2b",
    "x": 151,
    "y": 247,
    "page_width": 1754,
    "page_height": 1241,
    "page_no": 6
  },
  {
    "question": "3",
    "text": "3ai",
    "x": 151,
    "y": 215,
    "page_width": 1754,
    "page_height": 1241,
    "page_no": 7
  },
  {
    "question": "3",
    "text": "3aii",
    "x": 151,
    "y": 562,
    "page_width": 1754,
    "page_height": 1241,
    "page_no": 7
  },
  {
    "question": "3",
    "text": "3bi",
    "x": 151,
    "y": 210,
    "page_width": 1754,
    "page_height": 1241,
    "page_no": 8
  },
  {
    "question": "3",
    "text": "3bii",
    "x": 151,
    "y": 241,
    "page_width": 1754,
    "page_height": 1241,
    "page_no": 9
  },
  {
    "question": "5",
    "text": "5ai",
    "x": 151,
    "y": 246,
    "page_width": 1754,
    "page_height": 1241,
    "page_no": 13
  },
  {
    "question": "5",
    "text": "5aii",
    "x": 151,
    "y": 656,
    "page_width": 1754,
    "page_height": 1241,
    "page_no": 13
  },
  {
    "question": "5",
    "text": "5b",
    "x": 151,
    "y": 219,
    "page_width": 1754,
    "page_height": 1241,
    "page_no": 14
  },
  {
    "question": "5",
    "text": "5c",
    "x": 151,
    "y": 215,
    "page_width": 1754,
    "page_height": 1241,
    "page_no": 16
  },
  {
    "question": "6",
    "text": "6a",
    "x": 151,
    "y": 247,
    "page_width": 1754,
    "page_height": 1241,
    "page_no": 17
  },
  {
    "question": "6",
    "text": "6bi",
    "x": 151,
    "y": 219,
    "page_width": 1754,
    "page_height": 1241,
    "page_no": 18
  },
  {
    "question": "6",
    "text": "6bii",
    "x": 151,
    "y": 998,
    "page_width": 1754,
    "page_height": 1241,
    "page_no": 18
  },
  {
    "question": "6",
    "text": "6biii",
    "x": 151,
    "y": 239,
    "page_width": 1754,
    "page_height": 1241,
    "page_no": 19
  },
  {
    "question": "6",
    "text": "6ci",
    "x": 151,
    "y": 1023,
    "page_width": 1754,
    "page_height": 1241,
    "page_no": 19
  },
  {
    "question": "6",
    "text": "6cii",
    "x": 151,
    "y": 216,
    "page_width": 1754,
    "page_height": 1241,
    "page_no": 20
  },
  {
    "question": "7",
    "text": "7a\\i",
    "x": 151,
    "y": 246,
    "page_width": 1754,
    "page_height": 1241,
    "page_no": 21
  },
  {
    "question": "7",
    "text": "7b",
    "x": 151,
    "y": 219,
    "page_width": 1754,
    "page_height": 1241,
    "page_no": 22
  },
  {
    "question": "7",
    "text": "7c",
    "x": 151,
    "y": 220,
    "page_width": 1754,
    "page_height": 1241,
    "page_no": 23
  },
  {
    "question": "8",
    "text": "8a",
    "x": 151,
    "y": 246,
    "page_width": 1754,
    "page_height": 1241,
    "page_no": 24
  },
  {
    "question": "8",
    "text": "8b",
    "x": 151,
    "y": 246,
    "page_width": 1754,
    "page_height": 1241,
    "page_no": 25
  },
  {
    "question": "8",
    "text": "8ci",
    "x": 151,
    "y": 246,
    "page_width": 1754,
    "page_height": 1241,
    "page_no": 26
  },
  {
    "question": "8",
    "text": "8cii",
    "x": 151,
    "y": 525,
    "page_width": 1754,
    "page_height": 1241,
    "page_no": 26
  },
  {
    "question": "8",
    "text": "8d",
    "x": 151,
    "y": 219,
    "page_width": 1754,
    "page_height": 1241,
    "page_no": 27
  },
  {
    "question": "0",
    "text": "0",
    "x": 212,
    "y": 188,
    "page_width": 1754,
    "page_height": 1241,
    "page_no": 15
  },
  {
    "question": "1",
    "text": "1",
    "x": 213,
    "y": 221,
    "page_width": 1754,
    "page_height": 1241,
    "page_no": 15
  },
  {
    "question": "2",
    "text": "2",
    "x": 212,
    "y": 502,
    "page_width": 1754,
    "page_height": 1241,
    "page_no": 15
  },
  {
    "question": "3",
    "text": "3",
    "x": 212,
    "y": 690,
    "page_width": 1754,
    "page_height": 1241,
    "page_no": 15
  },
  {
    "question": "0",
    "text": "0",
    "x": 212,
    "y": 184,
    "page_width": 1754,
    "page_height": 1241,
    "page_no": 28
  },
  {
    "question": "1",
    "text": "1",
    "x": 212,
    "y": 216,
    "page_width": 1754,
    "page_height": 1241,
    "page_no": 28
  },
  {
    "question": "2",
    "text": "2",
    "x": 212,
    "y": 529,
    "page_width": 1754,
    "page_height": 1241,
    "page_no": 28
  },
  {
    "question": "3",
    "text": "3",
    "x": 212,
    "y": 780,
    "page_width": 1754,
    "page_height": 1241,
    "page_no": 28
  }
]