[
  {
    "question": "1",
    "text": "1ai",
    "x": 149,
    "y": 169,
    "page_width": 1755,
    "page_height": 1241,
    "page_no": 5
  },
  {
    "question": "1",
    "text": "1aii",
    "x": 149,
    "y": 570,
    "page_width": 1755,
    "page_height": 1241,
    "page_no": 5
  },
  {
    "question": "1",
    "text": "1bi",
    "x": 149,
    "y": 196,
    "page_width": 1755,
    "page_height": 1241,
    "page_no": 6
  },
  {
    "question": "1",
    "text": "1bii",
    "x": 149,
    "y": 198,
    "page_width": 1755,
    "page_height": 1241,
    "page_no": 7
  },
  {
    "question": "1",
    "text": "1biii",
    "x": 149,
    "y": 169,
    "page_width": 1755,
    "page_height": 1241,
    "page_no": 8
  },
  {
    "question": "1",
    "text": "1ci",
    "x": 149,
    "y": 169,
    "page_width": 1755,
    "page_height": 1241,
    "page_no": 9
  },
  {
    "question": "1",
    "text": "1@ii",
    "x": 149,
    "y": 169,
    "page_width": 1755,
    "page_height": 1241,
    "page_no": 10
  },
  {
    "question": "2",
    "text": "2a",
    "x": 147,
    "y": 198,
    "page_width": 1755,
    "page_height": 1241,
    "page_no": 11
  },
  {
    "question": "2",
    "text": "2aii",
    "x": 147,
    "y": 661,
    "page_width": 1755,
    "page_height": 1241,
    "page_no": 11
  },
  {
    "question": "2",
    "text": "2aiii",
    "x": 147,
    "y": 194,
    "page_width": 1755,
    "page_height": 1241,
    "page_no": 12
  },
  {
    "question": "2",
    "text": "2b",
    "x": 147,
    "y": 169,
    "page_width": 1755,
    "page_height": 1241,
    "page_no": 13
  },
  {
    "question": "2",
    "text": "2\u00a2c",
    "x": 147,
    "y": 511,
    "page_width": 1755,
    "page_height": 1241,
    "page_no": 13
  },
  {
    "question": "2",
    "text": "2d",
    "x": 147,
    "y": 198,
    "page_width": 1755,
    "page_height": 1241,
    "page_no": 14
  },
  {
    "question": "2",
    "text": "2ei",
    "x": 147,
    "y": 843,
    "page_width": 1755,
    "page_height": 1241,
    "page_no": 14
  },
  {
    "question": "2",
    "text": "2eii",
    "x": 147,
    "y": 169,
    "page_width": 1755,
    "page_height": 1241,
    "page_no": 15
  },
  {
    "question": "2",
    "text": "2f",
    "x": 147,
    "y": 513,
    "page_width": 1755,
    "page_height": 1241,
    "page_no": 15
  },
  {
    "question": "3",
    "text": "3a",
    "x": 147,
    "y": 169,
    "page_width": 1755,
    "page_height": 1241,
    "page_no": 16
  },
  {
    "question": "3",
    "text": "3aii",
    "x": 147,
    "y": 434,
    "page_width": 1755,
    "page_height": 1241,
    "page_no": 16
  },
  {
    "question": "3",
    "text": "3b",
    "x": 147,
    "y": 732,
    "page_width": 1755,
    "page_height": 1241,
    "page_no": 16
  },
  {
    "question": "3",
    "text": "3ci",
    "x": 147,
    "y": 169,
    "page_width": 1755,
    "page_height": 1241,
    "page_no": 17
  },
  {
    "question": "3",
    "text": "3ii",
    "x": 147,
    "y": 169,
    "page_width": 1755,
    "page_height": 1241,
    "page_no": 18
  },
  {
    "question": "4",
    "text": "4ai",
    "x": 147,
    "y": 169,
    "page_width": 1755,
    "page_height": 1241,
    "page_no": 22
  },
  {
    "question": "4",
    "text": "4aii",
    "x": 147,
    "y": 714,
    "page_width": 1755,
    "page_height": 1241,
    "page_no": 22
  },
  {
    "question": "4",
    "text": "4bi",
    "x": 147,
    "y": 169,
    "page_width": 1755,
    "page_height": 1241,
    "page_no": 23
  },
  {
    "question": "4",
    "text": "4bii",
    "x": 147,
    "y": 575,
    "page_width": 1755,
    "page_height": 1241,
    "page_no": 23
  },
  {
    "question": "4",
    "text": "4c",
    "x": 147,
    "y": 169,
    "page_width": 1755,
    "page_height": 1241,
    "page_no": 24
  },
  {
    "question": "4",
    "text": "4d",
    "x": 147,
    "y": 576,
    "page_width": 1755,
    "page_height": 1241,
    "page_no": 24
  },
  {
    "question": "4",
    "text": "4e",
    "x": 147,
    "y": 169,
    "page_width": 1755,
    "page_height": 1241,
    "page_no": 25
  }
]