[
  {
    "question": "1",
    "text": "1A02",
    "x": 107,
    "y": 1327,
    "page_width": 1241,
    "page_height": 1754,
    "page_no": 5
  },
  {
    "question": "4",
    "text": "4",
    "x": 107,
    "y": 1399,
    "page_width": 1241,
    "page_height": 1754,
    "page_no": 5
  },
  {
    "question": "00",
    "text": "000+\u00a312",
    "x": 107,
    "y": 1404,
    "page_width": 1241,
    "page_height": 1754,
    "page_no": 6
  },
  {
    "question": "5",
    "text": "5",
    "x": 107,
    "y": 614,
    "page_width": 1241,
    "page_height": 1754,
    "page_no": 7
  },
  {
    "question": "4",
    "text": "4",
    "x": 106,
    "y": 951,
    "page_width": 1241,
    "page_height": 1754,
    "page_no": 13
  },
  {
    "question": "4",
    "text": "4c",
    "x": 107,
    "y": 125,
    "page_width": 1241,
    "page_height": 1754,
    "page_no": 22
  },
  {
    "question": "50",
    "text": "50%",
    "x": 108,
    "y": 424,
    "page_width": 1241,
    "page_height": 1754,
    "page_no": 22
  },
  {
    "question": "60",
    "text": "60%",
    "x": 107,
    "y": 594,
    "page_width": 1241,
    "page_height": 1754,
    "page_no": 22
  },
  {
    "question": "50",
    "text": "50%",
    "x": 108,
    "y": 651,
    "page_width": 1241,
    "page_height": 1754,
    "page_no": 22
  },
  {
    "question": "19",
    "text": "1900",
    "x": 107,
    "y": 983,
    "page_width": 1241,
    "page_height": 1754,
    "page_no": 25
  },
  {
    "question": "1",
    "text": "1A01",
    "x": 108,
    "y": 604,
    "page_width": 1241,
    "page_height": 1754,
    "page_no": 28
  },
  {
    "question": "2",
    "text": "2",
    "x": 107,
    "y": 881,
    "page_width": 1241,
    "page_height": 1754,
    "page_no": 28
  },
  {
    "question": "1",
    "text": "1",
    "x": 108,
    "y": 974,
    "page_width": 1241,
    "page_height": 1754,
    "page_no": 28
  },
  {
    "question": "4",
    "text": "4",
    "x": 107,
    "y": 1479,
    "page_width": 1241,
    "page_height": 1754,
    "page_no": 28
  },
  {
    "question": "31",
    "text": "31Dec",
    "x": 119,
    "y": 1052,
    "page_width": 1241,
    "page_height": 1754,
    "page_no": 16
  },
  {
    "question": "31",
    "text": "31Dec",
    "x": 119,
    "y": 257,
    "page_width": 1241,
    "page_height": 1754,
    "page_no": 17
  },
  {
    "question": "20",
    "text": "2021",
    "x": 119,
    "y": 613,
    "page_width": 1241,
    "page_height": 1754,
    "page_no": 17
  },
  {
    "question": "13",
    "text": "13",
    "x": 121,
    "y": 671,
    "page_width": 1241,
    "page_height": 1754,
    "page_no": 17
  },
  {
    "question": "24",
    "text": "24",
    "x": 119,
    "y": 764,
    "page_width": 1241,
    "page_height": 1754,
    "page_no": 17
  },
  {
    "question": "30",
    "text": "30",
    "x": 119,
    "y": 858,
    "page_width": 1241,
    "page_height": 1754,
    "page_no": 17
  },
  {
    "question": "20",
    "text": "2021",
    "x": 119,
    "y": 1297,
    "page_width": 1241,
    "page_height": 1754,
    "page_no": 17
  },
  {
    "question": "15",
    "text": "15",
    "x": 120,
    "y": 1356,
    "page_width": 1241,
    "page_height": 1754,
    "page_no": 17
  },
  {
    "question": "20",
    "text": "2021",
    "x": 119,
    "y": 241,
    "page_width": 1241,
    "page_height": 1754,
    "page_no": 18
  },
  {
    "question": "31",
    "text": "31",
    "x": 119,
    "y": 299,
    "page_width": 1241,
    "page_height": 1754,
    "page_no": 18
  },
  {
    "question": "20",
    "text": "2021",
    "x": 119,
    "y": 644,
    "page_width": 1241,
    "page_height": 1754,
    "page_no": 18
  },
  {
    "question": "13",
    "text": "13",
    "x": 120,
    "y": 702,
    "page_width": 1241,
    "page_height": 1754,
    "page_no": 18
  },
  {
    "question": "30",
    "text": "30",
    "x": 119,
    "y": 831,
    "page_width": 1241,
    "page_height": 1754,
    "page_no": 18
  },
  {
    "question": "15",
    "text": "15",
    "x": 120,
    "y": 962,
    "page_width": 1241,
    "page_height": 1754,
    "page_no": 18
  },
  {
    "question": "31",
    "text": "31",
    "x": 119,
    "y": 1019,
    "page_width": 1241,
    "page_height": 1754,
    "page_no": 18
  },
  {
    "question": "1",
    "text": "1",
    "x": 75,
    "y": 364,
    "page_width": 1241,
    "page_height": 1754,
    "page_no": 24
  },
  {
    "question": "25",
    "text": "25",
    "x": 74,
    "y": 420,
    "page_width": 1241,
    "page_height": 1754,
    "page_no": 24
  },
  {
    "question": "20",
    "text": "2021",
    "x": 74,
    "y": 456,
    "page_width": 1241,
    "page_height": 1754,
    "page_no": 24
  },
  {
    "question": "1",
    "text": "1",
    "x": 76,
    "y": 631,
    "page_width": 1241,
    "page_height": 1754,
    "page_no": 24
  },
  {
    "question": "23",
    "text": "23",
    "x": 74,
    "y": 593,
    "page_width": 1241,
    "page_height": 1754,
    "page_no": 25
  },
  {
    "question": "31",
    "text": "31Dec",
    "x": 74,
    "y": 702,
    "page_width": 1241,
    "page_height": 1754,
    "page_no": 25
  }
]