[
  {
    "question": "1",
    "text": "1",
    "x": 139,
    "y": 266,
    "page_width": 1241,
    "page_height": 1754,
    "page_no": 4
  },
  {
    "question": "2",
    "text": "2",
    "x": 138,
    "y": 522,
    "page_width": 1241,
    "page_height": 1754,
    "page_no": 4
  },
  {
    "question": "3",
    "text": "3",
    "x": 138,
    "y": 792,
    "page_width": 1241,
    "page_height": 1754,
    "page_no": 4
  },
  {
    "question": "4",
    "text": "4",
    "x": 137,
    "y": 1125,
    "page_width": 1241,
    "page_height": 1754,
    "page_no": 4
  },
  {
    "question": "7",
    "text": "7a",
    "x": 132,
    "y": 449,
    "page_width": 1241,
    "page_height": 1754,
    "page_no": 6
  },
  {
    "question": "7",
    "text": "7b",
    "x": 132,
    "y": 283,
    "page_width": 1241,
    "page_height": 1754,
    "page_no": 7
  },
  {
    "question": "7",
    "text": "7c",
    "x": 132,
    "y": 284,
    "page_width": 1241,
    "page_height": 1754,
    "page_no": 8
  },
  {
    "question": "7",
    "text": "7d",
    "x": 132,
    "y": 283,
    "page_width": 1241,
    "page_height": 1754,
    "page_no": 9
  },
  {
    "question": "7",
    "text": "7e",
    "x": 132,
    "y": 287,
    "page_width": 1241,
    "page_height": 1754,
    "page_no": 11
  },
  {
    "question": "8",
    "text": "8",
    "x": 132,
    "y": 458,
    "page_width": 1241,
    "page_height": 1754,
    "page_no": 14
  },
  {
    "question": "10",
    "text": "10",
    "x": 133,
    "y": 419,
    "page_width": 1241,
    "page_height": 1754,
    "page_no": 20
  }
]