[
  {
    "question": "1",
    "text": "1",
    "x": 156,
    "y": 237,
    "page_width": 1650,
    "page_height": 1275,
    "page_no": 3
  },
  {
    "question": "1",
    "text": "1aii",
    "x": 156,
    "y": 633,
    "page_width": 1650,
    "page_height": 1275,
    "page_no": 3
  },
  {
    "question": "1",
    "text": "1b",
    "x": 156,
    "y": 211,
    "page_width": 1650,
    "page_height": 1275,
    "page_no": 4
  },
  {
    "question": "1",
    "text": "1c",
    "x": 156,
    "y": 787,
    "page_width": 1650,
    "page_height": 1275,
    "page_no": 4
  },
  {
    "question": "2",
    "text": "2ai",
    "x": 155,
    "y": 209,
    "page_width": 1650,
    "page_height": 1275,
    "page_no": 5
  },
  {
    "question": "2",
    "text": "2aii",
    "x": 155,
    "y": 546,
    "page_width": 1650,
    "page_height": 1275,
    "page_no": 5
  },
  {
    "question": "4",
    "text": "4bii",
    "x": 154,
    "y": 207,
    "page_width": 1650,
    "page_height": 1275,
    "page_no": 12
  },
  {
    "question": "5",
    "text": "5a",
    "x": 155,
    "y": 797,
    "page_width": 1650,
    "page_height": 1275,
    "page_no": 12
  },
  {
    "question": "5",
    "text": "5bi",
    "x": 155,
    "y": 211,
    "page_width": 1650,
    "page_height": 1275,
    "page_no": 13
  },
  {
    "question": "5",
    "text": "5bii",
    "x": 155,
    "y": 722,
    "page_width": 1650,
    "page_height": 1275,
    "page_no": 13
  },
  {
    "question": "5",
    "text": "5c",
    "x": 155,
    "y": 211,
    "page_width": 1650,
    "page_height": 1275,
    "page_no": 14
  },
  {
    "question": "5",
    "text": "5d",
    "x": 155,
    "y": 743,
    "page_width": 1650,
    "page_height": 1275,
    "page_no": 14
  },
  {
    "question": "6",
    "text": "6a",
    "x": 155,
    "y": 316,
    "page_width": 1650,
    "page_height": 1275,
    "page_no": 15
  },
  {
    "question": "7",
    "text": "7ai",
    "x": 155,
    "y": 240,
    "page_width": 1650,
    "page_height": 1275,
    "page_no": 19
  },
  {
    "question": "7",
    "text": "7b",
    "x": 155,
    "y": 219,
    "page_width": 1650,
    "page_height": 1275,
    "page_no": 21
  },
  {
    "question": "8",
    "text": "8a",
    "x": 155,
    "y": 261,
    "page_width": 1650,
    "page_height": 1275,
    "page_no": 23
  },
  {
    "question": "8",
    "text": "8d",
    "x": 155,
    "y": 286,
    "page_width": 1650,
    "page_height": 1275,
    "page_no": 25
  },
  {
    "question": "8",
    "text": "8e",
    "x": 155,
    "y": 785,
    "page_width": 1650,
    "page_height": 1275,
    "page_no": 25
  },
  {
    "question": "8",
    "text": "8f",
    "x": 155,
    "y": 211,
    "page_width": 1650,
    "page_height": 1275,
    "page_no": 26
  },
  {
    "question": "8",
    "text": "8g",
    "x": 155,
    "y": 720,
    "page_width": 1650,
    "page_height": 1275,
    "page_no": 26
  },
  {
    "question": "2",
    "text": "2bi",
    "x": 129,
    "y": 196,
    "page_width": 1650,
    "page_height": 1275,
    "page_no": 6
  },
  {
    "question": "2",
    "text": "2bii",
    "x": 129,
    "y": 583,
    "page_width": 1650,
    "page_height": 1275,
    "page_no": 6
  },
  {
    "question": "3",
    "text": "3b",
    "x": 129,
    "y": 211,
    "page_width": 1650,
    "page_height": 1275,
    "page_no": 9
  },
  {
    "question": "6",
    "text": "6b",
    "x": 129,
    "y": 201,
    "page_width": 1650,
    "page_height": 1275,
    "page_no": 16
  },
  {
    "question": "6",
    "text": "6c",
    "x": 129,
    "y": 165,
    "page_width": 1650,
    "page_height": 1275,
    "page_no": 17
  },
  {
    "question": "6",
    "text": "6d",
    "x": 129,
    "y": 204,
    "page_width": 1650,
    "page_height": 1275,
    "page_no": 18
  },
  {
    "question": "7",
    "text": "7aii",
    "x": 129,
    "y": 207,
    "page_width": 1650,
    "page_height": 1275,
    "page_no": 20
  },
  {
    "question": "7",
    "text": "7aiii",
    "x": 129,
    "y": 553,
    "page_width": 1650,
    "page_height": 1275,
    "page_no": 20
  },
  {
    "question": "8",
    "text": "8b",
    "x": 129,
    "y": 143,
    "page_width": 1650,
    "page_height": 1275,
    "page_no": 24
  },
  {
    "question": "8",
    "text": "8c",
    "x": 129,
    "y": 710,
    "page_width": 1650,
    "page_height": 1275,
    "page_no": 24
  },
  {
    "question": "3",
    "text": "3ai",
    "x": 130,
    "y": 213,
    "page_width": 1650,
    "page_height": 1275,
    "page_no": 7
  },
  {
    "question": "3",
    "text": "3aii",
    "x": 130,
    "y": 681,
    "page_width": 1650,
    "page_height": 1275,
    "page_no": 7
  },
  {
    "question": "3",
    "text": "3bi",
    "x": 130,
    "y": 235,
    "page_width": 1650,
    "page_height": 1275,
    "page_no": 8
  },
  {
    "question": "3",
    "text": "3bii",
    "x": 130,
    "y": 471,
    "page_width": 1650,
    "page_height": 1275,
    "page_no": 8
  }
]