[
  {
    "question": "1",
    "text": "1.",
    "x": 115,
    "y": 132,
    "page_width": 1241,
    "page_height": 1754,
    "page_no": 2
  },
  {
    "question": "5",
    "text": "5.",
    "x": 114,
    "y": 132,
    "page_width": 1241,
    "page_height": 1754,
    "page_no": 14
  },
  {
    "question": "9",
    "text": "9.",
    "x": 114,
    "y": 132,
    "page_width": 1241,
    "page_height": 1754,
    "page_no": 28
  },
  {
    "question": "10",
    "text": "10.",
    "x": 115,
    "y": 132,
    "page_width": 1241,
    "page_height": 1754,
    "page_no": 30
  },
  {
    "question": "2",
    "text": "2}",
    "x": 27,
    "y": 476,
    "page_width": 1241,
    "page_height": 1754,
    "page_no": 3
  },
  {
    "question": "5",
    "text": "5",
    "x": 27,
    "y": 298,
    "page_width": 1241,
    "page_height": 1754,
    "page_no": 7
  },
  {
    "question": "2",
    "text": "2}",
    "x": 27,
    "y": 476,
    "page_width": 1241,
    "page_height": 1754,
    "page_no": 9
  },
  {
    "question": "5",
    "text": "5",
    "x": 27,
    "y": 298,
    "page_width": 1241,
    "page_height": 1754,
    "page_no": 11
  }
]