[
  {
    "question": "1",
    "text": "1",
    "x": 152,
    "y": 259,
    "page_width": 1755,
    "page_height": 1241,
    "page_no": 4
  },
  {
    "question": "2",
    "text": "2",
    "x": 151,
    "y": 536,
    "page_width": 1755,
    "page_height": 1241,
    "page_no": 4
  },
  {
    "question": "3",
    "text": "3a",
    "x": 151,
    "y": 845,
    "page_width": 1755,
    "page_height": 1241,
    "page_no": 4
  },
  {
    "question": "3",
    "text": "3b",
    "x": 151,
    "y": 196,
    "page_width": 1755,
    "page_height": 1241,
    "page_no": 5
  },
  {
    "question": "5",
    "text": "5",
    "x": 151,
    "y": 814,
    "page_width": 1755,
    "page_height": 1241,
    "page_no": 5
  },
  {
    "question": "6",
    "text": "6",
    "x": 151,
    "y": 197,
    "page_width": 1755,
    "page_height": 1241,
    "page_no": 6
  },
  {
    "question": "8",
    "text": "8",
    "x": 151,
    "y": 197,
    "page_width": 1755,
    "page_height": 1241,
    "page_no": 7
  },
  {
    "question": "9",
    "text": "9",
    "x": 151,
    "y": 474,
    "page_width": 1755,
    "page_height": 1241,
    "page_no": 7
  },
  {
    "question": "10",
    "text": "10",
    "x": 152,
    "y": 751,
    "page_width": 1755,
    "page_height": 1241,
    "page_no": 7
  },
  {
    "question": "1",
    "text": "1",
    "x": 152,
    "y": 197,
    "page_width": 1755,
    "page_height": 1241,
    "page_no": 8
  },
  {
    "question": "12",
    "text": "12",
    "x": 152,
    "y": 505,
    "page_width": 1755,
    "page_height": 1241,
    "page_no": 8
  },
  {
    "question": "13",
    "text": "13",
    "x": 152,
    "y": 788,
    "page_width": 1755,
    "page_height": 1241,
    "page_no": 8
  },
  {
    "question": "14",
    "text": "14",
    "x": 152,
    "y": 197,
    "page_width": 1755,
    "page_height": 1241,
    "page_no": 9
  },
  {
    "question": "15",
    "text": "15",
    "x": 152,
    "y": 731,
    "page_width": 1755,
    "page_height": 1241,
    "page_no": 9
  },
  {
    "question": "16",
    "text": "16",
    "x": 152,
    "y": 197,
    "page_width": 1755,
    "page_height": 1241,
    "page_no": 10
  },
  {
    "question": "17",
    "text": "17",
    "x": 152,
    "y": 505,
    "page_width": 1755,
    "page_height": 1241,
    "page_no": 10
  },
  {
    "question": "18",
    "text": "18",
    "x": 152,
    "y": 782,
    "page_width": 1755,
    "page_height": 1241,
    "page_no": 10
  },
  {
    "question": "19",
    "text": "19a",
    "x": 152,
    "y": 259,
    "page_width": 1755,
    "page_height": 1241,
    "page_no": 11
  },
  {
    "question": "19",
    "text": "19bi",
    "x": 152,
    "y": 192,
    "page_width": 1755,
    "page_height": 1241,
    "page_no": 12
  },
  {
    "question": "19",
    "text": "19bii",
    "x": 152,
    "y": 449,
    "page_width": 1755,
    "page_height": 1241,
    "page_no": 12
  },
  {
    "question": "19",
    "text": "19biii",
    "x": 152,
    "y": 196,
    "page_width": 1755,
    "page_height": 1241,
    "page_no": 13
  },
  {
    "question": "19",
    "text": "19ci",
    "x": 152,
    "y": 542,
    "page_width": 1755,
    "page_height": 1241,
    "page_no": 13
  },
  {
    "question": "19",
    "text": "19cii",
    "x": 152,
    "y": 192,
    "page_width": 1755,
    "page_height": 1241,
    "page_no": 14
  },
  {
    "question": "19",
    "text": "19d",
    "x": 152,
    "y": 196,
    "page_width": 1755,
    "page_height": 1241,
    "page_no": 15
  },
  {
    "question": "20",
    "text": "20ai",
    "x": 151,
    "y": 192,
    "page_width": 1755,
    "page_height": 1241,
    "page_no": 16
  },
  {
    "question": "20",
    "text": "20aii",
    "x": 151,
    "y": 190,
    "page_width": 1755,
    "page_height": 1241,
    "page_no": 17
  },
  {
    "question": "20",
    "text": "20b",
    "x": 151,
    "y": 475,
    "page_width": 1755,
    "page_height": 1241,
    "page_no": 17
  },
  {
    "question": "20",
    "text": "20c",
    "x": 151,
    "y": 197,
    "page_width": 1755,
    "page_height": 1241,
    "page_no": 18
  },
  {
    "question": "21",
    "text": "21a",
    "x": 151,
    "y": 197,
    "page_width": 1755,
    "page_height": 1241,
    "page_no": 19
  },
  {
    "question": "21",
    "text": "21b",
    "x": 151,
    "y": 196,
    "page_width": 1755,
    "page_height": 1241,
    "page_no": 20
  },
  {
    "question": "21",
    "text": "21c",
    "x": 151,
    "y": 674,
    "page_width": 1755,
    "page_height": 1241,
    "page_no": 20
  },
  {
    "question": "22",
    "text": "22a",
    "x": 151,
    "y": 197,
    "page_width": 1755,
    "page_height": 1241,
    "page_no": 21
  },
  {
    "question": "22",
    "text": "22b",
    "x": 151,
    "y": 196,
    "page_width": 1755,
    "page_height": 1241,
    "page_no": 22
  },
  {
    "question": "23",
    "text": "23",
    "x": 151,
    "y": 227,
    "page_width": 1755,
    "page_height": 1241,
    "page_no": 23
  },
  {
    "question": "23",
    "text": "23",
    "x": 151,
    "y": 215,
    "page_width": 1755,
    "page_height": 1241,
    "page_no": 24
  },
  {
    "question": "24",
    "text": "24ai",
    "x": 151,
    "y": 223,
    "page_width": 1755,
    "page_height": 1241,
    "page_no": 25
  },
  {
    "question": "24",
    "text": "24aii",
    "x": 151,
    "y": 196,
    "page_width": 1755,
    "page_height": 1241,
    "page_no": 26
  },
  {
    "question": "24",
    "text": "24bi",
    "x": 151,
    "y": 196,
    "page_width": 1755,
    "page_height": 1241,
    "page_no": 27
  },
  {
    "question": "24",
    "text": "24bii",
    "x": 151,
    "y": 192,
    "page_width": 1755,
    "page_height": 1241,
    "page_no": 28
  },
  {
    "question": "24",
    "text": "24ci",
    "x": 151,
    "y": 194,
    "page_width": 1755,
    "page_height": 1241,
    "page_no": 29
  },
  {
    "question": "24",
    "text": "24ci",
    "x": 151,
    "y": 192,
    "page_width": 1755,
    "page_height": 1241,
    "page_no": 30
  },
  {
    "question": "24",
    "text": "24cii",
    "x": 151,
    "y": 192,
    "page_width": 1755,
    "page_height": 1241,
    "page_no": 31
  },
  {
    "question": "24",
    "text": "24di",
    "x": 151,
    "y": 722,
    "page_width": 1755,
    "page_height": 1241,
    "page_no": 31
  },
  {
    "question": "24",
    "text": "24dii",
    "x": 151,
    "y": 192,
    "page_width": 1755,
    "page_height": 1241,
    "page_no": 32
  }
]