[
  {
    "question": 0,
    "x": 131,
    "y": 1045,
    "page_no": 12,
    "page_width": 1241,
    "page_height": 1754
  },
  {
    "question": 9,
    "x": 141,
    "y": 98,
    "page_no": 5,
    "page_width": 1241,
    "page_height": 1754
  },
  {
    "question": "1",
    "text": "1",
    "x": 144,
    "y": 154,
    "page_width": 1241,
    "page_height": 1754,
    "page_no": 4
  },
  {
    "question": "10",
    "text": "10",
    "x": 144,
    "y": 259,
    "page_width": 1241,
    "page_height": 1754,
    "page_no": 5
  },
  {
    "question": "11",
    "text": "11a",
    "x": 144,
    "y": 500,
    "page_width": 1241,
    "page_height": 1754,
    "page_no": 5
  },
  {
    "question": "12",
    "text": "12a",
    "x": 144,
    "y": 165,
    "page_width": 1241,
    "page_height": 1754,
    "page_no": 6
  },
  {
    "question": "13",
    "text": "13",
    "x": 144,
    "y": 892,
    "page_width": 1241,
    "page_height": 1754,
    "page_no": 6
  },
  {
    "question": "14",
    "text": "14ai",
    "x": 144,
    "y": 165,
    "page_width": 1241,
    "page_height": 1754,
    "page_no": 7
  },
  {
    "question": "15",
    "text": "15a",
    "x": 144,
    "y": 166,
    "page_width": 1241,
    "page_height": 1754,
    "page_no": 8
  },
  {
    "question": "16",
    "text": "16a",
    "x": 144,
    "y": 165,
    "page_width": 1241,
    "page_height": 1754,
    "page_no": 9
  },
  {
    "question": "17",
    "text": "17a",
    "x": 144,
    "y": 404,
    "page_width": 1241,
    "page_height": 1754,
    "page_no": 10
  },
  {
    "question": "18",
    "text": "18a",
    "x": 144,
    "y": 567,
    "page_width": 1241,
    "page_height": 1754,
    "page_no": 11
  },
  {
    "question": "2",
    "text": "2",
    "x": 142,
    "y": 312,
    "page_width": 1241,
    "page_height": 1754,
    "page_no": 4
  },
  {
    "question": "3",
    "text": "3",
    "x": 142,
    "y": 472,
    "page_width": 1241,
    "page_height": 1754,
    "page_no": 4
  },
  {
    "question": "4",
    "text": "4",
    "x": 142,
    "y": 631,
    "page_width": 1241,
    "page_height": 1754,
    "page_no": 4
  },
  {
    "question": "5",
    "text": "5",
    "x": 142,
    "y": 817,
    "page_width": 1241,
    "page_height": 1754,
    "page_no": 4
  },
  {
    "question": "6",
    "text": "6",
    "x": 142,
    "y": 1029,
    "page_width": 1241,
    "page_height": 1754,
    "page_no": 4
  },
  {
    "question": "7",
    "text": "7",
    "x": 142,
    "y": 1241,
    "page_width": 1241,
    "page_height": 1754,
    "page_no": 4
  },
  {
    "question": "8",
    "text": "8",
    "x": 142,
    "y": 1412,
    "page_width": 1241,
    "page_height": 1754,
    "page_no": 4
  },
  {
    "question": "16",
    "text": "16b",
    "x": 143,
    "y": 499,
    "page_width": 1241,
    "page_height": 1754,
    "page_no": 9
  }
]