[
  {
    "question": "3",
    "text": "3.",
    "x": 98,
    "y": 464,
    "page_width": 1241,
    "page_height": 1754,
    "page_no": 4
  },
  {
    "question": "2",
    "text": "2a",
    "x": 99,
    "y": 178,
    "page_width": 1241,
    "page_height": 1754,
    "page_no": 6
  },
  {
    "question": "2",
    "text": "2a",
    "x": 99,
    "y": 922,
    "page_width": 1241,
    "page_height": 1754,
    "page_no": 6
  },
  {
    "question": "5",
    "text": "5a",
    "x": 99,
    "y": 162,
    "page_width": 1241,
    "page_height": 1754,
    "page_no": 9
  },
  {
    "question": "6",
    "text": "6a",
    "x": 97,
    "y": 143,
    "page_width": 1241,
    "page_height": 1754,
    "page_no": 10
  },
  {
    "question": "6",
    "text": "6a",
    "x": 97,
    "y": 860,
    "page_width": 1241,
    "page_height": 1754,
    "page_no": 10
  }
]