[
  {
    "question": "1",
    "text": "1a",
    "x": 87,
    "y": 266,
    "page_width": 1241,
    "page_height": 1754,
    "page_no": 4
  },
  {
    "question": "4",
    "text": "4b",
    "x": 87,
    "y": 710,
    "page_width": 1241,
    "page_height": 1754,
    "page_no": 4
  },
  {
    "question": "2",
    "text": "2",
    "x": 86,
    "y": 165,
    "page_width": 1241,
    "page_height": 1754,
    "page_no": 5
  },
  {
    "question": "3",
    "text": "3b",
    "x": 86,
    "y": 1140,
    "page_width": 1241,
    "page_height": 1754,
    "page_no": 6
  },
  {
    "question": "4",
    "text": "4",
    "x": 86,
    "y": 208,
    "page_width": 1241,
    "page_height": 1754,
    "page_no": 7
  },
  {
    "question": "7",
    "text": "7a",
    "x": 86,
    "y": 219,
    "page_width": 1241,
    "page_height": 1754,
    "page_no": 12
  },
  {
    "question": "7",
    "text": "7b",
    "x": 86,
    "y": 637,
    "page_width": 1241,
    "page_height": 1754,
    "page_no": 12
  },
  {
    "question": "8",
    "text": "8a",
    "x": 86,
    "y": 165,
    "page_width": 1241,
    "page_height": 1754,
    "page_no": 13
  },
  {
    "question": "8",
    "text": "8b",
    "x": 86,
    "y": 237,
    "page_width": 1241,
    "page_height": 1754,
    "page_no": 14
  },
  {
    "question": "8",
    "text": "8c",
    "x": 86,
    "y": 893,
    "page_width": 1241,
    "page_height": 1754,
    "page_no": 14
  },
  {
    "question": "9",
    "text": "9a",
    "x": 86,
    "y": 210,
    "page_width": 1241,
    "page_height": 1754,
    "page_no": 15
  },
  {
    "question": "9",
    "text": "9b",
    "x": 86,
    "y": 730,
    "page_width": 1241,
    "page_height": 1754,
    "page_no": 15
  },
  {
    "question": "12",
    "text": "12a",
    "x": 87,
    "y": 247,
    "page_width": 1241,
    "page_height": 1754,
    "page_no": 20
  },
  {
    "question": "12",
    "text": "12b",
    "x": 87,
    "y": 665,
    "page_width": 1241,
    "page_height": 1754,
    "page_no": 20
  },
  {
    "question": "13",
    "text": "13a",
    "x": 87,
    "y": 237,
    "page_width": 1241,
    "page_height": 1754,
    "page_no": 21
  },
  {
    "question": "13",
    "text": "13b",
    "x": 87,
    "y": 165,
    "page_width": 1241,
    "page_height": 1754,
    "page_no": 22
  },
  {
    "question": "13",
    "text": "13c",
    "x": 87,
    "y": 769,
    "page_width": 1241,
    "page_height": 1754,
    "page_no": 22
  },
  {
    "question": "14",
    "text": "14a",
    "x": 87,
    "y": 237,
    "page_width": 1241,
    "page_height": 1754,
    "page_no": 23
  },
  {
    "question": "14",
    "text": "14b",
    "x": 87,
    "y": 785,
    "page_width": 1241,
    "page_height": 1754,
    "page_no": 23
  },
  {
    "question": "1",
    "text": "1",
    "x": 161,
    "y": 315,
    "page_width": 1241,
    "page_height": 1754,
    "page_no": 9
  },
  {
    "question": "1",
    "text": "1",
    "x": 161,
    "y": 315,
    "page_width": 1241,
    "page_height": 1754,
    "page_no": 17
  },
  {
    "question": "1",
    "text": "1",
    "x": 158,
    "y": 394,
    "page_width": 1241,
    "page_height": 1754,
    "page_no": 19
  },
  {
    "question": "1",
    "text": "1",
    "x": 158,
    "y": 315,
    "page_width": 1241,
    "page_height": 1754,
    "page_no": 25
  },
  {
    "question": "1",
    "text": "1",
    "x": 158,
    "y": 341,
    "page_width": 1241,
    "page_height": 1754,
    "page_no": 27
  },
  {
    "question": "4",
    "text": "4",
    "x": 156,
    "y": 680,
    "page_width": 1241,
    "page_height": 1754,
    "page_no": 9
  },
  {
    "question": "4",
    "text": "4",
    "x": 156,
    "y": 680,
    "page_width": 1241,
    "page_height": 1754,
    "page_no": 17
  },
  {
    "question": "4",
    "text": "4",
    "x": 156,
    "y": 843,
    "page_width": 1241,
    "page_height": 1754,
    "page_no": 19
  },
  {
    "question": "4",
    "text": "4",
    "x": 156,
    "y": 680,
    "page_width": 1241,
    "page_height": 1754,
    "page_no": 25
  },
  {
    "question": "4",
    "text": "4",
    "x": 156,
    "y": 790,
    "page_width": 1241,
    "page_height": 1754,
    "page_no": 27
  },
  {
    "question": "1",
    "text": "1",
    "x": 63,
    "y": 342,
    "page_width": 1241,
    "page_height": 1754,
    "page_no": 11
  },
  {
    "question": "2",
    "text": "2",
    "x": 62,
    "y": 446,
    "page_width": 1241,
    "page_height": 1754,
    "page_no": 11
  },
  {
    "question": "3",
    "text": "3",
    "x": 62,
    "y": 577,
    "page_width": 1241,
    "page_height": 1754,
    "page_no": 11
  },
  {
    "question": "4",
    "text": "4",
    "x": 61,
    "y": 764,
    "page_width": 1241,
    "page_height": 1754,
    "page_no": 11
  }
]