[
  {
    "question": "1",
    "text": "1a",
    "x": 166,
    "y": 229,
    "page_width": 1755,
    "page_height": 1241,
    "page_no": 4
  },
  {
    "question": "1",
    "text": "1bi",
    "x": 166,
    "y": 540,
    "page_width": 1755,
    "page_height": 1241,
    "page_no": 4
  },
  {
    "question": "1",
    "text": "1bii",
    "x": 166,
    "y": 204,
    "page_width": 1755,
    "page_height": 1241,
    "page_no": 5
  },
  {
    "question": "2",
    "text": "2ai",
    "x": 165,
    "y": 749,
    "page_width": 1755,
    "page_height": 1241,
    "page_no": 5
  },
  {
    "question": "2",
    "text": "2ayii",
    "x": 165,
    "y": 229,
    "page_width": 1755,
    "page_height": 1241,
    "page_no": 6
  },
  {
    "question": "2",
    "text": "2bi",
    "x": 168,
    "y": 626,
    "page_width": 1755,
    "page_height": 1241,
    "page_no": 6
  },
  {
    "question": "2",
    "text": "2bii",
    "x": 165,
    "y": 203,
    "page_width": 1755,
    "page_height": 1241,
    "page_no": 7
  },
  {
    "question": "3",
    "text": "3a",
    "x": 165,
    "y": 564,
    "page_width": 1755,
    "page_height": 1241,
    "page_no": 7
  },
  {
    "question": "3",
    "text": "3b",
    "x": 165,
    "y": 941,
    "page_width": 1755,
    "page_height": 1241,
    "page_no": 7
  },
  {
    "question": "3",
    "text": "3ci",
    "x": 165,
    "y": 199,
    "page_width": 1755,
    "page_height": 1241,
    "page_no": 8
  },
  {
    "question": "3",
    "text": "3cii",
    "x": 165,
    "y": 657,
    "page_width": 1755,
    "page_height": 1241,
    "page_no": 8
  },
  {
    "question": "3",
    "text": "3ciii",
    "x": 165,
    "y": 200,
    "page_width": 1755,
    "page_height": 1241,
    "page_no": 9
  },
  {
    "question": "4",
    "text": "4ci",
    "x": 171,
    "y": 932,
    "page_width": 1755,
    "page_height": 1241,
    "page_no": 10
  },
  {
    "question": "6",
    "text": "6b",
    "x": 165,
    "y": 203,
    "page_width": 1755,
    "page_height": 1241,
    "page_no": 17
  },
  {
    "question": "6",
    "text": "6c",
    "x": 165,
    "y": 604,
    "page_width": 1755,
    "page_height": 1241,
    "page_no": 17
  },
  {
    "question": "7",
    "text": "7ai",
    "x": 165,
    "y": 204,
    "page_width": 1755,
    "page_height": 1241,
    "page_no": 18
  },
  {
    "question": "7",
    "text": "7aii",
    "x": 165,
    "y": 455,
    "page_width": 1755,
    "page_height": 1241,
    "page_no": 18
  },
  {
    "question": "7",
    "text": "7bi",
    "x": 165,
    "y": 229,
    "page_width": 1755,
    "page_height": 1241,
    "page_no": 19
  },
  {
    "question": "8",
    "text": "8a",
    "x": 165,
    "y": 197,
    "page_width": 1755,
    "page_height": 1241,
    "page_no": 22
  },
  {
    "question": "8",
    "text": "8b",
    "x": 165,
    "y": 693,
    "page_width": 1755,
    "page_height": 1241,
    "page_no": 22
  },
  {
    "question": "8",
    "text": "8ciii",
    "x": 165,
    "y": 768,
    "page_width": 1755,
    "page_height": 1241,
    "page_no": 24
  },
  {
    "question": "3",
    "text": "3civ",
    "x": 163,
    "y": 562,
    "page_width": 1755,
    "page_height": 1241,
    "page_no": 9
  },
  {
    "question": "4",
    "text": "4ai",
    "x": 164,
    "y": 924,
    "page_width": 1755,
    "page_height": 1241,
    "page_no": 9
  },
  {
    "question": "4",
    "text": "4aii",
    "x": 164,
    "y": 204,
    "page_width": 1755,
    "page_height": 1241,
    "page_no": 10
  },
  {
    "question": "7",
    "text": "7bii",
    "x": 162,
    "y": 200,
    "page_width": 1755,
    "page_height": 1241,
    "page_no": 20
  },
  {
    "question": "7",
    "text": "7b",
    "x": 162,
    "y": 234,
    "page_width": 1755,
    "page_height": 1241,
    "page_no": 21
  },
  {
    "question": "8",
    "text": "8ci",
    "x": 162,
    "y": 214,
    "page_width": 1755,
    "page_height": 1241,
    "page_no": 23
  },
  {
    "question": "8",
    "text": "8cii",
    "x": 162,
    "y": 204,
    "page_width": 1755,
    "page_height": 1241,
    "page_no": 24
  },
  {
    "question": "0",
    "text": "0",
    "x": 149,
    "y": 189,
    "page_width": 1755,
    "page_height": 1241,
    "page_no": 12
  },
  {
    "question": "1",
    "text": "1",
    "x": 150,
    "y": 219,
    "page_width": 1755,
    "page_height": 1241,
    "page_no": 12
  },
  {
    "question": "2",
    "text": "2",
    "x": 149,
    "y": 379,
    "page_width": 1755,
    "page_height": 1241,
    "page_no": 12
  },
  {
    "question": "3",
    "text": "3",
    "x": 150,
    "y": 536,
    "page_width": 1755,
    "page_height": 1241,
    "page_no": 12
  },
  {
    "question": "5",
    "text": "5bi",
    "x": 148,
    "y": 203,
    "page_width": 1755,
    "page_height": 1241,
    "page_no": 14
  },
  {
    "question": "5",
    "text": "5bii",
    "x": 148,
    "y": 748,
    "page_width": 1755,
    "page_height": 1241,
    "page_no": 14
  },
  {
    "question": "5",
    "text": "5ci",
    "x": 148,
    "y": 203,
    "page_width": 1755,
    "page_height": 1241,
    "page_no": 15
  },
  {
    "question": "5",
    "text": "5cii",
    "x": 148,
    "y": 574,
    "page_width": 1755,
    "page_height": 1241,
    "page_no": 15
  },
  {
    "question": "6",
    "text": "6ai",
    "x": 147,
    "y": 203,
    "page_width": 1755,
    "page_height": 1241,
    "page_no": 16
  },
  {
    "question": "6",
    "text": "6aii",
    "x": 147,
    "y": 467,
    "page_width": 1755,
    "page_height": 1241,
    "page_no": 16
  },
  {
    "question": "6",
    "text": "6aiii",
    "x": 147,
    "y": 741,
    "page_width": 1755,
    "page_height": 1241,
    "page_no": 16
  },
  {
    "question": "0",
    "text": "0",
    "x": 149,
    "y": 180,
    "page_width": 1755,
    "page_height": 1241,
    "page_no": 26
  },
  {
    "question": "1",
    "text": "1",
    "x": 150,
    "y": 210,
    "page_width": 1755,
    "page_height": 1241,
    "page_no": 26
  },
  {
    "question": "2",
    "text": "2",
    "x": 149,
    "y": 370,
    "page_width": 1755,
    "page_height": 1241,
    "page_no": 26
  },
  {
    "question": "3",
    "text": "3",
    "x": 150,
    "y": 584,
    "page_width": 1755,
    "page_height": 1241,
    "page_no": 26
  },
  {
    "question": "1",
    "text": "1-2",
    "x": 192,
    "y": 218,
    "page_width": 1755,
    "page_height": 1241,
    "page_no": 12
  },
  {
    "question": "3",
    "text": "3-4",
    "x": 191,
    "y": 379,
    "page_width": 1755,
    "page_height": 1241,
    "page_no": 12
  },
  {
    "question": "5",
    "text": "5-6",
    "x": 191,
    "y": 536,
    "page_width": 1755,
    "page_height": 1241,
    "page_no": 12
  },
  {
    "question": "0",
    "text": "0",
    "x": 190,
    "y": 180,
    "page_width": 1755,
    "page_height": 1241,
    "page_no": 26
  },
  {
    "question": "1",
    "text": "1-2",
    "x": 192,
    "y": 209,
    "page_width": 1755,
    "page_height": 1241,
    "page_no": 26
  },
  {
    "question": "3",
    "text": "3-4",
    "x": 191,
    "y": 370,
    "page_width": 1755,
    "page_height": 1241,
    "page_no": 26
  },
  {
    "question": "5",
    "text": "5-6",
    "x": 191,
    "y": 584,
    "page_width": 1755,
    "page_height": 1241,
    "page_no": 26
  }
]