[
  {
    "question": "60",
    "text": "60%",
    "x": 89,
    "y": 650,
    "page_width": 1241,
    "page_height": 1754,
    "page_no": 5
  },
  {
    "question": "1",
    "text": "1",
    "x": 91,
    "y": 283,
    "page_width": 1241,
    "page_height": 1754,
    "page_no": 10
  },
  {
    "question": "2",
    "text": "2",
    "x": 90,
    "y": 282,
    "page_width": 1241,
    "page_height": 1754,
    "page_no": 15
  },
  {
    "question": "3",
    "text": "3",
    "x": 90,
    "y": 282,
    "page_width": 1241,
    "page_height": 1754,
    "page_no": 21
  }
]