[
  {
    "question": "5",
    "text": "5",
    "x": 122,
    "y": 714,
    "page_width": 1241,
    "page_height": 1754,
    "page_no": 2
  },
  {
    "question": "6",
    "text": "6",
    "x": 121,
    "y": 745,
    "page_width": 1241,
    "page_height": 1754,
    "page_no": 2
  },
  {
    "question": "7",
    "text": "7",
    "x": 122,
    "y": 778,
    "page_width": 1241,
    "page_height": 1754,
    "page_no": 2
  },
  {
    "question": "8",
    "text": "8",
    "x": 121,
    "y": 809,
    "page_width": 1241,
    "page_height": 1754,
    "page_no": 2
  },
  {
    "question": "9",
    "text": "9",
    "x": 121,
    "y": 841,
    "page_width": 1241,
    "page_height": 1754,
    "page_no": 2
  },
  {
    "question": "10",
    "text": "10",
    "x": 116,
    "y": 872,
    "page_width": 1241,
    "page_height": 1754,
    "page_no": 2
  },
  {
    "question": "11",
    "text": "11",
    "x": 116,
    "y": 905,
    "page_width": 1241,
    "page_height": 1754,
    "page_no": 2
  },
  {
    "question": "12",
    "text": "12",
    "x": 116,
    "y": 936,
    "page_width": 1241,
    "page_height": 1754,
    "page_no": 2
  },
  {
    "question": "13",
    "text": "13",
    "x": 116,
    "y": 968,
    "page_width": 1241,
    "page_height": 1754,
    "page_no": 2
  },
  {
    "question": "14",
    "text": "14",
    "x": 116,
    "y": 1001,
    "page_width": 1241,
    "page_height": 1754,
    "page_no": 2
  },
  {
    "question": "15",
    "text": "15",
    "x": 116,
    "y": 1033,
    "page_width": 1241,
    "page_height": 1754,
    "page_no": 2
  },
  {
    "question": "16",
    "text": "16",
    "x": 116,
    "y": 1064,
    "page_width": 1241,
    "page_height": 1754,
    "page_no": 2
  },
  {
    "question": "17",
    "text": "17",
    "x": 116,
    "y": 1097,
    "page_width": 1241,
    "page_height": 1754,
    "page_no": 2
  },
  {
    "question": "18",
    "text": "18",
    "x": 116,
    "y": 1128,
    "page_width": 1241,
    "page_height": 1754,
    "page_no": 2
  },
  {
    "question": "19",
    "text": "19",
    "x": 116,
    "y": 1160,
    "page_width": 1241,
    "page_height": 1754,
    "page_no": 2
  },
  {
    "question": "20",
    "text": "20",
    "x": 114,
    "y": 1191,
    "page_width": 1241,
    "page_height": 1754,
    "page_no": 2
  },
  {
    "question": "21",
    "text": "21",
    "x": 114,
    "y": 1223,
    "page_width": 1241,
    "page_height": 1754,
    "page_no": 2
  },
  {
    "question": "22",
    "text": "22",
    "x": 114,
    "y": 1255,
    "page_width": 1241,
    "page_height": 1754,
    "page_no": 2
  },
  {
    "question": "23",
    "text": "23",
    "x": 114,
    "y": 1287,
    "page_width": 1241,
    "page_height": 1754,
    "page_no": 2
  },
  {
    "question": "24",
    "text": "24",
    "x": 114,
    "y": 1319,
    "page_width": 1241,
    "page_height": 1754,
    "page_no": 2
  },
  {
    "question": "25",
    "text": "25",
    "x": 114,
    "y": 1351,
    "page_width": 1241,
    "page_height": 1754,
    "page_no": 2
  },
  {
    "question": "26",
    "text": "26",
    "x": 114,
    "y": 1383,
    "page_width": 1241,
    "page_height": 1754,
    "page_no": 2
  },
  {
    "question": "27",
    "text": "27",
    "x": 114,
    "y": 1415,
    "page_width": 1241,
    "page_height": 1754,
    "page_no": 2
  },
  {
    "question": "28",
    "text": "28",
    "x": 114,
    "y": 1447,
    "page_width": 1241,
    "page_height": 1754,
    "page_no": 2
  },
  {
    "question": "29",
    "text": "29",
    "x": 114,
    "y": 1479,
    "page_width": 1241,
    "page_height": 1754,
    "page_no": 2
  },
  {
    "question": "30",
    "text": "30",
    "x": 115,
    "y": 1510,
    "page_width": 1241,
    "page_height": 1754,
    "page_no": 2
  },
  {
    "question": "11",
    "text": "11",
    "x": 138,
    "y": 798,
    "page_width": 1241,
    "page_height": 1754,
    "page_no": 3
  },
  {
    "question": "12",
    "text": "12",
    "x": 138,
    "y": 827,
    "page_width": 1241,
    "page_height": 1754,
    "page_no": 3
  },
  {
    "question": "13",
    "text": "13",
    "x": 138,
    "y": 858,
    "page_width": 1241,
    "page_height": 1754,
    "page_no": 3
  },
  {
    "question": "14",
    "text": "14",
    "x": 138,
    "y": 890,
    "page_width": 1241,
    "page_height": 1754,
    "page_no": 3
  },
  {
    "question": "15",
    "text": "15",
    "x": 138,
    "y": 920,
    "page_width": 1241,
    "page_height": 1754,
    "page_no": 3
  },
  {
    "question": "16",
    "text": "16",
    "x": 138,
    "y": 950,
    "page_width": 1241,
    "page_height": 1754,
    "page_no": 3
  },
  {
    "question": "17",
    "text": "17",
    "x": 138,
    "y": 981,
    "page_width": 1241,
    "page_height": 1754,
    "page_no": 3
  },
  {
    "question": "18",
    "text": "18",
    "x": 138,
    "y": 1011,
    "page_width": 1241,
    "page_height": 1754,
    "page_no": 3
  },
  {
    "question": "19",
    "text": "19",
    "x": 138,
    "y": 1041,
    "page_width": 1241,
    "page_height": 1754,
    "page_no": 3
  },
  {
    "question": "20",
    "text": "20",
    "x": 136,
    "y": 1072,
    "page_width": 1241,
    "page_height": 1754,
    "page_no": 3
  },
  {
    "question": "21",
    "text": "21",
    "x": 136,
    "y": 1121,
    "page_width": 1241,
    "page_height": 1754,
    "page_no": 3
  },
  {
    "question": "22",
    "text": "22",
    "x": 136,
    "y": 1152,
    "page_width": 1241,
    "page_height": 1754,
    "page_no": 3
  },
  {
    "question": "23",
    "text": "23",
    "x": 136,
    "y": 1182,
    "page_width": 1241,
    "page_height": 1754,
    "page_no": 3
  },
  {
    "question": "24",
    "text": "24",
    "x": 136,
    "y": 1213,
    "page_width": 1241,
    "page_height": 1754,
    "page_no": 3
  },
  {
    "question": "25",
    "text": "25",
    "x": 136,
    "y": 1243,
    "page_width": 1241,
    "page_height": 1754,
    "page_no": 3
  },
  {
    "question": "26",
    "text": "26",
    "x": 136,
    "y": 1274,
    "page_width": 1241,
    "page_height": 1754,
    "page_no": 3
  },
  {
    "question": "27",
    "text": "27",
    "x": 136,
    "y": 1304,
    "page_width": 1241,
    "page_height": 1754,
    "page_no": 3
  },
  {
    "question": "28",
    "text": "28",
    "x": 136,
    "y": 1335,
    "page_width": 1241,
    "page_height": 1754,
    "page_no": 3
  },
  {
    "question": "29",
    "text": "29",
    "x": 136,
    "y": 1366,
    "page_width": 1241,
    "page_height": 1754,
    "page_no": 3
  },
  {
    "question": "30",
    "text": "30",
    "x": 136,
    "y": 1396,
    "page_width": 1241,
    "page_height": 1754,
    "page_no": 3
  },
  {
    "question": "40",
    "text": "40",
    "x": 136,
    "y": 1445,
    "page_width": 1241,
    "page_height": 1754,
    "page_no": 3
  },
  {
    "question": "50",
    "text": "50",
    "x": 136,
    "y": 1477,
    "page_width": 1241,
    "page_height": 1754,
    "page_no": 3
  },
  {
    "question": "60",
    "text": "60",
    "x": 136,
    "y": 1509,
    "page_width": 1241,
    "page_height": 1754,
    "page_no": 3
  },
  {
    "question": "70",
    "text": "70",
    "x": 136,
    "y": 1541,
    "page_width": 1241,
    "page_height": 1754,
    "page_no": 3
  },
  {
    "question": "1",
    "text": "1",
    "x": 91,
    "y": 283,
    "page_width": 1241,
    "page_height": 1754,
    "page_no": 5
  },
  {
    "question": "2",
    "text": "2",
    "x": 89,
    "y": 132,
    "page_width": 1241,
    "page_height": 1754,
    "page_no": 6
  },
  {
    "question": "3",
    "text": "3",
    "x": 89,
    "y": 132,
    "page_width": 1241,
    "page_height": 1754,
    "page_no": 8
  },
  {
    "question": "5",
    "text": "5",
    "x": 90,
    "y": 133,
    "page_width": 1241,
    "page_height": 1754,
    "page_no": 13
  },
  {
    "question": "6",
    "text": "6",
    "x": 89,
    "y": 132,
    "page_width": 1241,
    "page_height": 1754,
    "page_no": 14
  },
  {
    "question": "7",
    "text": "7",
    "x": 90,
    "y": 283,
    "page_width": 1241,
    "page_height": 1754,
    "page_no": 16
  },
  {
    "question": "8",
    "text": "8",
    "x": 89,
    "y": 132,
    "page_width": 1241,
    "page_height": 1754,
    "page_no": 17
  },
  {
    "question": "10",
    "text": "10",
    "x": 91,
    "y": 132,
    "page_width": 1241,
    "page_height": 1754,
    "page_no": 21
  },
  {
    "question": "11",
    "text": "11",
    "x": 91,
    "y": 133,
    "page_width": 1241,
    "page_height": 1754,
    "page_no": 22
  },
  {
    "question": "1",
    "text": "1",
    "x": 91,
    "y": 221,
    "page_width": 1241,
    "page_height": 1754,
    "page_no": 22
  },
  {
    "question": "12",
    "text": "12",
    "x": 91,
    "y": 132,
    "page_width": 1241,
    "page_height": 1754,
    "page_no": 23
  },
  {
    "question": "13",
    "text": "13",
    "x": 91,
    "y": 232,
    "page_width": 1241,
    "page_height": 1754,
    "page_no": 25
  },
  {
    "question": "14",
    "text": "14",
    "x": 91,
    "y": 133,
    "page_width": 1241,
    "page_height": 1754,
    "page_no": 28
  },
  {
    "question": "22",
    "text": "22",
    "x": 11,
    "y": 611,
    "page_width": 1241,
    "page_height": 1754,
    "page_no": 7
  },
  {
    "question": "2",
    "text": "2",
    "x": 11,
    "y": 951,
    "page_width": 1241,
    "page_height": 1754,
    "page_no": 7
  },
  {
    "question": "2",
    "text": "2",
    "x": 11,
    "y": 1014,
    "page_width": 1241,
    "page_height": 1754,
    "page_no": 7
  },
  {
    "question": "0",
    "text": "0",
    "x": 11,
    "y": 1207,
    "page_width": 1241,
    "page_height": 1754,
    "page_no": 7
  },
  {
    "question": "3",
    "text": "3",
    "x": 11,
    "y": 1143,
    "page_width": 1241,
    "page_height": 1754,
    "page_no": 7
  },
  {
    "question": "2",
    "text": "2",
    "x": 11,
    "y": 352,
    "page_width": 1241,
    "page_height": 1754,
    "page_no": 9
  },
  {
    "question": "0",
    "text": "0",
    "x": 11,
    "y": 1207,
    "page_width": 1241,
    "page_height": 1754,
    "page_no": 9
  },
  {
    "question": "28",
    "text": "28",
    "x": 11,
    "y": 1336,
    "page_width": 1241,
    "page_height": 1754,
    "page_no": 9
  },
  {
    "question": "32",
    "text": "328",
    "x": 11,
    "y": 1399,
    "page_width": 1241,
    "page_height": 1754,
    "page_no": 9
  },
  {
    "question": "00",
    "text": "00",
    "x": 11,
    "y": 1140,
    "page_width": 1241,
    "page_height": 1754,
    "page_no": 15
  },
  {
    "question": "0",
    "text": "0",
    "x": 11,
    "y": 1207,
    "page_width": 1241,
    "page_height": 1754,
    "page_no": 15
  },
  {
    "question": "38",
    "text": "38",
    "x": 11,
    "y": 1273,
    "page_width": 1241,
    "page_height": 1754,
    "page_no": 15
  },
  {
    "question": "2",
    "text": "2",
    "x": 11,
    "y": 1014,
    "page_width": 1241,
    "page_height": 1754,
    "page_no": 19
  },
  {
    "question": "28",
    "text": "28",
    "x": 11,
    "y": 611,
    "page_width": 1241,
    "page_height": 1754,
    "page_no": 21
  },
  {
    "question": "2",
    "text": "2",
    "x": 11,
    "y": 951,
    "page_width": 1241,
    "page_height": 1754,
    "page_no": 21
  },
  {
    "question": "0",
    "text": "0",
    "x": 11,
    "y": 1207,
    "page_width": 1241,
    "page_height": 1754,
    "page_no": 21
  },
  {
    "question": "2",
    "text": "2",
    "x": 11,
    "y": 1014,
    "page_width": 1241,
    "page_height": 1754,
    "page_no": 23
  },
  {
    "question": "0",
    "text": "0",
    "x": 11,
    "y": 1207,
    "page_width": 1241,
    "page_height": 1754,
    "page_no": 23
  },
  {
    "question": "3",
    "text": "3",
    "x": 11,
    "y": 1143,
    "page_width": 1241,
    "page_height": 1754,
    "page_no": 23
  },
  {
    "question": "03",
    "text": "036",
    "x": 14,
    "y": 267,
    "page_width": 1241,
    "page_height": 1754,
    "page_no": 27
  },
  {
    "question": "2",
    "text": "2",
    "x": 11,
    "y": 1014,
    "page_width": 1241,
    "page_height": 1754,
    "page_no": 27
  },
  {
    "question": "2",
    "text": "2",
    "x": 11,
    "y": 1270,
    "page_width": 1241,
    "page_height": 1754,
    "page_no": 27
  },
  {
    "question": "32",
    "text": "328",
    "x": 11,
    "y": 1399,
    "page_width": 1241,
    "page_height": 1754,
    "page_no": 27
  },
  {
    "question": "3",
    "text": "3S",
    "x": 13,
    "y": 1544,
    "page_width": 1241,
    "page_height": 1754,
    "page_no": 27
  },
  {
    "question": "28",
    "text": "28",
    "x": 11,
    "y": 482,
    "page_width": 1241,
    "page_height": 1754,
    "page_no": 29
  },
  {
    "question": "28",
    "text": "28",
    "x": 11,
    "y": 546,
    "page_width": 1241,
    "page_height": 1754,
    "page_no": 29
  },
  {
    "question": "00",
    "text": "00",
    "x": 11,
    "y": 1140,
    "page_width": 1241,
    "page_height": 1754,
    "page_no": 29
  },
  {
    "question": "0",
    "text": "0",
    "x": 11,
    "y": 1207,
    "page_width": 1241,
    "page_height": 1754,
    "page_no": 29
  },
  {
    "question": "03",
    "text": "036",
    "x": 14,
    "y": 267,
    "page_width": 1241,
    "page_height": 1754,
    "page_no": 31
  },
  {
    "question": "2",
    "text": "2",
    "x": 11,
    "y": 1014,
    "page_width": 1241,
    "page_height": 1754,
    "page_no": 31
  },
  {
    "question": "0",
    "text": "0",
    "x": 11,
    "y": 1207,
    "page_width": 1241,
    "page_height": 1754,
    "page_no": 31
  },
  {
    "question": "3",
    "text": "3",
    "x": 11,
    "y": 1143,
    "page_width": 1241,
    "page_height": 1754,
    "page_no": 31
  }
]