[
  {
    "question": 0,
    "x": 76,
    "y": 1689,
    "page_no": 17,
    "page_width": 1241,
    "page_height": 1754
  },
  {
    "question": 12,
    "x": 94,
    "y": 219,
    "page_no": 8,
    "page_width": 1241,
    "page_height": 1754
  },
  {
    "question": 9,
    "x": 90,
    "y": 1512,
    "page_no": 6,
    "page_width": 1241,
    "page_height": 1754
  },
  {
    "question": 8,
    "x": 92,
    "y": 1373,
    "page_no": 6,
    "page_width": 1241,
    "page_height": 1754
  },
  {
    "question": 7,
    "x": 92,
    "y": 1198,
    "page_no": 6,
    "page_width": 1241,
    "page_height": 1754
  },
  {
    "question": 6,
    "x": 89,
    "y": 1019,
    "page_no": 6,
    "page_width": 1241,
    "page_height": 1754
  },
  {
    "question": 5,
    "x": 92,
    "y": 875,
    "page_no": 6,
    "page_width": 1241,
    "page_height": 1754
  },
  {
    "question": 4,
    "x": 89,
    "y": 696,
    "page_no": 6,
    "page_width": 1241,
    "page_height": 1754
  },
  {
    "question": 3,
    "x": 90,
    "y": 470,
    "page_no": 6,
    "page_width": 1241,
    "page_height": 1754
  },
  {
    "question": 2,
    "x": 92,
    "y": 335,
    "page_no": 6,
    "page_width": 1241,
    "page_height": 1754
  },
  {
    "question": "1",
    "text": "1",
    "x": 89,
    "y": 199,
    "page_width": 1241,
    "page_height": 1754,
    "page_no": 6
  },
  {
    "question": "10",
    "text": "10",
    "x": 89,
    "y": 124,
    "page_width": 1241,
    "page_height": 1754,
    "page_no": 7
  },
  {
    "question": "11",
    "text": "11",
    "x": 89,
    "y": 448,
    "page_width": 1241,
    "page_height": 1754,
    "page_no": 7
  },
  {
    "question": "13",
    "text": "13a",
    "x": 89,
    "y": 216,
    "page_width": 1241,
    "page_height": 1754,
    "page_no": 9
  },
  {
    "question": "14",
    "text": "14",
    "x": 88,
    "y": 147,
    "page_width": 1241,
    "page_height": 1754,
    "page_no": 10
  },
  {
    "question": "15",
    "text": "15a",
    "x": 89,
    "y": 264,
    "page_width": 1241,
    "page_height": 1754,
    "page_no": 11
  },
  {
    "question": "16",
    "text": "16ai",
    "x": 89,
    "y": 216,
    "page_width": 1241,
    "page_height": 1754,
    "page_no": 13
  },
  {
    "question": "17",
    "text": "17ai",
    "x": 89,
    "y": 216,
    "page_width": 1241,
    "page_height": 1754,
    "page_no": 15
  },
  {
    "question": "18",
    "text": "18a",
    "x": 89,
    "y": 221,
    "page_width": 1241,
    "page_height": 1754,
    "page_no": 16
  },
  {
    "question": "19",
    "text": "19a",
    "x": 89,
    "y": 216,
    "page_width": 1241,
    "page_height": 1754,
    "page_no": 17
  },
  {
    "question": "19",
    "text": "19b",
    "x": 89,
    "y": 1389,
    "page_width": 1241,
    "page_height": 1754,
    "page_no": 17
  }
]