[
  {
    "question": "1",
    "text": "1",
    "x": 141,
    "y": 463,
    "page_width": 1241,
    "page_height": 1754,
    "page_no": 3
  },
  {
    "question": "2",
    "text": "2",
    "x": 140,
    "y": 493,
    "page_width": 1241,
    "page_height": 1754,
    "page_no": 3
  },
  {
    "question": "3",
    "text": "3",
    "x": 140,
    "y": 524,
    "page_width": 1241,
    "page_height": 1754,
    "page_no": 3
  },
  {
    "question": "4",
    "text": "4",
    "x": 139,
    "y": 555,
    "page_width": 1241,
    "page_height": 1754,
    "page_no": 3
  },
  {
    "question": "5",
    "text": "5",
    "x": 139,
    "y": 586,
    "page_width": 1241,
    "page_height": 1754,
    "page_no": 3
  },
  {
    "question": "6",
    "text": "6",
    "x": 139,
    "y": 615,
    "page_width": 1241,
    "page_height": 1754,
    "page_no": 3
  },
  {
    "question": "7",
    "text": "7",
    "x": 139,
    "y": 647,
    "page_width": 1241,
    "page_height": 1754,
    "page_no": 3
  },
  {
    "question": "8",
    "text": "8",
    "x": 139,
    "y": 676,
    "page_width": 1241,
    "page_height": 1754,
    "page_no": 3
  },
  {
    "question": "9",
    "text": "9",
    "x": 139,
    "y": 707,
    "page_width": 1241,
    "page_height": 1754,
    "page_no": 3
  },
  {
    "question": "10",
    "text": "10",
    "x": 133,
    "y": 737,
    "page_width": 1241,
    "page_height": 1754,
    "page_no": 3
  },
  {
    "question": "11",
    "text": "11",
    "x": 133,
    "y": 788,
    "page_width": 1241,
    "page_height": 1754,
    "page_no": 3
  },
  {
    "question": "12",
    "text": "12",
    "x": 133,
    "y": 817,
    "page_width": 1241,
    "page_height": 1754,
    "page_no": 3
  },
  {
    "question": "13",
    "text": "13",
    "x": 133,
    "y": 848,
    "page_width": 1241,
    "page_height": 1754,
    "page_no": 3
  },
  {
    "question": "14",
    "text": "14",
    "x": 133,
    "y": 879,
    "page_width": 1241,
    "page_height": 1754,
    "page_no": 3
  },
  {
    "question": "15",
    "text": "15",
    "x": 133,
    "y": 910,
    "page_width": 1241,
    "page_height": 1754,
    "page_no": 3
  },
  {
    "question": "16",
    "text": "16",
    "x": 133,
    "y": 939,
    "page_width": 1241,
    "page_height": 1754,
    "page_no": 3
  },
  {
    "question": "17",
    "text": "17",
    "x": 133,
    "y": 971,
    "page_width": 1241,
    "page_height": 1754,
    "page_no": 3
  },
  {
    "question": "18",
    "text": "18",
    "x": 133,
    "y": 1001,
    "page_width": 1241,
    "page_height": 1754,
    "page_no": 3
  },
  {
    "question": "19",
    "text": "19",
    "x": 133,
    "y": 1031,
    "page_width": 1241,
    "page_height": 1754,
    "page_no": 3
  },
  {
    "question": "20",
    "text": "20",
    "x": 132,
    "y": 1062,
    "page_width": 1241,
    "page_height": 1754,
    "page_no": 3
  },
  {
    "question": "21",
    "text": "21",
    "x": 132,
    "y": 1111,
    "page_width": 1241,
    "page_height": 1754,
    "page_no": 3
  },
  {
    "question": "22",
    "text": "22",
    "x": 132,
    "y": 1141,
    "page_width": 1241,
    "page_height": 1754,
    "page_no": 3
  },
  {
    "question": "23",
    "text": "23",
    "x": 132,
    "y": 1172,
    "page_width": 1241,
    "page_height": 1754,
    "page_no": 3
  },
  {
    "question": "24",
    "text": "24",
    "x": 132,
    "y": 1203,
    "page_width": 1241,
    "page_height": 1754,
    "page_no": 3
  },
  {
    "question": "25",
    "text": "25",
    "x": 132,
    "y": 1233,
    "page_width": 1241,
    "page_height": 1754,
    "page_no": 3
  },
  {
    "question": "26",
    "text": "26",
    "x": 132,
    "y": 1264,
    "page_width": 1241,
    "page_height": 1754,
    "page_no": 3
  },
  {
    "question": "27",
    "text": "27",
    "x": 131,
    "y": 1294,
    "page_width": 1241,
    "page_height": 1754,
    "page_no": 3
  },
  {
    "question": "28",
    "text": "28",
    "x": 131,
    "y": 1325,
    "page_width": 1241,
    "page_height": 1754,
    "page_no": 3
  },
  {
    "question": "29",
    "text": "29",
    "x": 131,
    "y": 1355,
    "page_width": 1241,
    "page_height": 1754,
    "page_no": 3
  },
  {
    "question": "30",
    "text": "30",
    "x": 131,
    "y": 1386,
    "page_width": 1241,
    "page_height": 1754,
    "page_no": 3
  },
  {
    "question": "40",
    "text": "40",
    "x": 131,
    "y": 1435,
    "page_width": 1241,
    "page_height": 1754,
    "page_no": 3
  },
  {
    "question": "50",
    "text": "50",
    "x": 131,
    "y": 1467,
    "page_width": 1241,
    "page_height": 1754,
    "page_no": 3
  },
  {
    "question": "60",
    "text": "60",
    "x": 131,
    "y": 1499,
    "page_width": 1241,
    "page_height": 1754,
    "page_no": 3
  },
  {
    "question": "70",
    "text": "70",
    "x": 131,
    "y": 1530,
    "page_width": 1241,
    "page_height": 1754,
    "page_no": 3
  },
  {
    "question": "1",
    "text": "1",
    "x": 91,
    "y": 283,
    "page_width": 1241,
    "page_height": 1754,
    "page_no": 6
  },
  {
    "question": "2",
    "text": "2",
    "x": 89,
    "y": 132,
    "page_width": 1241,
    "page_height": 1754,
    "page_no": 8
  },
  {
    "question": "4",
    "text": "4",
    "x": 89,
    "y": 133,
    "page_width": 1241,
    "page_height": 1754,
    "page_no": 12
  },
  {
    "question": "5",
    "text": "5",
    "x": 90,
    "y": 133,
    "page_width": 1241,
    "page_height": 1754,
    "page_no": 13
  },
  {
    "question": "6",
    "text": "6",
    "x": 89,
    "y": 282,
    "page_width": 1241,
    "page_height": 1754,
    "page_no": 14
  },
  {
    "question": "7",
    "text": "7",
    "x": 90,
    "y": 283,
    "page_width": 1241,
    "page_height": 1754,
    "page_no": 18
  },
  {
    "question": "8",
    "text": "8",
    "x": 89,
    "y": 132,
    "page_width": 1241,
    "page_height": 1754,
    "page_no": 19
  },
  {
    "question": "9",
    "text": "9",
    "x": 89,
    "y": 132,
    "page_width": 1241,
    "page_height": 1754,
    "page_no": 22
  },
  {
    "question": "10",
    "text": "10",
    "x": 91,
    "y": 232,
    "page_width": 1241,
    "page_height": 1754,
    "page_no": 24
  },
  {
    "question": "11",
    "text": "11",
    "x": 91,
    "y": 233,
    "page_width": 1241,
    "page_height": 1754,
    "page_no": 27
  },
  {
    "question": "20",
    "text": "203",
    "x": 13,
    "y": 1270,
    "page_width": 1241,
    "page_height": 1754,
    "page_no": 7
  },
  {
    "question": "20",
    "text": "203",
    "x": 13,
    "y": 1270,
    "page_width": 1241,
    "page_height": 1754,
    "page_no": 11
  },
  {
    "question": "5",
    "text": "5",
    "x": 13,
    "y": 1584,
    "page_width": 1241,
    "page_height": 1754,
    "page_no": 15
  },
  {
    "question": "5",
    "text": "5",
    "x": 13,
    "y": 1584,
    "page_width": 1241,
    "page_height": 1754,
    "page_no": 17
  },
  {
    "question": "2",
    "text": "2",
    "x": 13,
    "y": 1207,
    "page_width": 1241,
    "page_height": 1754,
    "page_no": 21
  },
  {
    "question": "20",
    "text": "203",
    "x": 13,
    "y": 1270,
    "page_width": 1241,
    "page_height": 1754,
    "page_no": 23
  },
  {
    "question": "5",
    "text": "5",
    "x": 13,
    "y": 1584,
    "page_width": 1241,
    "page_height": 1754,
    "page_no": 25
  },
  {
    "question": "5",
    "text": "5",
    "x": 13,
    "y": 1584,
    "page_width": 1241,
    "page_height": 1754,
    "page_no": 29
  },
  {
    "question": "5",
    "text": "5",
    "x": 13,
    "y": 1584,
    "page_width": 1241,
    "page_height": 1754,
    "page_no": 31
  }
]