[
  {
    "question": "1",
    "text": "1a",
    "x": 164,
    "y": 243,
    "page_width": 1754,
    "page_height": 1241,
    "page_no": 5
  },
  {
    "question": "1",
    "text": "1b",
    "x": 164,
    "y": 594,
    "page_width": 1754,
    "page_height": 1241,
    "page_no": 5
  },
  {
    "question": "2",
    "text": "2",
    "x": 163,
    "y": 916,
    "page_width": 1754,
    "page_height": 1241,
    "page_no": 5
  },
  {
    "question": "3",
    "text": "3a",
    "x": 162,
    "y": 215,
    "page_width": 1754,
    "page_height": 1241,
    "page_no": 6
  },
  {
    "question": "3",
    "text": "3b",
    "x": 162,
    "y": 536,
    "page_width": 1754,
    "page_height": 1241,
    "page_no": 6
  },
  {
    "question": "4",
    "text": "4",
    "x": 162,
    "y": 887,
    "page_width": 1754,
    "page_height": 1241,
    "page_no": 6
  },
  {
    "question": "5",
    "text": "5",
    "x": 163,
    "y": 215,
    "page_width": 1754,
    "page_height": 1241,
    "page_no": 7
  },
  {
    "question": "6",
    "text": "6",
    "x": 163,
    "y": 565,
    "page_width": 1754,
    "page_height": 1241,
    "page_no": 7
  },
  {
    "question": "7",
    "text": "7",
    "x": 163,
    "y": 887,
    "page_width": 1754,
    "page_height": 1241,
    "page_no": 7
  },
  {
    "question": "8",
    "text": "8",
    "x": 163,
    "y": 215,
    "page_width": 1754,
    "page_height": 1241,
    "page_no": 8
  },
  {
    "question": "9",
    "text": "9",
    "x": 163,
    "y": 508,
    "page_width": 1754,
    "page_height": 1241,
    "page_no": 8
  },
  {
    "question": "10",
    "text": "10",
    "x": 164,
    "y": 829,
    "page_width": 1754,
    "page_height": 1241,
    "page_no": 8
  },
  {
    "question": "11",
    "text": "11a",
    "x": 164,
    "y": 186,
    "page_width": 1754,
    "page_height": 1241,
    "page_no": 9
  },
  {
    "question": "11",
    "text": "11b",
    "x": 164,
    "y": 505,
    "page_width": 1754,
    "page_height": 1241,
    "page_no": 9
  },
  {
    "question": "11",
    "text": "11c",
    "x": 164,
    "y": 856,
    "page_width": 1754,
    "page_height": 1241,
    "page_no": 9
  },
  {
    "question": "12",
    "text": "12",
    "x": 164,
    "y": 186,
    "page_width": 1754,
    "page_height": 1241,
    "page_no": 10
  },
  {
    "question": "13",
    "text": "13",
    "x": 164,
    "y": 500,
    "page_width": 1754,
    "page_height": 1241,
    "page_no": 10
  },
  {
    "question": "14",
    "text": "14",
    "x": 164,
    "y": 793,
    "page_width": 1754,
    "page_height": 1241,
    "page_no": 10
  },
  {
    "question": "15",
    "text": "15a",
    "x": 164,
    "y": 186,
    "page_width": 1754,
    "page_height": 1241,
    "page_no": 11
  },
  {
    "question": "15",
    "text": "15b",
    "x": 164,
    "y": 535,
    "page_width": 1754,
    "page_height": 1241,
    "page_no": 11
  },
  {
    "question": "16",
    "text": "16ai",
    "x": 119,
    "y": 241,
    "page_width": 1754,
    "page_height": 1241,
    "page_no": 12
  },
  {
    "question": "16",
    "text": "16aii",
    "x": 119,
    "y": 445,
    "page_width": 1754,
    "page_height": 1241,
    "page_no": 12
  },
  {
    "question": "16",
    "text": "16bi",
    "x": 119,
    "y": 184,
    "page_width": 1754,
    "page_height": 1241,
    "page_no": 13
  },
  {
    "question": "16",
    "text": "16bii",
    "x": 119,
    "y": 848,
    "page_width": 1754,
    "page_height": 1241,
    "page_no": 13
  },
  {
    "question": "16",
    "text": "16b",
    "x": 119,
    "y": 208,
    "page_width": 1754,
    "page_height": 1241,
    "page_no": 14
  },
  {
    "question": "16",
    "text": "16bv",
    "x": 119,
    "y": 184,
    "page_width": 1754,
    "page_height": 1241,
    "page_no": 15
  },
  {
    "question": "16",
    "text": "16ci",
    "x": 119,
    "y": 184,
    "page_width": 1754,
    "page_height": 1241,
    "page_no": 16
  },
  {
    "question": "16",
    "text": "16cii",
    "x": 119,
    "y": 184,
    "page_width": 1754,
    "page_height": 1241,
    "page_no": 17
  },
  {
    "question": "17",
    "text": "17ai",
    "x": 119,
    "y": 270,
    "page_width": 1754,
    "page_height": 1241,
    "page_no": 18
  },
  {
    "question": "17",
    "text": "17aii",
    "x": 119,
    "y": 270,
    "page_width": 1754,
    "page_height": 1241,
    "page_no": 19
  },
  {
    "question": "17",
    "text": "17aiii_|",
    "x": 119,
    "y": 762,
    "page_width": 1754,
    "page_height": 1241,
    "page_no": 19
  },
  {
    "question": "17",
    "text": "17aiv",
    "x": 119,
    "y": 184,
    "page_width": 1754,
    "page_height": 1241,
    "page_no": 20
  },
  {
    "question": "17",
    "text": "17b",
    "x": 118,
    "y": 212,
    "page_width": 1754,
    "page_height": 1241,
    "page_no": 21
  },
  {
    "question": "18",
    "text": "18a",
    "x": 119,
    "y": 184,
    "page_width": 1754,
    "page_height": 1241,
    "page_no": 23
  },
  {
    "question": "18",
    "text": "18bi",
    "x": 119,
    "y": 184,
    "page_width": 1754,
    "page_height": 1241,
    "page_no": 24
  },
  {
    "question": "18",
    "text": "18bii",
    "x": 119,
    "y": 184,
    "page_width": 1754,
    "page_height": 1241,
    "page_no": 25
  },
  {
    "question": "18",
    "text": "18ci",
    "x": 119,
    "y": 595,
    "page_width": 1754,
    "page_height": 1241,
    "page_no": 25
  },
  {
    "question": "18",
    "text": "18cii",
    "x": 119,
    "y": 772,
    "page_width": 1754,
    "page_height": 1241,
    "page_no": 25
  },
  {
    "question": "18",
    "text": "18di",
    "x": 119,
    "y": 184,
    "page_width": 1754,
    "page_height": 1241,
    "page_no": 26
  },
  {
    "question": "18",
    "text": "18dii",
    "x": 119,
    "y": 639,
    "page_width": 1754,
    "page_height": 1241,
    "page_no": 26
  },
  {
    "question": "19",
    "text": "19ai",
    "x": 119,
    "y": 270,
    "page_width": 1754,
    "page_height": 1241,
    "page_no": 27
  },
  {
    "question": "19",
    "text": "19aii",
    "x": 119,
    "y": 184,
    "page_width": 1754,
    "page_height": 1241,
    "page_no": 28
  },
  {
    "question": "19",
    "text": "19aiii",
    "x": 119,
    "y": 560,
    "page_width": 1754,
    "page_height": 1241,
    "page_no": 28
  },
  {
    "question": "19",
    "text": "19bi",
    "x": 119,
    "y": 1000,
    "page_width": 1754,
    "page_height": 1241,
    "page_no": 28
  },
  {
    "question": "19",
    "text": "19b",
    "x": 119,
    "y": 184,
    "page_width": 1754,
    "page_height": 1241,
    "page_no": 29
  },
  {
    "question": "19",
    "text": "19b",
    "x": 119,
    "y": 401,
    "page_width": 1754,
    "page_height": 1241,
    "page_no": 29
  },
  {
    "question": "19",
    "text": "19ci",
    "x": 119,
    "y": 184,
    "page_width": 1754,
    "page_height": 1241,
    "page_no": 30
  },
  {
    "question": "19",
    "text": "19cii",
    "x": 119,
    "y": 618,
    "page_width": 1754,
    "page_height": 1241,
    "page_no": 30
  },
  {
    "question": "19",
    "text": "19ciii",
    "x": 119,
    "y": 184,
    "page_width": 1754,
    "page_height": 1241,
    "page_no": 31
  }
]