[
  {
    "question": "1",
    "text": "1",
    "x": 150,
    "y": 425,
    "page_width": 1359,
    "page_height": 1873,
    "page_no": 2
  },
  {
    "question": "2",
    "text": "2.",
    "x": 148,
    "y": 190,
    "page_width": 1359,
    "page_height": 1873,
    "page_no": 3
  },
  {
    "question": "4",
    "text": "4",
    "x": 148,
    "y": 191,
    "page_width": 1359,
    "page_height": 1873,
    "page_no": 4
  },
  {
    "question": "5",
    "text": "5",
    "x": 149,
    "y": 1067,
    "page_width": 1359,
    "page_height": 1873,
    "page_no": 4
  },
  {
    "question": "6",
    "text": "6",
    "x": 148,
    "y": 190,
    "page_width": 1359,
    "page_height": 1873,
    "page_no": 5
  },
  {
    "question": "7",
    "text": "7",
    "x": 149,
    "y": 517,
    "page_width": 1359,
    "page_height": 1873,
    "page_no": 5
  },
  {
    "question": "8",
    "text": "8",
    "x": 148,
    "y": 891,
    "page_width": 1359,
    "page_height": 1873,
    "page_no": 5
  },
  {
    "question": "9",
    "text": "9",
    "x": 148,
    "y": 190,
    "page_width": 1359,
    "page_height": 1873,
    "page_no": 6
  },
  {
    "question": "10",
    "text": "10",
    "x": 150,
    "y": 190,
    "page_width": 1359,
    "page_height": 1873,
    "page_no": 7
  },
  {
    "question": "11",
    "text": "11",
    "x": 150,
    "y": 191,
    "page_width": 1359,
    "page_height": 1873,
    "page_no": 8
  },
  {
    "question": "12",
    "text": "12",
    "x": 150,
    "y": 190,
    "page_width": 1359,
    "page_height": 1873,
    "page_no": 9
  },
  {
    "question": "14",
    "text": "14",
    "x": 150,
    "y": 1371,
    "page_width": 1359,
    "page_height": 1873,
    "page_no": 9
  },
  {
    "question": "15",
    "text": "15",
    "x": 150,
    "y": 191,
    "page_width": 1359,
    "page_height": 1873,
    "page_no": 10
  },
  {
    "question": "16",
    "text": "16",
    "x": 150,
    "y": 290,
    "page_width": 1359,
    "page_height": 1873,
    "page_no": 11
  },
  {
    "question": "17",
    "text": "17",
    "x": 150,
    "y": 191,
    "page_width": 1359,
    "page_height": 1873,
    "page_no": 15
  },
  {
    "question": "19",
    "text": "19",
    "x": 150,
    "y": 190,
    "page_width": 1359,
    "page_height": 1873,
    "page_no": 20
  },
  {
    "question": "20",
    "text": "20",
    "x": 148,
    "y": 190,
    "page_width": 1359,
    "page_height": 1873,
    "page_no": 22
  },
  {
    "question": "21",
    "text": "21",
    "x": 148,
    "y": 290,
    "page_width": 1359,
    "page_height": 1873,
    "page_no": 24
  },
  {
    "question": "2",
    "text": "2",
    "x": 71,
    "y": 419,
    "page_width": 1359,
    "page_height": 1873,
    "page_no": 3
  },
  {
    "question": "36",
    "text": "36",
    "x": 71,
    "y": 132,
    "page_width": 1359,
    "page_height": 1873,
    "page_no": 11
  },
  {
    "question": "0",
    "text": "0",
    "x": 71,
    "y": 1145,
    "page_width": 1359,
    "page_height": 1873,
    "page_no": 19
  },
  {
    "question": "36",
    "text": "36",
    "x": 71,
    "y": 132,
    "page_width": 1359,
    "page_height": 1873,
    "page_no": 21
  },
  {
    "question": "5",
    "text": "5",
    "x": 71,
    "y": 1633,
    "page_width": 1359,
    "page_height": 1873,
    "page_no": 23
  },
  {
    "question": "38",
    "text": "38",
    "x": 71,
    "y": 198,
    "page_width": 1359,
    "page_height": 1873,
    "page_no": 25
  },
  {
    "question": "28",
    "text": "28",
    "x": 71,
    "y": 575,
    "page_width": 1359,
    "page_height": 1873,
    "page_no": 27
  },
  {
    "question": "88",
    "text": "88",
    "x": 67,
    "y": 1567,
    "page_width": 1359,
    "page_height": 1873,
    "page_no": 27
  },
  {
    "question": "06",
    "text": "06",
    "x": 67,
    "y": 1519,
    "page_width": 1359,
    "page_height": 1873,
    "page_no": 27
  },
  {
    "question": "2",
    "text": "2",
    "x": 0,
    "y": 1263,
    "page_width": 1359,
    "page_height": 1873,
    "page_no": 7
  },
  {
    "question": "10",
    "text": "106",
    "x": 0,
    "y": 261,
    "page_width": 1359,
    "page_height": 1873,
    "page_no": 11
  },
  {
    "question": "0",
    "text": "0\u00a2",
    "x": 0,
    "y": 261,
    "page_width": 1359,
    "page_height": 1873,
    "page_no": 17
  },
  {
    "question": "2",
    "text": "2",
    "x": 0,
    "y": 846,
    "page_width": 1359,
    "page_height": 1873,
    "page_no": 21
  },
  {
    "question": "8",
    "text": "8",
    "x": 0,
    "y": 1199,
    "page_width": 1359,
    "page_height": 1873,
    "page_no": 25
  },
  {
    "question": "10",
    "text": "10",
    "x": 163,
    "y": 1728,
    "page_width": 1359,
    "page_height": 1873,
    "page_no": 10
  },
  {
    "question": "12",
    "text": "12",
    "x": 163,
    "y": 1728,
    "page_width": 1359,
    "page_height": 1873,
    "page_no": 12
  },
  {
    "question": "14",
    "text": "14",
    "x": 163,
    "y": 1728,
    "page_width": 1359,
    "page_height": 1873,
    "page_no": 14
  },
  {
    "question": "16",
    "text": "16",
    "x": 163,
    "y": 1728,
    "page_width": 1359,
    "page_height": 1873,
    "page_no": 16
  },
  {
    "question": "18",
    "text": "18",
    "x": 163,
    "y": 1728,
    "page_width": 1359,
    "page_height": 1873,
    "page_no": 18
  },
  {
    "question": "20",
    "text": "20",
    "x": 162,
    "y": 1728,
    "page_width": 1359,
    "page_height": 1873,
    "page_no": 20
  },
  {
    "question": "22",
    "text": "22",
    "x": 162,
    "y": 1728,
    "page_width": 1359,
    "page_height": 1873,
    "page_no": 22
  },
  {
    "question": "24",
    "text": "24",
    "x": 162,
    "y": 1728,
    "page_width": 1359,
    "page_height": 1873,
    "page_no": 24
  },
  {
    "question": "26",
    "text": "26",
    "x": 162,
    "y": 1728,
    "page_width": 1359,
    "page_height": 1873,
    "page_no": 26
  },
  {
    "question": "28",
    "text": "28",
    "x": 162,
    "y": 1728,
    "page_width": 1359,
    "page_height": 1873,
    "page_no": 28
  },
  {
    "question": "30",
    "text": "30",
    "x": 163,
    "y": 1728,
    "page_width": 1359,
    "page_height": 1873,
    "page_no": 30
  },
  {
    "question": "32",
    "text": "32",
    "x": 163,
    "y": 1728,
    "page_width": 1359,
    "page_height": 1873,
    "page_no": 32
  }
]