[
  {
    "question": "1",
    "text": "1ai",
    "x": 144,
    "y": 220,
    "page_width": 1650,
    "page_height": 1275,
    "page_no": 4
  },
  {
    "question": "1",
    "text": "1aii",
    "x": 144,
    "y": 733,
    "page_width": 1650,
    "page_height": 1275,
    "page_no": 4
  },
  {
    "question": "1",
    "text": "1bi",
    "x": 144,
    "y": 261,
    "page_width": 1650,
    "page_height": 1275,
    "page_no": 5
  },
  {
    "question": "1",
    "text": "1bii",
    "x": 144,
    "y": 578,
    "page_width": 1650,
    "page_height": 1275,
    "page_no": 5
  },
  {
    "question": "5",
    "text": "5b",
    "x": 144,
    "y": 261,
    "page_width": 1650,
    "page_height": 1275,
    "page_no": 17
  },
  {
    "question": "2",
    "text": "2ai",
    "x": 143,
    "y": 269,
    "page_width": 1650,
    "page_height": 1275,
    "page_no": 6
  },
  {
    "question": "2",
    "text": "2aii",
    "x": 143,
    "y": 664,
    "page_width": 1650,
    "page_height": 1275,
    "page_no": 6
  },
  {
    "question": "2",
    "text": "2bi",
    "x": 143,
    "y": 210,
    "page_width": 1650,
    "page_height": 1275,
    "page_no": 7
  },
  {
    "question": "2",
    "text": "2b",
    "x": 143,
    "y": 526,
    "page_width": 1650,
    "page_height": 1275,
    "page_no": 7
  },
  {
    "question": "2",
    "text": "2biii",
    "x": 143,
    "y": 842,
    "page_width": 1650,
    "page_height": 1275,
    "page_no": 7
  },
  {
    "question": "2",
    "text": "2biv",
    "x": 143,
    "y": 210,
    "page_width": 1650,
    "page_height": 1275,
    "page_no": 8
  },
  {
    "question": "2",
    "text": "2bv",
    "x": 143,
    "y": 551,
    "page_width": 1650,
    "page_height": 1275,
    "page_no": 8
  },
  {
    "question": "3",
    "text": "3a",
    "x": 142,
    "y": 235,
    "page_width": 1650,
    "page_height": 1275,
    "page_no": 9
  },
  {
    "question": "3",
    "text": "3bi",
    "x": 142,
    "y": 446,
    "page_width": 1650,
    "page_height": 1275,
    "page_no": 9
  },
  {
    "question": "3",
    "text": "3bii",
    "x": 142,
    "y": 235,
    "page_width": 1650,
    "page_height": 1275,
    "page_no": 10
  },
  {
    "question": "3",
    "text": "3b",
    "x": 142,
    "y": 809,
    "page_width": 1650,
    "page_height": 1275,
    "page_no": 10
  },
  {
    "question": "3",
    "text": "3c",
    "x": 142,
    "y": 179,
    "page_width": 1650,
    "page_height": 1275,
    "page_no": 11
  },
  {
    "question": "4",
    "text": "4ai",
    "x": 142,
    "y": 197,
    "page_width": 1650,
    "page_height": 1275,
    "page_no": 12
  },
  {
    "question": "4",
    "text": "4aii",
    "x": 142,
    "y": 396,
    "page_width": 1650,
    "page_height": 1275,
    "page_no": 12
  },
  {
    "question": "4",
    "text": "4bi",
    "x": 142,
    "y": 210,
    "page_width": 1650,
    "page_height": 1275,
    "page_no": 13
  },
  {
    "question": "4",
    "text": "4bii",
    "x": 142,
    "y": 527,
    "page_width": 1650,
    "page_height": 1275,
    "page_no": 13
  },
  {
    "question": "4",
    "text": "4biii",
    "x": 142,
    "y": 210,
    "page_width": 1650,
    "page_height": 1275,
    "page_no": 14
  },
  {
    "question": "4",
    "text": "4ci",
    "x": 142,
    "y": 210,
    "page_width": 1650,
    "page_height": 1275,
    "page_no": 15
  },
  {
    "question": "4",
    "text": "4cii",
    "x": 142,
    "y": 736,
    "page_width": 1650,
    "page_height": 1275,
    "page_no": 15
  },
  {
    "question": "5",
    "text": "5a",
    "x": 143,
    "y": 210,
    "page_width": 1650,
    "page_height": 1275,
    "page_no": 16
  },
  {
    "question": "6",
    "text": "6a",
    "x": 142,
    "y": 244,
    "page_width": 1650,
    "page_height": 1275,
    "page_no": 19
  },
  {
    "question": "6",
    "text": "6bi",
    "x": 142,
    "y": 235,
    "page_width": 1650,
    "page_height": 1275,
    "page_no": 20
  },
  {
    "question": "6",
    "text": "6bii",
    "x": 142,
    "y": 210,
    "page_width": 1650,
    "page_height": 1275,
    "page_no": 21
  },
  {
    "question": "7",
    "text": "7a",
    "x": 143,
    "y": 235,
    "page_width": 1650,
    "page_height": 1275,
    "page_no": 22
  },
  {
    "question": "7",
    "text": "7bi",
    "x": 143,
    "y": 626,
    "page_width": 1650,
    "page_height": 1275,
    "page_no": 22
  },
  {
    "question": "7",
    "text": "7bii",
    "x": 143,
    "y": 235,
    "page_width": 1650,
    "page_height": 1275,
    "page_no": 23
  },
  {
    "question": "7",
    "text": "7biii",
    "x": 143,
    "y": 223,
    "page_width": 1650,
    "page_height": 1275,
    "page_no": 24
  },
  {
    "question": "8",
    "text": "8ai",
    "x": 142,
    "y": 206,
    "page_width": 1650,
    "page_height": 1275,
    "page_no": 25
  },
  {
    "question": "8",
    "text": "8aii",
    "x": 142,
    "y": 210,
    "page_width": 1650,
    "page_height": 1275,
    "page_no": 26
  },
  {
    "question": "8",
    "text": "8b",
    "x": 142,
    "y": 631,
    "page_width": 1650,
    "page_height": 1275,
    "page_no": 26
  },
  {
    "question": "8",
    "text": "8ci",
    "x": 142,
    "y": 242,
    "page_width": 1650,
    "page_height": 1275,
    "page_no": 27
  },
  {
    "question": "8",
    "text": "8cii",
    "x": 142,
    "y": 242,
    "page_width": 1650,
    "page_height": 1275,
    "page_no": 28
  },
  {
    "question": "0",
    "text": "0",
    "x": 207,
    "y": 209,
    "page_width": 1650,
    "page_height": 1275,
    "page_no": 18
  },
  {
    "question": "1",
    "text": "1",
    "x": 208,
    "y": 237,
    "page_width": 1650,
    "page_height": 1275,
    "page_no": 18
  },
  {
    "question": "2",
    "text": "2",
    "x": 207,
    "y": 474,
    "page_width": 1650,
    "page_height": 1275,
    "page_no": 18
  },
  {
    "question": "3",
    "text": "3",
    "x": 207,
    "y": 658,
    "page_width": 1650,
    "page_height": 1275,
    "page_no": 18
  }
]