[
  {
    "question": "19",
    "text": "1995",
    "x": 157,
    "y": 824,
    "page_width": 1241,
    "page_height": 1754,
    "page_no": 18
  },
  {
    "question": "20",
    "text": "2000",
    "x": 155,
    "y": 855,
    "page_width": 1241,
    "page_height": 1754,
    "page_no": 18
  },
  {
    "question": "20",
    "text": "2005",
    "x": 155,
    "y": 887,
    "page_width": 1241,
    "page_height": 1754,
    "page_no": 18
  },
  {
    "question": "20",
    "text": "2010",
    "x": 155,
    "y": 919,
    "page_width": 1241,
    "page_height": 1754,
    "page_no": 18
  },
  {
    "question": "20",
    "text": "2015",
    "x": 155,
    "y": 950,
    "page_width": 1241,
    "page_height": 1754,
    "page_no": 18
  },
  {
    "question": "20",
    "text": "2020",
    "x": 155,
    "y": 982,
    "page_width": 1241,
    "page_height": 1754,
    "page_no": 18
  },
  {
    "question": "20",
    "text": "2025",
    "x": 155,
    "y": 1013,
    "page_width": 1241,
    "page_height": 1754,
    "page_no": 18
  },
  {
    "question": "20",
    "text": "2030",
    "x": 155,
    "y": 1045,
    "page_width": 1241,
    "page_height": 1754,
    "page_no": 18
  },
  {
    "question": "19",
    "text": "1990",
    "x": 157,
    "y": 1372,
    "page_width": 1241,
    "page_height": 1754,
    "page_no": 18
  },
  {
    "question": "19",
    "text": "1995",
    "x": 157,
    "y": 1404,
    "page_width": 1241,
    "page_height": 1754,
    "page_no": 18
  },
  {
    "question": "20",
    "text": "2000",
    "x": 155,
    "y": 1435,
    "page_width": 1241,
    "page_height": 1754,
    "page_no": 18
  },
  {
    "question": "20",
    "text": "2005",
    "x": 155,
    "y": 1467,
    "page_width": 1241,
    "page_height": 1754,
    "page_no": 18
  },
  {
    "question": "20",
    "text": "2010",
    "x": 155,
    "y": 1499,
    "page_width": 1241,
    "page_height": 1754,
    "page_no": 18
  },
  {
    "question": "20",
    "text": "2016",
    "x": 155,
    "y": 1530,
    "page_width": 1241,
    "page_height": 1754,
    "page_no": 18
  }
]