[
  {
    "question": "1",
    "text": "1",
    "x": 91,
    "y": 435,
    "page_width": 1241,
    "page_height": 1755,
    "page_no": 2
  },
  {
    "question": "2",
    "text": "2.",
    "x": 89,
    "y": 853,
    "page_width": 1241,
    "page_height": 1755,
    "page_no": 2
  },
  {
    "question": "3",
    "text": "3",
    "x": 89,
    "y": 131,
    "page_width": 1241,
    "page_height": 1755,
    "page_no": 3
  },
  {
    "question": "4",
    "text": "4",
    "x": 89,
    "y": 453,
    "page_width": 1241,
    "page_height": 1755,
    "page_no": 3
  },
  {
    "question": "6",
    "text": "6",
    "x": 89,
    "y": 1255,
    "page_width": 1241,
    "page_height": 1755,
    "page_no": 3
  },
  {
    "question": "7",
    "text": "7",
    "x": 90,
    "y": 132,
    "page_width": 1241,
    "page_height": 1755,
    "page_no": 4
  },
  {
    "question": "10",
    "text": "10",
    "x": 91,
    "y": 131,
    "page_width": 1241,
    "page_height": 1755,
    "page_no": 5
  },
  {
    "question": "11",
    "text": "11",
    "x": 91,
    "y": 132,
    "page_width": 1241,
    "page_height": 1755,
    "page_no": 6
  },
  {
    "question": "12",
    "text": "12.",
    "x": 91,
    "y": 455,
    "page_width": 1241,
    "page_height": 1755,
    "page_no": 6
  },
  {
    "question": "13",
    "text": "13",
    "x": 91,
    "y": 785,
    "page_width": 1241,
    "page_height": 1755,
    "page_no": 6
  },
  {
    "question": "14",
    "text": "14",
    "x": 91,
    "y": 132,
    "page_width": 1241,
    "page_height": 1755,
    "page_no": 7
  },
  {
    "question": "15",
    "text": "15",
    "x": 91,
    "y": 1002,
    "page_width": 1241,
    "page_height": 1755,
    "page_no": 7
  },
  {
    "question": "16",
    "text": "16",
    "x": 91,
    "y": 131,
    "page_width": 1241,
    "page_height": 1755,
    "page_no": 8
  },
  {
    "question": "17",
    "text": "17",
    "x": 91,
    "y": 132,
    "page_width": 1241,
    "page_height": 1755,
    "page_no": 9
  },
  {
    "question": "18",
    "text": "18",
    "x": 91,
    "y": 307,
    "page_width": 1241,
    "page_height": 1755,
    "page_no": 10
  },
  {
    "question": "19",
    "text": "19",
    "x": 91,
    "y": 131,
    "page_width": 1241,
    "page_height": 1755,
    "page_no": 13
  },
  {
    "question": "20",
    "text": "20",
    "x": 89,
    "y": 131,
    "page_width": 1241,
    "page_height": 1755,
    "page_no": 16
  },
  {
    "question": "21",
    "text": "21",
    "x": 89,
    "y": 131,
    "page_width": 1241,
    "page_height": 1755,
    "page_no": 19
  },
  {
    "question": "8",
    "text": "8",
    "x": 27,
    "y": 477,
    "page_width": 1241,
    "page_height": 1755,
    "page_no": 9
  },
  {
    "question": "8",
    "text": "8",
    "x": 27,
    "y": 477,
    "page_width": 1241,
    "page_height": 1755,
    "page_no": 11
  },
  {
    "question": "8",
    "text": "8",
    "x": 27,
    "y": 477,
    "page_width": 1241,
    "page_height": 1755,
    "page_no": 15
  },
  {
    "question": "8",
    "text": "8",
    "x": 27,
    "y": 476,
    "page_width": 1241,
    "page_height": 1755,
    "page_no": 23
  }
]