[
  {
    "question": 0,
    "x": 118,
    "y": 435,
    "page_no": 13,
    "page_width": 1241,
    "page_height": 1754
  },
  {
    "question": 9,
    "x": 129,
    "y": 1275,
    "page_no": 4,
    "page_width": 1241,
    "page_height": 1754
  },
  {
    "question": 8,
    "x": 129,
    "y": 1124,
    "page_no": 4,
    "page_width": 1241,
    "page_height": 1754
  },
  {
    "question": 7,
    "x": 133,
    "y": 996,
    "page_no": 4,
    "page_width": 1241,
    "page_height": 1754
  },
  {
    "question": 6,
    "x": 131,
    "y": 863,
    "page_no": 4,
    "page_width": 1241,
    "page_height": 1754
  },
  {
    "question": 5,
    "x": 129,
    "y": 730,
    "page_no": 4,
    "page_width": 1241,
    "page_height": 1754
  },
  {
    "question": 4,
    "x": 133,
    "y": 595,
    "page_no": 4,
    "page_width": 1241,
    "page_height": 1754
  },
  {
    "question": 3,
    "x": 131,
    "y": 463,
    "page_no": 4,
    "page_width": 1241,
    "page_height": 1754
  },
  {
    "question": 2,
    "x": 133,
    "y": 333,
    "page_no": 4,
    "page_width": 1241,
    "page_height": 1754
  },
  {
    "question": "1",
    "text": "1",
    "x": 132,
    "y": 199,
    "page_width": 1241,
    "page_height": 1754,
    "page_no": 4
  },
  {
    "question": "10",
    "text": "10",
    "x": 131,
    "y": 1412,
    "page_width": 1241,
    "page_height": 1754,
    "page_no": 4
  },
  {
    "question": "11",
    "text": "11",
    "x": 132,
    "y": 242,
    "page_width": 1241,
    "page_height": 1754,
    "page_no": 5
  },
  {
    "question": "12",
    "text": "12",
    "x": 132,
    "y": 535,
    "page_width": 1241,
    "page_height": 1754,
    "page_no": 5
  },
  {
    "question": "13",
    "text": "13a",
    "x": 132,
    "y": 210,
    "page_width": 1241,
    "page_height": 1754,
    "page_no": 6
  },
  {
    "question": "14",
    "text": "14a",
    "x": 132,
    "y": 236,
    "page_width": 1241,
    "page_height": 1754,
    "page_no": 7
  },
  {
    "question": "15",
    "text": "15a",
    "x": 132,
    "y": 211,
    "page_width": 1241,
    "page_height": 1754,
    "page_no": 8
  },
  {
    "question": "16",
    "text": "16a",
    "x": 132,
    "y": 236,
    "page_width": 1241,
    "page_height": 1754,
    "page_no": 9
  },
  {
    "question": "17",
    "text": "17a",
    "x": 131,
    "y": 237,
    "page_width": 1241,
    "page_height": 1754,
    "page_no": 10
  },
  {
    "question": "18",
    "text": "18a",
    "x": 132,
    "y": 236,
    "page_width": 1241,
    "page_height": 1754,
    "page_no": 12
  },
  {
    "question": "18",
    "text": "18d",
    "x": 132,
    "y": 156,
    "page_width": 1241,
    "page_height": 1754,
    "page_no": 13
  }
]