[
  {
    "question": "2",
    "text": "2.",
    "x": 89,
    "y": 130,
    "page_width": 1241,
    "page_height": 1754,
    "page_no": 6
  },
  {
    "question": "4",
    "text": "4.",
    "x": 89,
    "y": 143,
    "page_width": 1241,
    "page_height": 1754,
    "page_no": 10
  },
  {
    "question": "6",
    "text": "6.",
    "x": 89,
    "y": 130,
    "page_width": 1241,
    "page_height": 1754,
    "page_no": 18
  },
  {
    "question": "9",
    "text": "9.",
    "x": 89,
    "y": 135,
    "page_width": 1241,
    "page_height": 1754,
    "page_no": 30
  }
]