[
  {
    "question": 0,
    "x": 73,
    "y": 1554,
    "page_no": 14,
    "page_width": 1241,
    "page_height": 1754
  },
  {
    "question": 10,
    "x": 110,
    "y": 1430,
    "page_no": 6,
    "page_width": 1241,
    "page_height": 1754
  },
  {
    "question": 9,
    "x": 104,
    "y": 1293,
    "page_no": 6,
    "page_width": 1241,
    "page_height": 1754
  },
  {
    "question": 8,
    "x": 110,
    "y": 1156,
    "page_no": 6,
    "page_width": 1241,
    "page_height": 1754
  },
  {
    "question": 7,
    "x": 104,
    "y": 1033,
    "page_no": 6,
    "page_width": 1241,
    "page_height": 1754
  },
  {
    "question": 6,
    "x": 106,
    "y": 902,
    "page_no": 6,
    "page_width": 1241,
    "page_height": 1754
  },
  {
    "question": 5,
    "x": 106,
    "y": 768,
    "page_no": 6,
    "page_width": 1241,
    "page_height": 1754
  },
  {
    "question": 4,
    "x": 106,
    "y": 631,
    "page_no": 6,
    "page_width": 1241,
    "page_height": 1754
  },
  {
    "question": 3,
    "x": 104,
    "y": 503,
    "page_no": 6,
    "page_width": 1241,
    "page_height": 1754
  },
  {
    "question": 2,
    "x": 106,
    "y": 367,
    "page_no": 6,
    "page_width": 1241,
    "page_height": 1754
  },
  {
    "question": 1,
    "x": 104,
    "y": 232,
    "page_no": 6,
    "page_width": 1241,
    "page_height": 1754
  },
  {
    "question": "11",
    "text": "11a",
    "x": 88,
    "y": 199,
    "page_width": 1241,
    "page_height": 1754,
    "page_no": 7
  },
  {
    "question": "12",
    "text": "12a",
    "x": 90,
    "y": 247,
    "page_width": 1241,
    "page_height": 1754,
    "page_no": 8
  },
  {
    "question": "13",
    "text": "13a",
    "x": 90,
    "y": 247,
    "page_width": 1241,
    "page_height": 1754,
    "page_no": 9
  },
  {
    "question": "14",
    "text": "14ai",
    "x": 90,
    "y": 211,
    "page_width": 1241,
    "page_height": 1754,
    "page_no": 10
  },
  {
    "question": "15",
    "text": "15",
    "x": 90,
    "y": 248,
    "page_width": 1241,
    "page_height": 1754,
    "page_no": 11
  },
  {
    "question": "16",
    "text": "16a",
    "x": 90,
    "y": 294,
    "page_width": 1241,
    "page_height": 1754,
    "page_no": 12
  },
  {
    "question": "17",
    "text": "17a",
    "x": 90,
    "y": 247,
    "page_width": 1241,
    "page_height": 1754,
    "page_no": 13
  },
  {
    "question": "18",
    "text": "18a",
    "x": 90,
    "y": 215,
    "page_width": 1241,
    "page_height": 1754,
    "page_no": 14
  },
  {
    "question": "18",
    "text": "18cii",
    "x": 90,
    "y": 1091,
    "page_width": 1241,
    "page_height": 1754,
    "page_no": 14
  }
]