[
  {
    "question": "1",
    "text": "1a",
    "x": 120,
    "y": 158,
    "page_width": 1241,
    "page_height": 1754,
    "page_no": 4
  },
  {
    "question": "2",
    "text": "2a",
    "x": 119,
    "y": 157,
    "page_width": 1241,
    "page_height": 1754,
    "page_no": 9
  },
  {
    "question": "40",
    "text": "40",
    "x": 119,
    "y": 882,
    "page_width": 1241,
    "page_height": 1754,
    "page_no": 12
  },
  {
    "question": "3",
    "text": "3a",
    "x": 119,
    "y": 157,
    "page_width": 1241,
    "page_height": 1754,
    "page_no": 15
  },
  {
    "question": "3",
    "text": "3x1",
    "x": 119,
    "y": 533,
    "page_width": 1241,
    "page_height": 1754,
    "page_no": 15
  },
  {
    "question": "4",
    "text": "4x",
    "x": 119,
    "y": 1407,
    "page_width": 1241,
    "page_height": 1754,
    "page_no": 16
  },
  {
    "question": "4",
    "text": "4",
    "x": 119,
    "y": 158,
    "page_width": 1241,
    "page_height": 1754,
    "page_no": 18
  },
  {
    "question": "32",
    "text": "32%",
    "x": 119,
    "y": 781,
    "page_width": 1241,
    "page_height": 1754,
    "page_no": 19
  },
  {
    "question": "1",
    "text": "1",
    "x": 119,
    "y": 937,
    "page_width": 1241,
    "page_height": 1754,
    "page_no": 19
  },
  {
    "question": "5",
    "text": "5aAO1:6",
    "x": 119,
    "y": 157,
    "page_width": 1241,
    "page_height": 1754,
    "page_no": 21
  },
  {
    "question": "6",
    "text": "6a",
    "x": 119,
    "y": 157,
    "page_width": 1241,
    "page_height": 1754,
    "page_no": 24
  },
  {
    "question": "20",
    "text": "2022",
    "x": 153,
    "y": 1102,
    "page_width": 1241,
    "page_height": 1754,
    "page_no": 5
  },
  {
    "question": "1",
    "text": "1",
    "x": 154,
    "y": 1135,
    "page_width": 1241,
    "page_height": 1754,
    "page_no": 5
  },
  {
    "question": "20",
    "text": "2023",
    "x": 153,
    "y": 1166,
    "page_width": 1241,
    "page_height": 1754,
    "page_no": 5
  },
  {
    "question": "30",
    "text": "30",
    "x": 153,
    "y": 1198,
    "page_width": 1241,
    "page_height": 1754,
    "page_no": 5
  },
  {
    "question": "1",
    "text": "1",
    "x": 156,
    "y": 1407,
    "page_width": 1241,
    "page_height": 1754,
    "page_no": 16
  },
  {
    "question": "50",
    "text": "500",
    "x": 146,
    "y": 761,
    "page_width": 1241,
    "page_height": 1754,
    "page_no": 6
  },
  {
    "question": "54",
    "text": "540",
    "x": 146,
    "y": 1281,
    "page_width": 1241,
    "page_height": 1754,
    "page_no": 6
  },
  {
    "question": "5",
    "text": "5%",
    "x": 146,
    "y": 1409,
    "page_width": 1241,
    "page_height": 1754,
    "page_no": 6
  },
  {
    "question": "70",
    "text": "700",
    "x": 144,
    "y": 1131,
    "page_width": 1241,
    "page_height": 1754,
    "page_no": 12
  },
  {
    "question": "20",
    "text": "2023",
    "x": 145,
    "y": 879,
    "page_width": 1241,
    "page_height": 1754,
    "page_no": 15
  },
  {
    "question": "1",
    "text": "1",
    "x": 147,
    "y": 943,
    "page_width": 1241,
    "page_height": 1754,
    "page_no": 15
  },
  {
    "question": "31",
    "text": "31",
    "x": 145,
    "y": 975,
    "page_width": 1241,
    "page_height": 1754,
    "page_no": 15
  },
  {
    "question": "31",
    "text": "31",
    "x": 145,
    "y": 1261,
    "page_width": 1241,
    "page_height": 1754,
    "page_no": 15
  },
  {
    "question": "1",
    "text": "1",
    "x": 147,
    "y": 1359,
    "page_width": 1241,
    "page_height": 1754,
    "page_no": 15
  }
]