[
  {
    "question": "1",
    "text": "1a",
    "x": 163,
    "y": 161,
    "page_width": 1755,
    "page_height": 1241,
    "page_no": 5
  },
  {
    "question": "1",
    "text": "1b",
    "x": 163,
    "y": 674,
    "page_width": 1755,
    "page_height": 1241,
    "page_no": 5
  },
  {
    "question": "1",
    "text": "1c",
    "x": 163,
    "y": 161,
    "page_width": 1755,
    "page_height": 1241,
    "page_no": 6
  },
  {
    "question": "1",
    "text": "1di",
    "x": 163,
    "y": 694,
    "page_width": 1755,
    "page_height": 1241,
    "page_no": 6
  },
  {
    "question": "1",
    "text": "1dii",
    "x": 163,
    "y": 155,
    "page_width": 1755,
    "page_height": 1241,
    "page_no": 7
  },
  {
    "question": "1",
    "text": "1diii",
    "x": 163,
    "y": 298,
    "page_width": 1755,
    "page_height": 1241,
    "page_no": 7
  },
  {
    "question": "1",
    "text": "1div",
    "x": 163,
    "y": 691,
    "page_width": 1755,
    "page_height": 1241,
    "page_no": 7
  },
  {
    "question": "2",
    "text": "2a",
    "x": 162,
    "y": 160,
    "page_width": 1755,
    "page_height": 1241,
    "page_no": 8
  },
  {
    "question": "2",
    "text": "2b",
    "x": 162,
    "y": 191,
    "page_width": 1755,
    "page_height": 1241,
    "page_no": 9
  },
  {
    "question": "2",
    "text": "2c",
    "x": 162,
    "y": 160,
    "page_width": 1755,
    "page_height": 1241,
    "page_no": 10
  },
  {
    "question": "2",
    "text": "2di",
    "x": 162,
    "y": 156,
    "page_width": 1755,
    "page_height": 1241,
    "page_no": 11
  },
  {
    "question": "2",
    "text": "2dii",
    "x": 162,
    "y": 156,
    "page_width": 1755,
    "page_height": 1241,
    "page_no": 12
  },
  {
    "question": "2",
    "text": "2e",
    "x": 162,
    "y": 604,
    "page_width": 1755,
    "page_height": 1241,
    "page_no": 12
  },
  {
    "question": "2",
    "text": "2Fi",
    "x": 162,
    "y": 958,
    "page_width": 1755,
    "page_height": 1241,
    "page_no": 12
  },
  {
    "question": "2",
    "text": "2fii",
    "x": 162,
    "y": 186,
    "page_width": 1755,
    "page_height": 1241,
    "page_no": 13
  },
  {
    "question": "3",
    "text": "3a",
    "x": 162,
    "y": 160,
    "page_width": 1755,
    "page_height": 1241,
    "page_no": 14
  },
  {
    "question": "3",
    "text": "3b",
    "x": 162,
    "y": 160,
    "page_width": 1755,
    "page_height": 1241,
    "page_no": 15
  },
  {
    "question": "3",
    "text": "3c",
    "x": 162,
    "y": 756,
    "page_width": 1755,
    "page_height": 1241,
    "page_no": 15
  },
  {
    "question": "3",
    "text": "3di",
    "x": 162,
    "y": 187,
    "page_width": 1755,
    "page_height": 1241,
    "page_no": 16
  },
  {
    "question": "3",
    "text": "3dii",
    "x": 162,
    "y": 440,
    "page_width": 1755,
    "page_height": 1241,
    "page_no": 16
  },
  {
    "question": "4",
    "text": "4ai",
    "x": 162,
    "y": 156,
    "page_width": 1755,
    "page_height": 1241,
    "page_no": 17
  },
  {
    "question": "4",
    "text": "4aii",
    "x": 162,
    "y": 766,
    "page_width": 1755,
    "page_height": 1241,
    "page_no": 17
  },
  {
    "question": "4",
    "text": "4b",
    "x": 162,
    "y": 160,
    "page_width": 1755,
    "page_height": 1241,
    "page_no": 18
  },
  {
    "question": "5",
    "text": "5a",
    "x": 163,
    "y": 161,
    "page_width": 1755,
    "page_height": 1241,
    "page_no": 19
  },
  {
    "question": "5",
    "text": "5bi",
    "x": 163,
    "y": 558,
    "page_width": 1755,
    "page_height": 1241,
    "page_no": 19
  },
  {
    "question": "5",
    "text": "5bii",
    "x": 163,
    "y": 191,
    "page_width": 1755,
    "page_height": 1241,
    "page_no": 20
  },
  {
    "question": "5",
    "text": "5c",
    "x": 163,
    "y": 852,
    "page_width": 1755,
    "page_height": 1241,
    "page_no": 20
  },
  {
    "question": "5",
    "text": "5d",
    "x": 163,
    "y": 191,
    "page_width": 1755,
    "page_height": 1241,
    "page_no": 21
  }
]