[
  {
    "question": 0,
    "x": 117,
    "y": 663,
    "page_no": 17,
    "page_width": 1241,
    "page_height": 1754
  },
  {
    "question": 9,
    "x": 134,
    "y": 154,
    "page_no": 7,
    "page_width": 1241,
    "page_height": 1754
  },
  {
    "question": 8,
    "x": 133,
    "y": 1266,
    "page_no": 6,
    "page_width": 1241,
    "page_height": 1754
  },
  {
    "question": 7,
    "x": 136,
    "y": 1082,
    "page_no": 6,
    "page_width": 1241,
    "page_height": 1754
  },
  {
    "question": 6,
    "x": 133,
    "y": 945,
    "page_no": 6,
    "page_width": 1241,
    "page_height": 1754
  },
  {
    "question": 5,
    "x": 136,
    "y": 788,
    "page_no": 6,
    "page_width": 1241,
    "page_height": 1754
  },
  {
    "question": 4,
    "x": 131,
    "y": 660,
    "page_no": 6,
    "page_width": 1241,
    "page_height": 1754
  },
  {
    "question": 3,
    "x": 134,
    "y": 528,
    "page_no": 6,
    "page_width": 1241,
    "page_height": 1754
  },
  {
    "question": 2,
    "x": 133,
    "y": 393,
    "page_no": 6,
    "page_width": 1241,
    "page_height": 1754
  },
  {
    "question": "1",
    "text": "1",
    "x": 132,
    "y": 257,
    "page_width": 1241,
    "page_height": 1754,
    "page_no": 6
  },
  {
    "question": "10",
    "text": "10",
    "x": 132,
    "y": 395,
    "page_width": 1241,
    "page_height": 1754,
    "page_no": 7
  },
  {
    "question": "11",
    "text": "11a",
    "x": 132,
    "y": 237,
    "page_width": 1241,
    "page_height": 1754,
    "page_no": 8
  },
  {
    "question": "12",
    "text": "12a",
    "x": 132,
    "y": 236,
    "page_width": 1241,
    "page_height": 1754,
    "page_no": 9
  },
  {
    "question": "13",
    "text": "13a",
    "x": 132,
    "y": 237,
    "page_width": 1241,
    "page_height": 1754,
    "page_no": 10
  },
  {
    "question": "14",
    "text": "14a",
    "x": 132,
    "y": 265,
    "page_width": 1241,
    "page_height": 1754,
    "page_no": 11
  },
  {
    "question": "15",
    "text": "15a",
    "x": 132,
    "y": 295,
    "page_width": 1241,
    "page_height": 1754,
    "page_no": 12
  },
  {
    "question": "16",
    "text": "16a",
    "x": 132,
    "y": 266,
    "page_width": 1241,
    "page_height": 1754,
    "page_no": 14
  },
  {
    "question": "17",
    "text": "17a",
    "x": 132,
    "y": 263,
    "page_width": 1241,
    "page_height": 1754,
    "page_no": 15
  },
  {
    "question": "18",
    "text": "18a",
    "x": 132,
    "y": 237,
    "page_width": 1241,
    "page_height": 1754,
    "page_no": 16
  },
  {
    "question": "18",
    "text": "18cii",
    "x": 132,
    "y": 500,
    "page_width": 1241,
    "page_height": 1754,
    "page_no": 17
  }
]