[
  {
    "question": "1",
    "text": "1",
    "x": 150,
    "y": 241,
    "page_width": 1359,
    "page_height": 1873,
    "page_no": 2
  },
  {
    "question": "2",
    "text": "2",
    "x": 148,
    "y": 190,
    "page_width": 1359,
    "page_height": 1873,
    "page_no": 4
  },
  {
    "question": "3",
    "text": "3",
    "x": 148,
    "y": 190,
    "page_width": 1359,
    "page_height": 1873,
    "page_no": 8
  },
  {
    "question": "4",
    "text": "4",
    "x": 148,
    "y": 190,
    "page_width": 1359,
    "page_height": 1873,
    "page_no": 12
  },
  {
    "question": "2",
    "text": "2",
    "x": 168,
    "y": 1728,
    "page_width": 1359,
    "page_height": 1873,
    "page_no": 2
  },
  {
    "question": "4",
    "text": "4",
    "x": 168,
    "y": 1728,
    "page_width": 1359,
    "page_height": 1873,
    "page_no": 4
  },
  {
    "question": "6",
    "text": "6",
    "x": 168,
    "y": 1728,
    "page_width": 1359,
    "page_height": 1873,
    "page_no": 6
  },
  {
    "question": "8",
    "text": "8",
    "x": 168,
    "y": 1728,
    "page_width": 1359,
    "page_height": 1873,
    "page_no": 8
  },
  {
    "question": "2",
    "text": "2",
    "x": 71,
    "y": 1615,
    "page_width": 1359,
    "page_height": 1873,
    "page_no": 3
  },
  {
    "question": "36",
    "text": "36",
    "x": 71,
    "y": 132,
    "page_width": 1359,
    "page_height": 1873,
    "page_no": 5
  },
  {
    "question": "2",
    "text": "2",
    "x": 71,
    "y": 671,
    "page_width": 1359,
    "page_height": 1873,
    "page_no": 5
  },
  {
    "question": "58",
    "text": "588",
    "x": 71,
    "y": 1301,
    "page_width": 1359,
    "page_height": 1873,
    "page_no": 5
  },
  {
    "question": "36",
    "text": "36",
    "x": 71,
    "y": 132,
    "page_width": 1359,
    "page_height": 1873,
    "page_no": 7
  },
  {
    "question": "10",
    "text": "10",
    "x": 163,
    "y": 1728,
    "page_width": 1359,
    "page_height": 1873,
    "page_no": 10
  },
  {
    "question": "12",
    "text": "12",
    "x": 163,
    "y": 1728,
    "page_width": 1359,
    "page_height": 1873,
    "page_no": 12
  },
  {
    "question": "14",
    "text": "14",
    "x": 163,
    "y": 1728,
    "page_width": 1359,
    "page_height": 1873,
    "page_no": 14
  },
  {
    "question": "16",
    "text": "16",
    "x": 164,
    "y": 1728,
    "page_width": 1359,
    "page_height": 1873,
    "page_no": 16
  }
]