[
  {
    "question": "1",
    "text": "1",
    "x": 152,
    "y": 229,
    "page_width": 1754,
    "page_height": 1241,
    "page_no": 4
  },
  {
    "question": "2",
    "text": "2a",
    "x": 151,
    "y": 721,
    "page_width": 1754,
    "page_height": 1241,
    "page_no": 4
  },
  {
    "question": "2",
    "text": "2b",
    "x": 151,
    "y": 175,
    "page_width": 1754,
    "page_height": 1241,
    "page_no": 5
  },
  {
    "question": "2",
    "text": "2c",
    "x": 151,
    "y": 569,
    "page_width": 1754,
    "page_height": 1241,
    "page_no": 5
  },
  {
    "question": "2",
    "text": "2d",
    "x": 151,
    "y": 175,
    "page_width": 1754,
    "page_height": 1241,
    "page_no": 6
  },
  {
    "question": "3",
    "text": "3a",
    "x": 151,
    "y": 175,
    "page_width": 1754,
    "page_height": 1241,
    "page_no": 7
  },
  {
    "question": "3",
    "text": "3b",
    "x": 151,
    "y": 448,
    "page_width": 1754,
    "page_height": 1241,
    "page_no": 7
  },
  {
    "question": "3",
    "text": "3ci",
    "x": 151,
    "y": 767,
    "page_width": 1754,
    "page_height": 1241,
    "page_no": 7
  },
  {
    "question": "3",
    "text": "3cii",
    "x": 151,
    "y": 947,
    "page_width": 1754,
    "page_height": 1241,
    "page_no": 7
  },
  {
    "question": "1",
    "text": "1._S.A.",
    "x": 152,
    "y": 916,
    "page_width": 1754,
    "page_height": 1241,
    "page_no": 8
  },
  {
    "question": "3",
    "text": "3",
    "x": 151,
    "y": 959,
    "page_width": 1754,
    "page_height": 1241,
    "page_no": 8
  },
  {
    "question": "3",
    "text": "3.",
    "x": 151,
    "y": 1016,
    "page_width": 1754,
    "page_height": 1241,
    "page_no": 8
  },
  {
    "question": "5",
    "text": "5ai",
    "x": 151,
    "y": 424,
    "page_width": 1754,
    "page_height": 1241,
    "page_no": 11
  },
  {
    "question": "5",
    "text": "5aii",
    "x": 151,
    "y": 197,
    "page_width": 1754,
    "page_height": 1241,
    "page_no": 12
  },
  {
    "question": "5",
    "text": "5bi",
    "x": 151,
    "y": 601,
    "page_width": 1754,
    "page_height": 1241,
    "page_no": 12
  },
  {
    "question": "5",
    "text": "5bii",
    "x": 151,
    "y": 198,
    "page_width": 1754,
    "page_height": 1241,
    "page_no": 13
  },
  {
    "question": "6",
    "text": "6ai",
    "x": 151,
    "y": 175,
    "page_width": 1754,
    "page_height": 1241,
    "page_no": 14
  },
  {
    "question": "6",
    "text": "6aii",
    "x": 151,
    "y": 195,
    "page_width": 1754,
    "page_height": 1241,
    "page_no": 15
  },
  {
    "question": "6",
    "text": "6aiii",
    "x": 151,
    "y": 251,
    "page_width": 1754,
    "page_height": 1241,
    "page_no": 16
  },
  {
    "question": "6",
    "text": "6bi",
    "x": 151,
    "y": 204,
    "page_width": 1754,
    "page_height": 1241,
    "page_no": 17
  },
  {
    "question": "6",
    "text": "6bii",
    "x": 151,
    "y": 513,
    "page_width": 1754,
    "page_height": 1241,
    "page_no": 17
  },
  {
    "question": "6",
    "text": "6biv",
    "x": 151,
    "y": 507,
    "page_width": 1754,
    "page_height": 1241,
    "page_no": 18
  },
  {
    "question": "7",
    "text": "7ai",
    "x": 151,
    "y": 308,
    "page_width": 1754,
    "page_height": 1241,
    "page_no": 19
  },
  {
    "question": "7",
    "text": "7bi",
    "x": 151,
    "y": 570,
    "page_width": 1754,
    "page_height": 1241,
    "page_no": 20
  },
  {
    "question": "7",
    "text": "7biii",
    "x": 151,
    "y": 629,
    "page_width": 1754,
    "page_height": 1241,
    "page_no": 21
  },
  {
    "question": "7",
    "text": "7biv",
    "x": 151,
    "y": 203,
    "page_width": 1754,
    "page_height": 1241,
    "page_no": 22
  },
  {
    "question": "7",
    "text": "7ci",
    "x": 151,
    "y": 451,
    "page_width": 1754,
    "page_height": 1241,
    "page_no": 22
  },
  {
    "question": "7",
    "text": "7cii",
    "x": 151,
    "y": 200,
    "page_width": 1754,
    "page_height": 1241,
    "page_no": 23
  },
  {
    "question": "8",
    "text": "8a",
    "x": 151,
    "y": 795,
    "page_width": 1754,
    "page_height": 1241,
    "page_no": 23
  },
  {
    "question": "8",
    "text": "8bi",
    "x": 151,
    "y": 244,
    "page_width": 1754,
    "page_height": 1241,
    "page_no": 24
  },
  {
    "question": "8",
    "text": "8b",
    "x": 151,
    "y": 204,
    "page_width": 1754,
    "page_height": 1241,
    "page_no": 25
  },
  {
    "question": "8",
    "text": "8biii",
    "x": 151,
    "y": 418,
    "page_width": 1754,
    "page_height": 1241,
    "page_no": 25
  },
  {
    "question": "4",
    "text": "4a",
    "x": 150,
    "y": 202,
    "page_width": 1754,
    "page_height": 1241,
    "page_no": 8
  },
  {
    "question": "4",
    "text": "4b",
    "x": 150,
    "y": 175,
    "page_width": 1754,
    "page_height": 1241,
    "page_no": 9
  },
  {
    "question": "4",
    "text": "4c",
    "x": 150,
    "y": 199,
    "page_width": 1754,
    "page_height": 1241,
    "page_no": 10
  },
  {
    "question": "4",
    "text": "4di",
    "x": 150,
    "y": 674,
    "page_width": 1754,
    "page_height": 1241,
    "page_no": 10
  },
  {
    "question": "6",
    "text": "6biii",
    "x": 148,
    "y": 196,
    "page_width": 1754,
    "page_height": 1241,
    "page_no": 18
  },
  {
    "question": "7",
    "text": "7aii",
    "x": 147,
    "y": 232,
    "page_width": 1754,
    "page_height": 1241,
    "page_no": 20
  },
  {
    "question": "7",
    "text": "7bii",
    "x": 147,
    "y": 175,
    "page_width": 1754,
    "page_height": 1241,
    "page_no": 21
  },
  {
    "question": "8",
    "text": "8ci",
    "x": 147,
    "y": 175,
    "page_width": 1754,
    "page_height": 1241,
    "page_no": 26
  }
]