[
  {
    "question": "1",
    "text": "1",
    "x": 139,
    "y": 277,
    "page_width": 1241,
    "page_height": 1754,
    "page_no": 4
  },
  {
    "question": "2",
    "text": "2",
    "x": 138,
    "y": 533,
    "page_width": 1241,
    "page_height": 1754,
    "page_no": 4
  },
  {
    "question": "3",
    "text": "3",
    "x": 138,
    "y": 903,
    "page_width": 1241,
    "page_height": 1754,
    "page_no": 4
  },
  {
    "question": "4",
    "text": "4",
    "x": 137,
    "y": 1254,
    "page_width": 1241,
    "page_height": 1754,
    "page_no": 4
  },
  {
    "question": "7",
    "text": "7a",
    "x": 132,
    "y": 360,
    "page_width": 1241,
    "page_height": 1754,
    "page_no": 6
  },
  {
    "question": "7",
    "text": "7b",
    "x": 132,
    "y": 283,
    "page_width": 1241,
    "page_height": 1754,
    "page_no": 7
  },
  {
    "question": "7",
    "text": "7c",
    "x": 132,
    "y": 284,
    "page_width": 1241,
    "page_height": 1754,
    "page_no": 8
  },
  {
    "question": "7",
    "text": "7d",
    "x": 132,
    "y": 283,
    "page_width": 1241,
    "page_height": 1754,
    "page_no": 9
  },
  {
    "question": "7",
    "text": "7e",
    "x": 132,
    "y": 287,
    "page_width": 1241,
    "page_height": 1754,
    "page_no": 11
  }
]