[
  {
    "question": "1",
    "text": "1ai",
    "x": 153,
    "y": 192,
    "page_width": 1755,
    "page_height": 1241,
    "page_no": 4
  },
  {
    "question": "1",
    "text": "1aii",
    "x": 153,
    "y": 515,
    "page_width": 1755,
    "page_height": 1241,
    "page_no": 4
  },
  {
    "question": "1",
    "text": "1aiii",
    "x": 153,
    "y": 789,
    "page_width": 1755,
    "page_height": 1241,
    "page_no": 4
  },
  {
    "question": "1",
    "text": "1aiv",
    "x": 153,
    "y": 168,
    "page_width": 1755,
    "page_height": 1241,
    "page_no": 5
  },
  {
    "question": "1",
    "text": "1b",
    "x": 153,
    "y": 734,
    "page_width": 1755,
    "page_height": 1241,
    "page_no": 5
  },
  {
    "question": "2",
    "text": "2ai",
    "x": 151,
    "y": 168,
    "page_width": 1755,
    "page_height": 1241,
    "page_no": 6
  },
  {
    "question": "2",
    "text": "2aii",
    "x": 151,
    "y": 442,
    "page_width": 1755,
    "page_height": 1241,
    "page_no": 6
  },
  {
    "question": "2",
    "text": "2aiii",
    "x": 151,
    "y": 716,
    "page_width": 1755,
    "page_height": 1241,
    "page_no": 6
  },
  {
    "question": "2",
    "text": "2bi",
    "x": 151,
    "y": 1016,
    "page_width": 1755,
    "page_height": 1241,
    "page_no": 6
  },
  {
    "question": "2",
    "text": "2bii",
    "x": 151,
    "y": 190,
    "page_width": 1755,
    "page_height": 1241,
    "page_no": 7
  },
  {
    "question": "2",
    "text": "2c",
    "x": 151,
    "y": 578,
    "page_width": 1755,
    "page_height": 1241,
    "page_no": 7
  },
  {
    "question": "3",
    "text": "3a",
    "x": 152,
    "y": 196,
    "page_width": 1755,
    "page_height": 1241,
    "page_no": 8
  },
  {
    "question": "3",
    "text": "3bi",
    "x": 152,
    "y": 735,
    "page_width": 1755,
    "page_height": 1241,
    "page_no": 8
  },
  {
    "question": "3",
    "text": "3bii",
    "x": 152,
    "y": 164,
    "page_width": 1755,
    "page_height": 1241,
    "page_no": 9
  },
  {
    "question": "5",
    "text": "5ai",
    "x": 152,
    "y": 601,
    "page_width": 1755,
    "page_height": 1241,
    "page_no": 11
  },
  {
    "question": "5",
    "text": "5aii",
    "x": 152,
    "y": 164,
    "page_width": 1755,
    "page_height": 1241,
    "page_no": 12
  },
  {
    "question": "5",
    "text": "5aiii",
    "x": 152,
    "y": 607,
    "page_width": 1755,
    "page_height": 1241,
    "page_no": 12
  },
  {
    "question": "5",
    "text": "5b",
    "x": 152,
    "y": 168,
    "page_width": 1755,
    "page_height": 1241,
    "page_no": 13
  },
  {
    "question": "5",
    "text": "5ci",
    "x": 152,
    "y": 192,
    "page_width": 1755,
    "page_height": 1241,
    "page_no": 14
  },
  {
    "question": "5",
    "text": "5cii",
    "x": 152,
    "y": 659,
    "page_width": 1755,
    "page_height": 1241,
    "page_no": 14
  },
  {
    "question": "5",
    "text": "5ciii",
    "x": 152,
    "y": 190,
    "page_width": 1755,
    "page_height": 1241,
    "page_no": 15
  },
  {
    "question": "5",
    "text": "5civ",
    "x": 152,
    "y": 681,
    "page_width": 1755,
    "page_height": 1241,
    "page_no": 15
  },
  {
    "question": "6",
    "text": "6a",
    "x": 151,
    "y": 222,
    "page_width": 1755,
    "page_height": 1241,
    "page_no": 16
  },
  {
    "question": "6",
    "text": "6cii",
    "x": 151,
    "y": 247,
    "page_width": 1755,
    "page_height": 1241,
    "page_no": 18
  },
  {
    "question": "7",
    "text": "7ai",
    "x": 151,
    "y": 606,
    "page_width": 1755,
    "page_height": 1241,
    "page_no": 18
  },
  {
    "question": "7",
    "text": "7aii",
    "x": 151,
    "y": 221,
    "page_width": 1755,
    "page_height": 1241,
    "page_no": 19
  },
  {
    "question": "7",
    "text": "7aiii",
    "x": 151,
    "y": 164,
    "page_width": 1755,
    "page_height": 1241,
    "page_no": 20
  },
  {
    "question": "7",
    "text": "7aiv",
    "x": 151,
    "y": 168,
    "page_width": 1755,
    "page_height": 1241,
    "page_no": 21
  },
  {
    "question": "7",
    "text": "7bi",
    "x": 151,
    "y": 947,
    "page_width": 1755,
    "page_height": 1241,
    "page_no": 21
  },
  {
    "question": "7",
    "text": "7bii",
    "x": 151,
    "y": 190,
    "page_width": 1755,
    "page_height": 1241,
    "page_no": 22
  },
  {
    "question": "8",
    "text": "8a",
    "x": 151,
    "y": 168,
    "page_width": 1755,
    "page_height": 1241,
    "page_no": 23
  },
  {
    "question": "8",
    "text": "8bi",
    "x": 151,
    "y": 415,
    "page_width": 1755,
    "page_height": 1241,
    "page_no": 23
  },
  {
    "question": "8",
    "text": "8bii",
    "x": 151,
    "y": 738,
    "page_width": 1755,
    "page_height": 1241,
    "page_no": 23
  },
  {
    "question": "8",
    "text": "8b",
    "x": 151,
    "y": 168,
    "page_width": 1755,
    "page_height": 1241,
    "page_no": 24
  },
  {
    "question": "4",
    "text": "4bi",
    "x": 150,
    "y": 168,
    "page_width": 1755,
    "page_height": 1241,
    "page_no": 10
  },
  {
    "question": "4",
    "text": "4bii",
    "x": 150,
    "y": 491,
    "page_width": 1755,
    "page_height": 1241,
    "page_no": 10
  },
  {
    "question": "4",
    "text": "4biii",
    "x": 150,
    "y": 164,
    "page_width": 1755,
    "page_height": 1241,
    "page_no": 11
  },
  {
    "question": "6",
    "text": "6b",
    "x": 148,
    "y": 511,
    "page_width": 1755,
    "page_height": 1241,
    "page_no": 16
  }
]