[
  {
    "question": "1",
    "text": "1.a",
    "x": 147,
    "y": 124,
    "page_width": 1241,
    "page_height": 1754,
    "page_no": 4
  },
  {
    "question": "2",
    "text": "2.a",
    "x": 146,
    "y": 130,
    "page_width": 1241,
    "page_height": 1754,
    "page_no": 5
  },
  {
    "question": "4",
    "text": "4.",
    "x": 146,
    "y": 160,
    "page_width": 1241,
    "page_height": 1754,
    "page_no": 7
  },
  {
    "question": "5",
    "text": "5.",
    "x": 146,
    "y": 185,
    "page_width": 1241,
    "page_height": 1754,
    "page_no": 8
  },
  {
    "question": "6",
    "text": "6.a",
    "x": 146,
    "y": 168,
    "page_width": 1241,
    "page_height": 1754,
    "page_no": 9
  }
]