[
  {
    "question": "1",
    "text": "1",
    "x": 150,
    "y": 320,
    "page_width": 1359,
    "page_height": 1873,
    "page_no": 2
  },
  {
    "question": "2",
    "text": "2",
    "x": 148,
    "y": 240,
    "page_width": 1359,
    "page_height": 1873,
    "page_no": 10
  },
  {
    "question": "3",
    "text": "3",
    "x": 149,
    "y": 466,
    "page_width": 1359,
    "page_height": 1873,
    "page_no": 18
  },
  {
    "question": "6",
    "text": "6",
    "x": 148,
    "y": 316,
    "page_width": 1359,
    "page_height": 1873,
    "page_no": 32
  },
  {
    "question": "2",
    "text": "2",
    "x": 148,
    "y": 167,
    "page_width": 1359,
    "page_height": 1873,
    "page_no": 40
  },
  {
    "question": "3",
    "text": "3",
    "x": 149,
    "y": 246,
    "page_width": 1359,
    "page_height": 1873,
    "page_no": 44
  },
  {
    "question": "4",
    "text": "4",
    "x": 148,
    "y": 168,
    "page_width": 1359,
    "page_height": 1873,
    "page_no": 45
  },
  {
    "question": "5",
    "text": "5",
    "x": 149,
    "y": 168,
    "page_width": 1359,
    "page_height": 1873,
    "page_no": 46
  },
  {
    "question": "2",
    "text": "2",
    "x": 168,
    "y": 1728,
    "page_width": 1359,
    "page_height": 1873,
    "page_no": 2
  },
  {
    "question": "4",
    "text": "4",
    "x": 168,
    "y": 1728,
    "page_width": 1359,
    "page_height": 1873,
    "page_no": 4
  },
  {
    "question": "6",
    "text": "6",
    "x": 168,
    "y": 1728,
    "page_width": 1359,
    "page_height": 1873,
    "page_no": 6
  },
  {
    "question": "12",
    "text": "12",
    "x": 167,
    "y": 1728,
    "page_width": 1359,
    "page_height": 1873,
    "page_no": 48
  },
  {
    "question": "14",
    "text": "14",
    "x": 167,
    "y": 1728,
    "page_width": 1359,
    "page_height": 1873,
    "page_no": 50
  },
  {
    "question": "16",
    "text": "16",
    "x": 167,
    "y": 1728,
    "page_width": 1359,
    "page_height": 1873,
    "page_no": 52
  },
  {
    "question": "6",
    "text": "6",
    "x": 34,
    "y": 222,
    "page_width": 1359,
    "page_height": 1873,
    "page_no": 7
  },
  {
    "question": "6",
    "text": "6",
    "x": 34,
    "y": 222,
    "page_width": 1359,
    "page_height": 1873,
    "page_no": 15
  },
  {
    "question": "6",
    "text": "6",
    "x": 34,
    "y": 222,
    "page_width": 1359,
    "page_height": 1873,
    "page_no": 23
  },
  {
    "question": "4",
    "text": "4",
    "x": 37,
    "y": 670,
    "page_width": 1359,
    "page_height": 1873,
    "page_no": 25
  },
  {
    "question": "6",
    "text": "6",
    "x": 34,
    "y": 222,
    "page_width": 1359,
    "page_height": 1873,
    "page_no": 29
  },
  {
    "question": "10",
    "text": "10",
    "x": 163,
    "y": 1728,
    "page_width": 1359,
    "page_height": 1873,
    "page_no": 10
  },
  {
    "question": "12",
    "text": "12",
    "x": 163,
    "y": 1728,
    "page_width": 1359,
    "page_height": 1873,
    "page_no": 12
  },
  {
    "question": "14",
    "text": "14",
    "x": 163,
    "y": 1728,
    "page_width": 1359,
    "page_height": 1873,
    "page_no": 14
  },
  {
    "question": "16",
    "text": "16",
    "x": 163,
    "y": 1728,
    "page_width": 1359,
    "page_height": 1873,
    "page_no": 16
  },
  {
    "question": "18",
    "text": "18",
    "x": 164,
    "y": 1728,
    "page_width": 1359,
    "page_height": 1873,
    "page_no": 18
  },
  {
    "question": "20",
    "text": "20",
    "x": 162,
    "y": 1728,
    "page_width": 1359,
    "page_height": 1873,
    "page_no": 20
  },
  {
    "question": "22",
    "text": "22",
    "x": 162,
    "y": 1728,
    "page_width": 1359,
    "page_height": 1873,
    "page_no": 22
  },
  {
    "question": "24",
    "text": "24",
    "x": 162,
    "y": 1728,
    "page_width": 1359,
    "page_height": 1873,
    "page_no": 24
  },
  {
    "question": "26",
    "text": "26",
    "x": 162,
    "y": 1728,
    "page_width": 1359,
    "page_height": 1873,
    "page_no": 26
  },
  {
    "question": "28",
    "text": "28",
    "x": 163,
    "y": 1728,
    "page_width": 1359,
    "page_height": 1873,
    "page_no": 28
  },
  {
    "question": "30",
    "text": "30",
    "x": 163,
    "y": 1728,
    "page_width": 1359,
    "page_height": 1873,
    "page_no": 30
  },
  {
    "question": "32",
    "text": "32",
    "x": 163,
    "y": 1728,
    "page_width": 1359,
    "page_height": 1873,
    "page_no": 32
  },
  {
    "question": "34",
    "text": "34",
    "x": 163,
    "y": 1728,
    "page_width": 1359,
    "page_height": 1873,
    "page_no": 34
  },
  {
    "question": "36",
    "text": "36",
    "x": 163,
    "y": 1728,
    "page_width": 1359,
    "page_height": 1873,
    "page_no": 36
  },
  {
    "question": "33",
    "text": "338",
    "x": 71,
    "y": 198,
    "page_width": 1359,
    "page_height": 1873,
    "page_no": 17
  },
  {
    "question": "2",
    "text": "2",
    "x": 71,
    "y": 754,
    "page_width": 1359,
    "page_height": 1873,
    "page_no": 21
  },
  {
    "question": "28",
    "text": "28",
    "x": 71,
    "y": 1301,
    "page_width": 1359,
    "page_height": 1873,
    "page_no": 21
  },
  {
    "question": "33",
    "text": "338",
    "x": 71,
    "y": 198,
    "page_width": 1359,
    "page_height": 1873,
    "page_no": 25
  },
  {
    "question": "20",
    "text": "20",
    "x": 71,
    "y": 851,
    "page_width": 1359,
    "page_height": 1873,
    "page_no": 25
  },
  {
    "question": "33",
    "text": "338",
    "x": 71,
    "y": 198,
    "page_width": 1359,
    "page_height": 1873,
    "page_no": 27
  },
  {
    "question": "3",
    "text": "3",
    "x": 71,
    "y": 1244,
    "page_width": 1359,
    "page_height": 1873,
    "page_no": 27
  },
  {
    "question": "2",
    "text": "2",
    "x": 72,
    "y": 754,
    "page_width": 1359,
    "page_height": 1873,
    "page_no": 31
  },
  {
    "question": "28",
    "text": "28",
    "x": 71,
    "y": 1134,
    "page_width": 1359,
    "page_height": 1873,
    "page_no": 31
  },
  {
    "question": "33",
    "text": "338",
    "x": 71,
    "y": 198,
    "page_width": 1359,
    "page_height": 1873,
    "page_no": 33
  },
  {
    "question": "5",
    "text": "5S",
    "x": 88,
    "y": 160,
    "page_width": 1359,
    "page_height": 1873,
    "page_no": 17
  },
  {
    "question": "5",
    "text": "5S",
    "x": 88,
    "y": 160,
    "page_width": 1359,
    "page_height": 1873,
    "page_no": 25
  },
  {
    "question": "5",
    "text": "5S",
    "x": 88,
    "y": 160,
    "page_width": 1359,
    "page_height": 1873,
    "page_no": 27
  },
  {
    "question": "5",
    "text": "5S",
    "x": 88,
    "y": 160,
    "page_width": 1359,
    "page_height": 1873,
    "page_no": 33
  }
]