[
  {
    "question": "1",
    "text": "1a",
    "x": 165,
    "y": 211,
    "page_width": 1754,
    "page_height": 1241,
    "page_no": 5
  },
  {
    "question": "1",
    "text": "1bi",
    "x": 165,
    "y": 660,
    "page_width": 1754,
    "page_height": 1241,
    "page_no": 5
  },
  {
    "question": "1",
    "text": "1ci",
    "x": 165,
    "y": 260,
    "page_width": 1754,
    "page_height": 1241,
    "page_no": 6
  },
  {
    "question": "1",
    "text": "1cii",
    "x": 165,
    "y": 596,
    "page_width": 1754,
    "page_height": 1241,
    "page_no": 6
  },
  {
    "question": "1",
    "text": "1ciii",
    "x": 165,
    "y": 930,
    "page_width": 1754,
    "page_height": 1241,
    "page_no": 6
  },
  {
    "question": "1",
    "text": "1d",
    "x": 165,
    "y": 211,
    "page_width": 1754,
    "page_height": 1241,
    "page_no": 7
  },
  {
    "question": "8",
    "text": "8f",
    "x": 171,
    "y": 169,
    "page_width": 1754,
    "page_height": 1241,
    "page_no": 25
  },
  {
    "question": "2",
    "text": "2ai",
    "x": 163,
    "y": 518,
    "page_width": 1754,
    "page_height": 1241,
    "page_no": 7
  },
  {
    "question": "2",
    "text": "2aii",
    "x": 163,
    "y": 211,
    "page_width": 1754,
    "page_height": 1241,
    "page_no": 8
  },
  {
    "question": "2",
    "text": "2bi",
    "x": 163,
    "y": 708,
    "page_width": 1754,
    "page_height": 1241,
    "page_no": 8
  },
  {
    "question": "2",
    "text": "2bii",
    "x": 163,
    "y": 207,
    "page_width": 1754,
    "page_height": 1241,
    "page_no": 9
  },
  {
    "question": "2",
    "text": "2b",
    "x": 164,
    "y": 523,
    "page_width": 1754,
    "page_height": 1241,
    "page_no": 9
  },
  {
    "question": "3",
    "text": "3a",
    "x": 164,
    "y": 237,
    "page_width": 1754,
    "page_height": 1241,
    "page_no": 10
  },
  {
    "question": "3",
    "text": "3b",
    "x": 164,
    "y": 656,
    "page_width": 1754,
    "page_height": 1241,
    "page_no": 10
  },
  {
    "question": "3",
    "text": "3c",
    "x": 164,
    "y": 178,
    "page_width": 1754,
    "page_height": 1241,
    "page_no": 11
  },
  {
    "question": "4",
    "text": "4a",
    "x": 163,
    "y": 680,
    "page_width": 1754,
    "page_height": 1241,
    "page_no": 11
  },
  {
    "question": "4",
    "text": "4bi",
    "x": 163,
    "y": 211,
    "page_width": 1754,
    "page_height": 1241,
    "page_no": 12
  },
  {
    "question": "4",
    "text": "4bii",
    "x": 163,
    "y": 406,
    "page_width": 1754,
    "page_height": 1241,
    "page_no": 12
  },
  {
    "question": "4",
    "text": "4ci",
    "x": 163,
    "y": 597,
    "page_width": 1754,
    "page_height": 1241,
    "page_no": 12
  },
  {
    "question": "4",
    "text": "4cii",
    "x": 163,
    "y": 211,
    "page_width": 1754,
    "page_height": 1241,
    "page_no": 13
  },
  {
    "question": "4",
    "text": "4d",
    "x": 163,
    "y": 518,
    "page_width": 1754,
    "page_height": 1241,
    "page_no": 13
  },
  {
    "question": "4",
    "text": "4e",
    "x": 163,
    "y": 902,
    "page_width": 1754,
    "page_height": 1241,
    "page_no": 13
  },
  {
    "question": "5",
    "text": "5ai",
    "x": 164,
    "y": 231,
    "page_width": 1754,
    "page_height": 1241,
    "page_no": 14
  },
  {
    "question": "5",
    "text": "5aii",
    "x": 164,
    "y": 612,
    "page_width": 1754,
    "page_height": 1241,
    "page_no": 14
  },
  {
    "question": "5",
    "text": "5bi",
    "x": 164,
    "y": 178,
    "page_width": 1754,
    "page_height": 1241,
    "page_no": 15
  },
  {
    "question": "5",
    "text": "5bii",
    "x": 164,
    "y": 502,
    "page_width": 1754,
    "page_height": 1241,
    "page_no": 15
  },
  {
    "question": "6",
    "text": "6ai",
    "x": 163,
    "y": 811,
    "page_width": 1754,
    "page_height": 1241,
    "page_no": 15
  },
  {
    "question": "6",
    "text": "6aii",
    "x": 163,
    "y": 211,
    "page_width": 1754,
    "page_height": 1241,
    "page_no": 16
  },
  {
    "question": "6",
    "text": "6bi",
    "x": 163,
    "y": 592,
    "page_width": 1754,
    "page_height": 1241,
    "page_no": 16
  },
  {
    "question": "6",
    "text": "6bii",
    "x": 163,
    "y": 234,
    "page_width": 1754,
    "page_height": 1241,
    "page_no": 17
  },
  {
    "question": "6",
    "text": "6biii",
    "x": 163,
    "y": 430,
    "page_width": 1754,
    "page_height": 1241,
    "page_no": 17
  },
  {
    "question": "6",
    "text": "6biv",
    "x": 163,
    "y": 753,
    "page_width": 1754,
    "page_height": 1241,
    "page_no": 17
  },
  {
    "question": "7",
    "text": "7ay",
    "x": 163,
    "y": 241,
    "page_width": 1754,
    "page_height": 1241,
    "page_no": 18
  },
  {
    "question": "7",
    "text": "7aii",
    "x": 163,
    "y": 771,
    "page_width": 1754,
    "page_height": 1241,
    "page_no": 18
  },
  {
    "question": "7",
    "text": "7b",
    "x": 163,
    "y": 264,
    "page_width": 1754,
    "page_height": 1241,
    "page_no": 19
  },
  {
    "question": "8",
    "text": "8a",
    "x": 163,
    "y": 208,
    "page_width": 1754,
    "page_height": 1241,
    "page_no": 22
  },
  {
    "question": "8",
    "text": "8b",
    "x": 163,
    "y": 655,
    "page_width": 1754,
    "page_height": 1241,
    "page_no": 22
  },
  {
    "question": "8",
    "text": "8c",
    "x": 163,
    "y": 247,
    "page_width": 1754,
    "page_height": 1241,
    "page_no": 23
  },
  {
    "question": "8",
    "text": "8d",
    "x": 163,
    "y": 179,
    "page_width": 1754,
    "page_height": 1241,
    "page_no": 24
  },
  {
    "question": "8",
    "text": "8e",
    "x": 163,
    "y": 540,
    "page_width": 1754,
    "page_height": 1241,
    "page_no": 24
  },
  {
    "question": "8",
    "text": "8g",
    "x": 163,
    "y": 710,
    "page_width": 1754,
    "page_height": 1241,
    "page_no": 25
  }
]