[
  {
    "question": "1",
    "text": "1",
    "x": 150,
    "y": 329,
    "page_width": 1359,
    "page_height": 1873,
    "page_no": 2
  },
  {
    "question": "3",
    "text": "3",
    "x": 148,
    "y": 190,
    "page_width": 1359,
    "page_height": 1873,
    "page_no": 7
  },
  {
    "question": "4",
    "text": "4",
    "x": 148,
    "y": 191,
    "page_width": 1359,
    "page_height": 1873,
    "page_no": 10
  },
  {
    "question": "5",
    "text": "5",
    "x": 149,
    "y": 191,
    "page_width": 1359,
    "page_height": 1873,
    "page_no": 14
  },
  {
    "question": "6",
    "text": "6",
    "x": 148,
    "y": 190,
    "page_width": 1359,
    "page_height": 1873,
    "page_no": 18
  },
  {
    "question": "7",
    "text": "7",
    "x": 149,
    "y": 191,
    "page_width": 1359,
    "page_height": 1873,
    "page_no": 21
  },
  {
    "question": "8",
    "text": "8",
    "x": 148,
    "y": 190,
    "page_width": 1359,
    "page_height": 1873,
    "page_no": 23
  },
  {
    "question": "1",
    "text": "1.",
    "x": 150,
    "y": 347,
    "page_width": 1359,
    "page_height": 1873,
    "page_no": 30
  },
  {
    "question": "2",
    "text": "2.",
    "x": 149,
    "y": 483,
    "page_width": 1359,
    "page_height": 1873,
    "page_no": 30
  },
  {
    "question": "3",
    "text": "3.",
    "x": 149,
    "y": 621,
    "page_width": 1359,
    "page_height": 1873,
    "page_no": 30
  },
  {
    "question": "4",
    "text": "4.",
    "x": 148,
    "y": 759,
    "page_width": 1359,
    "page_height": 1873,
    "page_no": 30
  },
  {
    "question": "5",
    "text": "5.",
    "x": 149,
    "y": 897,
    "page_width": 1359,
    "page_height": 1873,
    "page_no": 30
  },
  {
    "question": "6",
    "text": "6.",
    "x": 148,
    "y": 168,
    "page_width": 1359,
    "page_height": 1873,
    "page_no": 31
  },
  {
    "question": "7",
    "text": "7.",
    "x": 149,
    "y": 334,
    "page_width": 1359,
    "page_height": 1873,
    "page_no": 31
  },
  {
    "question": "8",
    "text": "8.",
    "x": 148,
    "y": 471,
    "page_width": 1359,
    "page_height": 1873,
    "page_no": 31
  },
  {
    "question": "9",
    "text": "9.",
    "x": 149,
    "y": 550,
    "page_width": 1359,
    "page_height": 1873,
    "page_no": 31
  },
  {
    "question": "10",
    "text": "10.",
    "x": 150,
    "y": 658,
    "page_width": 1359,
    "page_height": 1873,
    "page_no": 31
  },
  {
    "question": "11",
    "text": "11.",
    "x": 150,
    "y": 876,
    "page_width": 1359,
    "page_height": 1873,
    "page_no": 31
  },
  {
    "question": "12",
    "text": "12.",
    "x": 150,
    "y": 954,
    "page_width": 1359,
    "page_height": 1873,
    "page_no": 31
  },
  {
    "question": "13",
    "text": "13.",
    "x": 150,
    "y": 1121,
    "page_width": 1359,
    "page_height": 1873,
    "page_no": 31
  },
  {
    "question": "14",
    "text": "14.",
    "x": 150,
    "y": 1201,
    "page_width": 1359,
    "page_height": 1873,
    "page_no": 31
  },
  {
    "question": "15",
    "text": "15.",
    "x": 150,
    "y": 1338,
    "page_width": 1359,
    "page_height": 1873,
    "page_no": 31
  },
  {
    "question": "16",
    "text": "16.",
    "x": 150,
    "y": 1505,
    "page_width": 1359,
    "page_height": 1873,
    "page_no": 31
  },
  {
    "question": "17",
    "text": "17.",
    "x": 150,
    "y": 168,
    "page_width": 1359,
    "page_height": 1873,
    "page_no": 32
  },
  {
    "question": "18",
    "text": "18.",
    "x": 150,
    "y": 275,
    "page_width": 1359,
    "page_height": 1873,
    "page_no": 32
  },
  {
    "question": "19",
    "text": "19.",
    "x": 150,
    "y": 355,
    "page_width": 1359,
    "page_height": 1873,
    "page_no": 32
  },
  {
    "question": "20",
    "text": "20.",
    "x": 149,
    "y": 492,
    "page_width": 1359,
    "page_height": 1873,
    "page_no": 32
  },
  {
    "question": "21",
    "text": "21.",
    "x": 149,
    "y": 687,
    "page_width": 1359,
    "page_height": 1873,
    "page_no": 32
  },
  {
    "question": "22",
    "text": "22.",
    "x": 149,
    "y": 796,
    "page_width": 1359,
    "page_height": 1873,
    "page_no": 32
  },
  {
    "question": "23",
    "text": "23.",
    "x": 149,
    "y": 904,
    "page_width": 1359,
    "page_height": 1873,
    "page_no": 32
  },
  {
    "question": "24",
    "text": "24.",
    "x": 149,
    "y": 1041,
    "page_width": 1359,
    "page_height": 1873,
    "page_no": 32
  },
  {
    "question": "25",
    "text": "25.",
    "x": 149,
    "y": 1208,
    "page_width": 1359,
    "page_height": 1873,
    "page_no": 32
  },
  {
    "question": "26",
    "text": "26.",
    "x": 149,
    "y": 1316,
    "page_width": 1359,
    "page_height": 1873,
    "page_no": 32
  },
  {
    "question": "27",
    "text": "27.",
    "x": 149,
    "y": 217,
    "page_width": 1359,
    "page_height": 1873,
    "page_no": 33
  },
  {
    "question": "28",
    "text": "28.",
    "x": 149,
    "y": 354,
    "page_width": 1359,
    "page_height": 1873,
    "page_no": 33
  },
  {
    "question": "29",
    "text": "29.",
    "x": 149,
    "y": 462,
    "page_width": 1359,
    "page_height": 1873,
    "page_no": 33
  },
  {
    "question": "30",
    "text": "30.",
    "x": 149,
    "y": 541,
    "page_width": 1359,
    "page_height": 1873,
    "page_no": 33
  },
  {
    "question": "2",
    "text": "2",
    "x": 168,
    "y": 1728,
    "page_width": 1359,
    "page_height": 1873,
    "page_no": 2
  },
  {
    "question": "4",
    "text": "4",
    "x": 168,
    "y": 1728,
    "page_width": 1359,
    "page_height": 1873,
    "page_no": 4
  },
  {
    "question": "6",
    "text": "6",
    "x": 168,
    "y": 1728,
    "page_width": 1359,
    "page_height": 1873,
    "page_no": 6
  },
  {
    "question": "8",
    "text": "8",
    "x": 168,
    "y": 1728,
    "page_width": 1359,
    "page_height": 1873,
    "page_no": 8
  },
  {
    "question": "2",
    "text": "2",
    "x": 71,
    "y": 431,
    "page_width": 1359,
    "page_height": 1873,
    "page_no": 3
  },
  {
    "question": "8",
    "text": "8",
    "x": 71,
    "y": 560,
    "page_width": 1359,
    "page_height": 1873,
    "page_no": 7
  },
  {
    "question": "23",
    "text": "236",
    "x": 71,
    "y": 1577,
    "page_width": 1359,
    "page_height": 1873,
    "page_no": 17
  },
  {
    "question": "83",
    "text": "83",
    "x": 71,
    "y": 469,
    "page_width": 1359,
    "page_height": 1873,
    "page_no": 19
  },
  {
    "question": "3",
    "text": "3",
    "x": 71,
    "y": 159,
    "page_width": 1359,
    "page_height": 1873,
    "page_no": 23
  },
  {
    "question": "7",
    "text": "7",
    "x": 71,
    "y": 1073,
    "page_width": 1359,
    "page_height": 1873,
    "page_no": 23
  },
  {
    "question": "10",
    "text": "10",
    "x": 163,
    "y": 1728,
    "page_width": 1359,
    "page_height": 1873,
    "page_no": 10
  },
  {
    "question": "14",
    "text": "14",
    "x": 163,
    "y": 1728,
    "page_width": 1359,
    "page_height": 1873,
    "page_no": 14
  },
  {
    "question": "16",
    "text": "16",
    "x": 164,
    "y": 1728,
    "page_width": 1359,
    "page_height": 1873,
    "page_no": 16
  },
  {
    "question": "18",
    "text": "18",
    "x": 163,
    "y": 1728,
    "page_width": 1359,
    "page_height": 1873,
    "page_no": 18
  },
  {
    "question": "20",
    "text": "20",
    "x": 162,
    "y": 1728,
    "page_width": 1359,
    "page_height": 1873,
    "page_no": 20
  },
  {
    "question": "22",
    "text": "22",
    "x": 162,
    "y": 1728,
    "page_width": 1359,
    "page_height": 1873,
    "page_no": 22
  },
  {
    "question": "24",
    "text": "24",
    "x": 162,
    "y": 1728,
    "page_width": 1359,
    "page_height": 1873,
    "page_no": 24
  },
  {
    "question": "26",
    "text": "26",
    "x": 162,
    "y": 1728,
    "page_width": 1359,
    "page_height": 1873,
    "page_no": 26
  },
  {
    "question": "28",
    "text": "28",
    "x": 162,
    "y": 1728,
    "page_width": 1359,
    "page_height": 1873,
    "page_no": 28
  }
]