[
  {
    "question": 0,
    "x": 89,
    "y": 944,
    "page_no": 11,
    "page_width": 1241,
    "page_height": 1754
  },
  {
    "question": 1,
    "x": 103,
    "y": 212,
    "page_no": 7,
    "page_width": 1241,
    "page_height": 1754
  },
  {
    "question": "2",
    "text": "2a",
    "x": 101,
    "y": 244,
    "page_width": 1241,
    "page_height": 1754,
    "page_no": 8
  },
  {
    "question": "3",
    "text": "3a",
    "x": 100,
    "y": 210,
    "page_width": 1241,
    "page_height": 1754,
    "page_no": 9
  },
  {
    "question": "5",
    "text": "5a",
    "x": 101,
    "y": 242,
    "page_width": 1241,
    "page_height": 1754,
    "page_no": 11
  },
  {
    "question": "4",
    "text": "4a",
    "x": 90,
    "y": 215,
    "page_width": 1241,
    "page_height": 1754,
    "page_no": 10
  },
  {
    "question": "4",
    "text": "4e",
    "x": 90,
    "y": 1300,
    "page_width": 1241,
    "page_height": 1754,
    "page_no": 10
  }
]