[
  {
    "question": "28",
    "text": "28",
    "x": 71,
    "y": 198,
    "page_width": 1359,
    "page_height": 1873,
    "page_no": 7
  },
  {
    "question": "28",
    "text": "28",
    "x": 71,
    "y": 230,
    "page_width": 1359,
    "page_height": 1873,
    "page_no": 7
  },
  {
    "question": "29",
    "text": "298",
    "x": 71,
    "y": 1456,
    "page_width": 1359,
    "page_height": 1873,
    "page_no": 13
  },
  {
    "question": "5",
    "text": "5",
    "x": 73,
    "y": 1375,
    "page_width": 1359,
    "page_height": 1873,
    "page_no": 17
  },
  {
    "question": "10",
    "text": "10",
    "x": 163,
    "y": 1728,
    "page_width": 1359,
    "page_height": 1873,
    "page_no": 10
  },
  {
    "question": "12",
    "text": "12",
    "x": 163,
    "y": 1728,
    "page_width": 1359,
    "page_height": 1873,
    "page_no": 12
  },
  {
    "question": "14",
    "text": "14",
    "x": 164,
    "y": 1728,
    "page_width": 1359,
    "page_height": 1873,
    "page_no": 14
  },
  {
    "question": "16",
    "text": "16",
    "x": 163,
    "y": 1728,
    "page_width": 1359,
    "page_height": 1873,
    "page_no": 16
  },
  {
    "question": "18",
    "text": "18",
    "x": 163,
    "y": 1728,
    "page_width": 1359,
    "page_height": 1873,
    "page_no": 18
  },
  {
    "question": "20",
    "text": "20",
    "x": 162,
    "y": 1728,
    "page_width": 1359,
    "page_height": 1873,
    "page_no": 20
  }
]