[
  {
    "question": "1",
    "text": "1a",
    "x": 132,
    "y": 215,
    "page_width": 1241,
    "page_height": 1754,
    "page_no": 5
  },
  {
    "question": "1",
    "text": "1b",
    "x": 132,
    "y": 215,
    "page_width": 1241,
    "page_height": 1754,
    "page_no": 6
  },
  {
    "question": "1",
    "text": "1ci",
    "x": 132,
    "y": 215,
    "page_width": 1241,
    "page_height": 1754,
    "page_no": 7
  },
  {
    "question": "1",
    "text": "1cii",
    "x": 132,
    "y": 422,
    "page_width": 1241,
    "page_height": 1754,
    "page_no": 7
  },
  {
    "question": "2",
    "text": "2a",
    "x": 131,
    "y": 741,
    "page_width": 1241,
    "page_height": 1754,
    "page_no": 7
  },
  {
    "question": "2",
    "text": "2b",
    "x": 131,
    "y": 1262,
    "page_width": 1241,
    "page_height": 1754,
    "page_no": 7
  },
  {
    "question": "2",
    "text": "2ci",
    "x": 131,
    "y": 244,
    "page_width": 1241,
    "page_height": 1754,
    "page_no": 8
  },
  {
    "question": "2",
    "text": "2eii",
    "x": 131,
    "y": 517,
    "page_width": 1241,
    "page_height": 1754,
    "page_no": 8
  },
  {
    "question": "2",
    "text": "2d",
    "x": 131,
    "y": 223,
    "page_width": 1241,
    "page_height": 1754,
    "page_no": 9
  },
  {
    "question": "2",
    "text": "2ei",
    "x": 131,
    "y": 743,
    "page_width": 1241,
    "page_height": 1754,
    "page_no": 9
  },
  {
    "question": "2",
    "text": "2eii",
    "x": 131,
    "y": 244,
    "page_width": 1241,
    "page_height": 1754,
    "page_no": 10
  },
  {
    "question": "3",
    "text": "3a",
    "x": 130,
    "y": 223,
    "page_width": 1241,
    "page_height": 1754,
    "page_no": 11
  },
  {
    "question": "3",
    "text": "3b",
    "x": 130,
    "y": 866,
    "page_width": 1241,
    "page_height": 1754,
    "page_no": 11
  },
  {
    "question": "3",
    "text": "3ci",
    "x": 130,
    "y": 223,
    "page_width": 1241,
    "page_height": 1754,
    "page_no": 12
  },
  {
    "question": "3",
    "text": "3cii",
    "x": 130,
    "y": 687,
    "page_width": 1241,
    "page_height": 1754,
    "page_no": 12
  },
  {
    "question": "3",
    "text": "3ciii",
    "x": 130,
    "y": 956,
    "page_width": 1241,
    "page_height": 1754,
    "page_no": 12
  },
  {
    "question": "3",
    "text": "3d",
    "x": 130,
    "y": 223,
    "page_width": 1241,
    "page_height": 1754,
    "page_no": 13
  },
  {
    "question": "3",
    "text": "3ei",
    "x": 130,
    "y": 223,
    "page_width": 1241,
    "page_height": 1754,
    "page_no": 14
  },
  {
    "question": "3",
    "text": "3eii",
    "x": 130,
    "y": 693,
    "page_width": 1241,
    "page_height": 1754,
    "page_no": 14
  },
  {
    "question": "4",
    "text": "4ai",
    "x": 131,
    "y": 163,
    "page_width": 1241,
    "page_height": 1754,
    "page_no": 15
  },
  {
    "question": "4",
    "text": "4aii",
    "x": 131,
    "y": 447,
    "page_width": 1241,
    "page_height": 1754,
    "page_no": 15
  },
  {
    "question": "4",
    "text": "4aiii",
    "x": 131,
    "y": 1216,
    "page_width": 1241,
    "page_height": 1754,
    "page_no": 15
  },
  {
    "question": "4",
    "text": "4bi",
    "x": 131,
    "y": 251,
    "page_width": 1241,
    "page_height": 1754,
    "page_no": 16
  },
  {
    "question": "4",
    "text": "4b",
    "x": 131,
    "y": 808,
    "page_width": 1241,
    "page_height": 1754,
    "page_no": 16
  },
  {
    "question": "4",
    "text": "4ci",
    "x": 131,
    "y": 228,
    "page_width": 1241,
    "page_height": 1754,
    "page_no": 17
  },
  {
    "question": "4",
    "text": "4cii",
    "x": 131,
    "y": 593,
    "page_width": 1241,
    "page_height": 1754,
    "page_no": 17
  },
  {
    "question": "4",
    "text": "4ciii",
    "x": 131,
    "y": 909,
    "page_width": 1241,
    "page_height": 1754,
    "page_no": 17
  },
  {
    "question": "4",
    "text": "4d",
    "x": 131,
    "y": 1361,
    "page_width": 1241,
    "page_height": 1754,
    "page_no": 17
  }
]