[
  {
    "question": "1",
    "text": "1",
    "x": 198,
    "y": 381,
    "page_width": 1754,
    "page_height": 1241,
    "page_no": 9
  },
  {
    "question": "2",
    "text": "2",
    "x": 196,
    "y": 414,
    "page_width": 1754,
    "page_height": 1241,
    "page_no": 9
  },
  {
    "question": "3",
    "text": "3",
    "x": 196,
    "y": 448,
    "page_width": 1754,
    "page_height": 1241,
    "page_no": 9
  },
  {
    "question": "4",
    "text": "4",
    "x": 196,
    "y": 482,
    "page_width": 1754,
    "page_height": 1241,
    "page_no": 9
  },
  {
    "question": "5",
    "text": "5",
    "x": 197,
    "y": 516,
    "page_width": 1754,
    "page_height": 1241,
    "page_no": 9
  },
  {
    "question": "2",
    "text": "2",
    "x": 196,
    "y": 384,
    "page_width": 1754,
    "page_height": 1241,
    "page_no": 10
  },
  {
    "question": "1",
    "text": "1AO1",
    "x": 195,
    "y": 894,
    "page_width": 1754,
    "page_height": 1241,
    "page_no": 12
  },
  {
    "question": "1",
    "text": "1",
    "x": 222,
    "y": 185,
    "page_width": 1754,
    "page_height": 1241,
    "page_no": 11
  },
  {
    "question": "2",
    "text": "2",
    "x": 221,
    "y": 218,
    "page_width": 1754,
    "page_height": 1241,
    "page_no": 11
  },
  {
    "question": "3",
    "text": "3",
    "x": 221,
    "y": 252,
    "page_width": 1754,
    "page_height": 1241,
    "page_no": 11
  },
  {
    "question": "5",
    "text": "5",
    "x": 221,
    "y": 320,
    "page_width": 1754,
    "page_height": 1241,
    "page_no": 11
  },
  {
    "question": "1",
    "text": "1",
    "x": 222,
    "y": 456,
    "page_width": 1754,
    "page_height": 1241,
    "page_no": 11
  },
  {
    "question": "2",
    "text": "2",
    "x": 221,
    "y": 488,
    "page_width": 1754,
    "page_height": 1241,
    "page_no": 11
  },
  {
    "question": "3",
    "text": "3",
    "x": 221,
    "y": 522,
    "page_width": 1754,
    "page_height": 1241,
    "page_no": 11
  },
  {
    "question": "5",
    "text": "5",
    "x": 221,
    "y": 591,
    "page_width": 1754,
    "page_height": 1241,
    "page_no": 11
  },
  {
    "question": "2",
    "text": "2",
    "x": 226,
    "y": 987,
    "page_width": 1754,
    "page_height": 1241,
    "page_no": 12
  },
  {
    "question": "10",
    "text": "10/fAO2",
    "x": 227,
    "y": 1049,
    "page_width": 1754,
    "page_height": 1241,
    "page_no": 12
  },
  {
    "question": "0",
    "text": "0",
    "x": 178,
    "y": 378,
    "page_width": 1754,
    "page_height": 1241,
    "page_no": 12
  },
  {
    "question": "2",
    "text": "2",
    "x": 178,
    "y": 445,
    "page_width": 1754,
    "page_height": 1241,
    "page_no": 12
  },
  {
    "question": "3",
    "text": "3",
    "x": 178,
    "y": 479,
    "page_width": 1754,
    "page_height": 1241,
    "page_no": 12
  },
  {
    "question": "4",
    "text": "4",
    "x": 177,
    "y": 513,
    "page_width": 1754,
    "page_height": 1241,
    "page_no": 12
  },
  {
    "question": "5",
    "text": "5",
    "x": 178,
    "y": 548,
    "page_width": 1754,
    "page_height": 1241,
    "page_no": 12
  },
  {
    "question": "4",
    "text": "4",
    "x": 106,
    "y": 562,
    "page_width": 1241,
    "page_height": 1754,
    "page_no": 13
  },
  {
    "question": "4",
    "text": "4",
    "x": 106,
    "y": 781,
    "page_width": 1241,
    "page_height": 1754,
    "page_no": 13
  },
  {
    "question": "4",
    "text": "4",
    "x": 106,
    "y": 874,
    "page_width": 1241,
    "page_height": 1754,
    "page_no": 13
  },
  {
    "question": "4",
    "text": "4",
    "x": 106,
    "y": 1030,
    "page_width": 1241,
    "page_height": 1754,
    "page_no": 13
  },
  {
    "question": "2",
    "text": "2",
    "x": 107,
    "y": 749,
    "page_width": 1241,
    "page_height": 1754,
    "page_no": 27
  },
  {
    "question": "00",
    "text": "000,",
    "x": 107,
    "y": 437,
    "page_width": 1241,
    "page_height": 1754,
    "page_no": 29
  },
  {
    "question": "87",
    "text": "872828",
    "x": 107,
    "y": 1597,
    "page_width": 1241,
    "page_height": 1754,
    "page_no": 31
  }
]