[
  {
    "question": "1",
    "text": "1",
    "x": 164,
    "y": 276,
    "page_width": 1754,
    "page_height": 1241,
    "page_no": 3
  },
  {
    "question": "2",
    "text": "2",
    "x": 162,
    "y": 584,
    "page_width": 1754,
    "page_height": 1241,
    "page_no": 3
  },
  {
    "question": "3",
    "text": "3a",
    "x": 162,
    "y": 249,
    "page_width": 1754,
    "page_height": 1241,
    "page_no": 4
  },
  {
    "question": "3",
    "text": "3b",
    "x": 162,
    "y": 518,
    "page_width": 1754,
    "page_height": 1241,
    "page_no": 4
  },
  {
    "question": "4",
    "text": "4",
    "x": 162,
    "y": 301,
    "page_width": 1754,
    "page_height": 1241,
    "page_no": 5
  },
  {
    "question": "5",
    "text": "5",
    "x": 162,
    "y": 753,
    "page_width": 1754,
    "page_height": 1241,
    "page_no": 5
  },
  {
    "question": "6",
    "text": "6",
    "x": 163,
    "y": 295,
    "page_width": 1754,
    "page_height": 1241,
    "page_no": 6
  },
  {
    "question": "7",
    "text": "7",
    "x": 163,
    "y": 678,
    "page_width": 1754,
    "page_height": 1241,
    "page_no": 6
  },
  {
    "question": "8",
    "text": "8",
    "x": 163,
    "y": 301,
    "page_width": 1754,
    "page_height": 1241,
    "page_no": 7
  },
  {
    "question": "9",
    "text": "9",
    "x": 162,
    "y": 644,
    "page_width": 1754,
    "page_height": 1241,
    "page_no": 7
  },
  {
    "question": "10",
    "text": "10a",
    "x": 164,
    "y": 325,
    "page_width": 1754,
    "page_height": 1241,
    "page_no": 8
  },
  {
    "question": "10",
    "text": "10b",
    "x": 164,
    "y": 868,
    "page_width": 1754,
    "page_height": 1241,
    "page_no": 8
  },
  {
    "question": "11",
    "text": "11",
    "x": 164,
    "y": 352,
    "page_width": 1754,
    "page_height": 1241,
    "page_no": 9
  },
  {
    "question": "12",
    "text": "12a",
    "x": 164,
    "y": 713,
    "page_width": 1754,
    "page_height": 1241,
    "page_no": 9
  },
  {
    "question": "12",
    "text": "12b",
    "x": 164,
    "y": 246,
    "page_width": 1754,
    "page_height": 1241,
    "page_no": 10
  },
  {
    "question": "13",
    "text": "13",
    "x": 164,
    "y": 584,
    "page_width": 1754,
    "page_height": 1241,
    "page_no": 10
  },
  {
    "question": "14",
    "text": "14",
    "x": 164,
    "y": 249,
    "page_width": 1754,
    "page_height": 1241,
    "page_no": 11
  },
  {
    "question": "15",
    "text": "15",
    "x": 164,
    "y": 619,
    "page_width": 1754,
    "page_height": 1241,
    "page_no": 11
  },
  {
    "question": "16",
    "text": "16",
    "x": 164,
    "y": 258,
    "page_width": 1754,
    "page_height": 1241,
    "page_no": 12
  },
  {
    "question": "17",
    "text": "17",
    "x": 164,
    "y": 572,
    "page_width": 1754,
    "page_height": 1241,
    "page_no": 12
  },
  {
    "question": "18",
    "text": "18cii",
    "x": 164,
    "y": 257,
    "page_width": 1754,
    "page_height": 1241,
    "page_no": 18
  },
  {
    "question": "18",
    "text": "18ciii",
    "x": 164,
    "y": 230,
    "page_width": 1754,
    "page_height": 1241,
    "page_no": 19
  },
  {
    "question": "19",
    "text": "19ai",
    "x": 164,
    "y": 285,
    "page_width": 1754,
    "page_height": 1241,
    "page_no": 20
  },
  {
    "question": "19",
    "text": "19aii",
    "x": 164,
    "y": 878,
    "page_width": 1754,
    "page_height": 1241,
    "page_no": 20
  },
  {
    "question": "19",
    "text": "19aiii",
    "x": 164,
    "y": 202,
    "page_width": 1754,
    "page_height": 1241,
    "page_no": 21
  },
  {
    "question": "19",
    "text": "19b",
    "x": 164,
    "y": 287,
    "page_width": 1754,
    "page_height": 1241,
    "page_no": 22
  },
  {
    "question": "19",
    "text": "19ci",
    "x": 164,
    "y": 206,
    "page_width": 1754,
    "page_height": 1241,
    "page_no": 23
  },
  {
    "question": "19",
    "text": "19ai",
    "x": 164,
    "y": 313,
    "page_width": 1754,
    "page_height": 1241,
    "page_no": 24
  },
  {
    "question": "20",
    "text": "20ai",
    "x": 163,
    "y": 261,
    "page_width": 1754,
    "page_height": 1241,
    "page_no": 26
  },
  {
    "question": "20",
    "text": "20aii",
    "x": 162,
    "y": 261,
    "page_width": 1754,
    "page_height": 1241,
    "page_no": 27
  },
  {
    "question": "20",
    "text": "20bi",
    "x": 162,
    "y": 261,
    "page_width": 1754,
    "page_height": 1241,
    "page_no": 28
  },
  {
    "question": "20",
    "text": "20bii",
    "x": 162,
    "y": 483,
    "page_width": 1754,
    "page_height": 1241,
    "page_no": 28
  },
  {
    "question": "20",
    "text": "20ci",
    "x": 162,
    "y": 234,
    "page_width": 1754,
    "page_height": 1241,
    "page_no": 29
  },
  {
    "question": "20",
    "text": "20cii",
    "x": 162,
    "y": 539,
    "page_width": 1754,
    "page_height": 1241,
    "page_no": 29
  },
  {
    "question": "20",
    "text": "20ciii",
    "x": 162,
    "y": 257,
    "page_width": 1754,
    "page_height": 1241,
    "page_no": 30
  },
  {
    "question": "20",
    "text": "20di",
    "x": 163,
    "y": 181,
    "page_width": 1754,
    "page_height": 1241,
    "page_no": 31
  },
  {
    "question": "20",
    "text": "20e",
    "x": 162,
    "y": 141,
    "page_width": 1754,
    "page_height": 1241,
    "page_no": 32
  },
  {
    "question": "18",
    "text": "18ai",
    "x": 202,
    "y": 305,
    "page_width": 1754,
    "page_height": 1241,
    "page_no": 13
  },
  {
    "question": "18",
    "text": "18aii",
    "x": 201,
    "y": 222,
    "page_width": 1754,
    "page_height": 1241,
    "page_no": 14
  },
  {
    "question": "18",
    "text": "18bi",
    "x": 201,
    "y": 226,
    "page_width": 1754,
    "page_height": 1241,
    "page_no": 15
  },
  {
    "question": "18",
    "text": "18bii",
    "x": 201,
    "y": 222,
    "page_width": 1754,
    "page_height": 1241,
    "page_no": 16
  },
  {
    "question": "18",
    "text": "18ci",
    "x": 201,
    "y": 222,
    "page_width": 1754,
    "page_height": 1241,
    "page_no": 17
  },
  {
    "question": "19",
    "text": "19cii",
    "x": 202,
    "y": 499,
    "page_width": 1754,
    "page_height": 1241,
    "page_no": 23
  },
  {
    "question": "19",
    "text": "19dii",
    "x": 202,
    "y": 226,
    "page_width": 1754,
    "page_height": 1241,
    "page_no": 25
  },
  {
    "question": "20",
    "text": "20dii",
    "x": 200,
    "y": 573,
    "page_width": 1754,
    "page_height": 1241,
    "page_no": 31
  },
  {
    "question": "21",
    "text": "21ai",
    "x": 200,
    "y": 283,
    "page_width": 1754,
    "page_height": 1241,
    "page_no": 33
  },
  {
    "question": "21",
    "text": "21aii",
    "x": 200,
    "y": 222,
    "page_width": 1754,
    "page_height": 1241,
    "page_no": 34
  },
  {
    "question": "21",
    "text": "21aiii",
    "x": 200,
    "y": 222,
    "page_width": 1754,
    "page_height": 1241,
    "page_no": 35
  },
  {
    "question": "21",
    "text": "21b",
    "x": 200,
    "y": 584,
    "page_width": 1754,
    "page_height": 1241,
    "page_no": 35
  },
  {
    "question": "21",
    "text": "21bii",
    "x": 200,
    "y": 851,
    "page_width": 1754,
    "page_height": 1241,
    "page_no": 35
  },
  {
    "question": "21",
    "text": "21\u00a2i",
    "x": 200,
    "y": 230,
    "page_width": 1754,
    "page_height": 1241,
    "page_no": 36
  },
  {
    "question": "21",
    "text": "21cii",
    "x": 200,
    "y": 222,
    "page_width": 1754,
    "page_height": 1241,
    "page_no": 37
  }
]