[
  {
    "question": "5",
    "text": "5",
    "x": 114,
    "y": 715,
    "page_width": 1241,
    "page_height": 1755,
    "page_no": 2
  },
  {
    "question": "6",
    "text": "6",
    "x": 114,
    "y": 746,
    "page_width": 1241,
    "page_height": 1755,
    "page_no": 2
  },
  {
    "question": "7",
    "text": "7",
    "x": 114,
    "y": 779,
    "page_width": 1241,
    "page_height": 1755,
    "page_no": 2
  },
  {
    "question": "8",
    "text": "8",
    "x": 114,
    "y": 810,
    "page_width": 1241,
    "page_height": 1755,
    "page_no": 2
  },
  {
    "question": "9",
    "text": "9",
    "x": 114,
    "y": 842,
    "page_width": 1241,
    "page_height": 1755,
    "page_no": 2
  },
  {
    "question": "10",
    "text": "10",
    "x": 108,
    "y": 874,
    "page_width": 1241,
    "page_height": 1755,
    "page_no": 2
  },
  {
    "question": "11",
    "text": "11",
    "x": 108,
    "y": 906,
    "page_width": 1241,
    "page_height": 1755,
    "page_no": 2
  },
  {
    "question": "12",
    "text": "12",
    "x": 108,
    "y": 937,
    "page_width": 1241,
    "page_height": 1755,
    "page_no": 2
  },
  {
    "question": "13",
    "text": "13",
    "x": 108,
    "y": 969,
    "page_width": 1241,
    "page_height": 1755,
    "page_no": 2
  },
  {
    "question": "14",
    "text": "14",
    "x": 108,
    "y": 1002,
    "page_width": 1241,
    "page_height": 1755,
    "page_no": 2
  },
  {
    "question": "15",
    "text": "15",
    "x": 108,
    "y": 1034,
    "page_width": 1241,
    "page_height": 1755,
    "page_no": 2
  },
  {
    "question": "16",
    "text": "16",
    "x": 108,
    "y": 1065,
    "page_width": 1241,
    "page_height": 1755,
    "page_no": 2
  },
  {
    "question": "17",
    "text": "17",
    "x": 108,
    "y": 1098,
    "page_width": 1241,
    "page_height": 1755,
    "page_no": 2
  },
  {
    "question": "18",
    "text": "18",
    "x": 108,
    "y": 1129,
    "page_width": 1241,
    "page_height": 1755,
    "page_no": 2
  },
  {
    "question": "19",
    "text": "19",
    "x": 108,
    "y": 1161,
    "page_width": 1241,
    "page_height": 1755,
    "page_no": 2
  },
  {
    "question": "20",
    "text": "20",
    "x": 107,
    "y": 1193,
    "page_width": 1241,
    "page_height": 1755,
    "page_no": 2
  },
  {
    "question": "21",
    "text": "21",
    "x": 107,
    "y": 1224,
    "page_width": 1241,
    "page_height": 1755,
    "page_no": 2
  },
  {
    "question": "22",
    "text": "22",
    "x": 107,
    "y": 1256,
    "page_width": 1241,
    "page_height": 1755,
    "page_no": 2
  },
  {
    "question": "23",
    "text": "23",
    "x": 107,
    "y": 1288,
    "page_width": 1241,
    "page_height": 1755,
    "page_no": 2
  },
  {
    "question": "24",
    "text": "24",
    "x": 107,
    "y": 1320,
    "page_width": 1241,
    "page_height": 1755,
    "page_no": 2
  },
  {
    "question": "25",
    "text": "25",
    "x": 107,
    "y": 1352,
    "page_width": 1241,
    "page_height": 1755,
    "page_no": 2
  },
  {
    "question": "26",
    "text": "26",
    "x": 107,
    "y": 1384,
    "page_width": 1241,
    "page_height": 1755,
    "page_no": 2
  },
  {
    "question": "27",
    "text": "27",
    "x": 107,
    "y": 1416,
    "page_width": 1241,
    "page_height": 1755,
    "page_no": 2
  },
  {
    "question": "28",
    "text": "28",
    "x": 107,
    "y": 1448,
    "page_width": 1241,
    "page_height": 1755,
    "page_no": 2
  },
  {
    "question": "29",
    "text": "29",
    "x": 107,
    "y": 1480,
    "page_width": 1241,
    "page_height": 1755,
    "page_no": 2
  },
  {
    "question": "30",
    "text": "30",
    "x": 107,
    "y": 1512,
    "page_width": 1241,
    "page_height": 1755,
    "page_no": 2
  },
  {
    "question": "1",
    "text": "1",
    "x": 134,
    "y": 476,
    "page_width": 1241,
    "page_height": 1755,
    "page_no": 3
  },
  {
    "question": "2",
    "text": "2",
    "x": 133,
    "y": 506,
    "page_width": 1241,
    "page_height": 1755,
    "page_no": 3
  },
  {
    "question": "3",
    "text": "3",
    "x": 133,
    "y": 536,
    "page_width": 1241,
    "page_height": 1755,
    "page_no": 3
  },
  {
    "question": "4",
    "text": "4",
    "x": 132,
    "y": 568,
    "page_width": 1241,
    "page_height": 1755,
    "page_no": 3
  },
  {
    "question": "5",
    "text": "5",
    "x": 133,
    "y": 598,
    "page_width": 1241,
    "page_height": 1755,
    "page_no": 3
  },
  {
    "question": "6",
    "text": "6",
    "x": 133,
    "y": 628,
    "page_width": 1241,
    "page_height": 1755,
    "page_no": 3
  },
  {
    "question": "7",
    "text": "7",
    "x": 133,
    "y": 659,
    "page_width": 1241,
    "page_height": 1755,
    "page_no": 3
  },
  {
    "question": "8",
    "text": "8",
    "x": 133,
    "y": 689,
    "page_width": 1241,
    "page_height": 1755,
    "page_no": 3
  },
  {
    "question": "9",
    "text": "9",
    "x": 133,
    "y": 720,
    "page_width": 1241,
    "page_height": 1755,
    "page_no": 3
  },
  {
    "question": "10",
    "text": "10",
    "x": 127,
    "y": 750,
    "page_width": 1241,
    "page_height": 1755,
    "page_no": 3
  },
  {
    "question": "11",
    "text": "11",
    "x": 127,
    "y": 800,
    "page_width": 1241,
    "page_height": 1755,
    "page_no": 3
  },
  {
    "question": "12",
    "text": "12",
    "x": 127,
    "y": 830,
    "page_width": 1241,
    "page_height": 1755,
    "page_no": 3
  },
  {
    "question": "13",
    "text": "13",
    "x": 127,
    "y": 860,
    "page_width": 1241,
    "page_height": 1755,
    "page_no": 3
  },
  {
    "question": "14",
    "text": "14",
    "x": 127,
    "y": 892,
    "page_width": 1241,
    "page_height": 1755,
    "page_no": 3
  },
  {
    "question": "15",
    "text": "15",
    "x": 127,
    "y": 923,
    "page_width": 1241,
    "page_height": 1755,
    "page_no": 3
  },
  {
    "question": "16",
    "text": "16",
    "x": 127,
    "y": 952,
    "page_width": 1241,
    "page_height": 1755,
    "page_no": 3
  },
  {
    "question": "17",
    "text": "17",
    "x": 127,
    "y": 984,
    "page_width": 1241,
    "page_height": 1755,
    "page_no": 3
  },
  {
    "question": "18",
    "text": "18",
    "x": 127,
    "y": 1013,
    "page_width": 1241,
    "page_height": 1755,
    "page_no": 3
  },
  {
    "question": "19",
    "text": "19",
    "x": 127,
    "y": 1044,
    "page_width": 1241,
    "page_height": 1755,
    "page_no": 3
  },
  {
    "question": "20",
    "text": "20",
    "x": 125,
    "y": 1074,
    "page_width": 1241,
    "page_height": 1755,
    "page_no": 3
  },
  {
    "question": "21",
    "text": "21",
    "x": 125,
    "y": 1124,
    "page_width": 1241,
    "page_height": 1755,
    "page_no": 3
  },
  {
    "question": "22",
    "text": "22",
    "x": 125,
    "y": 1154,
    "page_width": 1241,
    "page_height": 1755,
    "page_no": 3
  },
  {
    "question": "23",
    "text": "23",
    "x": 125,
    "y": 1185,
    "page_width": 1241,
    "page_height": 1755,
    "page_no": 3
  },
  {
    "question": "24",
    "text": "24",
    "x": 125,
    "y": 1215,
    "page_width": 1241,
    "page_height": 1755,
    "page_no": 3
  },
  {
    "question": "25",
    "text": "25",
    "x": 125,
    "y": 1246,
    "page_width": 1241,
    "page_height": 1755,
    "page_no": 3
  },
  {
    "question": "26",
    "text": "26",
    "x": 125,
    "y": 1276,
    "page_width": 1241,
    "page_height": 1755,
    "page_no": 3
  },
  {
    "question": "27",
    "text": "27",
    "x": 125,
    "y": 1307,
    "page_width": 1241,
    "page_height": 1755,
    "page_no": 3
  },
  {
    "question": "28",
    "text": "28",
    "x": 125,
    "y": 1337,
    "page_width": 1241,
    "page_height": 1755,
    "page_no": 3
  },
  {
    "question": "29",
    "text": "29",
    "x": 125,
    "y": 1368,
    "page_width": 1241,
    "page_height": 1755,
    "page_no": 3
  },
  {
    "question": "30",
    "text": "30",
    "x": 125,
    "y": 1399,
    "page_width": 1241,
    "page_height": 1755,
    "page_no": 3
  },
  {
    "question": "40",
    "text": "40",
    "x": 124,
    "y": 1448,
    "page_width": 1241,
    "page_height": 1755,
    "page_no": 3
  },
  {
    "question": "50",
    "text": "50",
    "x": 125,
    "y": 1480,
    "page_width": 1241,
    "page_height": 1755,
    "page_no": 3
  },
  {
    "question": "60",
    "text": "60",
    "x": 124,
    "y": 1511,
    "page_width": 1241,
    "page_height": 1755,
    "page_no": 3
  },
  {
    "question": "70",
    "text": "70",
    "x": 125,
    "y": 1543,
    "page_width": 1241,
    "page_height": 1755,
    "page_no": 3
  },
  {
    "question": "0",
    "text": "0",
    "x": 11,
    "y": 1140,
    "page_width": 1241,
    "page_height": 1755,
    "page_no": 5
  },
  {
    "question": "0",
    "text": "0",
    "x": 11,
    "y": 1207,
    "page_width": 1241,
    "page_height": 1755,
    "page_no": 5
  },
  {
    "question": "30",
    "text": "3058",
    "x": 11,
    "y": 1375,
    "page_width": 1241,
    "page_height": 1755,
    "page_no": 5
  },
  {
    "question": "39",
    "text": "395",
    "x": 14,
    "y": 267,
    "page_width": 1241,
    "page_height": 1755,
    "page_no": 7
  },
  {
    "question": "33",
    "text": "335",
    "x": 15,
    "y": 331,
    "page_width": 1241,
    "page_height": 1755,
    "page_no": 7
  },
  {
    "question": "2",
    "text": "2%",
    "x": 11,
    "y": 356,
    "page_width": 1241,
    "page_height": 1755,
    "page_no": 7
  },
  {
    "question": "2",
    "text": "2",
    "x": 11,
    "y": 484,
    "page_width": 1241,
    "page_height": 1755,
    "page_no": 7
  },
  {
    "question": "22",
    "text": "228",
    "x": 11,
    "y": 611,
    "page_width": 1241,
    "page_height": 1755,
    "page_no": 7
  },
  {
    "question": "2",
    "text": "2X",
    "x": 11,
    "y": 951,
    "page_width": 1241,
    "page_height": 1755,
    "page_no": 7
  },
  {
    "question": "2",
    "text": "2X",
    "x": 11,
    "y": 1014,
    "page_width": 1241,
    "page_height": 1755,
    "page_no": 7
  },
  {
    "question": "0",
    "text": "0",
    "x": 11,
    "y": 1207,
    "page_width": 1241,
    "page_height": 1755,
    "page_no": 7
  },
  {
    "question": "28",
    "text": "28",
    "x": 11,
    "y": 1399,
    "page_width": 1241,
    "page_height": 1755,
    "page_no": 7
  },
  {
    "question": "2",
    "text": "2K",
    "x": 11,
    "y": 1525,
    "page_width": 1241,
    "page_height": 1755,
    "page_no": 7
  },
  {
    "question": "0",
    "text": "0",
    "x": 11,
    "y": 1207,
    "page_width": 1241,
    "page_height": 1755,
    "page_no": 9
  },
  {
    "question": "28",
    "text": "28",
    "x": 11,
    "y": 1336,
    "page_width": 1241,
    "page_height": 1755,
    "page_no": 9
  },
  {
    "question": "32",
    "text": "328",
    "x": 11,
    "y": 1399,
    "page_width": 1241,
    "page_height": 1755,
    "page_no": 9
  },
  {
    "question": "2",
    "text": "2%",
    "x": 11,
    "y": 418,
    "page_width": 1241,
    "page_height": 1755,
    "page_no": 11
  },
  {
    "question": "28",
    "text": "28",
    "x": 11,
    "y": 482,
    "page_width": 1241,
    "page_height": 1755,
    "page_no": 11
  },
  {
    "question": "0",
    "text": "0",
    "x": 11,
    "y": 1140,
    "page_width": 1241,
    "page_height": 1755,
    "page_no": 11
  },
  {
    "question": "0",
    "text": "0",
    "x": 11,
    "y": 1207,
    "page_width": 1241,
    "page_height": 1755,
    "page_no": 11
  },
  {
    "question": "30",
    "text": "3058",
    "x": 11,
    "y": 1375,
    "page_width": 1241,
    "page_height": 1755,
    "page_no": 11
  },
  {
    "question": "12",
    "text": "128",
    "x": 11,
    "y": 233,
    "page_width": 1241,
    "page_height": 1755,
    "page_no": 13
  },
  {
    "question": "0",
    "text": "0",
    "x": 11,
    "y": 1140,
    "page_width": 1241,
    "page_height": 1755,
    "page_no": 13
  },
  {
    "question": "0",
    "text": "0",
    "x": 11,
    "y": 1207,
    "page_width": 1241,
    "page_height": 1755,
    "page_no": 13
  },
  {
    "question": "12",
    "text": "128",
    "x": 11,
    "y": 233,
    "page_width": 1241,
    "page_height": 1755,
    "page_no": 15
  },
  {
    "question": "0",
    "text": "0",
    "x": 11,
    "y": 1140,
    "page_width": 1241,
    "page_height": 1755,
    "page_no": 15
  },
  {
    "question": "12",
    "text": "128",
    "x": 11,
    "y": 233,
    "page_width": 1241,
    "page_height": 1755,
    "page_no": 17
  },
  {
    "question": "0",
    "text": "0",
    "x": 11,
    "y": 1140,
    "page_width": 1241,
    "page_height": 1755,
    "page_no": 17
  },
  {
    "question": "2",
    "text": "2%",
    "x": 11,
    "y": 418,
    "page_width": 1241,
    "page_height": 1755,
    "page_no": 19
  },
  {
    "question": "28",
    "text": "28",
    "x": 11,
    "y": 482,
    "page_width": 1241,
    "page_height": 1755,
    "page_no": 19
  },
  {
    "question": "0",
    "text": "0",
    "x": 11,
    "y": 1140,
    "page_width": 1241,
    "page_height": 1755,
    "page_no": 19
  },
  {
    "question": "0",
    "text": "0",
    "x": 11,
    "y": 1207,
    "page_width": 1241,
    "page_height": 1755,
    "page_no": 19
  },
  {
    "question": "30",
    "text": "3058",
    "x": 11,
    "y": 1375,
    "page_width": 1241,
    "page_height": 1755,
    "page_no": 19
  },
  {
    "question": "2",
    "text": "2%",
    "x": 11,
    "y": 418,
    "page_width": 1241,
    "page_height": 1755,
    "page_no": 21
  },
  {
    "question": "28",
    "text": "28",
    "x": 11,
    "y": 482,
    "page_width": 1241,
    "page_height": 1755,
    "page_no": 21
  },
  {
    "question": "0",
    "text": "0",
    "x": 11,
    "y": 1140,
    "page_width": 1241,
    "page_height": 1755,
    "page_no": 21
  },
  {
    "question": "0",
    "text": "0",
    "x": 11,
    "y": 1207,
    "page_width": 1241,
    "page_height": 1755,
    "page_no": 21
  },
  {
    "question": "28",
    "text": "28009",
    "x": 11,
    "y": 1311,
    "page_width": 1241,
    "page_height": 1755,
    "page_no": 21
  },
  {
    "question": "30",
    "text": "3058",
    "x": 11,
    "y": 1375,
    "page_width": 1241,
    "page_height": 1755,
    "page_no": 21
  },
  {
    "question": "0",
    "text": "0",
    "x": 11,
    "y": 1140,
    "page_width": 1241,
    "page_height": 1755,
    "page_no": 23
  },
  {
    "question": "38",
    "text": "38",
    "x": 11,
    "y": 1178,
    "page_width": 1241,
    "page_height": 1755,
    "page_no": 23
  },
  {
    "question": "0",
    "text": "0",
    "x": 11,
    "y": 1207,
    "page_width": 1241,
    "page_height": 1755,
    "page_no": 23
  },
  {
    "question": "32",
    "text": "328",
    "x": 11,
    "y": 1336,
    "page_width": 1241,
    "page_height": 1755,
    "page_no": 23
  },
  {
    "question": "12",
    "text": "128",
    "x": 11,
    "y": 233,
    "page_width": 1241,
    "page_height": 1755,
    "page_no": 25
  },
  {
    "question": "0",
    "text": "0",
    "x": 11,
    "y": 1140,
    "page_width": 1241,
    "page_height": 1755,
    "page_no": 25
  },
  {
    "question": "36",
    "text": "36",
    "x": 14,
    "y": 267,
    "page_width": 1241,
    "page_height": 1755,
    "page_no": 27
  },
  {
    "question": "28",
    "text": "28",
    "x": 11,
    "y": 611,
    "page_width": 1241,
    "page_height": 1755,
    "page_no": 27
  },
  {
    "question": "0",
    "text": "0",
    "x": 11,
    "y": 1207,
    "page_width": 1241,
    "page_height": 1755,
    "page_no": 27
  },
  {
    "question": "3",
    "text": "3",
    "x": 11,
    "y": 1143,
    "page_width": 1241,
    "page_height": 1755,
    "page_no": 27
  },
  {
    "question": "12",
    "text": "128",
    "x": 11,
    "y": 233,
    "page_width": 1241,
    "page_height": 1755,
    "page_no": 29
  },
  {
    "question": "0",
    "text": "0",
    "x": 11,
    "y": 1140,
    "page_width": 1241,
    "page_height": 1755,
    "page_no": 29
  },
  {
    "question": "0",
    "text": "0",
    "x": 11,
    "y": 1140,
    "page_width": 1241,
    "page_height": 1755,
    "page_no": 31
  },
  {
    "question": "38",
    "text": "38",
    "x": 11,
    "y": 1178,
    "page_width": 1241,
    "page_height": 1755,
    "page_no": 31
  },
  {
    "question": "0",
    "text": "0",
    "x": 11,
    "y": 1207,
    "page_width": 1241,
    "page_height": 1755,
    "page_no": 31
  },
  {
    "question": "32",
    "text": "328",
    "x": 11,
    "y": 1336,
    "page_width": 1241,
    "page_height": 1755,
    "page_no": 31
  },
  {
    "question": "1",
    "text": "1",
    "x": 91,
    "y": 283,
    "page_width": 1241,
    "page_height": 1755,
    "page_no": 5
  },
  {
    "question": "2",
    "text": "2.",
    "x": 89,
    "y": 132,
    "page_width": 1241,
    "page_height": 1755,
    "page_no": 7
  },
  {
    "question": "3",
    "text": "3",
    "x": 89,
    "y": 132,
    "page_width": 1241,
    "page_height": 1755,
    "page_no": 10
  },
  {
    "question": "4",
    "text": "4",
    "x": 89,
    "y": 133,
    "page_width": 1241,
    "page_height": 1755,
    "page_no": 11
  },
  {
    "question": "5",
    "text": "5",
    "x": 90,
    "y": 133,
    "page_width": 1241,
    "page_height": 1755,
    "page_no": 12
  },
  {
    "question": "6",
    "text": "6",
    "x": 89,
    "y": 282,
    "page_width": 1241,
    "page_height": 1755,
    "page_no": 14
  },
  {
    "question": "7",
    "text": "7",
    "x": 90,
    "y": 283,
    "page_width": 1241,
    "page_height": 1755,
    "page_no": 18
  },
  {
    "question": "8",
    "text": "8",
    "x": 89,
    "y": 132,
    "page_width": 1241,
    "page_height": 1755,
    "page_no": 20
  },
  {
    "question": "9",
    "text": "9",
    "x": 89,
    "y": 232,
    "page_width": 1241,
    "page_height": 1755,
    "page_no": 24
  },
  {
    "question": "10",
    "text": "10",
    "x": 91,
    "y": 232,
    "page_width": 1241,
    "page_height": 1755,
    "page_no": 27
  },
  {
    "question": "10",
    "text": "10:",
    "x": 27,
    "y": 473,
    "page_width": 1241,
    "page_height": 1755,
    "page_no": 7
  },
  {
    "question": "7",
    "text": "7",
    "x": 27,
    "y": 1389,
    "page_width": 1241,
    "page_height": 1755,
    "page_no": 7
  },
  {
    "question": "10",
    "text": "10:",
    "x": 27,
    "y": 473,
    "page_width": 1241,
    "page_height": 1755,
    "page_no": 11
  },
  {
    "question": "10",
    "text": "10:",
    "x": 27,
    "y": 473,
    "page_width": 1241,
    "page_height": 1755,
    "page_no": 19
  },
  {
    "question": "10",
    "text": "10:",
    "x": 27,
    "y": 473,
    "page_width": 1241,
    "page_height": 1755,
    "page_no": 21
  },
  {
    "question": "2",
    "text": "2",
    "x": 26,
    "y": 1521,
    "page_width": 1241,
    "page_height": 1755,
    "page_no": 27
  },
  {
    "question": "3",
    "text": "3",
    "x": 43,
    "y": 823,
    "page_width": 1241,
    "page_height": 1755,
    "page_no": 7
  },
  {
    "question": "3",
    "text": "3",
    "x": 43,
    "y": 610,
    "page_width": 1241,
    "page_height": 1755,
    "page_no": 13
  },
  {
    "question": "3",
    "text": "3",
    "x": 39,
    "y": 1584,
    "page_width": 1241,
    "page_height": 1755,
    "page_no": 13
  },
  {
    "question": "3",
    "text": "3",
    "x": 43,
    "y": 610,
    "page_width": 1241,
    "page_height": 1755,
    "page_no": 15
  },
  {
    "question": "3",
    "text": "3",
    "x": 43,
    "y": 610,
    "page_width": 1241,
    "page_height": 1755,
    "page_no": 17
  },
  {
    "question": "3",
    "text": "3",
    "x": 39,
    "y": 1584,
    "page_width": 1241,
    "page_height": 1755,
    "page_no": 17
  },
  {
    "question": "3",
    "text": "3",
    "x": 43,
    "y": 610,
    "page_width": 1241,
    "page_height": 1755,
    "page_no": 25
  },
  {
    "question": "3",
    "text": "3",
    "x": 43,
    "y": 610,
    "page_width": 1241,
    "page_height": 1755,
    "page_no": 29
  }
]