[
  {
    "question": "1",
    "text": "1.",
    "x": 115,
    "y": 130,
    "page_width": 1241,
    "page_height": 1754,
    "page_no": 2
  },
  {
    "question": "2",
    "text": "2.",
    "x": 114,
    "y": 130,
    "page_width": 1241,
    "page_height": 1754,
    "page_no": 4
  },
  {
    "question": "3",
    "text": "3.",
    "x": 114,
    "y": 130,
    "page_width": 1241,
    "page_height": 1754,
    "page_no": 8
  },
  {
    "question": "4",
    "text": "4.",
    "x": 114,
    "y": 130,
    "page_width": 1241,
    "page_height": 1754,
    "page_no": 12
  },
  {
    "question": "5",
    "text": "5.",
    "x": 114,
    "y": 130,
    "page_width": 1241,
    "page_height": 1754,
    "page_no": 16
  },
  {
    "question": "6",
    "text": "6.",
    "x": 114,
    "y": 130,
    "page_width": 1241,
    "page_height": 1754,
    "page_no": 20
  },
  {
    "question": "0",
    "text": "0",
    "x": 11,
    "y": 1207,
    "page_width": 1241,
    "page_height": 1754,
    "page_no": 3
  },
  {
    "question": "3",
    "text": "3",
    "x": 11,
    "y": 1143,
    "page_width": 1241,
    "page_height": 1754,
    "page_no": 3
  },
  {
    "question": "32",
    "text": "328",
    "x": 11,
    "y": 1336,
    "page_width": 1241,
    "page_height": 1754,
    "page_no": 3
  },
  {
    "question": "0",
    "text": "0",
    "x": 11,
    "y": 1207,
    "page_width": 1241,
    "page_height": 1754,
    "page_no": 7
  },
  {
    "question": "3",
    "text": "3",
    "x": 11,
    "y": 1143,
    "page_width": 1241,
    "page_height": 1754,
    "page_no": 7
  },
  {
    "question": "32",
    "text": "328",
    "x": 11,
    "y": 1336,
    "page_width": 1241,
    "page_height": 1754,
    "page_no": 7
  },
  {
    "question": "00",
    "text": "00",
    "x": 11,
    "y": 1140,
    "page_width": 1241,
    "page_height": 1754,
    "page_no": 13
  },
  {
    "question": "38",
    "text": "38",
    "x": 11,
    "y": 1178,
    "page_width": 1241,
    "page_height": 1754,
    "page_no": 13
  },
  {
    "question": "0",
    "text": "0",
    "x": 11,
    "y": 1207,
    "page_width": 1241,
    "page_height": 1754,
    "page_no": 13
  },
  {
    "question": "32",
    "text": "328",
    "x": 11,
    "y": 1336,
    "page_width": 1241,
    "page_height": 1754,
    "page_no": 13
  },
  {
    "question": "0",
    "text": "0",
    "x": 11,
    "y": 1207,
    "page_width": 1241,
    "page_height": 1754,
    "page_no": 15
  },
  {
    "question": "00",
    "text": "00",
    "x": 11,
    "y": 1140,
    "page_width": 1241,
    "page_height": 1754,
    "page_no": 15
  },
  {
    "question": "32",
    "text": "328",
    "x": 11,
    "y": 1336,
    "page_width": 1241,
    "page_height": 1754,
    "page_no": 15
  },
  {
    "question": "32",
    "text": "328",
    "x": 11,
    "y": 1336,
    "page_width": 1241,
    "page_height": 1754,
    "page_no": 17
  },
  {
    "question": "0",
    "text": "0",
    "x": 11,
    "y": 1207,
    "page_width": 1241,
    "page_height": 1754,
    "page_no": 19
  },
  {
    "question": "00",
    "text": "00",
    "x": 11,
    "y": 1140,
    "page_width": 1241,
    "page_height": 1754,
    "page_no": 19
  },
  {
    "question": "32",
    "text": "328",
    "x": 11,
    "y": 1336,
    "page_width": 1241,
    "page_height": 1754,
    "page_no": 19
  },
  {
    "question": "32",
    "text": "328",
    "x": 11,
    "y": 1336,
    "page_width": 1241,
    "page_height": 1754,
    "page_no": 21
  },
  {
    "question": "32",
    "text": "328",
    "x": 11,
    "y": 1336,
    "page_width": 1241,
    "page_height": 1754,
    "page_no": 23
  }
]