[
  {
    "question": "1",
    "text": "1",
    "x": 166,
    "y": 194,
    "page_width": 1754,
    "page_height": 1241,
    "page_no": 5
  },
  {
    "question": "7",
    "text": "7",
    "x": 165,
    "y": 194,
    "page_width": 1754,
    "page_height": 1241,
    "page_no": 7
  },
  {
    "question": "10",
    "text": "10",
    "x": 166,
    "y": 515,
    "page_width": 1754,
    "page_height": 1241,
    "page_no": 8
  },
  {
    "question": "11",
    "text": "11",
    "x": 166,
    "y": 837,
    "page_width": 1754,
    "page_height": 1241,
    "page_no": 8
  },
  {
    "question": "12",
    "text": "12",
    "x": 166,
    "y": 212,
    "page_width": 1754,
    "page_height": 1241,
    "page_no": 9
  },
  {
    "question": "13",
    "text": "13",
    "x": 166,
    "y": 534,
    "page_width": 1754,
    "page_height": 1241,
    "page_no": 9
  },
  {
    "question": "14",
    "text": "14",
    "x": 166,
    "y": 855,
    "page_width": 1754,
    "page_height": 1241,
    "page_no": 9
  },
  {
    "question": "15",
    "text": "15@",
    "x": 166,
    "y": 241,
    "page_width": 1754,
    "page_height": 1241,
    "page_no": 10
  },
  {
    "question": "15",
    "text": "15b",
    "x": 166,
    "y": 562,
    "page_width": 1754,
    "page_height": 1241,
    "page_no": 10
  },
  {
    "question": "15",
    "text": "15",
    "x": 166,
    "y": 194,
    "page_width": 1754,
    "page_height": 1241,
    "page_no": 11
  },
  {
    "question": "15",
    "text": "15d",
    "x": 166,
    "y": 618,
    "page_width": 1754,
    "page_height": 1241,
    "page_no": 11
  },
  {
    "question": "16",
    "text": "16",
    "x": 166,
    "y": 194,
    "page_width": 1754,
    "page_height": 1241,
    "page_no": 12
  },
  {
    "question": "17",
    "text": "17",
    "x": 166,
    "y": 513,
    "page_width": 1754,
    "page_height": 1241,
    "page_no": 12
  },
  {
    "question": "18",
    "text": "18b",
    "x": 166,
    "y": 194,
    "page_width": 1754,
    "page_height": 1241,
    "page_no": 14
  },
  {
    "question": "18",
    "text": "18bii",
    "x": 166,
    "y": 194,
    "page_width": 1754,
    "page_height": 1241,
    "page_no": 15
  },
  {
    "question": "18",
    "text": "18c",
    "x": 166,
    "y": 194,
    "page_width": 1754,
    "page_height": 1241,
    "page_no": 16
  },
  {
    "question": "19",
    "text": "19a",
    "x": 166,
    "y": 194,
    "page_width": 1754,
    "page_height": 1241,
    "page_no": 17
  },
  {
    "question": "19",
    "text": "19b",
    "x": 166,
    "y": 212,
    "page_width": 1754,
    "page_height": 1241,
    "page_no": 18
  },
  {
    "question": "19",
    "text": "19bii",
    "x": 166,
    "y": 587,
    "page_width": 1754,
    "page_height": 1241,
    "page_no": 18
  },
  {
    "question": "19",
    "text": "19c",
    "x": 166,
    "y": 212,
    "page_width": 1754,
    "page_height": 1241,
    "page_no": 19
  },
  {
    "question": "19",
    "text": "19cii",
    "x": 166,
    "y": 573,
    "page_width": 1754,
    "page_height": 1241,
    "page_no": 19
  },
  {
    "question": "19",
    "text": "19d",
    "x": 166,
    "y": 212,
    "page_width": 1754,
    "page_height": 1241,
    "page_no": 20
  },
  {
    "question": "19",
    "text": "19e",
    "x": 166,
    "y": 194,
    "page_width": 1754,
    "page_height": 1241,
    "page_no": 21
  },
  {
    "question": "19",
    "text": "19f",
    "x": 166,
    "y": 192,
    "page_width": 1754,
    "page_height": 1241,
    "page_no": 22
  },
  {
    "question": "2",
    "text": "2",
    "x": 164,
    "y": 512,
    "page_width": 1754,
    "page_height": 1241,
    "page_no": 5
  },
  {
    "question": "3",
    "text": "3",
    "x": 164,
    "y": 833,
    "page_width": 1754,
    "page_height": 1241,
    "page_no": 5
  },
  {
    "question": "4",
    "text": "4",
    "x": 164,
    "y": 194,
    "page_width": 1754,
    "page_height": 1241,
    "page_no": 6
  },
  {
    "question": "5",
    "text": "5",
    "x": 164,
    "y": 513,
    "page_width": 1754,
    "page_height": 1241,
    "page_no": 6
  },
  {
    "question": "6",
    "text": "6",
    "x": 164,
    "y": 844,
    "page_width": 1754,
    "page_height": 1241,
    "page_no": 6
  },
  {
    "question": "8",
    "text": "8",
    "x": 164,
    "y": 515,
    "page_width": 1754,
    "page_height": 1241,
    "page_no": 7
  },
  {
    "question": "9",
    "text": "9",
    "x": 164,
    "y": 194,
    "page_width": 1754,
    "page_height": 1241,
    "page_no": 8
  },
  {
    "question": "20",
    "text": "20a@",
    "x": 164,
    "y": 194,
    "page_width": 1754,
    "page_height": 1241,
    "page_no": 24
  },
  {
    "question": "20",
    "text": "20\u00a2ii",
    "x": 164,
    "y": 194,
    "page_width": 1754,
    "page_height": 1241,
    "page_no": 30
  },
  {
    "question": "21",
    "text": "21a",
    "x": 164,
    "y": 255,
    "page_width": 1754,
    "page_height": 1241,
    "page_no": 31
  },
  {
    "question": "21",
    "text": "21bi",
    "x": 164,
    "y": 603,
    "page_width": 1754,
    "page_height": 1241,
    "page_no": 31
  },
  {
    "question": "21",
    "text": "21b",
    "x": 164,
    "y": 190,
    "page_width": 1754,
    "page_height": 1241,
    "page_no": 32
  },
  {
    "question": "21",
    "text": "21b",
    "x": 164,
    "y": 192,
    "page_width": 1754,
    "page_height": 1241,
    "page_no": 33
  },
  {
    "question": "21",
    "text": "21ci",
    "x": 164,
    "y": 194,
    "page_width": 1754,
    "page_height": 1241,
    "page_no": 34
  },
  {
    "question": "21",
    "text": "21cii",
    "x": 164,
    "y": 540,
    "page_width": 1754,
    "page_height": 1241,
    "page_no": 34
  },
  {
    "question": "21",
    "text": "21d",
    "x": 164,
    "y": 194,
    "page_width": 1754,
    "page_height": 1241,
    "page_no": 35
  },
  {
    "question": "21",
    "text": "21e",
    "x": 164,
    "y": 602,
    "page_width": 1754,
    "page_height": 1241,
    "page_no": 35
  }
]