[
  {
    "question": "1",
    "text": "1a",
    "x": 164,
    "y": 194,
    "page_width": 1755,
    "page_height": 1241,
    "page_no": 5
  },
  {
    "question": "1",
    "text": "1b",
    "x": 164,
    "y": 589,
    "page_width": 1755,
    "page_height": 1241,
    "page_no": 5
  },
  {
    "question": "1",
    "text": "1c",
    "x": 164,
    "y": 796,
    "page_width": 1755,
    "page_height": 1241,
    "page_no": 5
  },
  {
    "question": "1",
    "text": "1d",
    "x": 164,
    "y": 199,
    "page_width": 1755,
    "page_height": 1241,
    "page_no": 6
  },
  {
    "question": "1",
    "text": "1e",
    "x": 164,
    "y": 468,
    "page_width": 1755,
    "page_height": 1241,
    "page_no": 6
  },
  {
    "question": "2",
    "text": "2a",
    "x": 162,
    "y": 194,
    "page_width": 1755,
    "page_height": 1241,
    "page_no": 7
  },
  {
    "question": "2",
    "text": "2b",
    "x": 162,
    "y": 194,
    "page_width": 1755,
    "page_height": 1241,
    "page_no": 8
  },
  {
    "question": "3",
    "text": "3ayi",
    "x": 162,
    "y": 194,
    "page_width": 1755,
    "page_height": 1241,
    "page_no": 10
  },
  {
    "question": "3",
    "text": "3aii",
    "x": 162,
    "y": 372,
    "page_width": 1755,
    "page_height": 1241,
    "page_no": 10
  },
  {
    "question": "3",
    "text": "3aiii",
    "x": 162,
    "y": 578,
    "page_width": 1755,
    "page_height": 1241,
    "page_no": 10
  },
  {
    "question": "3",
    "text": "3aiv",
    "x": 162,
    "y": 190,
    "page_width": 1755,
    "page_height": 1241,
    "page_no": 11
  },
  {
    "question": "3",
    "text": "3av",
    "x": 162,
    "y": 194,
    "page_width": 1755,
    "page_height": 1241,
    "page_no": 12
  },
  {
    "question": "3",
    "text": "3b",
    "x": 162,
    "y": 194,
    "page_width": 1755,
    "page_height": 1241,
    "page_no": 13
  },
  {
    "question": "4",
    "text": "4aii",
    "x": 162,
    "y": 458,
    "page_width": 1755,
    "page_height": 1241,
    "page_no": 14
  },
  {
    "question": "4",
    "text": "4b",
    "x": 162,
    "y": 194,
    "page_width": 1755,
    "page_height": 1241,
    "page_no": 15
  },
  {
    "question": "5",
    "text": "5a",
    "x": 162,
    "y": 194,
    "page_width": 1755,
    "page_height": 1241,
    "page_no": 17
  },
  {
    "question": "5",
    "text": "5b",
    "x": 162,
    "y": 380,
    "page_width": 1755,
    "page_height": 1241,
    "page_no": 17
  },
  {
    "question": "5",
    "text": "5i",
    "x": 162,
    "y": 680,
    "page_width": 1755,
    "page_height": 1241,
    "page_no": 17
  },
  {
    "question": "5",
    "text": "5ciii",
    "x": 162,
    "y": 212,
    "page_width": 1755,
    "page_height": 1241,
    "page_no": 18
  },
  {
    "question": "5",
    "text": "5civ",
    "x": 162,
    "y": 457,
    "page_width": 1755,
    "page_height": 1241,
    "page_no": 18
  },
  {
    "question": "5",
    "text": "5cv",
    "x": 162,
    "y": 791,
    "page_width": 1755,
    "page_height": 1241,
    "page_no": 18
  },
  {
    "question": "5",
    "text": "5cvi",
    "x": 162,
    "y": 193,
    "page_width": 1755,
    "page_height": 1241,
    "page_no": 19
  },
  {
    "question": "5",
    "text": "5d",
    "x": 162,
    "y": 194,
    "page_width": 1755,
    "page_height": 1241,
    "page_no": 20
  }
]