[
  {
    "question": "1",
    "text": "1",
    "x": 164,
    "y": 246,
    "page_width": 1755,
    "page_height": 1241,
    "page_no": 5
  },
  {
    "question": "2",
    "text": "2",
    "x": 162,
    "y": 513,
    "page_width": 1755,
    "page_height": 1241,
    "page_no": 5
  },
  {
    "question": "3",
    "text": "3",
    "x": 162,
    "y": 806,
    "page_width": 1755,
    "page_height": 1241,
    "page_no": 5
  },
  {
    "question": "4",
    "text": "4a",
    "x": 162,
    "y": 220,
    "page_width": 1755,
    "page_height": 1241,
    "page_no": 6
  },
  {
    "question": "4",
    "text": "4",
    "x": 162,
    "y": 487,
    "page_width": 1755,
    "page_height": 1241,
    "page_no": 6
  },
  {
    "question": "5",
    "text": "5",
    "x": 162,
    "y": 753,
    "page_width": 1755,
    "page_height": 1241,
    "page_no": 6
  },
  {
    "question": "6",
    "text": "6",
    "x": 162,
    "y": 194,
    "page_width": 1755,
    "page_height": 1241,
    "page_no": 7
  },
  {
    "question": "7",
    "text": "7",
    "x": 162,
    "y": 467,
    "page_width": 1755,
    "page_height": 1241,
    "page_no": 7
  },
  {
    "question": "8",
    "text": "8",
    "x": 162,
    "y": 780,
    "page_width": 1755,
    "page_height": 1241,
    "page_no": 7
  },
  {
    "question": "9",
    "text": "9",
    "x": 162,
    "y": 194,
    "page_width": 1755,
    "page_height": 1241,
    "page_no": 8
  },
  {
    "question": "9",
    "text": "9",
    "x": 162,
    "y": 592,
    "page_width": 1755,
    "page_height": 1241,
    "page_no": 8
  },
  {
    "question": "9",
    "text": "9",
    "x": 162,
    "y": 194,
    "page_width": 1755,
    "page_height": 1241,
    "page_no": 9
  },
  {
    "question": "10",
    "text": "10",
    "x": 164,
    "y": 513,
    "page_width": 1755,
    "page_height": 1241,
    "page_no": 9
  },
  {
    "question": "11",
    "text": "11",
    "x": 164,
    "y": 194,
    "page_width": 1755,
    "page_height": 1241,
    "page_no": 10
  },
  {
    "question": "12",
    "text": "12",
    "x": 164,
    "y": 460,
    "page_width": 1755,
    "page_height": 1241,
    "page_no": 10
  },
  {
    "question": "13",
    "text": "13",
    "x": 164,
    "y": 727,
    "page_width": 1755,
    "page_height": 1241,
    "page_no": 10
  },
  {
    "question": "14",
    "text": "14",
    "x": 164,
    "y": 193,
    "page_width": 1755,
    "page_height": 1241,
    "page_no": 11
  },
  {
    "question": "15",
    "text": "15",
    "x": 164,
    "y": 460,
    "page_width": 1755,
    "page_height": 1241,
    "page_no": 11
  },
  {
    "question": "15",
    "text": "15",
    "x": 164,
    "y": 727,
    "page_width": 1755,
    "page_height": 1241,
    "page_no": 11
  },
  {
    "question": "15",
    "text": "15",
    "x": 164,
    "y": 194,
    "page_width": 1755,
    "page_height": 1241,
    "page_no": 12
  },
  {
    "question": "16",
    "text": "16aii",
    "x": 164,
    "y": 191,
    "page_width": 1755,
    "page_height": 1241,
    "page_no": 14
  },
  {
    "question": "16",
    "text": "16b",
    "x": 164,
    "y": 232,
    "page_width": 1755,
    "page_height": 1241,
    "page_no": 15
  },
  {
    "question": "16",
    "text": "16c",
    "x": 164,
    "y": 206,
    "page_width": 1755,
    "page_height": 1241,
    "page_no": 16
  },
  {
    "question": "16",
    "text": "16d",
    "x": 164,
    "y": 206,
    "page_width": 1755,
    "page_height": 1241,
    "page_no": 17
  },
  {
    "question": "17",
    "text": "17a",
    "x": 164,
    "y": 206,
    "page_width": 1755,
    "page_height": 1241,
    "page_no": 18
  },
  {
    "question": "17",
    "text": "17bi",
    "x": 164,
    "y": 224,
    "page_width": 1755,
    "page_height": 1241,
    "page_no": 19
  },
  {
    "question": "17",
    "text": "17bii",
    "x": 164,
    "y": 778,
    "page_width": 1755,
    "page_height": 1241,
    "page_no": 19
  },
  {
    "question": "17",
    "text": "17\u00a2",
    "x": 164,
    "y": 206,
    "page_width": 1755,
    "page_height": 1241,
    "page_no": 20
  },
  {
    "question": "17",
    "text": "17\u00a2ii",
    "x": 164,
    "y": 193,
    "page_width": 1755,
    "page_height": 1241,
    "page_no": 21
  },
  {
    "question": "17",
    "text": "17ciii",
    "x": 164,
    "y": 454,
    "page_width": 1755,
    "page_height": 1241,
    "page_no": 21
  },
  {
    "question": "17",
    "text": "17d",
    "x": 164,
    "y": 194,
    "page_width": 1755,
    "page_height": 1241,
    "page_no": 22
  },
  {
    "question": "18",
    "text": "18ai",
    "x": 164,
    "y": 221,
    "page_width": 1755,
    "page_height": 1241,
    "page_no": 23
  },
  {
    "question": "18",
    "text": "18aii",
    "x": 164,
    "y": 189,
    "page_width": 1755,
    "page_height": 1241,
    "page_no": 24
  },
  {
    "question": "18",
    "text": "18bii",
    "x": 164,
    "y": 189,
    "page_width": 1755,
    "page_height": 1241,
    "page_no": 26
  },
  {
    "question": "18",
    "text": "18ci",
    "x": 164,
    "y": 437,
    "page_width": 1755,
    "page_height": 1241,
    "page_no": 26
  },
  {
    "question": "18",
    "text": "18cii",
    "x": 164,
    "y": 189,
    "page_width": 1755,
    "page_height": 1241,
    "page_no": 27
  },
  {
    "question": "18",
    "text": "18d",
    "x": 164,
    "y": 221,
    "page_width": 1755,
    "page_height": 1241,
    "page_no": 28
  },
  {
    "question": "19",
    "text": "19ai",
    "x": 164,
    "y": 246,
    "page_width": 1755,
    "page_height": 1241,
    "page_no": 29
  },
  {
    "question": "19",
    "text": "19aii",
    "x": 164,
    "y": 189,
    "page_width": 1755,
    "page_height": 1241,
    "page_no": 30
  },
  {
    "question": "19",
    "text": "19aiii",
    "x": 164,
    "y": 189,
    "page_width": 1755,
    "page_height": 1241,
    "page_no": 31
  },
  {
    "question": "19",
    "text": "19aiv",
    "x": 164,
    "y": 193,
    "page_width": 1755,
    "page_height": 1241,
    "page_no": 32
  },
  {
    "question": "19",
    "text": "19bi",
    "x": 164,
    "y": 189,
    "page_width": 1755,
    "page_height": 1241,
    "page_no": 35
  },
  {
    "question": "19",
    "text": "19bii",
    "x": 164,
    "y": 483,
    "page_width": 1755,
    "page_height": 1241,
    "page_no": 35
  },
  {
    "question": "19",
    "text": "19biii",
    "x": 164,
    "y": 189,
    "page_width": 1755,
    "page_height": 1241,
    "page_no": 36
  }
]