[
  {
    "question": "11",
    "text": "11",
    "x": 110,
    "y": 903,
    "page_width": 1241,
    "page_height": 1754,
    "page_no": 2
  },
  {
    "question": "12",
    "text": "12",
    "x": 110,
    "y": 934,
    "page_width": 1241,
    "page_height": 1754,
    "page_no": 2
  },
  {
    "question": "13",
    "text": "13",
    "x": 110,
    "y": 966,
    "page_width": 1241,
    "page_height": 1754,
    "page_no": 2
  },
  {
    "question": "14",
    "text": "14",
    "x": 110,
    "y": 999,
    "page_width": 1241,
    "page_height": 1754,
    "page_no": 2
  },
  {
    "question": "15",
    "text": "15",
    "x": 110,
    "y": 1031,
    "page_width": 1241,
    "page_height": 1754,
    "page_no": 2
  },
  {
    "question": "16",
    "text": "16",
    "x": 110,
    "y": 1062,
    "page_width": 1241,
    "page_height": 1754,
    "page_no": 2
  },
  {
    "question": "17",
    "text": "17",
    "x": 110,
    "y": 1094,
    "page_width": 1241,
    "page_height": 1754,
    "page_no": 2
  },
  {
    "question": "18",
    "text": "18",
    "x": 110,
    "y": 1125,
    "page_width": 1241,
    "page_height": 1754,
    "page_no": 2
  },
  {
    "question": "19",
    "text": "19",
    "x": 110,
    "y": 1157,
    "page_width": 1241,
    "page_height": 1754,
    "page_no": 2
  },
  {
    "question": "20",
    "text": "20",
    "x": 109,
    "y": 1189,
    "page_width": 1241,
    "page_height": 1754,
    "page_no": 2
  },
  {
    "question": "21",
    "text": "21",
    "x": 109,
    "y": 1221,
    "page_width": 1241,
    "page_height": 1754,
    "page_no": 2
  },
  {
    "question": "22",
    "text": "22",
    "x": 109,
    "y": 1253,
    "page_width": 1241,
    "page_height": 1754,
    "page_no": 2
  },
  {
    "question": "23",
    "text": "23",
    "x": 109,
    "y": 1285,
    "page_width": 1241,
    "page_height": 1754,
    "page_no": 2
  },
  {
    "question": "24",
    "text": "24",
    "x": 109,
    "y": 1317,
    "page_width": 1241,
    "page_height": 1754,
    "page_no": 2
  },
  {
    "question": "25",
    "text": "25",
    "x": 109,
    "y": 1349,
    "page_width": 1241,
    "page_height": 1754,
    "page_no": 2
  },
  {
    "question": "26",
    "text": "26",
    "x": 109,
    "y": 1381,
    "page_width": 1241,
    "page_height": 1754,
    "page_no": 2
  },
  {
    "question": "27",
    "text": "27",
    "x": 109,
    "y": 1412,
    "page_width": 1241,
    "page_height": 1754,
    "page_no": 2
  },
  {
    "question": "28",
    "text": "28",
    "x": 109,
    "y": 1444,
    "page_width": 1241,
    "page_height": 1754,
    "page_no": 2
  },
  {
    "question": "29",
    "text": "29",
    "x": 109,
    "y": 1476,
    "page_width": 1241,
    "page_height": 1754,
    "page_no": 2
  },
  {
    "question": "30",
    "text": "30",
    "x": 109,
    "y": 1508,
    "page_width": 1241,
    "page_height": 1754,
    "page_no": 2
  },
  {
    "question": "11",
    "text": "11",
    "x": 130,
    "y": 794,
    "page_width": 1241,
    "page_height": 1754,
    "page_no": 3
  },
  {
    "question": "12",
    "text": "12",
    "x": 130,
    "y": 824,
    "page_width": 1241,
    "page_height": 1754,
    "page_no": 3
  },
  {
    "question": "13",
    "text": "13",
    "x": 130,
    "y": 854,
    "page_width": 1241,
    "page_height": 1754,
    "page_no": 3
  },
  {
    "question": "14",
    "text": "14",
    "x": 130,
    "y": 884,
    "page_width": 1241,
    "page_height": 1754,
    "page_no": 3
  },
  {
    "question": "15",
    "text": "15",
    "x": 130,
    "y": 915,
    "page_width": 1241,
    "page_height": 1754,
    "page_no": 3
  },
  {
    "question": "16",
    "text": "16",
    "x": 130,
    "y": 945,
    "page_width": 1241,
    "page_height": 1754,
    "page_no": 3
  },
  {
    "question": "17",
    "text": "17",
    "x": 130,
    "y": 975,
    "page_width": 1241,
    "page_height": 1754,
    "page_no": 3
  },
  {
    "question": "18",
    "text": "18",
    "x": 130,
    "y": 1005,
    "page_width": 1241,
    "page_height": 1754,
    "page_no": 3
  },
  {
    "question": "19",
    "text": "19",
    "x": 130,
    "y": 1035,
    "page_width": 1241,
    "page_height": 1754,
    "page_no": 3
  },
  {
    "question": "20",
    "text": "20",
    "x": 128,
    "y": 1065,
    "page_width": 1241,
    "page_height": 1754,
    "page_no": 3
  },
  {
    "question": "21",
    "text": "21",
    "x": 128,
    "y": 1114,
    "page_width": 1241,
    "page_height": 1754,
    "page_no": 3
  },
  {
    "question": "22",
    "text": "22",
    "x": 128,
    "y": 1144,
    "page_width": 1241,
    "page_height": 1754,
    "page_no": 3
  },
  {
    "question": "23",
    "text": "23",
    "x": 128,
    "y": 1174,
    "page_width": 1241,
    "page_height": 1754,
    "page_no": 3
  },
  {
    "question": "24",
    "text": "24",
    "x": 128,
    "y": 1204,
    "page_width": 1241,
    "page_height": 1754,
    "page_no": 3
  },
  {
    "question": "25",
    "text": "25",
    "x": 128,
    "y": 1234,
    "page_width": 1241,
    "page_height": 1754,
    "page_no": 3
  },
  {
    "question": "26",
    "text": "26",
    "x": 128,
    "y": 1265,
    "page_width": 1241,
    "page_height": 1754,
    "page_no": 3
  },
  {
    "question": "27",
    "text": "27",
    "x": 128,
    "y": 1295,
    "page_width": 1241,
    "page_height": 1754,
    "page_no": 3
  },
  {
    "question": "28",
    "text": "28",
    "x": 128,
    "y": 1325,
    "page_width": 1241,
    "page_height": 1754,
    "page_no": 3
  },
  {
    "question": "29",
    "text": "29",
    "x": 128,
    "y": 1355,
    "page_width": 1241,
    "page_height": 1754,
    "page_no": 3
  },
  {
    "question": "30",
    "text": "30",
    "x": 128,
    "y": 1385,
    "page_width": 1241,
    "page_height": 1754,
    "page_no": 3
  },
  {
    "question": "40",
    "text": "40",
    "x": 128,
    "y": 1434,
    "page_width": 1241,
    "page_height": 1754,
    "page_no": 3
  },
  {
    "question": "50",
    "text": "50",
    "x": 128,
    "y": 1465,
    "page_width": 1241,
    "page_height": 1754,
    "page_no": 3
  },
  {
    "question": "60",
    "text": "60",
    "x": 128,
    "y": 1496,
    "page_width": 1241,
    "page_height": 1754,
    "page_no": 3
  },
  {
    "question": "70",
    "text": "70",
    "x": 128,
    "y": 1528,
    "page_width": 1241,
    "page_height": 1754,
    "page_no": 3
  },
  {
    "question": "1",
    "text": "1.",
    "x": 91,
    "y": 310,
    "page_width": 1241,
    "page_height": 1754,
    "page_no": 6
  },
  {
    "question": "2",
    "text": "2.",
    "x": 89,
    "y": 132,
    "page_width": 1241,
    "page_height": 1754,
    "page_no": 8
  },
  {
    "question": "3",
    "text": "3",
    "x": 89,
    "y": 132,
    "page_width": 1241,
    "page_height": 1754,
    "page_no": 11
  },
  {
    "question": "4",
    "text": "4",
    "x": 89,
    "y": 133,
    "page_width": 1241,
    "page_height": 1754,
    "page_no": 12
  },
  {
    "question": "5",
    "text": "5",
    "x": 90,
    "y": 133,
    "page_width": 1241,
    "page_height": 1754,
    "page_no": 14
  },
  {
    "question": "6",
    "text": "6",
    "x": 89,
    "y": 468,
    "page_width": 1241,
    "page_height": 1754,
    "page_no": 18
  },
  {
    "question": "7",
    "text": "7",
    "x": 90,
    "y": 133,
    "page_width": 1241,
    "page_height": 1754,
    "page_no": 19
  },
  {
    "question": "8",
    "text": "8",
    "x": 89,
    "y": 132,
    "page_width": 1241,
    "page_height": 1754,
    "page_no": 22
  },
  {
    "question": "9",
    "text": "9",
    "x": 89,
    "y": 132,
    "page_width": 1241,
    "page_height": 1754,
    "page_no": 23
  },
  {
    "question": "10",
    "text": "10",
    "x": 91,
    "y": 132,
    "page_width": 1241,
    "page_height": 1754,
    "page_no": 24
  },
  {
    "question": "11",
    "text": "11",
    "x": 91,
    "y": 133,
    "page_width": 1241,
    "page_height": 1754,
    "page_no": 26
  },
  {
    "question": "12",
    "text": "12",
    "x": 91,
    "y": 292,
    "page_width": 1241,
    "page_height": 1754,
    "page_no": 28
  },
  {
    "question": "13",
    "text": "13",
    "x": 91,
    "y": 132,
    "page_width": 1241,
    "page_height": 1754,
    "page_no": 29
  },
  {
    "question": "14",
    "text": "14",
    "x": 91,
    "y": 133,
    "page_width": 1241,
    "page_height": 1754,
    "page_no": 32
  },
  {
    "question": "15",
    "text": "15",
    "x": 91,
    "y": 133,
    "page_width": 1241,
    "page_height": 1754,
    "page_no": 33
  },
  {
    "question": "16",
    "text": "16",
    "x": 91,
    "y": 132,
    "page_width": 1241,
    "page_height": 1754,
    "page_no": 34
  },
  {
    "question": "17",
    "text": "17",
    "x": 91,
    "y": 133,
    "page_width": 1241,
    "page_height": 1754,
    "page_no": 36
  },
  {
    "question": "20",
    "text": "203",
    "x": 13,
    "y": 1270,
    "page_width": 1241,
    "page_height": 1754,
    "page_no": 7
  },
  {
    "question": "5",
    "text": "5",
    "x": 13,
    "y": 1584,
    "page_width": 1241,
    "page_height": 1754,
    "page_no": 13
  },
  {
    "question": "5",
    "text": "5",
    "x": 13,
    "y": 1584,
    "page_width": 1241,
    "page_height": 1754,
    "page_no": 15
  },
  {
    "question": "38",
    "text": "38",
    "x": 13,
    "y": 611,
    "page_width": 1241,
    "page_height": 1754,
    "page_no": 21
  },
  {
    "question": "22",
    "text": "22",
    "x": 13,
    "y": 1138,
    "page_width": 1241,
    "page_height": 1754,
    "page_no": 21
  },
  {
    "question": "5",
    "text": "5",
    "x": 13,
    "y": 1584,
    "page_width": 1241,
    "page_height": 1754,
    "page_no": 25
  },
  {
    "question": "5",
    "text": "5",
    "x": 13,
    "y": 1584,
    "page_width": 1241,
    "page_height": 1754,
    "page_no": 27
  },
  {
    "question": "38",
    "text": "38",
    "x": 13,
    "y": 611,
    "page_width": 1241,
    "page_height": 1754,
    "page_no": 31
  },
  {
    "question": "22",
    "text": "22",
    "x": 13,
    "y": 1138,
    "page_width": 1241,
    "page_height": 1754,
    "page_no": 31
  },
  {
    "question": "5",
    "text": "5",
    "x": 13,
    "y": 1584,
    "page_width": 1241,
    "page_height": 1754,
    "page_no": 35
  },
  {
    "question": "20",
    "text": "203",
    "x": 13,
    "y": 1270,
    "page_width": 1241,
    "page_height": 1754,
    "page_no": 37
  }
]