[
  {
    "question": "1",
    "text": "1.",
    "x": 117,
    "y": 131,
    "page_width": 1241,
    "page_height": 1755,
    "page_no": 2
  },
  {
    "question": "2",
    "text": "2.",
    "x": 116,
    "y": 131,
    "page_width": 1241,
    "page_height": 1755,
    "page_no": 4
  },
  {
    "question": "4",
    "text": "4.",
    "x": 116,
    "y": 164,
    "page_width": 1241,
    "page_height": 1755,
    "page_no": 10
  },
  {
    "question": "5",
    "text": "5.",
    "x": 116,
    "y": 131,
    "page_width": 1241,
    "page_height": 1755,
    "page_no": 14
  },
  {
    "question": "6",
    "text": "6.",
    "x": 116,
    "y": 131,
    "page_width": 1241,
    "page_height": 1755,
    "page_no": 18
  },
  {
    "question": "7",
    "text": "7.",
    "x": 116,
    "y": 131,
    "page_width": 1241,
    "page_height": 1755,
    "page_no": 22
  },
  {
    "question": "8",
    "text": "8.",
    "x": 116,
    "y": 131,
    "page_width": 1241,
    "page_height": 1755,
    "page_no": 26
  },
  {
    "question": "4",
    "text": "4",
    "x": 29,
    "y": 239,
    "page_width": 1241,
    "page_height": 1755,
    "page_no": 3
  },
  {
    "question": "4",
    "text": "4",
    "x": 29,
    "y": 239,
    "page_width": 1241,
    "page_height": 1755,
    "page_no": 5
  },
  {
    "question": "4",
    "text": "4",
    "x": 29,
    "y": 239,
    "page_width": 1241,
    "page_height": 1755,
    "page_no": 7
  },
  {
    "question": "4",
    "text": "4",
    "x": 29,
    "y": 239,
    "page_width": 1241,
    "page_height": 1755,
    "page_no": 9
  },
  {
    "question": "4",
    "text": "4",
    "x": 29,
    "y": 239,
    "page_width": 1241,
    "page_height": 1755,
    "page_no": 11
  },
  {
    "question": "4",
    "text": "4",
    "x": 29,
    "y": 239,
    "page_width": 1241,
    "page_height": 1755,
    "page_no": 15
  },
  {
    "question": "4",
    "text": "4",
    "x": 29,
    "y": 239,
    "page_width": 1241,
    "page_height": 1755,
    "page_no": 19
  },
  {
    "question": "4",
    "text": "4",
    "x": 29,
    "y": 239,
    "page_width": 1241,
    "page_height": 1755,
    "page_no": 23
  },
  {
    "question": "4",
    "text": "4",
    "x": 29,
    "y": 239,
    "page_width": 1241,
    "page_height": 1755,
    "page_no": 27
  },
  {
    "question": "4",
    "text": "4",
    "x": 29,
    "y": 239,
    "page_width": 1241,
    "page_height": 1755,
    "page_no": 31
  }
]