[
  {
    "question": "1",
    "text": "1a",
    "x": 164,
    "y": 286,
    "page_width": 1755,
    "page_height": 1241,
    "page_no": 5
  },
  {
    "question": "1",
    "text": "1b",
    "x": 164,
    "y": 563,
    "page_width": 1755,
    "page_height": 1241,
    "page_no": 5
  },
  {
    "question": "1",
    "text": "1c",
    "x": 164,
    "y": 839,
    "page_width": 1755,
    "page_height": 1241,
    "page_no": 5
  },
  {
    "question": "2",
    "text": "2a",
    "x": 162,
    "y": 228,
    "page_width": 1755,
    "page_height": 1241,
    "page_no": 6
  },
  {
    "question": "2",
    "text": "2b",
    "x": 162,
    "y": 504,
    "page_width": 1755,
    "page_height": 1241,
    "page_no": 6
  },
  {
    "question": "3",
    "text": "3",
    "x": 162,
    "y": 852,
    "page_width": 1755,
    "page_height": 1241,
    "page_no": 6
  },
  {
    "question": "4",
    "text": "4",
    "x": 162,
    "y": 228,
    "page_width": 1755,
    "page_height": 1241,
    "page_no": 7
  },
  {
    "question": "5",
    "text": "5",
    "x": 162,
    "y": 723,
    "page_width": 1755,
    "page_height": 1241,
    "page_no": 7
  },
  {
    "question": "6",
    "text": "6",
    "x": 162,
    "y": 250,
    "page_width": 1755,
    "page_height": 1241,
    "page_no": 8
  },
  {
    "question": "7",
    "text": "7b",
    "x": 163,
    "y": 247,
    "page_width": 1755,
    "page_height": 1241,
    "page_no": 9
  },
  {
    "question": "7",
    "text": "7c",
    "x": 163,
    "y": 523,
    "page_width": 1755,
    "page_height": 1241,
    "page_no": 9
  },
  {
    "question": "8",
    "text": "8",
    "x": 162,
    "y": 228,
    "page_width": 1755,
    "page_height": 1241,
    "page_no": 10
  },
  {
    "question": "9",
    "text": "9a",
    "x": 162,
    "y": 696,
    "page_width": 1755,
    "page_height": 1241,
    "page_no": 10
  },
  {
    "question": "9",
    "text": "9b",
    "x": 162,
    "y": 240,
    "page_width": 1755,
    "page_height": 1241,
    "page_no": 11
  },
  {
    "question": "9",
    "text": "9c",
    "x": 162,
    "y": 535,
    "page_width": 1755,
    "page_height": 1241,
    "page_no": 11
  },
  {
    "question": "9",
    "text": "9d",
    "x": 162,
    "y": 830,
    "page_width": 1755,
    "page_height": 1241,
    "page_no": 11
  },
  {
    "question": "10",
    "text": "10a",
    "x": 164,
    "y": 228,
    "page_width": 1755,
    "page_height": 1241,
    "page_no": 12
  },
  {
    "question": "10",
    "text": "10b",
    "x": 164,
    "y": 662,
    "page_width": 1755,
    "page_height": 1241,
    "page_no": 12
  },
  {
    "question": "11",
    "text": "11",
    "x": 164,
    "y": 231,
    "page_width": 1755,
    "page_height": 1241,
    "page_no": 13
  },
  {
    "question": "12",
    "text": "12ai__",
    "x": 164,
    "y": 286,
    "page_width": 1755,
    "page_height": 1241,
    "page_no": 14
  },
  {
    "question": "12",
    "text": "12aii",
    "x": 164,
    "y": 257,
    "page_width": 1755,
    "page_height": 1241,
    "page_no": 15
  },
  {
    "question": "12",
    "text": "12b",
    "x": 164,
    "y": 228,
    "page_width": 1755,
    "page_height": 1241,
    "page_no": 16
  },
  {
    "question": "12",
    "text": "12c",
    "x": 164,
    "y": 228,
    "page_width": 1755,
    "page_height": 1241,
    "page_no": 17
  },
  {
    "question": "12",
    "text": "12d",
    "x": 164,
    "y": 434,
    "page_width": 1755,
    "page_height": 1241,
    "page_no": 17
  },
  {
    "question": "12",
    "text": "12e",
    "x": 164,
    "y": 228,
    "page_width": 1755,
    "page_height": 1241,
    "page_no": 18
  },
  {
    "question": "12",
    "text": "12f",
    "x": 164,
    "y": 223,
    "page_width": 1755,
    "page_height": 1241,
    "page_no": 19
  },
  {
    "question": "13",
    "text": "13",
    "x": 164,
    "y": 235,
    "page_width": 1755,
    "page_height": 1241,
    "page_no": 20
  },
  {
    "question": "14",
    "text": "14a",
    "x": 164,
    "y": 235,
    "page_width": 1755,
    "page_height": 1241,
    "page_no": 22
  },
  {
    "question": "14",
    "text": "14b",
    "x": 164,
    "y": 235,
    "page_width": 1755,
    "page_height": 1241,
    "page_no": 23
  },
  {
    "question": "15",
    "text": "15ai",
    "x": 164,
    "y": 235,
    "page_width": 1755,
    "page_height": 1241,
    "page_no": 24
  },
  {
    "question": "15",
    "text": "15aii",
    "x": 164,
    "y": 443,
    "page_width": 1755,
    "page_height": 1241,
    "page_no": 24
  },
  {
    "question": "15",
    "text": "15aiii",
    "x": 164,
    "y": 231,
    "page_width": 1755,
    "page_height": 1241,
    "page_no": 25
  },
  {
    "question": "15",
    "text": "15b",
    "x": 164,
    "y": 235,
    "page_width": 1755,
    "page_height": 1241,
    "page_no": 26
  },
  {
    "question": "15",
    "text": "15ci",
    "x": 164,
    "y": 189,
    "page_width": 1755,
    "page_height": 1241,
    "page_no": 27
  },
  {
    "question": "15",
    "text": "15cii",
    "x": 164,
    "y": 681,
    "page_width": 1755,
    "page_height": 1241,
    "page_no": 27
  },
  {
    "question": "16",
    "text": "16",
    "x": 164,
    "y": 227,
    "page_width": 1755,
    "page_height": 1241,
    "page_no": 29
  },
  {
    "question": "17",
    "text": "17@@",
    "x": 164,
    "y": 235,
    "page_width": 1755,
    "page_height": 1241,
    "page_no": 31
  },
  {
    "question": "17",
    "text": "17aii",
    "x": 164,
    "y": 228,
    "page_width": 1755,
    "page_height": 1241,
    "page_no": 32
  },
  {
    "question": "17",
    "text": "17c",
    "x": 164,
    "y": 229,
    "page_width": 1755,
    "page_height": 1241,
    "page_no": 34
  },
  {
    "question": "17",
    "text": "17di",
    "x": 164,
    "y": 229,
    "page_width": 1755,
    "page_height": 1241,
    "page_no": 35
  },
  {
    "question": "17",
    "text": "17dii",
    "x": 164,
    "y": 174,
    "page_width": 1755,
    "page_height": 1241,
    "page_no": 36
  }
]