[
  {
    "question": 0,
    "x": 104,
    "y": 609,
    "page_no": 21,
    "page_width": 1241,
    "page_height": 1754
  },
  {
    "question": 15,
    "x": 118,
    "y": 214,
    "page_no": 14,
    "page_width": 1241,
    "page_height": 1754
  },
  {
    "question": 13,
    "x": 90,
    "y": 242,
    "page_no": 11,
    "page_width": 1241,
    "page_height": 1754
  },
  {
    "question": "1",
    "text": "1",
    "x": 118,
    "y": 273,
    "page_width": 1241,
    "page_height": 1754,
    "page_no": 7
  },
  {
    "question": "2",
    "text": "2",
    "x": 116,
    "y": 490,
    "page_width": 1241,
    "page_height": 1754,
    "page_no": 7
  },
  {
    "question": "3",
    "text": "3",
    "x": 116,
    "y": 749,
    "page_width": 1241,
    "page_height": 1754,
    "page_no": 7
  },
  {
    "question": "4",
    "text": "4",
    "x": 116,
    "y": 1016,
    "page_width": 1241,
    "page_height": 1754,
    "page_no": 7
  },
  {
    "question": "5",
    "text": "5",
    "x": 116,
    "y": 1233,
    "page_width": 1241,
    "page_height": 1754,
    "page_no": 7
  },
  {
    "question": "6",
    "text": "6",
    "x": 116,
    "y": 216,
    "page_width": 1241,
    "page_height": 1754,
    "page_no": 8
  },
  {
    "question": "7",
    "text": "7",
    "x": 116,
    "y": 508,
    "page_width": 1241,
    "page_height": 1754,
    "page_no": 8
  },
  {
    "question": "8",
    "text": "8",
    "x": 116,
    "y": 725,
    "page_width": 1241,
    "page_height": 1754,
    "page_no": 8
  },
  {
    "question": "9",
    "text": "9",
    "x": 116,
    "y": 967,
    "page_width": 1241,
    "page_height": 1754,
    "page_no": 8
  },
  {
    "question": "10",
    "text": "10",
    "x": 118,
    "y": 1133,
    "page_width": 1241,
    "page_height": 1754,
    "page_no": 8
  },
  {
    "question": "11",
    "text": "11a",
    "x": 118,
    "y": 245,
    "page_width": 1241,
    "page_height": 1754,
    "page_no": 9
  },
  {
    "question": "12",
    "text": "12",
    "x": 118,
    "y": 245,
    "page_width": 1241,
    "page_height": 1754,
    "page_no": 10
  },
  {
    "question": "14",
    "text": "14",
    "x": 117,
    "y": 330,
    "page_width": 1241,
    "page_height": 1754,
    "page_no": 12
  },
  {
    "question": "16",
    "text": "16",
    "x": 117,
    "y": 244,
    "page_width": 1241,
    "page_height": 1754,
    "page_no": 15
  },
  {
    "question": "17",
    "text": "17",
    "x": 117,
    "y": 247,
    "page_width": 1241,
    "page_height": 1754,
    "page_no": 17
  },
  {
    "question": "18",
    "text": "18a",
    "x": 118,
    "y": 217,
    "page_width": 1241,
    "page_height": 1754,
    "page_no": 20
  },
  {
    "question": "18",
    "text": "18",
    "x": 118,
    "y": 157,
    "page_width": 1241,
    "page_height": 1754,
    "page_no": 21
  }
]