[
  {
    "question": "1",
    "text": "1a",
    "x": 87,
    "y": 298,
    "page_width": 1241,
    "page_height": 1754,
    "page_no": 4
  },
  {
    "question": "1",
    "text": "1b",
    "x": 87,
    "y": 705,
    "page_width": 1241,
    "page_height": 1754,
    "page_no": 4
  },
  {
    "question": "2",
    "text": "2a",
    "x": 86,
    "y": 253,
    "page_width": 1241,
    "page_height": 1754,
    "page_no": 5
  },
  {
    "question": "2",
    "text": "2b",
    "x": 86,
    "y": 817,
    "page_width": 1241,
    "page_height": 1754,
    "page_no": 5
  },
  {
    "question": "2",
    "text": "2c",
    "x": 86,
    "y": 235,
    "page_width": 1241,
    "page_height": 1754,
    "page_no": 6
  },
  {
    "question": "2",
    "text": "2d",
    "x": 86,
    "y": 611,
    "page_width": 1241,
    "page_height": 1754,
    "page_no": 6
  },
  {
    "question": "3",
    "text": "3a",
    "x": 86,
    "y": 541,
    "page_width": 1241,
    "page_height": 1754,
    "page_no": 7
  },
  {
    "question": "3",
    "text": "3b",
    "x": 86,
    "y": 1074,
    "page_width": 1241,
    "page_height": 1754,
    "page_no": 7
  },
  {
    "question": "4",
    "text": "4b",
    "x": 86,
    "y": 986,
    "page_width": 1241,
    "page_height": 1754,
    "page_no": 9
  },
  {
    "question": "6",
    "text": "6",
    "x": 86,
    "y": 316,
    "page_width": 1241,
    "page_height": 1754,
    "page_no": 12
  },
  {
    "question": "6",
    "text": "6",
    "x": 86,
    "y": 881,
    "page_width": 1241,
    "page_height": 1754,
    "page_no": 12
  },
  {
    "question": "7",
    "text": "7\\a",
    "x": 86,
    "y": 236,
    "page_width": 1241,
    "page_height": 1754,
    "page_no": 13
  },
  {
    "question": "7",
    "text": "7b",
    "x": 86,
    "y": 818,
    "page_width": 1241,
    "page_height": 1754,
    "page_no": 13
  },
  {
    "question": "7",
    "text": "7c",
    "x": 86,
    "y": 236,
    "page_width": 1241,
    "page_height": 1754,
    "page_no": 14
  },
  {
    "question": "7",
    "text": "7d",
    "x": 86,
    "y": 880,
    "page_width": 1241,
    "page_height": 1754,
    "page_no": 14
  },
  {
    "question": "7",
    "text": "7e",
    "x": 86,
    "y": 236,
    "page_width": 1241,
    "page_height": 1754,
    "page_no": 15
  },
  {
    "question": "8",
    "text": "8a",
    "x": 86,
    "y": 1131,
    "page_width": 1241,
    "page_height": 1754,
    "page_no": 15
  },
  {
    "question": "8",
    "text": "8",
    "x": 86,
    "y": 518,
    "page_width": 1241,
    "page_height": 1754,
    "page_no": 16
  },
  {
    "question": "8",
    "text": "8c",
    "x": 86,
    "y": 235,
    "page_width": 1241,
    "page_height": 1754,
    "page_no": 17
  }
]