[
  {
    "question": "1",
    "text": "1ai",
    "x": 119,
    "y": 184,
    "page_width": 1754,
    "page_height": 1241,
    "page_no": 5
  },
  {
    "question": "1",
    "text": "1aii",
    "x": 119,
    "y": 390,
    "page_width": 1754,
    "page_height": 1241,
    "page_no": 5
  },
  {
    "question": "1",
    "text": "1aiii",
    "x": 119,
    "y": 676,
    "page_width": 1754,
    "page_height": 1241,
    "page_no": 5
  },
  {
    "question": "1",
    "text": "1b",
    "x": 119,
    "y": 184,
    "page_width": 1754,
    "page_height": 1241,
    "page_no": 6
  },
  {
    "question": "1",
    "text": "1ci",
    "x": 119,
    "y": 618,
    "page_width": 1754,
    "page_height": 1241,
    "page_no": 6
  },
  {
    "question": "1",
    "text": "1cii",
    "x": 119,
    "y": 184,
    "page_width": 1754,
    "page_height": 1241,
    "page_no": 7
  },
  {
    "question": "1",
    "text": "1d",
    "x": 119,
    "y": 529,
    "page_width": 1754,
    "page_height": 1241,
    "page_no": 7
  },
  {
    "question": "2",
    "text": "2ai",
    "x": 118,
    "y": 184,
    "page_width": 1754,
    "page_height": 1241,
    "page_no": 8
  },
  {
    "question": "2",
    "text": "2aii",
    "x": 118,
    "y": 652,
    "page_width": 1754,
    "page_height": 1241,
    "page_no": 8
  },
  {
    "question": "2",
    "text": "2b",
    "x": 118,
    "y": 184,
    "page_width": 1754,
    "page_height": 1241,
    "page_no": 9
  },
  {
    "question": "2",
    "text": "2c",
    "x": 118,
    "y": 691,
    "page_width": 1754,
    "page_height": 1241,
    "page_no": 9
  },
  {
    "question": "2",
    "text": "2cii",
    "x": 118,
    "y": 184,
    "page_width": 1754,
    "page_height": 1241,
    "page_no": 10
  },
  {
    "question": "2",
    "text": "2di",
    "x": 118,
    "y": 856,
    "page_width": 1754,
    "page_height": 1241,
    "page_no": 10
  },
  {
    "question": "2",
    "text": "2dii",
    "x": 118,
    "y": 184,
    "page_width": 1754,
    "page_height": 1241,
    "page_no": 11
  },
  {
    "question": "2",
    "text": "2e",
    "x": 118,
    "y": 589,
    "page_width": 1754,
    "page_height": 1241,
    "page_no": 11
  },
  {
    "question": "3",
    "text": "3a",
    "x": 117,
    "y": 184,
    "page_width": 1754,
    "page_height": 1241,
    "page_no": 12
  },
  {
    "question": "3",
    "text": "3b",
    "x": 117,
    "y": 647,
    "page_width": 1754,
    "page_height": 1241,
    "page_no": 12
  },
  {
    "question": "3",
    "text": "3c",
    "x": 117,
    "y": 937,
    "page_width": 1754,
    "page_height": 1241,
    "page_no": 12
  },
  {
    "question": "3",
    "text": "3a",
    "x": 117,
    "y": 184,
    "page_width": 1754,
    "page_height": 1241,
    "page_no": 13
  },
  {
    "question": "3",
    "text": "3dii",
    "x": 117,
    "y": 180,
    "page_width": 1754,
    "page_height": 1241,
    "page_no": 14
  },
  {
    "question": "3",
    "text": "3diii",
    "x": 117,
    "y": 414,
    "page_width": 1754,
    "page_height": 1241,
    "page_no": 14
  },
  {
    "question": "3",
    "text": "3ei",
    "x": 117,
    "y": 882,
    "page_width": 1754,
    "page_height": 1241,
    "page_no": 14
  },
  {
    "question": "3",
    "text": "3eii",
    "x": 117,
    "y": 210,
    "page_width": 1754,
    "page_height": 1241,
    "page_no": 15
  },
  {
    "question": "4",
    "text": "4a",
    "x": 117,
    "y": 184,
    "page_width": 1754,
    "page_height": 1241,
    "page_no": 16
  },
  {
    "question": "4",
    "text": "4b",
    "x": 117,
    "y": 418,
    "page_width": 1754,
    "page_height": 1241,
    "page_no": 16
  },
  {
    "question": "4",
    "text": "4d",
    "x": 117,
    "y": 675,
    "page_width": 1754,
    "page_height": 1241,
    "page_no": 17
  },
  {
    "question": "4",
    "text": "4ei",
    "x": 117,
    "y": 184,
    "page_width": 1754,
    "page_height": 1241,
    "page_no": 18
  },
  {
    "question": "4",
    "text": "4g",
    "x": 117,
    "y": 184,
    "page_width": 1754,
    "page_height": 1241,
    "page_no": 20
  }
]