[
  {
    "question": "1",
    "text": "1",
    "x": 132,
    "y": 260,
    "page_width": 1241,
    "page_height": 1755,
    "page_no": 4
  },
  {
    "question": "7",
    "text": "7",
    "x": 131,
    "y": 327,
    "page_width": 1241,
    "page_height": 1755,
    "page_no": 6
  },
  {
    "question": "8",
    "text": "8",
    "x": 132,
    "y": 283,
    "page_width": 1241,
    "page_height": 1755,
    "page_no": 7
  },
  {
    "question": "10",
    "text": "10",
    "x": 133,
    "y": 283,
    "page_width": 1241,
    "page_height": 1755,
    "page_no": 9
  },
  {
    "question": "11",
    "text": "11",
    "x": 133,
    "y": 252,
    "page_width": 1241,
    "page_height": 1755,
    "page_no": 10
  },
  {
    "question": "12",
    "text": "12",
    "x": 133,
    "y": 296,
    "page_width": 1241,
    "page_height": 1755,
    "page_no": 12
  },
  {
    "question": "12",
    "text": "12",
    "x": 133,
    "y": 315,
    "page_width": 1241,
    "page_height": 1755,
    "page_no": 13
  },
  {
    "question": "12",
    "text": "12",
    "x": 133,
    "y": 283,
    "page_width": 1241,
    "page_height": 1755,
    "page_no": 14
  },
  {
    "question": "12",
    "text": "12d",
    "x": 134,
    "y": 286,
    "page_width": 1241,
    "page_height": 1755,
    "page_no": 15
  },
  {
    "question": "12",
    "text": "12e",
    "x": 134,
    "y": 315,
    "page_width": 1241,
    "page_height": 1755,
    "page_no": 16
  },
  {
    "question": "13",
    "text": "13",
    "x": 133,
    "y": 379,
    "page_width": 1241,
    "page_height": 1755,
    "page_no": 19
  },
  {
    "question": "14",
    "text": "14",
    "x": 133,
    "y": 337,
    "page_width": 1241,
    "page_height": 1755,
    "page_no": 24
  }
]