[
  {
    "question": "4",
    "text": "4",
    "x": 118,
    "y": 1230,
    "page_width": 1241,
    "page_height": 1754,
    "page_no": 11
  },
  {
    "question": "4",
    "text": "4",
    "x": 118,
    "y": 1342,
    "page_width": 1241,
    "page_height": 1754,
    "page_no": 11
  },
  {
    "question": "4",
    "text": "4",
    "x": 118,
    "y": 1417,
    "page_width": 1241,
    "page_height": 1754,
    "page_no": 11
  },
  {
    "question": "1",
    "text": "1.01:1",
    "x": 121,
    "y": 345,
    "page_width": 1241,
    "page_height": 1754,
    "page_no": 16
  },
  {
    "question": "1",
    "text": "1AO3",
    "x": 119,
    "y": 1125,
    "page_width": 1241,
    "page_height": 1754,
    "page_no": 19
  },
  {
    "question": "1",
    "text": "1AO3",
    "x": 119,
    "y": 420,
    "page_width": 1241,
    "page_height": 1754,
    "page_no": 20
  }
]