[
  {
    "question": "1",
    "text": "1a",
    "x": 164,
    "y": 240,
    "page_width": 1754,
    "page_height": 1241,
    "page_no": 4
  },
  {
    "question": "1",
    "text": "1b",
    "x": 164,
    "y": 581,
    "page_width": 1754,
    "page_height": 1241,
    "page_no": 4
  },
  {
    "question": "1",
    "text": "1c",
    "x": 163,
    "y": 219,
    "page_width": 1754,
    "page_height": 1241,
    "page_no": 5
  },
  {
    "question": "2",
    "text": "2a",
    "x": 163,
    "y": 219,
    "page_width": 1754,
    "page_height": 1241,
    "page_no": 7
  },
  {
    "question": "14",
    "text": "1450",
    "x": 164,
    "y": 833,
    "page_width": 1754,
    "page_height": 1241,
    "page_no": 7
  },
  {
    "question": "29",
    "text": "29.000",
    "x": 163,
    "y": 1046,
    "page_width": 1754,
    "page_height": 1241,
    "page_no": 7
  },
  {
    "question": "2",
    "text": "2.9",
    "x": 162,
    "y": 1075,
    "page_width": 1754,
    "page_height": 1241,
    "page_no": 7
  },
  {
    "question": "2",
    "text": "2b",
    "x": 163,
    "y": 218,
    "page_width": 1754,
    "page_height": 1241,
    "page_no": 8
  },
  {
    "question": "2",
    "text": "2ci",
    "x": 163,
    "y": 686,
    "page_width": 1754,
    "page_height": 1241,
    "page_no": 8
  },
  {
    "question": "2",
    "text": "2cii",
    "x": 163,
    "y": 209,
    "page_width": 1754,
    "page_height": 1241,
    "page_no": 9
  },
  {
    "question": "3",
    "text": "3a",
    "x": 163,
    "y": 219,
    "page_width": 1754,
    "page_height": 1241,
    "page_no": 10
  },
  {
    "question": "3",
    "text": "3bi",
    "x": 163,
    "y": 213,
    "page_width": 1754,
    "page_height": 1241,
    "page_no": 11
  },
  {
    "question": "3",
    "text": "3bii",
    "x": 163,
    "y": 634,
    "page_width": 1754,
    "page_height": 1241,
    "page_no": 11
  },
  {
    "question": "3",
    "text": "3c",
    "x": 163,
    "y": 246,
    "page_width": 1754,
    "page_height": 1241,
    "page_no": 12
  },
  {
    "question": "4",
    "text": "4ai",
    "x": 162,
    "y": 259,
    "page_width": 1754,
    "page_height": 1241,
    "page_no": 13
  },
  {
    "question": "4",
    "text": "4aii",
    "x": 162,
    "y": 214,
    "page_width": 1754,
    "page_height": 1241,
    "page_no": 14
  },
  {
    "question": "6",
    "text": "6.7",
    "x": 163,
    "y": 863,
    "page_width": 1754,
    "page_height": 1241,
    "page_no": 14
  },
  {
    "question": "7",
    "text": "7",
    "x": 163,
    "y": 896,
    "page_width": 1754,
    "page_height": 1241,
    "page_no": 14
  },
  {
    "question": "6",
    "text": "6.6",
    "x": 163,
    "y": 928,
    "page_width": 1754,
    "page_height": 1241,
    "page_no": 14
  },
  {
    "question": "66",
    "text": "6667",
    "x": 163,
    "y": 960,
    "page_width": 1754,
    "page_height": 1241,
    "page_no": 14
  },
  {
    "question": "4",
    "text": "4b",
    "x": 162,
    "y": 218,
    "page_width": 1754,
    "page_height": 1241,
    "page_no": 15
  },
  {
    "question": "4",
    "text": "4ci",
    "x": 162,
    "y": 219,
    "page_width": 1754,
    "page_height": 1241,
    "page_no": 16
  },
  {
    "question": "4",
    "text": "4cii",
    "x": 162,
    "y": 214,
    "page_width": 1754,
    "page_height": 1241,
    "page_no": 17
  },
  {
    "question": "5",
    "text": "5ai",
    "x": 163,
    "y": 264,
    "page_width": 1754,
    "page_height": 1241,
    "page_no": 18
  },
  {
    "question": "5",
    "text": "5aii",
    "x": 163,
    "y": 596,
    "page_width": 1754,
    "page_height": 1241,
    "page_no": 18
  },
  {
    "question": "5",
    "text": "5b",
    "x": 162,
    "y": 218,
    "page_width": 1754,
    "page_height": 1241,
    "page_no": 19
  },
  {
    "question": "6",
    "text": "6ai",
    "x": 163,
    "y": 215,
    "page_width": 1754,
    "page_height": 1241,
    "page_no": 21
  },
  {
    "question": "6",
    "text": "6aii",
    "x": 163,
    "y": 510,
    "page_width": 1754,
    "page_height": 1241,
    "page_no": 21
  },
  {
    "question": "6",
    "text": "6aiii",
    "x": 163,
    "y": 214,
    "page_width": 1754,
    "page_height": 1241,
    "page_no": 22
  },
  {
    "question": "6",
    "text": "6bi",
    "x": 163,
    "y": 842,
    "page_width": 1754,
    "page_height": 1241,
    "page_no": 25
  },
  {
    "question": "6",
    "text": "6bii",
    "x": 163,
    "y": 242,
    "page_width": 1754,
    "page_height": 1241,
    "page_no": 26
  },
  {
    "question": "6",
    "text": "6c",
    "x": 163,
    "y": 218,
    "page_width": 1754,
    "page_height": 1241,
    "page_no": 27
  },
  {
    "question": "7",
    "text": "7ayi",
    "x": 162,
    "y": 219,
    "page_width": 1754,
    "page_height": 1241,
    "page_no": 28
  },
  {
    "question": "7",
    "text": "7aii",
    "x": 162,
    "y": 589,
    "page_width": 1754,
    "page_height": 1241,
    "page_no": 28
  },
  {
    "question": "7",
    "text": "7b",
    "x": 162,
    "y": 218,
    "page_width": 1754,
    "page_height": 1241,
    "page_no": 29
  },
  {
    "question": "7",
    "text": "7ci",
    "x": 162,
    "y": 219,
    "page_width": 1754,
    "page_height": 1241,
    "page_no": 30
  },
  {
    "question": "95",
    "text": "95",
    "x": 163,
    "y": 645,
    "page_width": 1754,
    "page_height": 1241,
    "page_no": 30
  },
  {
    "question": "7",
    "text": "7cii",
    "x": 162,
    "y": 245,
    "page_width": 1754,
    "page_height": 1241,
    "page_no": 31
  },
  {
    "question": "7",
    "text": "7ciii",
    "x": 162,
    "y": 612,
    "page_width": 1754,
    "page_height": 1241,
    "page_no": 31
  },
  {
    "question": "8",
    "text": "8ai",
    "x": 163,
    "y": 246,
    "page_width": 1754,
    "page_height": 1241,
    "page_no": 32
  },
  {
    "question": "8",
    "text": "8aii",
    "x": 163,
    "y": 426,
    "page_width": 1754,
    "page_height": 1241,
    "page_no": 32
  },
  {
    "question": "8",
    "text": "8bi",
    "x": 163,
    "y": 679,
    "page_width": 1754,
    "page_height": 1241,
    "page_no": 32
  },
  {
    "question": "8",
    "text": "8bii",
    "x": 163,
    "y": 1051,
    "page_width": 1754,
    "page_height": 1241,
    "page_no": 32
  },
  {
    "question": "8",
    "text": "8biii",
    "x": 163,
    "y": 242,
    "page_width": 1754,
    "page_height": 1241,
    "page_no": 33
  },
  {
    "question": "8",
    "text": "8c",
    "x": 163,
    "y": 221,
    "page_width": 1754,
    "page_height": 1241,
    "page_no": 34
  },
  {
    "question": "8",
    "text": "8d",
    "x": 163,
    "y": 245,
    "page_width": 1754,
    "page_height": 1241,
    "page_no": 35
  },
  {
    "question": "10",
    "text": "10incorrect",
    "x": 221,
    "y": 925,
    "page_width": 1754,
    "page_height": 1241,
    "page_no": 14
  },
  {
    "question": "0",
    "text": "0",
    "x": 224,
    "y": 247,
    "page_width": 1754,
    "page_height": 1241,
    "page_no": 20
  },
  {
    "question": "1",
    "text": "1",
    "x": 224,
    "y": 279,
    "page_width": 1754,
    "page_height": 1241,
    "page_no": 20
  },
  {
    "question": "2",
    "text": "2",
    "x": 226,
    "y": 592,
    "page_width": 1754,
    "page_height": 1241,
    "page_no": 20
  },
  {
    "question": "3",
    "text": "3",
    "x": 226,
    "y": 843,
    "page_width": 1754,
    "page_height": 1241,
    "page_no": 20
  },
  {
    "question": "10",
    "text": "100",
    "x": 165,
    "y": 617,
    "page_width": 1754,
    "page_height": 1241,
    "page_no": 30
  },
  {
    "question": "18",
    "text": "1832",
    "x": 165,
    "y": 673,
    "page_width": 1754,
    "page_height": 1241,
    "page_no": 30
  },
  {
    "question": "18",
    "text": "1896",
    "x": 165,
    "y": 700,
    "page_width": 1754,
    "page_height": 1241,
    "page_no": 30
  },
  {
    "question": "18",
    "text": "1897",
    "x": 165,
    "y": 729,
    "page_width": 1754,
    "page_height": 1241,
    "page_no": 30
  },
  {
    "question": "18",
    "text": "1898",
    "x": 165,
    "y": 756,
    "page_width": 1754,
    "page_height": 1241,
    "page_no": 30
  },
  {
    "question": "18",
    "text": "1899",
    "x": 166,
    "y": 784,
    "page_width": 1754,
    "page_height": 1241,
    "page_no": 30
  },
  {
    "question": "19",
    "text": "1901",
    "x": 165,
    "y": 812,
    "page_width": 1754,
    "page_height": 1241,
    "page_no": 30
  },
  {
    "question": "19",
    "text": "1902",
    "x": 165,
    "y": 840,
    "page_width": 1754,
    "page_height": 1241,
    "page_no": 30
  },
  {
    "question": "19",
    "text": "1903",
    "x": 165,
    "y": 867,
    "page_width": 1754,
    "page_height": 1241,
    "page_no": 30
  },
  {
    "question": "19",
    "text": "1904",
    "x": 166,
    "y": 896,
    "page_width": 1754,
    "page_height": 1241,
    "page_no": 30
  }
]