[
  {
    "question": "1",
    "text": "1a",
    "x": 133,
    "y": 192,
    "page_width": 1241,
    "page_height": 1754,
    "page_no": 5
  },
  {
    "question": "1",
    "text": "1b",
    "x": 133,
    "y": 473,
    "page_width": 1241,
    "page_height": 1754,
    "page_no": 5
  },
  {
    "question": "1",
    "text": "1c",
    "x": 133,
    "y": 154,
    "page_width": 1241,
    "page_height": 1754,
    "page_no": 6
  },
  {
    "question": "1",
    "text": "1d",
    "x": 133,
    "y": 154,
    "page_width": 1241,
    "page_height": 1754,
    "page_no": 7
  },
  {
    "question": "1",
    "text": "1e",
    "x": 133,
    "y": 154,
    "page_width": 1241,
    "page_height": 1754,
    "page_no": 9
  },
  {
    "question": "2",
    "text": "2a",
    "x": 132,
    "y": 166,
    "page_width": 1241,
    "page_height": 1754,
    "page_no": 11
  },
  {
    "question": "2",
    "text": "2b",
    "x": 132,
    "y": 392,
    "page_width": 1241,
    "page_height": 1754,
    "page_no": 11
  },
  {
    "question": "2",
    "text": "2c",
    "x": 132,
    "y": 154,
    "page_width": 1241,
    "page_height": 1754,
    "page_no": 12
  },
  {
    "question": "2",
    "text": "2d",
    "x": 132,
    "y": 154,
    "page_width": 1241,
    "page_height": 1754,
    "page_no": 13
  },
  {
    "question": "2",
    "text": "2e",
    "x": 132,
    "y": 154,
    "page_width": 1241,
    "page_height": 1754,
    "page_no": 15
  },
  {
    "question": "3",
    "text": "3",
    "x": 131,
    "y": 154,
    "page_width": 1241,
    "page_height": 1754,
    "page_no": 17
  }
]