[
  {
    "question": "2",
    "text": "2",
    "x": 161,
    "y": 478,
    "page_width": 1241,
    "page_height": 1755,
    "page_no": 3
  },
  {
    "question": "3",
    "text": "3",
    "x": 161,
    "y": 672,
    "page_width": 1241,
    "page_height": 1755,
    "page_no": 3
  },
  {
    "question": "4",
    "text": "4",
    "x": 160,
    "y": 867,
    "page_width": 1241,
    "page_height": 1755,
    "page_no": 3
  },
  {
    "question": "5",
    "text": "5",
    "x": 161,
    "y": 1158,
    "page_width": 1241,
    "page_height": 1755,
    "page_no": 3
  },
  {
    "question": "6",
    "text": "6",
    "x": 161,
    "y": 1474,
    "page_width": 1241,
    "page_height": 1755,
    "page_no": 3
  },
  {
    "question": "7",
    "text": "7a",
    "x": 161,
    "y": 284,
    "page_width": 1241,
    "page_height": 1755,
    "page_no": 5
  },
  {
    "question": "7",
    "text": "7c",
    "x": 161,
    "y": 281,
    "page_width": 1241,
    "page_height": 1755,
    "page_no": 7
  },
  {
    "question": "7",
    "text": "7e",
    "x": 161,
    "y": 1207,
    "page_width": 1241,
    "page_height": 1755,
    "page_no": 9
  },
  {
    "question": "8",
    "text": "8",
    "x": 161,
    "y": 379,
    "page_width": 1241,
    "page_height": 1755,
    "page_no": 12
  },
  {
    "question": "9",
    "text": "9",
    "x": 161,
    "y": 581,
    "page_width": 1241,
    "page_height": 1755,
    "page_no": 15
  }
]