[
  {
    "question": "1",
    "text": "1a",
    "x": 103,
    "y": 161,
    "page_width": 1754,
    "page_height": 1241,
    "page_no": 5
  },
  {
    "question": "1",
    "text": "1b",
    "x": 103,
    "y": 568,
    "page_width": 1754,
    "page_height": 1241,
    "page_no": 5
  },
  {
    "question": "1",
    "text": "1ci",
    "x": 103,
    "y": 226,
    "page_width": 1754,
    "page_height": 1241,
    "page_no": 6
  },
  {
    "question": "1",
    "text": "1cii",
    "x": 107,
    "y": 645,
    "page_width": 1754,
    "page_height": 1241,
    "page_no": 6
  },
  {
    "question": "1",
    "text": "1d",
    "x": 103,
    "y": 160,
    "page_width": 1754,
    "page_height": 1241,
    "page_no": 7
  },
  {
    "question": "3",
    "text": "3c",
    "x": 102,
    "y": 160,
    "page_width": 1754,
    "page_height": 1241,
    "page_no": 14
  },
  {
    "question": "2",
    "text": "2a",
    "x": 163,
    "y": 160,
    "page_width": 1754,
    "page_height": 1241,
    "page_no": 8
  },
  {
    "question": "2",
    "text": "2bi",
    "x": 160,
    "y": 399,
    "page_width": 1754,
    "page_height": 1241,
    "page_no": 8
  },
  {
    "question": "2",
    "text": "2bii",
    "x": 160,
    "y": 167,
    "page_width": 1754,
    "page_height": 1241,
    "page_no": 9
  },
  {
    "question": "2",
    "text": "2c",
    "x": 160,
    "y": 160,
    "page_width": 1754,
    "page_height": 1241,
    "page_no": 10
  },
  {
    "question": "2",
    "text": "2di",
    "x": 160,
    "y": 156,
    "page_width": 1754,
    "page_height": 1241,
    "page_no": 11
  },
  {
    "question": "2",
    "text": "2dii",
    "x": 160,
    "y": 490,
    "page_width": 1754,
    "page_height": 1241,
    "page_no": 11
  },
  {
    "question": "2",
    "text": "2e",
    "x": 160,
    "y": 160,
    "page_width": 1754,
    "page_height": 1241,
    "page_no": 12
  },
  {
    "question": "3",
    "text": "3a",
    "x": 160,
    "y": 160,
    "page_width": 1754,
    "page_height": 1241,
    "page_no": 13
  },
  {
    "question": "3",
    "text": "3b",
    "x": 160,
    "y": 404,
    "page_width": 1754,
    "page_height": 1241,
    "page_no": 13
  },
  {
    "question": "3",
    "text": "3d",
    "x": 160,
    "y": 160,
    "page_width": 1754,
    "page_height": 1241,
    "page_no": 15
  },
  {
    "question": "3",
    "text": "3e",
    "x": 160,
    "y": 596,
    "page_width": 1754,
    "page_height": 1241,
    "page_no": 15
  }
]