[
  {
    "question": "1",
    "text": "1",
    "x": 160,
    "y": 261,
    "page_width": 1755,
    "page_height": 1241,
    "page_no": 4
  },
  {
    "question": "2",
    "text": "2",
    "x": 159,
    "y": 538,
    "page_width": 1755,
    "page_height": 1241,
    "page_no": 4
  },
  {
    "question": "3",
    "text": "3",
    "x": 159,
    "y": 815,
    "page_width": 1755,
    "page_height": 1241,
    "page_no": 4
  },
  {
    "question": "4",
    "text": "4",
    "x": 158,
    "y": 182,
    "page_width": 1755,
    "page_height": 1241,
    "page_no": 5
  },
  {
    "question": "5",
    "text": "5",
    "x": 159,
    "y": 459,
    "page_width": 1755,
    "page_height": 1241,
    "page_no": 5
  },
  {
    "question": "6",
    "text": "6",
    "x": 159,
    "y": 736,
    "page_width": 1755,
    "page_height": 1241,
    "page_no": 5
  },
  {
    "question": "7",
    "text": "7",
    "x": 159,
    "y": 182,
    "page_width": 1755,
    "page_height": 1241,
    "page_no": 6
  },
  {
    "question": "8",
    "text": "8",
    "x": 159,
    "y": 459,
    "page_width": 1755,
    "page_height": 1241,
    "page_no": 6
  },
  {
    "question": "9",
    "text": "9",
    "x": 159,
    "y": 736,
    "page_width": 1755,
    "page_height": 1241,
    "page_no": 6
  },
  {
    "question": "10",
    "text": "10",
    "x": 160,
    "y": 182,
    "page_width": 1755,
    "page_height": 1241,
    "page_no": 7
  },
  {
    "question": "11",
    "text": "11",
    "x": 160,
    "y": 459,
    "page_width": 1755,
    "page_height": 1241,
    "page_no": 7
  },
  {
    "question": "12",
    "text": "12",
    "x": 160,
    "y": 736,
    "page_width": 1755,
    "page_height": 1241,
    "page_no": 7
  },
  {
    "question": "13",
    "text": "13",
    "x": 160,
    "y": 182,
    "page_width": 1755,
    "page_height": 1241,
    "page_no": 8
  },
  {
    "question": "14",
    "text": "14",
    "x": 160,
    "y": 459,
    "page_width": 1755,
    "page_height": 1241,
    "page_no": 8
  },
  {
    "question": "15",
    "text": "15",
    "x": 160,
    "y": 736,
    "page_width": 1755,
    "page_height": 1241,
    "page_no": 8
  },
  {
    "question": "16",
    "text": "16a",
    "x": 160,
    "y": 182,
    "page_width": 1755,
    "page_height": 1241,
    "page_no": 9
  },
  {
    "question": "16",
    "text": "16b",
    "x": 160,
    "y": 458,
    "page_width": 1755,
    "page_height": 1241,
    "page_no": 9
  },
  {
    "question": "16",
    "text": "16c",
    "x": 160,
    "y": 736,
    "page_width": 1755,
    "page_height": 1241,
    "page_no": 9
  },
  {
    "question": "16",
    "text": "16d",
    "x": 160,
    "y": 212,
    "page_width": 1755,
    "page_height": 1241,
    "page_no": 10
  },
  {
    "question": "17",
    "text": "17",
    "x": 160,
    "y": 526,
    "page_width": 1755,
    "page_height": 1241,
    "page_no": 10
  },
  {
    "question": "18",
    "text": "18a",
    "x": 160,
    "y": 206,
    "page_width": 1755,
    "page_height": 1241,
    "page_no": 11
  },
  {
    "question": "18",
    "text": "18b",
    "x": 160,
    "y": 175,
    "page_width": 1755,
    "page_height": 1241,
    "page_no": 12
  },
  {
    "question": "18",
    "text": "18c",
    "x": 160,
    "y": 175,
    "page_width": 1755,
    "page_height": 1241,
    "page_no": 13
  },
  {
    "question": "18",
    "text": "18di",
    "x": 160,
    "y": 171,
    "page_width": 1755,
    "page_height": 1241,
    "page_no": 14
  },
  {
    "question": "18",
    "text": "18dii",
    "x": 160,
    "y": 548,
    "page_width": 1755,
    "page_height": 1241,
    "page_no": 14
  },
  {
    "question": "18",
    "text": "18ei",
    "x": 160,
    "y": 171,
    "page_width": 1755,
    "page_height": 1241,
    "page_no": 15
  },
  {
    "question": "18",
    "text": "18eii",
    "x": 160,
    "y": 392,
    "page_width": 1755,
    "page_height": 1241,
    "page_no": 15
  },
  {
    "question": "19",
    "text": "19a",
    "x": 160,
    "y": 180,
    "page_width": 1755,
    "page_height": 1241,
    "page_no": 16
  },
  {
    "question": "19",
    "text": "19bi",
    "x": 160,
    "y": 171,
    "page_width": 1755,
    "page_height": 1241,
    "page_no": 17
  },
  {
    "question": "19",
    "text": "19bii",
    "x": 160,
    "y": 171,
    "page_width": 1755,
    "page_height": 1241,
    "page_no": 18
  },
  {
    "question": "19",
    "text": "19ci",
    "x": 160,
    "y": 175,
    "page_width": 1755,
    "page_height": 1241,
    "page_no": 19
  },
  {
    "question": "19",
    "text": "19cii",
    "x": 160,
    "y": 165,
    "page_width": 1755,
    "page_height": 1241,
    "page_no": 20
  },
  {
    "question": "19",
    "text": "19d",
    "x": 160,
    "y": 525,
    "page_width": 1755,
    "page_height": 1241,
    "page_no": 20
  },
  {
    "question": "20",
    "text": "20a",
    "x": 159,
    "y": 175,
    "page_width": 1755,
    "page_height": 1241,
    "page_no": 21
  },
  {
    "question": "20",
    "text": "20b",
    "x": 159,
    "y": 175,
    "page_width": 1755,
    "page_height": 1241,
    "page_no": 22
  },
  {
    "question": "20",
    "text": "20c",
    "x": 159,
    "y": 175,
    "page_width": 1755,
    "page_height": 1241,
    "page_no": 23
  },
  {
    "question": "20",
    "text": "20di",
    "x": 159,
    "y": 171,
    "page_width": 1755,
    "page_height": 1241,
    "page_no": 24
  },
  {
    "question": "20",
    "text": "20dii",
    "x": 159,
    "y": 171,
    "page_width": 1755,
    "page_height": 1241,
    "page_no": 25
  },
  {
    "question": "20",
    "text": "20e",
    "x": 159,
    "y": 175,
    "page_width": 1755,
    "page_height": 1241,
    "page_no": 26
  },
  {
    "question": "21",
    "text": "21a",
    "x": 159,
    "y": 175,
    "page_width": 1755,
    "page_height": 1241,
    "page_no": 27
  },
  {
    "question": "21",
    "text": "21b",
    "x": 159,
    "y": 175,
    "page_width": 1755,
    "page_height": 1241,
    "page_no": 28
  },
  {
    "question": "21",
    "text": "21ci",
    "x": 159,
    "y": 335,
    "page_width": 1755,
    "page_height": 1241,
    "page_no": 28
  },
  {
    "question": "21",
    "text": "21cii",
    "x": 159,
    "y": 499,
    "page_width": 1755,
    "page_height": 1241,
    "page_no": 28
  },
  {
    "question": "21",
    "text": "21ciii",
    "x": 159,
    "y": 170,
    "page_width": 1755,
    "page_height": 1241,
    "page_no": 29
  },
  {
    "question": "21",
    "text": "21ciii",
    "x": 159,
    "y": 143,
    "page_width": 1755,
    "page_height": 1241,
    "page_no": 30
  },
  {
    "question": "21",
    "text": "21civ",
    "x": 159,
    "y": 175,
    "page_width": 1755,
    "page_height": 1241,
    "page_no": 31
  },
  {
    "question": "21",
    "text": "21di",
    "x": 159,
    "y": 549,
    "page_width": 1755,
    "page_height": 1241,
    "page_no": 31
  },
  {
    "question": "21",
    "text": "21dii",
    "x": 159,
    "y": 175,
    "page_width": 1755,
    "page_height": 1241,
    "page_no": 32
  },
  {
    "question": "21",
    "text": "21diii",
    "x": 159,
    "y": 171,
    "page_width": 1755,
    "page_height": 1241,
    "page_no": 33
  },
  {
    "question": "21",
    "text": "21diii",
    "x": 159,
    "y": 111,
    "page_width": 1755,
    "page_height": 1241,
    "page_no": 34
  },
  {
    "question": "21",
    "text": "21ei",
    "x": 159,
    "y": 175,
    "page_width": 1755,
    "page_height": 1241,
    "page_no": 35
  },
  {
    "question": "21",
    "text": "21eii",
    "x": 159,
    "y": 175,
    "page_width": 1755,
    "page_height": 1241,
    "page_no": 36
  },
  {
    "question": "21",
    "text": "21fi",
    "x": 159,
    "y": 170,
    "page_width": 1755,
    "page_height": 1241,
    "page_no": 37
  },
  {
    "question": "21",
    "text": "21fii",
    "x": 159,
    "y": 610,
    "page_width": 1755,
    "page_height": 1241,
    "page_no": 37
  },
  {
    "question": "21",
    "text": "21fiii",
    "x": 159,
    "y": 747,
    "page_width": 1755,
    "page_height": 1241,
    "page_no": 37
  }
]