[
  {
    "question": 0,
    "x": 178,
    "y": 1224,
    "page_no": 18,
    "page_width": 1275,
    "page_height": 1650
  },
  {
    "question": 18,
    "x": 193,
    "y": 193,
    "page_no": 18,
    "page_width": 1275,
    "page_height": 1650
  },
  {
    "question": 17,
    "x": 193,
    "y": 196,
    "page_no": 16,
    "page_width": 1275,
    "page_height": 1650
  },
  {
    "question": 16,
    "x": 193,
    "y": 224,
    "page_no": 15,
    "page_width": 1275,
    "page_height": 1650
  },
  {
    "question": 15,
    "x": 203,
    "y": 196,
    "page_no": 13,
    "page_width": 1275,
    "page_height": 1650
  },
  {
    "question": 14,
    "x": 192,
    "y": 195,
    "page_no": 12,
    "page_width": 1275,
    "page_height": 1650
  },
  {
    "question": 13,
    "x": 192,
    "y": 195,
    "page_no": 11,
    "page_width": 1275,
    "page_height": 1650
  },
  {
    "question": 12,
    "x": 192,
    "y": 195,
    "page_no": 10,
    "page_width": 1275,
    "page_height": 1650
  },
  {
    "question": 11,
    "x": 195,
    "y": 193,
    "page_no": 9,
    "page_width": 1275,
    "page_height": 1650
  },
  {
    "question": 10,
    "x": 193,
    "y": 495,
    "page_no": 8,
    "page_width": 1275,
    "page_height": 1650
  },
  {
    "question": 9,
    "x": 192,
    "y": 370,
    "page_no": 8,
    "page_width": 1275,
    "page_height": 1650
  },
  {
    "question": 8,
    "x": 192,
    "y": 172,
    "page_no": 8,
    "page_width": 1275,
    "page_height": 1650
  },
  {
    "question": 7,
    "x": 190,
    "y": 1188,
    "page_no": 7,
    "page_width": 1275,
    "page_height": 1650
  },
  {
    "question": 6,
    "x": 190,
    "y": 1040,
    "page_no": 7,
    "page_width": 1275,
    "page_height": 1650
  },
  {
    "question": 5,
    "x": 190,
    "y": 889,
    "page_no": 7,
    "page_width": 1275,
    "page_height": 1650
  },
  {
    "question": 4,
    "x": 192,
    "y": 746,
    "page_no": 7,
    "page_width": 1275,
    "page_height": 1650
  },
  {
    "question": 3,
    "x": 188,
    "y": 536,
    "page_no": 7,
    "page_width": 1275,
    "page_height": 1650
  },
  {
    "question": 2,
    "x": 188,
    "y": 416,
    "page_no": 7,
    "page_width": 1275,
    "page_height": 1650
  },
  {
    "question": 1,
    "x": 197,
    "y": 214,
    "page_no": 7,
    "page_width": 1275,
    "page_height": 1650
  },
  {
    "question": 1,
    "x": 192,
    "y": 214,
    "page_no": 7,
    "page_width": 1275,
    "page_height": 1650
  }
]