[
  {
    "question": "1",
    "text": "1",
    "x": 150,
    "y": 441,
    "page_width": 1359,
    "page_height": 1873,
    "page_no": 2
  },
  {
    "question": "2",
    "text": "2.",
    "x": 148,
    "y": 857,
    "page_width": 1359,
    "page_height": 1873,
    "page_no": 2
  },
  {
    "question": "3",
    "text": "3",
    "x": 148,
    "y": 190,
    "page_width": 1359,
    "page_height": 1873,
    "page_no": 3
  },
  {
    "question": "4",
    "text": "4",
    "x": 148,
    "y": 609,
    "page_width": 1359,
    "page_height": 1873,
    "page_no": 3
  },
  {
    "question": "5",
    "text": "5",
    "x": 149,
    "y": 1011,
    "page_width": 1359,
    "page_height": 1873,
    "page_no": 3
  },
  {
    "question": "7",
    "text": "7",
    "x": 149,
    "y": 600,
    "page_width": 1359,
    "page_height": 1873,
    "page_no": 4
  },
  {
    "question": "8",
    "text": "8",
    "x": 148,
    "y": 190,
    "page_width": 1359,
    "page_height": 1873,
    "page_no": 5
  },
  {
    "question": "9",
    "text": "9",
    "x": 148,
    "y": 516,
    "page_width": 1359,
    "page_height": 1873,
    "page_no": 5
  },
  {
    "question": "10",
    "text": "10",
    "x": 150,
    "y": 841,
    "page_width": 1359,
    "page_height": 1873,
    "page_no": 5
  },
  {
    "question": "11",
    "text": "11",
    "x": 150,
    "y": 191,
    "page_width": 1359,
    "page_height": 1873,
    "page_no": 6
  },
  {
    "question": "12",
    "text": "12",
    "x": 150,
    "y": 566,
    "page_width": 1359,
    "page_height": 1873,
    "page_no": 6
  },
  {
    "question": "13",
    "text": "13",
    "x": 150,
    "y": 891,
    "page_width": 1359,
    "page_height": 1873,
    "page_no": 6
  },
  {
    "question": "14",
    "text": "14",
    "x": 150,
    "y": 1217,
    "page_width": 1359,
    "page_height": 1873,
    "page_no": 6
  },
  {
    "question": "15",
    "text": "15",
    "x": 150,
    "y": 191,
    "page_width": 1359,
    "page_height": 1873,
    "page_no": 7
  },
  {
    "question": "16",
    "text": "16",
    "x": 150,
    "y": 190,
    "page_width": 1359,
    "page_height": 1873,
    "page_no": 8
  },
  {
    "question": "18",
    "text": "18",
    "x": 150,
    "y": 190,
    "page_width": 1359,
    "page_height": 1873,
    "page_no": 9
  },
  {
    "question": "19",
    "text": "19",
    "x": 150,
    "y": 516,
    "page_width": 1359,
    "page_height": 1873,
    "page_no": 9
  },
  {
    "question": "20",
    "text": "20",
    "x": 148,
    "y": 841,
    "page_width": 1359,
    "page_height": 1873,
    "page_no": 9
  },
  {
    "question": "21",
    "text": "21",
    "x": 148,
    "y": 308,
    "page_width": 1359,
    "page_height": 1873,
    "page_no": 10
  },
  {
    "question": "22",
    "text": "22",
    "x": 148,
    "y": 190,
    "page_width": 1359,
    "page_height": 1873,
    "page_no": 12
  },
  {
    "question": "23",
    "text": "23",
    "x": 148,
    "y": 190,
    "page_width": 1359,
    "page_height": 1873,
    "page_no": 15
  },
  {
    "question": "24",
    "text": "24",
    "x": 148,
    "y": 190,
    "page_width": 1359,
    "page_height": 1873,
    "page_no": 17
  },
  {
    "question": "25",
    "text": "25",
    "x": 148,
    "y": 190,
    "page_width": 1359,
    "page_height": 1873,
    "page_no": 20
  },
  {
    "question": "4",
    "text": "4",
    "x": 71,
    "y": 222,
    "page_width": 1359,
    "page_height": 1873,
    "page_no": 7
  },
  {
    "question": "2",
    "text": "2%",
    "x": 71,
    "y": 671,
    "page_width": 1359,
    "page_height": 1873,
    "page_no": 7
  },
  {
    "question": "20",
    "text": "20",
    "x": 71,
    "y": 1364,
    "page_width": 1359,
    "page_height": 1873,
    "page_no": 7
  },
  {
    "question": "8",
    "text": "8",
    "x": 71,
    "y": 1453,
    "page_width": 1359,
    "page_height": 1873,
    "page_no": 9
  },
  {
    "question": "0",
    "text": "0c",
    "x": 0,
    "y": 257,
    "page_width": 1359,
    "page_height": 1873,
    "page_no": 11
  },
  {
    "question": "0",
    "text": "0\u00a2",
    "x": 0,
    "y": 261,
    "page_width": 1359,
    "page_height": 1873,
    "page_no": 13
  },
  {
    "question": "2",
    "text": "2",
    "x": 0,
    "y": 846,
    "page_width": 1359,
    "page_height": 1873,
    "page_no": 15
  },
  {
    "question": "0",
    "text": "0c",
    "x": 0,
    "y": 261,
    "page_width": 1359,
    "page_height": 1873,
    "page_no": 21
  },
  {
    "question": "12",
    "text": "12",
    "x": 163,
    "y": 1728,
    "page_width": 1359,
    "page_height": 1873,
    "page_no": 12
  },
  {
    "question": "14",
    "text": "14",
    "x": 163,
    "y": 1728,
    "page_width": 1359,
    "page_height": 1873,
    "page_no": 14
  },
  {
    "question": "16",
    "text": "16",
    "x": 163,
    "y": 1728,
    "page_width": 1359,
    "page_height": 1873,
    "page_no": 16
  },
  {
    "question": "18",
    "text": "18",
    "x": 163,
    "y": 1728,
    "page_width": 1359,
    "page_height": 1873,
    "page_no": 18
  },
  {
    "question": "20",
    "text": "20",
    "x": 162,
    "y": 1728,
    "page_width": 1359,
    "page_height": 1873,
    "page_no": 20
  },
  {
    "question": "22",
    "text": "22",
    "x": 162,
    "y": 1728,
    "page_width": 1359,
    "page_height": 1873,
    "page_no": 22
  },
  {
    "question": "24",
    "text": "24",
    "x": 163,
    "y": 1728,
    "page_width": 1359,
    "page_height": 1873,
    "page_no": 24
  }
]