[
  {
    "question": 0,
    "x": 149,
    "y": 543,
    "page_no": 13,
    "page_width": 1275,
    "page_height": 1650
  },
  {
    "question": 16,
    "x": 167,
    "y": 97,
    "page_no": 10,
    "page_width": 1275,
    "page_height": 1650
  },
  {
    "question": 9,
    "x": 149,
    "y": 1246,
    "page_no": 4,
    "page_width": 1275,
    "page_height": 1650
  },
  {
    "question": 8,
    "x": 154,
    "y": 1068,
    "page_no": 4,
    "page_width": 1275,
    "page_height": 1650
  },
  {
    "question": 7,
    "x": 152,
    "y": 970,
    "page_no": 4,
    "page_width": 1275,
    "page_height": 1650
  },
  {
    "question": 6,
    "x": 152,
    "y": 795,
    "page_no": 4,
    "page_width": 1275,
    "page_height": 1650
  },
  {
    "question": 5,
    "x": 150,
    "y": 673,
    "page_no": 4,
    "page_width": 1275,
    "page_height": 1650
  },
  {
    "question": 4,
    "x": 152,
    "y": 548,
    "page_no": 4,
    "page_width": 1275,
    "page_height": 1650
  },
  {
    "question": 3,
    "x": 149,
    "y": 447,
    "page_no": 4,
    "page_width": 1275,
    "page_height": 1650
  },
  {
    "question": 2,
    "x": 152,
    "y": 323,
    "page_no": 4,
    "page_width": 1275,
    "page_height": 1650
  },
  {
    "question": "1",
    "text": "1",
    "x": 150,
    "y": 198,
    "page_width": 1275,
    "page_height": 1650,
    "page_no": 4
  },
  {
    "question": "10",
    "text": "10",
    "x": 150,
    "y": 1347,
    "page_width": 1275,
    "page_height": 1650,
    "page_no": 4
  },
  {
    "question": "15",
    "text": "15a",
    "x": 150,
    "y": 123,
    "page_width": 1275,
    "page_height": 1650,
    "page_no": 9
  },
  {
    "question": "18",
    "text": "18a",
    "x": 150,
    "y": 144,
    "page_width": 1275,
    "page_height": 1650,
    "page_no": 12
  },
  {
    "question": "11",
    "text": "11",
    "x": 161,
    "y": 197,
    "page_width": 1275,
    "page_height": 1650,
    "page_no": 5
  },
  {
    "question": "12",
    "text": "12a",
    "x": 161,
    "y": 123,
    "page_width": 1275,
    "page_height": 1650,
    "page_no": 6
  },
  {
    "question": "13",
    "text": "13a",
    "x": 161,
    "y": 123,
    "page_width": 1275,
    "page_height": 1650,
    "page_no": 7
  },
  {
    "question": "14",
    "text": "14",
    "x": 162,
    "y": 148,
    "page_width": 1275,
    "page_height": 1650,
    "page_no": 8
  },
  {
    "question": "17",
    "text": "17a",
    "x": 161,
    "y": 123,
    "page_width": 1275,
    "page_height": 1650,
    "page_no": 11
  },
  {
    "question": "17",
    "text": "170",
    "x": 161,
    "y": 825,
    "page_width": 1275,
    "page_height": 1650,
    "page_no": 11
  }
]