[
  {
    "question": "1",
    "text": "1ai",
    "x": 153,
    "y": 194,
    "page_width": 1755,
    "page_height": 1241,
    "page_no": 5
  },
  {
    "question": "1",
    "text": "1aii",
    "x": 153,
    "y": 782,
    "page_width": 1755,
    "page_height": 1241,
    "page_no": 5
  },
  {
    "question": "1",
    "text": "1aiii",
    "x": 153,
    "y": 194,
    "page_width": 1755,
    "page_height": 1241,
    "page_no": 6
  },
  {
    "question": "1",
    "text": "1bi",
    "x": 153,
    "y": 406,
    "page_width": 1755,
    "page_height": 1241,
    "page_no": 6
  },
  {
    "question": "1",
    "text": "1bii",
    "x": 153,
    "y": 784,
    "page_width": 1755,
    "page_height": 1241,
    "page_no": 6
  },
  {
    "question": "1",
    "text": "1c",
    "x": 153,
    "y": 198,
    "page_width": 1755,
    "page_height": 1241,
    "page_no": 7
  },
  {
    "question": "1",
    "text": "1d",
    "x": 153,
    "y": 374,
    "page_width": 1755,
    "page_height": 1241,
    "page_no": 7
  },
  {
    "question": "2",
    "text": "2a",
    "x": 152,
    "y": 198,
    "page_width": 1755,
    "page_height": 1241,
    "page_no": 8
  },
  {
    "question": "2",
    "text": "2bi",
    "x": 152,
    "y": 193,
    "page_width": 1755,
    "page_height": 1241,
    "page_no": 9
  },
  {
    "question": "2",
    "text": "2bii",
    "x": 152,
    "y": 193,
    "page_width": 1755,
    "page_height": 1241,
    "page_no": 10
  },
  {
    "question": "3",
    "text": "3a",
    "x": 152,
    "y": 198,
    "page_width": 1755,
    "page_height": 1241,
    "page_no": 11
  },
  {
    "question": "3",
    "text": "3b",
    "x": 152,
    "y": 549,
    "page_width": 1755,
    "page_height": 1241,
    "page_no": 11
  },
  {
    "question": "3",
    "text": "3c",
    "x": 152,
    "y": 904,
    "page_width": 1755,
    "page_height": 1241,
    "page_no": 11
  },
  {
    "question": "3",
    "text": "3di",
    "x": 152,
    "y": 197,
    "page_width": 1755,
    "page_height": 1241,
    "page_no": 12
  },
  {
    "question": "3",
    "text": "3dii",
    "x": 152,
    "y": 193,
    "page_width": 1755,
    "page_height": 1241,
    "page_no": 13
  },
  {
    "question": "3",
    "text": "3diii",
    "x": 152,
    "y": 192,
    "page_width": 1755,
    "page_height": 1241,
    "page_no": 14
  },
  {
    "question": "3",
    "text": "3div",
    "x": 152,
    "y": 197,
    "page_width": 1755,
    "page_height": 1241,
    "page_no": 15
  },
  {
    "question": "3",
    "text": "3dv",
    "x": 152,
    "y": 197,
    "page_width": 1755,
    "page_height": 1241,
    "page_no": 16
  },
  {
    "question": "3",
    "text": "3ei",
    "x": 152,
    "y": 753,
    "page_width": 1755,
    "page_height": 1241,
    "page_no": 16
  },
  {
    "question": "3",
    "text": "3eii",
    "x": 152,
    "y": 198,
    "page_width": 1755,
    "page_height": 1241,
    "page_no": 17
  },
  {
    "question": "3",
    "text": "3f",
    "x": 152,
    "y": 528,
    "page_width": 1755,
    "page_height": 1241,
    "page_no": 17
  },
  {
    "question": "4",
    "text": "4a",
    "x": 151,
    "y": 198,
    "page_width": 1755,
    "page_height": 1241,
    "page_no": 18
  },
  {
    "question": "4",
    "text": "4b",
    "x": 151,
    "y": 752,
    "page_width": 1755,
    "page_height": 1241,
    "page_no": 18
  },
  {
    "question": "4",
    "text": "4c",
    "x": 151,
    "y": 198,
    "page_width": 1755,
    "page_height": 1241,
    "page_no": 19
  },
  {
    "question": "4",
    "text": "4d",
    "x": 151,
    "y": 226,
    "page_width": 1755,
    "page_height": 1241,
    "page_no": 20
  },
  {
    "question": "4",
    "text": "4e",
    "x": 151,
    "y": 765,
    "page_width": 1755,
    "page_height": 1241,
    "page_no": 20
  },
  {
    "question": "4",
    "text": "4f",
    "x": 151,
    "y": 227,
    "page_width": 1755,
    "page_height": 1241,
    "page_no": 21
  },
  {
    "question": "4",
    "text": "4g",
    "x": 151,
    "y": 575,
    "page_width": 1755,
    "page_height": 1241,
    "page_no": 21
  }
]