[
  {
    "question": "1",
    "text": "1",
    "x": 161,
    "y": 254,
    "page_width": 1241,
    "page_height": 1754,
    "page_no": 5
  },
  {
    "question": "7",
    "text": "7a",
    "x": 160,
    "y": 370,
    "page_width": 1241,
    "page_height": 1754,
    "page_no": 7
  },
  {
    "question": "7",
    "text": "7b",
    "x": 160,
    "y": 287,
    "page_width": 1241,
    "page_height": 1754,
    "page_no": 8
  },
  {
    "question": "7",
    "text": "7c",
    "x": 160,
    "y": 288,
    "page_width": 1241,
    "page_height": 1754,
    "page_no": 9
  },
  {
    "question": "7",
    "text": "7d",
    "x": 160,
    "y": 315,
    "page_width": 1241,
    "page_height": 1754,
    "page_no": 10
  },
  {
    "question": "7",
    "text": "7e",
    "x": 160,
    "y": 319,
    "page_width": 1241,
    "page_height": 1754,
    "page_no": 12
  },
  {
    "question": "8",
    "text": "8",
    "x": 160,
    "y": 505,
    "page_width": 1241,
    "page_height": 1754,
    "page_no": 15
  },
  {
    "question": "9",
    "text": "9",
    "x": 160,
    "y": 412,
    "page_width": 1241,
    "page_height": 1754,
    "page_no": 18
  },
  {
    "question": "10",
    "text": "10",
    "x": 161,
    "y": 412,
    "page_width": 1241,
    "page_height": 1754,
    "page_no": 21
  }
]