[
  {
    "question": "4",
    "text": "4.",
    "x": 112,
    "y": 267,
    "page_width": 1241,
    "page_height": 1754,
    "page_no": 5
  },
  {
    "question": "5",
    "text": "5.",
    "x": 112,
    "y": 419,
    "page_width": 1241,
    "page_height": 1754,
    "page_no": 5
  },
  {
    "question": "6",
    "text": "6.",
    "x": 112,
    "y": 662,
    "page_width": 1241,
    "page_height": 1754,
    "page_no": 5
  },
  {
    "question": "7",
    "text": "7.",
    "x": 112,
    "y": 845,
    "page_width": 1241,
    "page_height": 1754,
    "page_no": 5
  },
  {
    "question": "8",
    "text": "8.",
    "x": 112,
    "y": 905,
    "page_width": 1241,
    "page_height": 1754,
    "page_no": 5
  },
  {
    "question": "9",
    "text": "9.",
    "x": 113,
    "y": 1346,
    "page_width": 1241,
    "page_height": 1754,
    "page_no": 5
  },
  {
    "question": "1",
    "text": "1.",
    "x": 77,
    "y": 283,
    "page_width": 1241,
    "page_height": 1754,
    "page_no": 6
  },
  {
    "question": "2",
    "text": "2.",
    "x": 75,
    "y": 427,
    "page_width": 1241,
    "page_height": 1754,
    "page_no": 6
  },
  {
    "question": "3",
    "text": "3.",
    "x": 75,
    "y": 518,
    "page_width": 1241,
    "page_height": 1754,
    "page_no": 6
  },
  {
    "question": "1",
    "text": "1.",
    "x": 77,
    "y": 681,
    "page_width": 1241,
    "page_height": 1754,
    "page_no": 6
  },
  {
    "question": "2",
    "text": "2.",
    "x": 75,
    "y": 783,
    "page_width": 1241,
    "page_height": 1754,
    "page_no": 6
  },
  {
    "question": "9",
    "text": "9",
    "x": 75,
    "y": 210,
    "page_width": 1241,
    "page_height": 1754,
    "page_no": 17
  },
  {
    "question": "0",
    "text": "0",
    "x": 75,
    "y": 735,
    "page_width": 1241,
    "page_height": 1754,
    "page_no": 22
  },
  {
    "question": "6",
    "text": "6x\u00b0",
    "x": 153,
    "y": 919,
    "page_width": 1241,
    "page_height": 1754,
    "page_no": 7
  },
  {
    "question": "2",
    "text": "2x+5y\u201416=0",
    "x": 153,
    "y": 496,
    "page_width": 1241,
    "page_height": 1754,
    "page_no": 8
  },
  {
    "question": "45",
    "text": "450,0",
    "x": 153,
    "y": 936,
    "page_width": 1241,
    "page_height": 1754,
    "page_no": 10
  },
  {
    "question": "36",
    "text": "360,...",
    "x": 153,
    "y": 1108,
    "page_width": 1241,
    "page_height": 1754,
    "page_no": 10
  },
  {
    "question": "36",
    "text": "360,7",
    "x": 153,
    "y": 1180,
    "page_width": 1241,
    "page_height": 1754,
    "page_no": 10
  },
  {
    "question": "7",
    "text": "7,",
    "x": 153,
    "y": 1251,
    "page_width": 1241,
    "page_height": 1754,
    "page_no": 10
  },
  {
    "question": "4",
    "text": "4a\u20142b+c",
    "x": 153,
    "y": 185,
    "page_width": 1241,
    "page_height": 1754,
    "page_no": 12
  },
  {
    "question": "13",
    "text": "13=100a+10b+c",
    "x": 153,
    "y": 454,
    "page_width": 1241,
    "page_height": 1754,
    "page_no": 12
  },
  {
    "question": "1",
    "text": "1.33/",
    "x": 152,
    "y": 995,
    "page_width": 1241,
    "page_height": 1754,
    "page_no": 13
  },
  {
    "question": "10",
    "text": "10-84",
    "x": 153,
    "y": 906,
    "page_width": 1241,
    "page_height": 1754,
    "page_no": 17
  },
  {
    "question": "2",
    "text": "2",
    "x": 153,
    "y": 266,
    "page_width": 1241,
    "page_height": 1754,
    "page_no": 19
  },
  {
    "question": "9",
    "text": "9x\u201448x\u00b0+52x-16",
    "x": 153,
    "y": 1077,
    "page_width": 1241,
    "page_height": 1754,
    "page_no": 20
  },
  {
    "question": "4",
    "text": "4",
    "x": 155,
    "y": 842,
    "page_width": 1241,
    "page_height": 1754,
    "page_no": 21
  },
  {
    "question": "3",
    "text": "3",
    "x": 152,
    "y": 868,
    "page_width": 1241,
    "page_height": 1754,
    "page_no": 21
  },
  {
    "question": "4",
    "text": "4.a",
    "x": 127,
    "y": 162,
    "page_width": 1241,
    "page_height": 1754,
    "page_no": 11
  },
  {
    "question": "5",
    "text": "5",
    "x": 128,
    "y": 219,
    "page_width": 1241,
    "page_height": 1754,
    "page_no": 13
  },
  {
    "question": "6",
    "text": "6.a",
    "x": 127,
    "y": 1218,
    "page_width": 1241,
    "page_height": 1754,
    "page_no": 15
  },
  {
    "question": "7",
    "text": "7.",
    "x": 125,
    "y": 1322,
    "page_width": 1241,
    "page_height": 1754,
    "page_no": 17
  },
  {
    "question": "8",
    "text": "8",
    "x": 128,
    "y": 1411,
    "page_width": 1241,
    "page_height": 1754,
    "page_no": 19
  }
]