[
  {
    "question": "1",
    "text": "1a",
    "x": 87,
    "y": 287,
    "page_width": 1241,
    "page_height": 1754,
    "page_no": 4
  },
  {
    "question": "1",
    "text": "1b",
    "x": 87,
    "y": 737,
    "page_width": 1241,
    "page_height": 1754,
    "page_no": 4
  },
  {
    "question": "2",
    "text": "2a",
    "x": 86,
    "y": 226,
    "page_width": 1241,
    "page_height": 1754,
    "page_no": 5
  },
  {
    "question": "2",
    "text": "2b",
    "x": 86,
    "y": 895,
    "page_width": 1241,
    "page_height": 1754,
    "page_no": 5
  },
  {
    "question": "2",
    "text": "2c",
    "x": 86,
    "y": 226,
    "page_width": 1241,
    "page_height": 1754,
    "page_no": 6
  },
  {
    "question": "3",
    "text": "3",
    "x": 87,
    "y": 802,
    "page_width": 1241,
    "page_height": 1754,
    "page_no": 6
  },
  {
    "question": "4",
    "text": "4",
    "x": 86,
    "y": 227,
    "page_width": 1241,
    "page_height": 1754,
    "page_no": 7
  },
  {
    "question": "6",
    "text": "6a",
    "x": 86,
    "y": 276,
    "page_width": 1241,
    "page_height": 1754,
    "page_no": 10
  },
  {
    "question": "6",
    "text": "6b",
    "x": 86,
    "y": 744,
    "page_width": 1241,
    "page_height": 1754,
    "page_no": 10
  },
  {
    "question": "7",
    "text": "7a",
    "x": 86,
    "y": 226,
    "page_width": 1241,
    "page_height": 1754,
    "page_no": 11
  },
  {
    "question": "7",
    "text": "7b",
    "x": 86,
    "y": 836,
    "page_width": 1241,
    "page_height": 1754,
    "page_no": 11
  },
  {
    "question": "8",
    "text": "8a",
    "x": 86,
    "y": 226,
    "page_width": 1241,
    "page_height": 1754,
    "page_no": 12
  },
  {
    "question": "8",
    "text": "8b",
    "x": 86,
    "y": 552,
    "page_width": 1241,
    "page_height": 1754,
    "page_no": 12
  }
]