[
  {
    "question": "1",
    "text": "1",
    "x": 150,
    "y": 339,
    "page_width": 1359,
    "page_height": 1873,
    "page_no": 2
  },
  {
    "question": "2",
    "text": "2",
    "x": 148,
    "y": 190,
    "page_width": 1359,
    "page_height": 1873,
    "page_no": 5
  },
  {
    "question": "3",
    "text": "3",
    "x": 148,
    "y": 190,
    "page_width": 1359,
    "page_height": 1873,
    "page_no": 8
  },
  {
    "question": "4",
    "text": "4",
    "x": 148,
    "y": 191,
    "page_width": 1359,
    "page_height": 1873,
    "page_no": 11
  },
  {
    "question": "5",
    "text": "5",
    "x": 149,
    "y": 191,
    "page_width": 1359,
    "page_height": 1873,
    "page_no": 13
  },
  {
    "question": "6",
    "text": "6",
    "x": 148,
    "y": 190,
    "page_width": 1359,
    "page_height": 1873,
    "page_no": 18
  },
  {
    "question": "8",
    "text": "8",
    "x": 148,
    "y": 190,
    "page_width": 1359,
    "page_height": 1873,
    "page_no": 25
  },
  {
    "question": "3",
    "text": "3S",
    "x": 0,
    "y": 167,
    "page_width": 1359,
    "page_height": 1873,
    "page_no": 3
  },
  {
    "question": "0",
    "text": "0\u00a2",
    "x": 0,
    "y": 261,
    "page_width": 1359,
    "page_height": 1873,
    "page_no": 7
  },
  {
    "question": "0",
    "text": "0\u00a2",
    "x": 0,
    "y": 261,
    "page_width": 1359,
    "page_height": 1873,
    "page_no": 13
  },
  {
    "question": "8",
    "text": "8",
    "x": 1,
    "y": 242,
    "page_width": 1359,
    "page_height": 1873,
    "page_no": 15
  },
  {
    "question": "2",
    "text": "2:",
    "x": 0,
    "y": 334,
    "page_width": 1359,
    "page_height": 1873,
    "page_no": 15
  },
  {
    "question": "2",
    "text": "2",
    "x": 0,
    "y": 504,
    "page_width": 1359,
    "page_height": 1873,
    "page_no": 15
  },
  {
    "question": "3",
    "text": "3S",
    "x": 0,
    "y": 1700,
    "page_width": 1359,
    "page_height": 1873,
    "page_no": 15
  },
  {
    "question": "10",
    "text": "10",
    "x": 163,
    "y": 1728,
    "page_width": 1359,
    "page_height": 1873,
    "page_no": 10
  },
  {
    "question": "12",
    "text": "12",
    "x": 163,
    "y": 1728,
    "page_width": 1359,
    "page_height": 1873,
    "page_no": 12
  },
  {
    "question": "14",
    "text": "14",
    "x": 164,
    "y": 1728,
    "page_width": 1359,
    "page_height": 1873,
    "page_no": 14
  },
  {
    "question": "16",
    "text": "16",
    "x": 163,
    "y": 1728,
    "page_width": 1359,
    "page_height": 1873,
    "page_no": 16
  },
  {
    "question": "18",
    "text": "18",
    "x": 163,
    "y": 1728,
    "page_width": 1359,
    "page_height": 1873,
    "page_no": 18
  },
  {
    "question": "22",
    "text": "22",
    "x": 162,
    "y": 1728,
    "page_width": 1359,
    "page_height": 1873,
    "page_no": 22
  },
  {
    "question": "24",
    "text": "24",
    "x": 162,
    "y": 1728,
    "page_width": 1359,
    "page_height": 1873,
    "page_no": 24
  },
  {
    "question": "26",
    "text": "26",
    "x": 162,
    "y": 1728,
    "page_width": 1359,
    "page_height": 1873,
    "page_no": 26
  },
  {
    "question": "28",
    "text": "28",
    "x": 162,
    "y": 1728,
    "page_width": 1359,
    "page_height": 1873,
    "page_no": 28
  },
  {
    "question": "5",
    "text": "5",
    "x": 71,
    "y": 159,
    "page_width": 1359,
    "page_height": 1873,
    "page_no": 11
  },
  {
    "question": "28",
    "text": "28",
    "x": 71,
    "y": 1235,
    "page_width": 1359,
    "page_height": 1873,
    "page_no": 15
  },
  {
    "question": "38",
    "text": "38",
    "x": 71,
    "y": 1612,
    "page_width": 1359,
    "page_height": 1873,
    "page_no": 15
  },
  {
    "question": "4",
    "text": "4",
    "x": 71,
    "y": 222,
    "page_width": 1359,
    "page_height": 1873,
    "page_no": 19
  },
  {
    "question": "5",
    "text": "5",
    "x": 71,
    "y": 1633,
    "page_width": 1359,
    "page_height": 1873,
    "page_no": 21
  },
  {
    "question": "36",
    "text": "36",
    "x": 71,
    "y": 132,
    "page_width": 1359,
    "page_height": 1873,
    "page_no": 27
  }
]