[
  {
    "question": "1",
    "text": "1",
    "x": 150,
    "y": 341,
    "page_width": 1359,
    "page_height": 1873,
    "page_no": 2
  },
  {
    "question": "3",
    "text": "3",
    "x": 148,
    "y": 466,
    "page_width": 1359,
    "page_height": 1873,
    "page_no": 16
  },
  {
    "question": "4",
    "text": "4",
    "x": 148,
    "y": 317,
    "page_width": 1359,
    "page_height": 1873,
    "page_no": 22
  },
  {
    "question": "5",
    "text": "5",
    "x": 149,
    "y": 317,
    "page_width": 1359,
    "page_height": 1873,
    "page_no": 26
  },
  {
    "question": "1",
    "text": "1",
    "x": 150,
    "y": 268,
    "page_width": 1359,
    "page_height": 1873,
    "page_no": 38
  },
  {
    "question": "2",
    "text": "2.",
    "x": 148,
    "y": 167,
    "page_width": 1359,
    "page_height": 1873,
    "page_no": 42
  },
  {
    "question": "3",
    "text": "3",
    "x": 148,
    "y": 267,
    "page_width": 1359,
    "page_height": 1873,
    "page_no": 46
  },
  {
    "question": "5",
    "text": "5",
    "x": 149,
    "y": 168,
    "page_width": 1359,
    "page_height": 1873,
    "page_no": 50
  },
  {
    "question": "6",
    "text": "6",
    "x": 148,
    "y": 167,
    "page_width": 1359,
    "page_height": 1873,
    "page_no": 52
  },
  {
    "question": "2",
    "text": "2",
    "x": 168,
    "y": 1728,
    "page_width": 1359,
    "page_height": 1873,
    "page_no": 2
  },
  {
    "question": "10",
    "text": "10",
    "x": 167,
    "y": 1728,
    "page_width": 1359,
    "page_height": 1873,
    "page_no": 46
  },
  {
    "question": "12",
    "text": "12",
    "x": 167,
    "y": 1728,
    "page_width": 1359,
    "page_height": 1873,
    "page_no": 48
  },
  {
    "question": "14",
    "text": "14",
    "x": 167,
    "y": 1728,
    "page_width": 1359,
    "page_height": 1873,
    "page_no": 50
  },
  {
    "question": "16",
    "text": "16",
    "x": 167,
    "y": 1728,
    "page_width": 1359,
    "page_height": 1873,
    "page_no": 52
  },
  {
    "question": "18",
    "text": "18",
    "x": 167,
    "y": 1728,
    "page_width": 1359,
    "page_height": 1873,
    "page_no": 54
  },
  {
    "question": "20",
    "text": "20",
    "x": 166,
    "y": 1728,
    "page_width": 1359,
    "page_height": 1873,
    "page_no": 56
  },
  {
    "question": "40",
    "text": "40N",
    "x": 86,
    "y": 1007,
    "page_width": 1359,
    "page_height": 1873,
    "page_no": 9
  },
  {
    "question": "00",
    "text": "00",
    "x": 86,
    "y": 1056,
    "page_width": 1359,
    "page_height": 1873,
    "page_no": 9
  },
  {
    "question": "0",
    "text": "0G",
    "x": 86,
    "y": 1061,
    "page_width": 1359,
    "page_height": 1873,
    "page_no": 15
  },
  {
    "question": "0",
    "text": "0G",
    "x": 86,
    "y": 1061,
    "page_width": 1359,
    "page_height": 1873,
    "page_no": 35
  },
  {
    "question": "10",
    "text": "10",
    "x": 163,
    "y": 1728,
    "page_width": 1359,
    "page_height": 1873,
    "page_no": 10
  },
  {
    "question": "12",
    "text": "12",
    "x": 163,
    "y": 1728,
    "page_width": 1359,
    "page_height": 1873,
    "page_no": 12
  },
  {
    "question": "14",
    "text": "14",
    "x": 163,
    "y": 1728,
    "page_width": 1359,
    "page_height": 1873,
    "page_no": 14
  },
  {
    "question": "16",
    "text": "16",
    "x": 163,
    "y": 1728,
    "page_width": 1359,
    "page_height": 1873,
    "page_no": 16
  },
  {
    "question": "18",
    "text": "18",
    "x": 163,
    "y": 1728,
    "page_width": 1359,
    "page_height": 1873,
    "page_no": 18
  },
  {
    "question": "20",
    "text": "20",
    "x": 162,
    "y": 1728,
    "page_width": 1359,
    "page_height": 1873,
    "page_no": 20
  },
  {
    "question": "22",
    "text": "22",
    "x": 162,
    "y": 1728,
    "page_width": 1359,
    "page_height": 1873,
    "page_no": 22
  },
  {
    "question": "24",
    "text": "24",
    "x": 162,
    "y": 1728,
    "page_width": 1359,
    "page_height": 1873,
    "page_no": 24
  },
  {
    "question": "26",
    "text": "26",
    "x": 162,
    "y": 1728,
    "page_width": 1359,
    "page_height": 1873,
    "page_no": 26
  },
  {
    "question": "28",
    "text": "28",
    "x": 162,
    "y": 1728,
    "page_width": 1359,
    "page_height": 1873,
    "page_no": 28
  },
  {
    "question": "30",
    "text": "30",
    "x": 163,
    "y": 1728,
    "page_width": 1359,
    "page_height": 1873,
    "page_no": 30
  },
  {
    "question": "32",
    "text": "32",
    "x": 163,
    "y": 1728,
    "page_width": 1359,
    "page_height": 1873,
    "page_no": 32
  },
  {
    "question": "34",
    "text": "34",
    "x": 163,
    "y": 1728,
    "page_width": 1359,
    "page_height": 1873,
    "page_no": 34
  },
  {
    "question": "36",
    "text": "36",
    "x": 163,
    "y": 1728,
    "page_width": 1359,
    "page_height": 1873,
    "page_no": 36
  }
]