[
  {
    "question": "1",
    "text": "1a",
    "x": 87,
    "y": 283,
    "page_width": 1241,
    "page_height": 1754,
    "page_no": 4
  },
  {
    "question": "1",
    "text": "1b",
    "x": 87,
    "y": 675,
    "page_width": 1241,
    "page_height": 1754,
    "page_no": 4
  },
  {
    "question": "2",
    "text": "2a",
    "x": 86,
    "y": 1226,
    "page_width": 1241,
    "page_height": 1754,
    "page_no": 4
  },
  {
    "question": "2",
    "text": "2b",
    "x": 86,
    "y": 226,
    "page_width": 1241,
    "page_height": 1754,
    "page_no": 5
  },
  {
    "question": "2",
    "text": "2c",
    "x": 86,
    "y": 226,
    "page_width": 1241,
    "page_height": 1754,
    "page_no": 6
  },
  {
    "question": "3",
    "text": "3a",
    "x": 86,
    "y": 756,
    "page_width": 1241,
    "page_height": 1754,
    "page_no": 6
  },
  {
    "question": "3",
    "text": "3b",
    "x": 86,
    "y": 226,
    "page_width": 1241,
    "page_height": 1754,
    "page_no": 7
  },
  {
    "question": "4",
    "text": "4a",
    "x": 86,
    "y": 226,
    "page_width": 1241,
    "page_height": 1754,
    "page_no": 8
  },
  {
    "question": "4",
    "text": "4b",
    "x": 86,
    "y": 253,
    "page_width": 1241,
    "page_height": 1754,
    "page_no": 9
  },
  {
    "question": "6",
    "text": "6",
    "x": 86,
    "y": 281,
    "page_width": 1241,
    "page_height": 1754,
    "page_no": 12
  },
  {
    "question": "6",
    "text": "6",
    "x": 86,
    "y": 784,
    "page_width": 1241,
    "page_height": 1754,
    "page_no": 12
  },
  {
    "question": "7",
    "text": "7",
    "x": 86,
    "y": 227,
    "page_width": 1241,
    "page_height": 1754,
    "page_no": 13
  },
  {
    "question": "7",
    "text": "7",
    "x": 86,
    "y": 227,
    "page_width": 1241,
    "page_height": 1754,
    "page_no": 14
  },
  {
    "question": "8",
    "text": "8",
    "x": 86,
    "y": 971,
    "page_width": 1241,
    "page_height": 1754,
    "page_no": 14
  },
  {
    "question": "8",
    "text": "8",
    "x": 86,
    "y": 226,
    "page_width": 1241,
    "page_height": 1754,
    "page_no": 15
  },
  {
    "question": "9",
    "text": "9",
    "x": 86,
    "y": 279,
    "page_width": 1241,
    "page_height": 1754,
    "page_no": 16
  },
  {
    "question": "9",
    "text": "9",
    "x": 86,
    "y": 226,
    "page_width": 1241,
    "page_height": 1754,
    "page_no": 17
  }
]