[
  {
    "question": 0,
    "x": 137,
    "y": 1402,
    "page_no": 10,
    "page_width": 1275,
    "page_height": 1650
  },
  {
    "question": 3,
    "x": 164,
    "y": 147,
    "page_no": 8,
    "page_width": 1275,
    "page_height": 1650
  },
  {
    "question": 2,
    "x": 164,
    "y": 170,
    "page_no": 7,
    "page_width": 1275,
    "page_height": 1650
  },
  {
    "question": 1,
    "x": 165,
    "y": 170,
    "page_no": 6,
    "page_width": 1275,
    "page_height": 1650
  },
  {
    "question": "4",
    "text": "4ai",
    "x": 148,
    "y": 169,
    "page_width": 1275,
    "page_height": 1650,
    "page_no": 9
  },
  {
    "question": "4",
    "text": "4ciii",
    "x": 148,
    "y": 1097,
    "page_width": 1275,
    "page_height": 1650,
    "page_no": 10
  }
]