[
  {
    "question": "1",
    "text": "1a",
    "x": 149,
    "y": 227,
    "page_width": 1755,
    "page_height": 1241,
    "page_no": 4
  },
  {
    "question": "1",
    "text": "1b",
    "x": 149,
    "y": 523,
    "page_width": 1755,
    "page_height": 1241,
    "page_no": 4
  },
  {
    "question": "1",
    "text": "1c",
    "x": 149,
    "y": 821,
    "page_width": 1755,
    "page_height": 1241,
    "page_no": 4
  },
  {
    "question": "1",
    "text": "1d",
    "x": 149,
    "y": 169,
    "page_width": 1755,
    "page_height": 1241,
    "page_no": 5
  },
  {
    "question": "3",
    "text": "3",
    "x": 147,
    "y": 796,
    "page_width": 1755,
    "page_height": 1241,
    "page_no": 5
  },
  {
    "question": "4",
    "text": "4",
    "x": 147,
    "y": 198,
    "page_width": 1755,
    "page_height": 1241,
    "page_no": 6
  },
  {
    "question": "5",
    "text": "5",
    "x": 147,
    "y": 494,
    "page_width": 1755,
    "page_height": 1241,
    "page_no": 6
  },
  {
    "question": "6",
    "text": "6",
    "x": 147,
    "y": 819,
    "page_width": 1755,
    "page_height": 1241,
    "page_no": 6
  },
  {
    "question": "7",
    "text": "7",
    "x": 147,
    "y": 169,
    "page_width": 1755,
    "page_height": 1241,
    "page_no": 7
  },
  {
    "question": "8",
    "text": "8",
    "x": 147,
    "y": 467,
    "page_width": 1755,
    "page_height": 1241,
    "page_no": 7
  },
  {
    "question": "9",
    "text": "9",
    "x": 147,
    "y": 772,
    "page_width": 1755,
    "page_height": 1241,
    "page_no": 7
  },
  {
    "question": "10",
    "text": "10",
    "x": 149,
    "y": 198,
    "page_width": 1755,
    "page_height": 1241,
    "page_no": 8
  },
  {
    "question": "11",
    "text": "11",
    "x": 149,
    "y": 523,
    "page_width": 1755,
    "page_height": 1241,
    "page_no": 8
  },
  {
    "question": "1",
    "text": "1d",
    "x": 149,
    "y": 198,
    "page_width": 1755,
    "page_height": 1241,
    "page_no": 9
  },
  {
    "question": "13",
    "text": "13",
    "x": 149,
    "y": 499,
    "page_width": 1755,
    "page_height": 1241,
    "page_no": 9
  },
  {
    "question": "14",
    "text": "14",
    "x": 149,
    "y": 804,
    "page_width": 1755,
    "page_height": 1241,
    "page_no": 9
  },
  {
    "question": "15",
    "text": "15",
    "x": 149,
    "y": 198,
    "page_width": 1755,
    "page_height": 1241,
    "page_no": 10
  },
  {
    "question": "16",
    "text": "16",
    "x": 149,
    "y": 494,
    "page_width": 1755,
    "page_height": 1241,
    "page_no": 10
  },
  {
    "question": "17",
    "text": "17",
    "x": 149,
    "y": 790,
    "page_width": 1755,
    "page_height": 1241,
    "page_no": 10
  },
  {
    "question": "18",
    "text": "18a",
    "x": 149,
    "y": 226,
    "page_width": 1755,
    "page_height": 1241,
    "page_no": 11
  },
  {
    "question": "18",
    "text": "18b",
    "x": 149,
    "y": 662,
    "page_width": 1755,
    "page_height": 1241,
    "page_no": 11
  },
  {
    "question": "18",
    "text": "18c",
    "x": 149,
    "y": 169,
    "page_width": 1755,
    "page_height": 1241,
    "page_no": 12
  },
  {
    "question": "18",
    "text": "18d",
    "x": 149,
    "y": 169,
    "page_width": 1755,
    "page_height": 1241,
    "page_no": 13
  },
  {
    "question": "18",
    "text": "18e",
    "x": 149,
    "y": 169,
    "page_width": 1755,
    "page_height": 1241,
    "page_no": 14
  },
  {
    "question": "18",
    "text": "18f",
    "x": 149,
    "y": 689,
    "page_width": 1755,
    "page_height": 1241,
    "page_no": 14
  },
  {
    "question": "19",
    "text": "19a",
    "x": 149,
    "y": 198,
    "page_width": 1755,
    "page_height": 1241,
    "page_no": 15
  },
  {
    "question": "19",
    "text": "19b",
    "x": 149,
    "y": 198,
    "page_width": 1755,
    "page_height": 1241,
    "page_no": 16
  },
  {
    "question": "19",
    "text": "19c",
    "x": 148,
    "y": 198,
    "page_width": 1755,
    "page_height": 1241,
    "page_no": 17
  },
  {
    "question": "19",
    "text": "194",
    "x": 149,
    "y": 198,
    "page_width": 1755,
    "page_height": 1241,
    "page_no": 18
  },
  {
    "question": "19",
    "text": "19dii",
    "x": 149,
    "y": 169,
    "page_width": 1755,
    "page_height": 1241,
    "page_no": 19
  },
  {
    "question": "19",
    "text": "19e",
    "x": 149,
    "y": 169,
    "page_width": 1755,
    "page_height": 1241,
    "page_no": 20
  },
  {
    "question": "19",
    "text": "19fi",
    "x": 149,
    "y": 165,
    "page_width": 1755,
    "page_height": 1241,
    "page_no": 21
  },
  {
    "question": "19",
    "text": "19fii",
    "x": 149,
    "y": 669,
    "page_width": 1755,
    "page_height": 1241,
    "page_no": 21
  },
  {
    "question": "19",
    "text": "19fiii",
    "x": 148,
    "y": 194,
    "page_width": 1755,
    "page_height": 1241,
    "page_no": 22
  },
  {
    "question": "20",
    "text": "20a",
    "x": 147,
    "y": 169,
    "page_width": 1755,
    "page_height": 1241,
    "page_no": 23
  },
  {
    "question": "20",
    "text": "20bi",
    "x": 147,
    "y": 637,
    "page_width": 1755,
    "page_height": 1241,
    "page_no": 23
  },
  {
    "question": "20",
    "text": "20bii",
    "x": 147,
    "y": 169,
    "page_width": 1755,
    "page_height": 1241,
    "page_no": 24
  },
  {
    "question": "20",
    "text": "20ci",
    "x": 147,
    "y": 733,
    "page_width": 1755,
    "page_height": 1241,
    "page_no": 24
  },
  {
    "question": "20",
    "text": "20cii",
    "x": 147,
    "y": 198,
    "page_width": 1755,
    "page_height": 1241,
    "page_no": 25
  },
  {
    "question": "20",
    "text": "20ciii",
    "x": 147,
    "y": 169,
    "page_width": 1755,
    "page_height": 1241,
    "page_no": 26
  },
  {
    "question": "20",
    "text": "20civ",
    "x": 147,
    "y": 519,
    "page_width": 1755,
    "page_height": 1241,
    "page_no": 26
  },
  {
    "question": "20",
    "text": "20cv",
    "x": 147,
    "y": 815,
    "page_width": 1755,
    "page_height": 1241,
    "page_no": 26
  },
  {
    "question": "20",
    "text": "20cvi",
    "x": 147,
    "y": 198,
    "page_width": 1755,
    "page_height": 1241,
    "page_no": 27
  },
  {
    "question": "21",
    "text": "21a",
    "x": 147,
    "y": 226,
    "page_width": 1755,
    "page_height": 1241,
    "page_no": 29
  },
  {
    "question": "21",
    "text": "21b",
    "x": 147,
    "y": 198,
    "page_width": 1755,
    "page_height": 1241,
    "page_no": 30
  },
  {
    "question": "21",
    "text": "21c",
    "x": 147,
    "y": 169,
    "page_width": 1755,
    "page_height": 1241,
    "page_no": 31
  },
  {
    "question": "21",
    "text": "21di",
    "x": 147,
    "y": 545,
    "page_width": 1755,
    "page_height": 1241,
    "page_no": 31
  },
  {
    "question": "21",
    "text": "21dii",
    "x": 147,
    "y": 169,
    "page_width": 1755,
    "page_height": 1241,
    "page_no": 32
  },
  {
    "question": "21",
    "text": "21diii",
    "x": 147,
    "y": 780,
    "page_width": 1755,
    "page_height": 1241,
    "page_no": 32
  },
  {
    "question": "21",
    "text": "21div",
    "x": 147,
    "y": 169,
    "page_width": 1755,
    "page_height": 1241,
    "page_no": 33
  },
  {
    "question": "21",
    "text": "21dv",
    "x": 147,
    "y": 714,
    "page_width": 1755,
    "page_height": 1241,
    "page_no": 33
  },
  {
    "question": "21",
    "text": "21ei",
    "x": 147,
    "y": 198,
    "page_width": 1755,
    "page_height": 1241,
    "page_no": 34
  },
  {
    "question": "21",
    "text": "21eii",
    "x": 147,
    "y": 198,
    "page_width": 1755,
    "page_height": 1241,
    "page_no": 35
  },
  {
    "question": "21",
    "text": "21Hi",
    "x": 147,
    "y": 169,
    "page_width": 1755,
    "page_height": 1241,
    "page_no": 37
  },
  {
    "question": "21",
    "text": "21fii",
    "x": 147,
    "y": 169,
    "page_width": 1755,
    "page_height": 1241,
    "page_no": 38
  }
]