[
  {
    "question": "1",
    "text": "1",
    "x": 91,
    "y": 283,
    "page_width": 1241,
    "page_height": 1754,
    "page_no": 2
  },
  {
    "question": "2",
    "text": "2",
    "x": 89,
    "y": 282,
    "page_width": 1241,
    "page_height": 1754,
    "page_no": 10
  },
  {
    "question": "3",
    "text": "3",
    "x": 89,
    "y": 282,
    "page_width": 1241,
    "page_height": 1754,
    "page_no": 13
  },
  {
    "question": "22",
    "text": "220,000",
    "x": 90,
    "y": 879,
    "page_width": 1241,
    "page_height": 1754,
    "page_no": 22
  },
  {
    "question": "8",
    "text": "8c31-095d20267156",
    "x": 89,
    "y": 1546,
    "page_width": 1241,
    "page_height": 1754,
    "page_no": 24
  }
]