[
  {
    "question": "4",
    "text": "4",
    "x": 118,
    "y": 563,
    "page_width": 1241,
    "page_height": 1754,
    "page_no": 8
  },
  {
    "question": "4",
    "text": "4",
    "x": 118,
    "y": 781,
    "page_width": 1241,
    "page_height": 1754,
    "page_no": 8
  },
  {
    "question": "4",
    "text": "4",
    "x": 118,
    "y": 906,
    "page_width": 1241,
    "page_height": 1754,
    "page_no": 8
  },
  {
    "question": "4",
    "text": "4",
    "x": 118,
    "y": 937,
    "page_width": 1241,
    "page_height": 1754,
    "page_no": 8
  },
  {
    "question": "0",
    "text": "0/f.",
    "x": 119,
    "y": 406,
    "page_width": 1241,
    "page_height": 1754,
    "page_no": 9
  },
  {
    "question": "12",
    "text": "12",
    "x": 120,
    "y": 993,
    "page_width": 1241,
    "page_height": 1754,
    "page_no": 14
  }
]