[
  {
    "question": "1",
    "text": "1",
    "x": 131,
    "y": 234,
    "page_width": 1241,
    "page_height": 1754,
    "page_no": 4
  },
  {
    "question": "2",
    "text": "2",
    "x": 131,
    "y": 641,
    "page_width": 1241,
    "page_height": 1754,
    "page_no": 4
  },
  {
    "question": "3",
    "text": "3",
    "x": 131,
    "y": 1016,
    "page_width": 1241,
    "page_height": 1754,
    "page_no": 4
  },
  {
    "question": "4",
    "text": "4",
    "x": 130,
    "y": 1361,
    "page_width": 1241,
    "page_height": 1754,
    "page_no": 4
  },
  {
    "question": "7",
    "text": "7",
    "x": 130,
    "y": 329,
    "page_width": 1241,
    "page_height": 1754,
    "page_no": 6
  },
  {
    "question": "8",
    "text": "8",
    "x": 132,
    "y": 284,
    "page_width": 1241,
    "page_height": 1754,
    "page_no": 7
  },
  {
    "question": "9",
    "text": "9",
    "x": 132,
    "y": 284,
    "page_width": 1241,
    "page_height": 1754,
    "page_no": 8
  },
  {
    "question": "10",
    "text": "10",
    "x": 133,
    "y": 284,
    "page_width": 1241,
    "page_height": 1754,
    "page_no": 9
  },
  {
    "question": "11",
    "text": "11",
    "x": 133,
    "y": 304,
    "page_width": 1241,
    "page_height": 1754,
    "page_no": 10
  },
  {
    "question": "12",
    "text": "12",
    "x": 133,
    "y": 296,
    "page_width": 1241,
    "page_height": 1754,
    "page_no": 11
  },
  {
    "question": "12",
    "text": "12",
    "x": 133,
    "y": 284,
    "page_width": 1241,
    "page_height": 1754,
    "page_no": 12
  },
  {
    "question": "12",
    "text": "12",
    "x": 133,
    "y": 343,
    "page_width": 1241,
    "page_height": 1754,
    "page_no": 13
  },
  {
    "question": "12",
    "text": "12d",
    "x": 133,
    "y": 317,
    "page_width": 1241,
    "page_height": 1754,
    "page_no": 15
  },
  {
    "question": "12",
    "text": "12e",
    "x": 133,
    "y": 368,
    "page_width": 1241,
    "page_height": 1754,
    "page_no": 17
  },
  {
    "question": "13",
    "text": "13",
    "x": 133,
    "y": 318,
    "page_width": 1241,
    "page_height": 1754,
    "page_no": 21
  },
  {
    "question": "14",
    "text": "14",
    "x": 133,
    "y": 237,
    "page_width": 1241,
    "page_height": 1754,
    "page_no": 24
  }
]