[
  {
    "question": "7",
    "text": "7a",
    "x": 161,
    "y": 1089,
    "page_width": 1241,
    "page_height": 1754,
    "page_no": 4
  },
  {
    "question": "7",
    "text": "7b",
    "x": 161,
    "y": 226,
    "page_width": 1241,
    "page_height": 1754,
    "page_no": 5
  },
  {
    "question": "7",
    "text": "7c",
    "x": 161,
    "y": 251,
    "page_width": 1241,
    "page_height": 1754,
    "page_no": 6
  },
  {
    "question": "7",
    "text": "7d",
    "x": 161,
    "y": 226,
    "page_width": 1241,
    "page_height": 1754,
    "page_no": 7
  },
  {
    "question": "7",
    "text": "7e",
    "x": 161,
    "y": 280,
    "page_width": 1241,
    "page_height": 1754,
    "page_no": 8
  },
  {
    "question": "8",
    "text": "8",
    "x": 160,
    "y": 373,
    "page_width": 1241,
    "page_height": 1754,
    "page_no": 11
  },
  {
    "question": "9",
    "text": "9",
    "x": 161,
    "y": 331,
    "page_width": 1241,
    "page_height": 1754,
    "page_no": 14
  }
]