[
  {
    "question": "1",
    "text": "1",
    "x": 91,
    "y": 283,
    "page_width": 1241,
    "page_height": 1754,
    "page_no": 2
  },
  {
    "question": "2",
    "text": "2.",
    "x": 89,
    "y": 282,
    "page_width": 1241,
    "page_height": 1754,
    "page_no": 9
  },
  {
    "question": "3",
    "text": "3",
    "x": 89,
    "y": 282,
    "page_width": 1241,
    "page_height": 1754,
    "page_no": 12
  },
  {
    "question": "30",
    "text": "30%",
    "x": 90,
    "y": 295,
    "page_width": 1241,
    "page_height": 1754,
    "page_no": 19
  },
  {
    "question": "10",
    "text": "10",
    "x": 91,
    "y": 862,
    "page_width": 1241,
    "page_height": 1754,
    "page_no": 19
  },
  {
    "question": "20",
    "text": "2023.",
    "x": 89,
    "y": 316,
    "page_width": 1241,
    "page_height": 1754,
    "page_no": 21
  }
]