[
  {
    "question": "1",
    "text": "1a",
    "x": 163,
    "y": 276,
    "page_width": 1755,
    "page_height": 1241,
    "page_no": 5
  },
  {
    "question": "1",
    "text": "1b",
    "x": 163,
    "y": 590,
    "page_width": 1755,
    "page_height": 1241,
    "page_no": 5
  },
  {
    "question": "2",
    "text": "2",
    "x": 163,
    "y": 905,
    "page_width": 1755,
    "page_height": 1241,
    "page_no": 5
  },
  {
    "question": "3",
    "text": "3a",
    "x": 162,
    "y": 219,
    "page_width": 1755,
    "page_height": 1241,
    "page_no": 6
  },
  {
    "question": "3",
    "text": "3b",
    "x": 163,
    "y": 534,
    "page_width": 1755,
    "page_height": 1241,
    "page_no": 6
  },
  {
    "question": "4",
    "text": "4a",
    "x": 163,
    "y": 851,
    "page_width": 1755,
    "page_height": 1241,
    "page_no": 6
  },
  {
    "question": "4",
    "text": "4b",
    "x": 163,
    "y": 188,
    "page_width": 1755,
    "page_height": 1241,
    "page_no": 7
  },
  {
    "question": "4",
    "text": "4d",
    "x": 162,
    "y": 811,
    "page_width": 1755,
    "page_height": 1241,
    "page_no": 7
  },
  {
    "question": "5",
    "text": "5",
    "x": 163,
    "y": 220,
    "page_width": 1755,
    "page_height": 1241,
    "page_no": 8
  },
  {
    "question": "6",
    "text": "6",
    "x": 162,
    "y": 580,
    "page_width": 1755,
    "page_height": 1241,
    "page_no": 8
  },
  {
    "question": "7",
    "text": "7a",
    "x": 162,
    "y": 217,
    "page_width": 1755,
    "page_height": 1241,
    "page_no": 9
  },
  {
    "question": "7",
    "text": "7b",
    "x": 162,
    "y": 527,
    "page_width": 1755,
    "page_height": 1241,
    "page_no": 9
  },
  {
    "question": "7",
    "text": "7c",
    "x": 162,
    "y": 879,
    "page_width": 1755,
    "page_height": 1241,
    "page_no": 9
  },
  {
    "question": "8",
    "text": "8",
    "x": 162,
    "y": 219,
    "page_width": 1755,
    "page_height": 1241,
    "page_no": 10
  },
  {
    "question": "9",
    "text": "9",
    "x": 162,
    "y": 534,
    "page_width": 1755,
    "page_height": 1241,
    "page_no": 10
  },
  {
    "question": "10",
    "text": "10a",
    "x": 163,
    "y": 850,
    "page_width": 1755,
    "page_height": 1241,
    "page_no": 10
  },
  {
    "question": "10",
    "text": "10b",
    "x": 163,
    "y": 219,
    "page_width": 1755,
    "page_height": 1241,
    "page_no": 11
  },
  {
    "question": "11",
    "text": "11a",
    "x": 163,
    "y": 529,
    "page_width": 1755,
    "page_height": 1241,
    "page_no": 11
  },
  {
    "question": "11",
    "text": "11",
    "x": 163,
    "y": 220,
    "page_width": 1755,
    "page_height": 1241,
    "page_no": 12
  },
  {
    "question": "12",
    "text": "12a",
    "x": 163,
    "y": 273,
    "page_width": 1755,
    "page_height": 1241,
    "page_no": 13
  },
  {
    "question": "12",
    "text": "12b",
    "x": 163,
    "y": 532,
    "page_width": 1755,
    "page_height": 1241,
    "page_no": 13
  },
  {
    "question": "12",
    "text": "12c",
    "x": 163,
    "y": 282,
    "page_width": 1755,
    "page_height": 1241,
    "page_no": 14
  },
  {
    "question": "12",
    "text": "12d",
    "x": 163,
    "y": 659,
    "page_width": 1755,
    "page_height": 1241,
    "page_no": 14
  },
  {
    "question": "12",
    "text": "12e",
    "x": 163,
    "y": 219,
    "page_width": 1755,
    "page_height": 1241,
    "page_no": 15
  },
  {
    "question": "12",
    "text": "12f",
    "x": 163,
    "y": 214,
    "page_width": 1755,
    "page_height": 1241,
    "page_no": 16
  },
  {
    "question": "13",
    "text": "13ai",
    "x": 163,
    "y": 214,
    "page_width": 1755,
    "page_height": 1241,
    "page_no": 17
  },
  {
    "question": "13",
    "text": "13aii",
    "x": 163,
    "y": 589,
    "page_width": 1755,
    "page_height": 1241,
    "page_no": 17
  },
  {
    "question": "13",
    "text": "13aiii",
    "x": 163,
    "y": 783,
    "page_width": 1755,
    "page_height": 1241,
    "page_no": 17
  },
  {
    "question": "13",
    "text": "13b",
    "x": 163,
    "y": 219,
    "page_width": 1755,
    "page_height": 1241,
    "page_no": 18
  },
  {
    "question": "13",
    "text": "13c",
    "x": 163,
    "y": 592,
    "page_width": 1755,
    "page_height": 1241,
    "page_no": 18
  },
  {
    "question": "13",
    "text": "13d",
    "x": 163,
    "y": 219,
    "page_width": 1755,
    "page_height": 1241,
    "page_no": 19
  },
  {
    "question": "14",
    "text": "14a",
    "x": 163,
    "y": 220,
    "page_width": 1755,
    "page_height": 1241,
    "page_no": 20
  },
  {
    "question": "14",
    "text": "14bi",
    "x": 163,
    "y": 494,
    "page_width": 1755,
    "page_height": 1241,
    "page_no": 20
  },
  {
    "question": "14",
    "text": "14bii",
    "x": 163,
    "y": 805,
    "page_width": 1755,
    "page_height": 1241,
    "page_no": 20
  },
  {
    "question": "14",
    "text": "14ci",
    "x": 163,
    "y": 219,
    "page_width": 1755,
    "page_height": 1241,
    "page_no": 21
  },
  {
    "question": "14",
    "text": "14cii",
    "x": 163,
    "y": 525,
    "page_width": 1755,
    "page_height": 1241,
    "page_no": 21
  },
  {
    "question": "14",
    "text": "14di",
    "x": 163,
    "y": 1022,
    "page_width": 1755,
    "page_height": 1241,
    "page_no": 21
  },
  {
    "question": "14",
    "text": "14dii",
    "x": 163,
    "y": 219,
    "page_width": 1755,
    "page_height": 1241,
    "page_no": 22
  },
  {
    "question": "15",
    "text": "15a",
    "x": 163,
    "y": 220,
    "page_width": 1755,
    "page_height": 1241,
    "page_no": 23
  },
  {
    "question": "15",
    "text": "15bi",
    "x": 163,
    "y": 650,
    "page_width": 1755,
    "page_height": 1241,
    "page_no": 23
  },
  {
    "question": "15",
    "text": "15bii",
    "x": 163,
    "y": 805,
    "page_width": 1755,
    "page_height": 1241,
    "page_no": 23
  },
  {
    "question": "15",
    "text": "15biii",
    "x": 163,
    "y": 215,
    "page_width": 1755,
    "page_height": 1241,
    "page_no": 24
  },
  {
    "question": "15",
    "text": "15c",
    "x": 163,
    "y": 220,
    "page_width": 1755,
    "page_height": 1241,
    "page_no": 25
  },
  {
    "question": "15",
    "text": "15d",
    "x": 163,
    "y": 219,
    "page_width": 1755,
    "page_height": 1241,
    "page_no": 26
  },
  {
    "question": "15",
    "text": "15ei",
    "x": 163,
    "y": 219,
    "page_width": 1755,
    "page_height": 1241,
    "page_no": 27
  },
  {
    "question": "15",
    "text": "15eii",
    "x": 163,
    "y": 298,
    "page_width": 1755,
    "page_height": 1241,
    "page_no": 28
  }
]