[
  {
    "question": "4",
    "text": "4a",
    "x": 87,
    "y": 253,
    "page_width": 1241,
    "page_height": 1754,
    "page_no": 4
  },
  {
    "question": "4",
    "text": "4b",
    "x": 87,
    "y": 728,
    "page_width": 1241,
    "page_height": 1754,
    "page_no": 4
  },
  {
    "question": "1",
    "text": "1c",
    "x": 87,
    "y": 225,
    "page_width": 1241,
    "page_height": 1754,
    "page_no": 5
  },
  {
    "question": "2",
    "text": "2a",
    "x": 86,
    "y": 180,
    "page_width": 1241,
    "page_height": 1754,
    "page_no": 6
  },
  {
    "question": "2",
    "text": "2b",
    "x": 86,
    "y": 816,
    "page_width": 1241,
    "page_height": 1754,
    "page_no": 6
  },
  {
    "question": "2",
    "text": "2c",
    "x": 86,
    "y": 180,
    "page_width": 1241,
    "page_height": 1754,
    "page_no": 7
  },
  {
    "question": "3",
    "text": "3a",
    "x": 86,
    "y": 180,
    "page_width": 1241,
    "page_height": 1754,
    "page_no": 8
  },
  {
    "question": "3",
    "text": "3b",
    "x": 86,
    "y": 813,
    "page_width": 1241,
    "page_height": 1754,
    "page_no": 8
  },
  {
    "question": "4",
    "text": "4a",
    "x": 86,
    "y": 180,
    "page_width": 1241,
    "page_height": 1754,
    "page_no": 9
  },
  {
    "question": "4",
    "text": "4b",
    "x": 86,
    "y": 180,
    "page_width": 1241,
    "page_height": 1754,
    "page_no": 10
  },
  {
    "question": "4",
    "text": "4c",
    "x": 86,
    "y": 180,
    "page_width": 1241,
    "page_height": 1754,
    "page_no": 11
  },
  {
    "question": "6",
    "text": "6a",
    "x": 86,
    "y": 229,
    "page_width": 1241,
    "page_height": 1754,
    "page_no": 14
  },
  {
    "question": "7",
    "text": "7a",
    "x": 86,
    "y": 180,
    "page_width": 1241,
    "page_height": 1754,
    "page_no": 15
  },
  {
    "question": "7",
    "text": "7b",
    "x": 86,
    "y": 756,
    "page_width": 1241,
    "page_height": 1754,
    "page_no": 15
  },
  {
    "question": "8",
    "text": "8",
    "x": 86,
    "y": 225,
    "page_width": 1241,
    "page_height": 1754,
    "page_no": 16
  },
  {
    "question": "9",
    "text": "9b",
    "x": 86,
    "y": 225,
    "page_width": 1241,
    "page_height": 1754,
    "page_no": 18
  },
  {
    "question": "9",
    "text": "9c",
    "x": 86,
    "y": 689,
    "page_width": 1241,
    "page_height": 1754,
    "page_no": 18
  },
  {
    "question": "1",
    "text": "1",
    "x": 128,
    "y": 321,
    "page_width": 1241,
    "page_height": 1754,
    "page_no": 20
  },
  {
    "question": "2",
    "text": "2",
    "x": 126,
    "y": 425,
    "page_width": 1241,
    "page_height": 1754,
    "page_no": 20
  },
  {
    "question": "3",
    "text": "3",
    "x": 126,
    "y": 559,
    "page_width": 1241,
    "page_height": 1754,
    "page_no": 20
  },
  {
    "question": "4",
    "text": "4",
    "x": 126,
    "y": 752,
    "page_width": 1241,
    "page_height": 1754,
    "page_no": 20
  },
  {
    "question": "1",
    "text": "1",
    "x": 135,
    "y": 688,
    "page_width": 1241,
    "page_height": 1754,
    "page_no": 22
  },
  {
    "question": "2",
    "text": "2",
    "x": 133,
    "y": 809,
    "page_width": 1241,
    "page_height": 1754,
    "page_no": 22
  },
  {
    "question": "3",
    "text": "3",
    "x": 133,
    "y": 958,
    "page_width": 1241,
    "page_height": 1754,
    "page_no": 22
  },
  {
    "question": "4",
    "text": "4",
    "x": 133,
    "y": 1162,
    "page_width": 1241,
    "page_height": 1754,
    "page_no": 22
  },
  {
    "question": "5",
    "text": "5",
    "x": 134,
    "y": 1368,
    "page_width": 1241,
    "page_height": 1754,
    "page_no": 22
  }
]