[
  {
    "question": 0,
    "x": 170,
    "y": 1158,
    "page_no": 16,
    "page_width": 1359,
    "page_height": 1873
  },
  {
    "question": 4,
    "x": 148,
    "y": 178,
    "page_no": 13,
    "page_width": 1359,
    "page_height": 1873
  },
  {
    "question": 3,
    "x": 148,
    "y": 184,
    "page_no": 10,
    "page_width": 1359,
    "page_height": 1873
  },
  {
    "question": 2,
    "x": 152,
    "y": 184,
    "page_no": 6,
    "page_width": 1359,
    "page_height": 1873
  },
  {
    "question": 1,
    "x": 155,
    "y": 256,
    "page_no": 2,
    "page_width": 1359,
    "page_height": 1873
  },
  {
    "question": "18",
    "text": "18",
    "x": 163,
    "y": 1728,
    "page_width": 1359,
    "page_height": 1873,
    "page_no": 18
  },
  {
    "question": "20",
    "text": "20",
    "x": 162,
    "y": 1728,
    "page_width": 1359,
    "page_height": 1873,
    "page_no": 20
  }
]