[
  {
    "question": "1",
    "text": "1",
    "x": 91,
    "y": 283,
    "page_width": 1241,
    "page_height": 1754,
    "page_no": 2
  },
  {
    "question": "2",
    "text": "2.",
    "x": 89,
    "y": 282,
    "page_width": 1241,
    "page_height": 1754,
    "page_no": 10
  },
  {
    "question": "3",
    "text": "3",
    "x": 89,
    "y": 282,
    "page_width": 1241,
    "page_height": 1754,
    "page_no": 13
  },
  {
    "question": "76",
    "text": "76%",
    "x": 90,
    "y": 533,
    "page_width": 1241,
    "page_height": 1754,
    "page_no": 21
  },
  {
    "question": "15",
    "text": "15-20%",
    "x": 91,
    "y": 562,
    "page_width": 1241,
    "page_height": 1754,
    "page_no": 21
  }
]