[
  {
    "question": "1",
    "text": "1.",
    "x": 121,
    "y": 283,
    "page_width": 1241,
    "page_height": 1754,
    "page_no": 4
  },
  {
    "question": "2",
    "text": "2.",
    "x": 119,
    "y": 354,
    "page_width": 1241,
    "page_height": 1754,
    "page_no": 4
  },
  {
    "question": "3",
    "text": "3.",
    "x": 119,
    "y": 158,
    "page_width": 1241,
    "page_height": 1754,
    "page_no": 5
  },
  {
    "question": "4",
    "text": "4.",
    "x": 119,
    "y": 854,
    "page_width": 1241,
    "page_height": 1754,
    "page_no": 5
  },
  {
    "question": "5",
    "text": "5.",
    "x": 120,
    "y": 1034,
    "page_width": 1241,
    "page_height": 1754,
    "page_no": 5
  },
  {
    "question": "6",
    "text": "6.",
    "x": 120,
    "y": 1141,
    "page_width": 1241,
    "page_height": 1754,
    "page_no": 5
  },
  {
    "question": "7",
    "text": "7.",
    "x": 119,
    "y": 1352,
    "page_width": 1241,
    "page_height": 1754,
    "page_no": 5
  },
  {
    "question": "1",
    "text": "1.",
    "x": 120,
    "y": 315,
    "page_width": 1241,
    "page_height": 1754,
    "page_no": 6
  },
  {
    "question": "2",
    "text": "2.",
    "x": 119,
    "y": 421,
    "page_width": 1241,
    "page_height": 1754,
    "page_no": 6
  },
  {
    "question": "3",
    "text": "3.",
    "x": 119,
    "y": 493,
    "page_width": 1241,
    "page_height": 1754,
    "page_no": 6
  },
  {
    "question": "1",
    "text": "1.",
    "x": 120,
    "y": 675,
    "page_width": 1241,
    "page_height": 1754,
    "page_no": 6
  },
  {
    "question": "2",
    "text": "2.",
    "x": 119,
    "y": 782,
    "page_width": 1241,
    "page_height": 1754,
    "page_no": 6
  },
  {
    "question": "6",
    "text": "6cao",
    "x": 122,
    "y": 1008,
    "page_width": 1241,
    "page_height": 1754,
    "page_no": 9
  },
  {
    "question": "64",
    "text": "648",
    "x": 121,
    "y": 317,
    "page_width": 1241,
    "page_height": 1754,
    "page_no": 10
  },
  {
    "question": "3",
    "text": "3\"4",
    "x": 122,
    "y": 792,
    "page_width": 1241,
    "page_height": 1754,
    "page_no": 11
  },
  {
    "question": "3",
    "text": "3\"4",
    "x": 122,
    "y": 1027,
    "page_width": 1241,
    "page_height": 1754,
    "page_no": 11
  },
  {
    "question": "27",
    "text": "27+",
    "x": 120,
    "y": 1574,
    "page_width": 1241,
    "page_height": 1754,
    "page_no": 15
  },
  {
    "question": "29",
    "text": "29",
    "x": 122,
    "y": 718,
    "page_width": 1241,
    "page_height": 1754,
    "page_no": 21
  },
  {
    "question": "2",
    "text": "2dp.",
    "x": 123,
    "y": 1374,
    "page_width": 1241,
    "page_height": 1754,
    "page_no": 7
  },
  {
    "question": "12",
    "text": "128+56kx.",
    "x": 124,
    "y": 1133,
    "page_width": 1241,
    "page_height": 1754,
    "page_no": 11
  },
  {
    "question": "31",
    "text": "31.25",
    "x": 129,
    "y": 1509,
    "page_width": 1241,
    "page_height": 1754,
    "page_no": 20
  },
  {
    "question": "0",
    "text": "0.8\"...their",
    "x": 126,
    "y": 560,
    "page_width": 1241,
    "page_height": 1754,
    "page_no": 21
  },
  {
    "question": "0",
    "text": "0.8\"!",
    "x": 126,
    "y": 685,
    "page_width": 1241,
    "page_height": 1754,
    "page_no": 21
  },
  {
    "question": "5",
    "text": "5",
    "x": 129,
    "y": 219,
    "page_width": 1241,
    "page_height": 1754,
    "page_no": 25
  },
  {
    "question": "2",
    "text": "2a",
    "x": 84,
    "y": 223,
    "page_width": 1241,
    "page_height": 1754,
    "page_no": 8
  },
  {
    "question": "3",
    "text": "3a",
    "x": 84,
    "y": 223,
    "page_width": 1241,
    "page_height": 1754,
    "page_no": 11
  },
  {
    "question": "5",
    "text": "5a",
    "x": 85,
    "y": 223,
    "page_width": 1241,
    "page_height": 1754,
    "page_no": 15
  },
  {
    "question": "9",
    "text": "9a",
    "x": 85,
    "y": 221,
    "page_width": 1241,
    "page_height": 1754,
    "page_no": 24
  }
]