[
  {
    "question": "15",
    "text": "150",
    "x": 152,
    "y": 943,
    "page_width": 1241,
    "page_height": 1754,
    "page_no": 2
  },
  {
    "question": "1",
    "text": "1.",
    "x": 153,
    "y": 275,
    "page_width": 1241,
    "page_height": 1754,
    "page_no": 6
  },
  {
    "question": "2",
    "text": "2.",
    "x": 151,
    "y": 416,
    "page_width": 1241,
    "page_height": 1754,
    "page_no": 6
  },
  {
    "question": "3",
    "text": "3.",
    "x": 151,
    "y": 500,
    "page_width": 1241,
    "page_height": 1754,
    "page_no": 6
  },
  {
    "question": "1",
    "text": "1.",
    "x": 153,
    "y": 626,
    "page_width": 1241,
    "page_height": 1754,
    "page_no": 6
  },
  {
    "question": "2",
    "text": "2.",
    "x": 151,
    "y": 719,
    "page_width": 1241,
    "page_height": 1754,
    "page_no": 6
  },
  {
    "question": "2",
    "text": "2a",
    "x": 153,
    "y": 147,
    "page_width": 1241,
    "page_height": 1754,
    "page_no": 9
  },
  {
    "question": "4",
    "text": "4a",
    "x": 153,
    "y": 147,
    "page_width": 1241,
    "page_height": 1754,
    "page_no": 17
  },
  {
    "question": "8",
    "text": "8a",
    "x": 153,
    "y": 147,
    "page_width": 1241,
    "page_height": 1754,
    "page_no": 28
  },
  {
    "question": "4",
    "text": "4",
    "x": 157,
    "y": 861,
    "page_width": 1241,
    "page_height": 1754,
    "page_no": 29
  },
  {
    "question": "2",
    "text": "2%",
    "x": 143,
    "y": 275,
    "page_width": 1241,
    "page_height": 1754,
    "page_no": 11
  },
  {
    "question": "2",
    "text": "2",
    "x": 142,
    "y": 252,
    "page_width": 1241,
    "page_height": 1754,
    "page_no": 16
  },
  {
    "question": "2",
    "text": "2",
    "x": 142,
    "y": 366,
    "page_width": 1241,
    "page_height": 1754,
    "page_no": 16
  },
  {
    "question": "54",
    "text": "54,/5",
    "x": 137,
    "y": 1337,
    "page_width": 1241,
    "page_height": 1754,
    "page_no": 23
  },
  {
    "question": "3",
    "text": "3a",
    "x": 137,
    "y": 346,
    "page_width": 1241,
    "page_height": 1754,
    "page_no": 30
  },
  {
    "question": "1",
    "text": "1.",
    "x": 91,
    "y": 369,
    "page_width": 1241,
    "page_height": 1754,
    "page_no": 18
  },
  {
    "question": "2",
    "text": "2.",
    "x": 89,
    "y": 653,
    "page_width": 1241,
    "page_height": 1754,
    "page_no": 18
  },
  {
    "question": "3",
    "text": "3.",
    "x": 89,
    "y": 946,
    "page_width": 1241,
    "page_height": 1754,
    "page_no": 18
  },
  {
    "question": "1",
    "text": "1.",
    "x": 91,
    "y": 134,
    "page_width": 1241,
    "page_height": 1754,
    "page_no": 26
  },
  {
    "question": "2",
    "text": "2.",
    "x": 89,
    "y": 186,
    "page_width": 1241,
    "page_height": 1754,
    "page_no": 26
  }
]