[
  {
    "question": "2",
    "text": "2",
    "x": 161,
    "y": 479,
    "page_width": 1241,
    "page_height": 1754,
    "page_no": 4
  },
  {
    "question": "3",
    "text": "3",
    "x": 160,
    "y": 674,
    "page_width": 1241,
    "page_height": 1754,
    "page_no": 4
  },
  {
    "question": "4",
    "text": "4",
    "x": 160,
    "y": 941,
    "page_width": 1241,
    "page_height": 1754,
    "page_no": 4
  },
  {
    "question": "5",
    "text": "5",
    "x": 161,
    "y": 1160,
    "page_width": 1241,
    "page_height": 1754,
    "page_no": 4
  },
  {
    "question": "6",
    "text": "6",
    "x": 160,
    "y": 1451,
    "page_width": 1241,
    "page_height": 1754,
    "page_no": 4
  },
  {
    "question": "7",
    "text": "7a",
    "x": 161,
    "y": 471,
    "page_width": 1241,
    "page_height": 1754,
    "page_no": 5
  },
  {
    "question": "7",
    "text": "7b",
    "x": 161,
    "y": 1035,
    "page_width": 1241,
    "page_height": 1754,
    "page_no": 5
  },
  {
    "question": "7",
    "text": "7e",
    "x": 161,
    "y": 344,
    "page_width": 1241,
    "page_height": 1754,
    "page_no": 9
  },
  {
    "question": "8",
    "text": "8",
    "x": 161,
    "y": 832,
    "page_width": 1241,
    "page_height": 1754,
    "page_no": 11
  },
  {
    "question": "9",
    "text": "9",
    "x": 161,
    "y": 364,
    "page_width": 1241,
    "page_height": 1754,
    "page_no": 14
  }
]