[
  {
    "question": "7",
    "text": "7a",
    "x": 160,
    "y": 359,
    "page_width": 1241,
    "page_height": 1754,
    "page_no": 6
  },
  {
    "question": "7",
    "text": "7b",
    "x": 160,
    "y": 953,
    "page_width": 1241,
    "page_height": 1754,
    "page_no": 6
  },
  {
    "question": "7",
    "text": "7c",
    "x": 160,
    "y": 599,
    "page_width": 1241,
    "page_height": 1754,
    "page_no": 7
  },
  {
    "question": "7",
    "text": "7d",
    "x": 160,
    "y": 314,
    "page_width": 1241,
    "page_height": 1754,
    "page_no": 9
  },
  {
    "question": "7",
    "text": "7e",
    "x": 160,
    "y": 317,
    "page_width": 1241,
    "page_height": 1754,
    "page_no": 10
  },
  {
    "question": "8",
    "text": "8",
    "x": 160,
    "y": 434,
    "page_width": 1241,
    "page_height": 1754,
    "page_no": 13
  },
  {
    "question": "9",
    "text": "9",
    "x": 160,
    "y": 401,
    "page_width": 1241,
    "page_height": 1754,
    "page_no": 17
  },
  {
    "question": "10",
    "text": "10",
    "x": 161,
    "y": 349,
    "page_width": 1241,
    "page_height": 1754,
    "page_no": 21
  }
]