[
  {
    "question": "1",
    "text": "1",
    "x": 91,
    "y": 238,
    "page_width": 1241,
    "page_height": 1754,
    "page_no": 2
  },
  {
    "question": "2",
    "text": "2",
    "x": 89,
    "y": 221,
    "page_width": 1241,
    "page_height": 1754,
    "page_no": 9
  },
  {
    "question": "3",
    "text": "3",
    "x": 89,
    "y": 232,
    "page_width": 1241,
    "page_height": 1754,
    "page_no": 12
  },
  {
    "question": "18",
    "text": "180",
    "x": 91,
    "y": 620,
    "page_width": 1241,
    "page_height": 1754,
    "page_no": 18
  },
  {
    "question": "10",
    "text": "1001238131",
    "x": 91,
    "y": 1110,
    "page_width": 1241,
    "page_height": 1754,
    "page_no": 24
  },
  {
    "question": "10",
    "text": "1001238131",
    "x": 91,
    "y": 1297,
    "page_width": 1241,
    "page_height": 1754,
    "page_no": 24
  }
]