[
  {
    "question": "6",
    "text": "6.",
    "x": 127,
    "y": 188,
    "page_width": 1241,
    "page_height": 1754,
    "page_no": 5
  },
  {
    "question": "7",
    "text": "7.",
    "x": 127,
    "y": 355,
    "page_width": 1241,
    "page_height": 1754,
    "page_no": 5
  },
  {
    "question": "8",
    "text": "8.",
    "x": 127,
    "y": 436,
    "page_width": 1241,
    "page_height": 1754,
    "page_no": 5
  },
  {
    "question": "9",
    "text": "9.",
    "x": 127,
    "y": 1060,
    "page_width": 1241,
    "page_height": 1754,
    "page_no": 5
  },
  {
    "question": "1",
    "text": "1.",
    "x": 91,
    "y": 185,
    "page_width": 1241,
    "page_height": 1754,
    "page_no": 6
  },
  {
    "question": "2",
    "text": "2.",
    "x": 90,
    "y": 370,
    "page_width": 1241,
    "page_height": 1754,
    "page_no": 6
  },
  {
    "question": "3",
    "text": "3.",
    "x": 90,
    "y": 476,
    "page_width": 1241,
    "page_height": 1754,
    "page_no": 6
  },
  {
    "question": "1",
    "text": "1.",
    "x": 91,
    "y": 685,
    "page_width": 1241,
    "page_height": 1754,
    "page_no": 6
  },
  {
    "question": "2",
    "text": "2.",
    "x": 90,
    "y": 796,
    "page_width": 1241,
    "page_height": 1754,
    "page_no": 6
  },
  {
    "question": "10",
    "text": "10",
    "x": 153,
    "y": 148,
    "page_width": 1241,
    "page_height": 1754,
    "page_no": 7
  },
  {
    "question": "3",
    "text": "3a",
    "x": 152,
    "y": 194,
    "page_width": 1241,
    "page_height": 1754,
    "page_no": 9
  },
  {
    "question": "5",
    "text": "5",
    "x": 152,
    "y": 247,
    "page_width": 1241,
    "page_height": 1754,
    "page_no": 11
  },
  {
    "question": "7",
    "text": "7",
    "x": 152,
    "y": 195,
    "page_width": 1241,
    "page_height": 1754,
    "page_no": 14
  },
  {
    "question": "8",
    "text": "8",
    "x": 152,
    "y": 173,
    "page_width": 1241,
    "page_height": 1754,
    "page_no": 16
  },
  {
    "question": "1",
    "text": "1b",
    "x": 139,
    "y": 657,
    "page_width": 1241,
    "page_height": 1754,
    "page_no": 7
  },
  {
    "question": "1",
    "text": "1.072398",
    "x": 137,
    "y": 1603,
    "page_width": 1241,
    "page_height": 1754,
    "page_no": 7
  },
  {
    "question": "29",
    "text": "2982",
    "x": 143,
    "y": 1423,
    "page_width": 1241,
    "page_height": 1754,
    "page_no": 8
  },
  {
    "question": "6",
    "text": "6ai",
    "x": 141,
    "y": 245,
    "page_width": 1241,
    "page_height": 1754,
    "page_no": 12
  }
]