[
  {
    "question": "5",
    "text": "5",
    "x": 122,
    "y": 718,
    "page_width": 1241,
    "page_height": 1754,
    "page_no": 2
  },
  {
    "question": "6",
    "text": "6",
    "x": 121,
    "y": 749,
    "page_width": 1241,
    "page_height": 1754,
    "page_no": 2
  },
  {
    "question": "7",
    "text": "7",
    "x": 122,
    "y": 781,
    "page_width": 1241,
    "page_height": 1754,
    "page_no": 2
  },
  {
    "question": "8",
    "text": "8",
    "x": 121,
    "y": 812,
    "page_width": 1241,
    "page_height": 1754,
    "page_no": 2
  },
  {
    "question": "9",
    "text": "9",
    "x": 121,
    "y": 844,
    "page_width": 1241,
    "page_height": 1754,
    "page_no": 2
  },
  {
    "question": "10",
    "text": "10",
    "x": 116,
    "y": 876,
    "page_width": 1241,
    "page_height": 1754,
    "page_no": 2
  },
  {
    "question": "11",
    "text": "11",
    "x": 116,
    "y": 909,
    "page_width": 1241,
    "page_height": 1754,
    "page_no": 2
  },
  {
    "question": "12",
    "text": "12",
    "x": 116,
    "y": 940,
    "page_width": 1241,
    "page_height": 1754,
    "page_no": 2
  },
  {
    "question": "13",
    "text": "13",
    "x": 116,
    "y": 972,
    "page_width": 1241,
    "page_height": 1754,
    "page_no": 2
  },
  {
    "question": "14",
    "text": "14",
    "x": 116,
    "y": 1005,
    "page_width": 1241,
    "page_height": 1754,
    "page_no": 2
  },
  {
    "question": "15",
    "text": "15",
    "x": 116,
    "y": 1037,
    "page_width": 1241,
    "page_height": 1754,
    "page_no": 2
  },
  {
    "question": "16",
    "text": "16",
    "x": 116,
    "y": 1068,
    "page_width": 1241,
    "page_height": 1754,
    "page_no": 2
  },
  {
    "question": "17",
    "text": "17",
    "x": 116,
    "y": 1100,
    "page_width": 1241,
    "page_height": 1754,
    "page_no": 2
  },
  {
    "question": "18",
    "text": "18",
    "x": 116,
    "y": 1131,
    "page_width": 1241,
    "page_height": 1754,
    "page_no": 2
  },
  {
    "question": "19",
    "text": "19",
    "x": 116,
    "y": 1163,
    "page_width": 1241,
    "page_height": 1754,
    "page_no": 2
  },
  {
    "question": "20",
    "text": "20",
    "x": 114,
    "y": 1195,
    "page_width": 1241,
    "page_height": 1754,
    "page_no": 2
  },
  {
    "question": "21",
    "text": "21",
    "x": 114,
    "y": 1227,
    "page_width": 1241,
    "page_height": 1754,
    "page_no": 2
  },
  {
    "question": "22",
    "text": "22",
    "x": 114,
    "y": 1259,
    "page_width": 1241,
    "page_height": 1754,
    "page_no": 2
  },
  {
    "question": "23",
    "text": "23",
    "x": 114,
    "y": 1291,
    "page_width": 1241,
    "page_height": 1754,
    "page_no": 2
  },
  {
    "question": "24",
    "text": "24",
    "x": 114,
    "y": 1323,
    "page_width": 1241,
    "page_height": 1754,
    "page_no": 2
  },
  {
    "question": "25",
    "text": "25",
    "x": 114,
    "y": 1355,
    "page_width": 1241,
    "page_height": 1754,
    "page_no": 2
  },
  {
    "question": "26",
    "text": "26",
    "x": 114,
    "y": 1387,
    "page_width": 1241,
    "page_height": 1754,
    "page_no": 2
  },
  {
    "question": "27",
    "text": "27",
    "x": 114,
    "y": 1418,
    "page_width": 1241,
    "page_height": 1754,
    "page_no": 2
  },
  {
    "question": "28",
    "text": "28",
    "x": 114,
    "y": 1450,
    "page_width": 1241,
    "page_height": 1754,
    "page_no": 2
  },
  {
    "question": "29",
    "text": "29",
    "x": 114,
    "y": 1482,
    "page_width": 1241,
    "page_height": 1754,
    "page_no": 2
  },
  {
    "question": "30",
    "text": "30",
    "x": 115,
    "y": 1514,
    "page_width": 1241,
    "page_height": 1754,
    "page_no": 2
  },
  {
    "question": "11",
    "text": "11",
    "x": 135,
    "y": 800,
    "page_width": 1241,
    "page_height": 1754,
    "page_no": 3
  },
  {
    "question": "12",
    "text": "12",
    "x": 135,
    "y": 830,
    "page_width": 1241,
    "page_height": 1754,
    "page_no": 3
  },
  {
    "question": "13",
    "text": "13",
    "x": 135,
    "y": 860,
    "page_width": 1241,
    "page_height": 1754,
    "page_no": 3
  },
  {
    "question": "14",
    "text": "14",
    "x": 135,
    "y": 892,
    "page_width": 1241,
    "page_height": 1754,
    "page_no": 3
  },
  {
    "question": "15",
    "text": "15",
    "x": 135,
    "y": 922,
    "page_width": 1241,
    "page_height": 1754,
    "page_no": 3
  },
  {
    "question": "16",
    "text": "16",
    "x": 135,
    "y": 952,
    "page_width": 1241,
    "page_height": 1754,
    "page_no": 3
  },
  {
    "question": "17",
    "text": "17",
    "x": 135,
    "y": 984,
    "page_width": 1241,
    "page_height": 1754,
    "page_no": 3
  },
  {
    "question": "18",
    "text": "18",
    "x": 135,
    "y": 1013,
    "page_width": 1241,
    "page_height": 1754,
    "page_no": 3
  },
  {
    "question": "19",
    "text": "19",
    "x": 135,
    "y": 1044,
    "page_width": 1241,
    "page_height": 1754,
    "page_no": 3
  },
  {
    "question": "20",
    "text": "20",
    "x": 133,
    "y": 1074,
    "page_width": 1241,
    "page_height": 1754,
    "page_no": 3
  },
  {
    "question": "21",
    "text": "21",
    "x": 133,
    "y": 1124,
    "page_width": 1241,
    "page_height": 1754,
    "page_no": 3
  },
  {
    "question": "22",
    "text": "22",
    "x": 133,
    "y": 1154,
    "page_width": 1241,
    "page_height": 1754,
    "page_no": 3
  },
  {
    "question": "23",
    "text": "23",
    "x": 133,
    "y": 1185,
    "page_width": 1241,
    "page_height": 1754,
    "page_no": 3
  },
  {
    "question": "24",
    "text": "24",
    "x": 133,
    "y": 1215,
    "page_width": 1241,
    "page_height": 1754,
    "page_no": 3
  },
  {
    "question": "25",
    "text": "25",
    "x": 133,
    "y": 1246,
    "page_width": 1241,
    "page_height": 1754,
    "page_no": 3
  },
  {
    "question": "26",
    "text": "26",
    "x": 133,
    "y": 1276,
    "page_width": 1241,
    "page_height": 1754,
    "page_no": 3
  },
  {
    "question": "27",
    "text": "27",
    "x": 133,
    "y": 1307,
    "page_width": 1241,
    "page_height": 1754,
    "page_no": 3
  },
  {
    "question": "28",
    "text": "28",
    "x": 133,
    "y": 1337,
    "page_width": 1241,
    "page_height": 1754,
    "page_no": 3
  },
  {
    "question": "29",
    "text": "29",
    "x": 133,
    "y": 1368,
    "page_width": 1241,
    "page_height": 1754,
    "page_no": 3
  },
  {
    "question": "30",
    "text": "30",
    "x": 133,
    "y": 1398,
    "page_width": 1241,
    "page_height": 1754,
    "page_no": 3
  },
  {
    "question": "40",
    "text": "40",
    "x": 133,
    "y": 1448,
    "page_width": 1241,
    "page_height": 1754,
    "page_no": 3
  },
  {
    "question": "50",
    "text": "50",
    "x": 133,
    "y": 1480,
    "page_width": 1241,
    "page_height": 1754,
    "page_no": 3
  },
  {
    "question": "60",
    "text": "60",
    "x": 133,
    "y": 1511,
    "page_width": 1241,
    "page_height": 1754,
    "page_no": 3
  },
  {
    "question": "70",
    "text": "70",
    "x": 133,
    "y": 1543,
    "page_width": 1241,
    "page_height": 1754,
    "page_no": 3
  },
  {
    "question": "1",
    "text": "1",
    "x": 91,
    "y": 283,
    "page_width": 1241,
    "page_height": 1754,
    "page_no": 5
  },
  {
    "question": "2",
    "text": "2",
    "x": 89,
    "y": 132,
    "page_width": 1241,
    "page_height": 1754,
    "page_no": 7
  },
  {
    "question": "3",
    "text": "3",
    "x": 89,
    "y": 132,
    "page_width": 1241,
    "page_height": 1754,
    "page_no": 8
  },
  {
    "question": "5",
    "text": "5",
    "x": 90,
    "y": 133,
    "page_width": 1241,
    "page_height": 1754,
    "page_no": 12
  },
  {
    "question": "6",
    "text": "6",
    "x": 89,
    "y": 282,
    "page_width": 1241,
    "page_height": 1754,
    "page_no": 14
  },
  {
    "question": "7",
    "text": "7",
    "x": 90,
    "y": 133,
    "page_width": 1241,
    "page_height": 1754,
    "page_no": 16
  },
  {
    "question": "8",
    "text": "8",
    "x": 89,
    "y": 132,
    "page_width": 1241,
    "page_height": 1754,
    "page_no": 19
  },
  {
    "question": "9",
    "text": "9",
    "x": 89,
    "y": 132,
    "page_width": 1241,
    "page_height": 1754,
    "page_no": 21
  },
  {
    "question": "10",
    "text": "10",
    "x": 91,
    "y": 232,
    "page_width": 1241,
    "page_height": 1754,
    "page_no": 23
  },
  {
    "question": "11",
    "text": "11",
    "x": 91,
    "y": 133,
    "page_width": 1241,
    "page_height": 1754,
    "page_no": 26
  },
  {
    "question": "2",
    "text": "2",
    "x": 23,
    "y": 1039,
    "page_width": 1241,
    "page_height": 1754,
    "page_no": 25
  },
  {
    "question": "2",
    "text": "2",
    "x": 23,
    "y": 582,
    "page_width": 1241,
    "page_height": 1754,
    "page_no": 27
  },
  {
    "question": "22",
    "text": "2200020",
    "x": 23,
    "y": 1165,
    "page_width": 1241,
    "page_height": 1754,
    "page_no": 27
  },
  {
    "question": "0",
    "text": "0CC",
    "x": 23,
    "y": 1068,
    "page_width": 1241,
    "page_height": 1754,
    "page_no": 27
  },
  {
    "question": "2",
    "text": "2",
    "x": 23,
    "y": 1039,
    "page_width": 1241,
    "page_height": 1754,
    "page_no": 29
  }
]