[
  {
    "question": "1",
    "text": "1.",
    "x": 115,
    "y": 283,
    "page_width": 1241,
    "page_height": 1754,
    "page_no": 4
  },
  {
    "question": "2",
    "text": "2.",
    "x": 114,
    "y": 345,
    "page_width": 1241,
    "page_height": 1754,
    "page_no": 4
  },
  {
    "question": "3",
    "text": "3.",
    "x": 113,
    "y": 158,
    "page_width": 1241,
    "page_height": 1754,
    "page_no": 5
  },
  {
    "question": "1",
    "text": "1,",
    "x": 115,
    "y": 283,
    "page_width": 1241,
    "page_height": 1754,
    "page_no": 6
  },
  {
    "question": "2",
    "text": "2.",
    "x": 114,
    "y": 431,
    "page_width": 1241,
    "page_height": 1754,
    "page_no": 6
  },
  {
    "question": "3",
    "text": "3.",
    "x": 113,
    "y": 525,
    "page_width": 1241,
    "page_height": 1754,
    "page_no": 6
  },
  {
    "question": "1",
    "text": "1.",
    "x": 115,
    "y": 694,
    "page_width": 1241,
    "page_height": 1754,
    "page_no": 6
  },
  {
    "question": "2",
    "text": "2.",
    "x": 114,
    "y": 798,
    "page_width": 1241,
    "page_height": 1754,
    "page_no": 6
  },
  {
    "question": "2",
    "text": "2a",
    "x": 160,
    "y": 222,
    "page_width": 1241,
    "page_height": 1754,
    "page_no": 8
  },
  {
    "question": "5",
    "text": "5a",
    "x": 160,
    "y": 334,
    "page_width": 1241,
    "page_height": 1754,
    "page_no": 12
  },
  {
    "question": "6",
    "text": "6a",
    "x": 160,
    "y": 438,
    "page_width": 1241,
    "page_height": 1754,
    "page_no": 14
  },
  {
    "question": "8",
    "text": "8a",
    "x": 160,
    "y": 222,
    "page_width": 1241,
    "page_height": 1754,
    "page_no": 17
  },
  {
    "question": "13",
    "text": "136.95",
    "x": 116,
    "y": 1502,
    "page_width": 1241,
    "page_height": 1754,
    "page_no": 8
  },
  {
    "question": "4",
    "text": "4v5",
    "x": 119,
    "y": 1469,
    "page_width": 1241,
    "page_height": 1754,
    "page_no": 10
  },
  {
    "question": "7",
    "text": "7-35",
    "x": 119,
    "y": 1511,
    "page_width": 1241,
    "page_height": 1754,
    "page_no": 10
  },
  {
    "question": "2",
    "text": "2x-15x\u00b0-50=0",
    "x": 116,
    "y": 1402,
    "page_width": 1241,
    "page_height": 1754,
    "page_no": 14
  }
]