[
  {
    "question": "1",
    "text": "1",
    "x": 150,
    "y": 420,
    "page_width": 1359,
    "page_height": 1873,
    "page_no": 2
  },
  {
    "question": "2",
    "text": "2",
    "x": 148,
    "y": 190,
    "page_width": 1359,
    "page_height": 1873,
    "page_no": 4
  },
  {
    "question": "3",
    "text": "3",
    "x": 148,
    "y": 190,
    "page_width": 1359,
    "page_height": 1873,
    "page_no": 5
  },
  {
    "question": "4",
    "text": "4",
    "x": 148,
    "y": 562,
    "page_width": 1359,
    "page_height": 1873,
    "page_no": 5
  },
  {
    "question": "5",
    "text": "5",
    "x": 149,
    "y": 191,
    "page_width": 1359,
    "page_height": 1873,
    "page_no": 6
  },
  {
    "question": "6",
    "text": "6",
    "x": 148,
    "y": 914,
    "page_width": 1359,
    "page_height": 1873,
    "page_no": 7
  },
  {
    "question": "7",
    "text": "7",
    "x": 149,
    "y": 191,
    "page_width": 1359,
    "page_height": 1873,
    "page_no": 8
  },
  {
    "question": "8",
    "text": "8",
    "x": 148,
    "y": 190,
    "page_width": 1359,
    "page_height": 1873,
    "page_no": 9
  },
  {
    "question": "10",
    "text": "10",
    "x": 150,
    "y": 190,
    "page_width": 1359,
    "page_height": 1873,
    "page_no": 11
  },
  {
    "question": "11",
    "text": "11",
    "x": 150,
    "y": 191,
    "page_width": 1359,
    "page_height": 1873,
    "page_no": 12
  },
  {
    "question": "12",
    "text": "12",
    "x": 150,
    "y": 190,
    "page_width": 1359,
    "page_height": 1873,
    "page_no": 13
  },
  {
    "question": "13",
    "text": "13",
    "x": 150,
    "y": 290,
    "page_width": 1359,
    "page_height": 1873,
    "page_no": 14
  },
  {
    "question": "14",
    "text": "14",
    "x": 150,
    "y": 191,
    "page_width": 1359,
    "page_height": 1873,
    "page_no": 17
  },
  {
    "question": "15",
    "text": "15",
    "x": 150,
    "y": 191,
    "page_width": 1359,
    "page_height": 1873,
    "page_no": 23
  },
  {
    "question": "16",
    "text": "16",
    "x": 150,
    "y": 190,
    "page_width": 1359,
    "page_height": 1873,
    "page_no": 26
  },
  {
    "question": "17",
    "text": "17",
    "x": 150,
    "y": 309,
    "page_width": 1359,
    "page_height": 1873,
    "page_no": 30
  },
  {
    "question": "33",
    "text": "338",
    "x": 73,
    "y": 198,
    "page_width": 1359,
    "page_height": 1873,
    "page_no": 3
  },
  {
    "question": "2",
    "text": "2",
    "x": 73,
    "y": 495,
    "page_width": 1359,
    "page_height": 1873,
    "page_no": 3
  },
  {
    "question": "38",
    "text": "38",
    "x": 73,
    "y": 198,
    "page_width": 1359,
    "page_height": 1873,
    "page_no": 7
  },
  {
    "question": "2",
    "text": "2X",
    "x": 72,
    "y": 225,
    "page_width": 1359,
    "page_height": 1873,
    "page_no": 7
  },
  {
    "question": "2",
    "text": "2S",
    "x": 72,
    "y": 1646,
    "page_width": 1359,
    "page_height": 1873,
    "page_no": 7
  },
  {
    "question": "29",
    "text": "299008",
    "x": 73,
    "y": 135,
    "page_width": 1359,
    "page_height": 1873,
    "page_no": 13
  },
  {
    "question": "39",
    "text": "393",
    "x": 73,
    "y": 976,
    "page_width": 1359,
    "page_height": 1873,
    "page_no": 13
  },
  {
    "question": "3",
    "text": "3%",
    "x": 73,
    "y": 639,
    "page_width": 1359,
    "page_height": 1873,
    "page_no": 21
  },
  {
    "question": "10",
    "text": "10",
    "x": 163,
    "y": 1728,
    "page_width": 1359,
    "page_height": 1873,
    "page_no": 10
  },
  {
    "question": "12",
    "text": "12",
    "x": 163,
    "y": 1728,
    "page_width": 1359,
    "page_height": 1873,
    "page_no": 12
  },
  {
    "question": "14",
    "text": "14",
    "x": 163,
    "y": 1728,
    "page_width": 1359,
    "page_height": 1873,
    "page_no": 14
  },
  {
    "question": "16",
    "text": "16",
    "x": 163,
    "y": 1728,
    "page_width": 1359,
    "page_height": 1873,
    "page_no": 16
  },
  {
    "question": "18",
    "text": "18",
    "x": 163,
    "y": 1728,
    "page_width": 1359,
    "page_height": 1873,
    "page_no": 18
  },
  {
    "question": "20",
    "text": "20",
    "x": 162,
    "y": 1728,
    "page_width": 1359,
    "page_height": 1873,
    "page_no": 20
  },
  {
    "question": "22",
    "text": "22",
    "x": 162,
    "y": 1728,
    "page_width": 1359,
    "page_height": 1873,
    "page_no": 22
  },
  {
    "question": "24",
    "text": "24",
    "x": 162,
    "y": 1728,
    "page_width": 1359,
    "page_height": 1873,
    "page_no": 24
  },
  {
    "question": "26",
    "text": "26",
    "x": 162,
    "y": 1728,
    "page_width": 1359,
    "page_height": 1873,
    "page_no": 26
  },
  {
    "question": "28",
    "text": "28",
    "x": 162,
    "y": 1728,
    "page_width": 1359,
    "page_height": 1873,
    "page_no": 28
  },
  {
    "question": "30",
    "text": "30",
    "x": 163,
    "y": 1728,
    "page_width": 1359,
    "page_height": 1873,
    "page_no": 30
  },
  {
    "question": "32",
    "text": "32",
    "x": 163,
    "y": 1728,
    "page_width": 1359,
    "page_height": 1873,
    "page_no": 32
  },
  {
    "question": "34",
    "text": "34",
    "x": 163,
    "y": 1728,
    "page_width": 1359,
    "page_height": 1873,
    "page_no": 34
  },
  {
    "question": "36",
    "text": "36",
    "x": 163,
    "y": 1728,
    "page_width": 1359,
    "page_height": 1873,
    "page_no": 36
  }
]