[
  {
    "question": "1",
    "text": "1",
    "x": 150,
    "y": 420,
    "page_width": 1359,
    "page_height": 1873,
    "page_no": 2
  },
  {
    "question": "2",
    "text": "2.",
    "x": 148,
    "y": 1066,
    "page_width": 1359,
    "page_height": 1873,
    "page_no": 2
  },
  {
    "question": "3",
    "text": "3",
    "x": 148,
    "y": 190,
    "page_width": 1359,
    "page_height": 1873,
    "page_no": 3
  },
  {
    "question": "4",
    "text": "4",
    "x": 148,
    "y": 842,
    "page_width": 1359,
    "page_height": 1873,
    "page_no": 3
  },
  {
    "question": "5",
    "text": "5",
    "x": 149,
    "y": 1242,
    "page_width": 1359,
    "page_height": 1873,
    "page_no": 3
  },
  {
    "question": "7",
    "text": "7",
    "x": 149,
    "y": 542,
    "page_width": 1359,
    "page_height": 1873,
    "page_no": 4
  },
  {
    "question": "8",
    "text": "8",
    "x": 148,
    "y": 916,
    "page_width": 1359,
    "page_height": 1873,
    "page_no": 4
  },
  {
    "question": "9",
    "text": "9",
    "x": 148,
    "y": 1341,
    "page_width": 1359,
    "page_height": 1873,
    "page_no": 4
  },
  {
    "question": "10",
    "text": "10",
    "x": 150,
    "y": 190,
    "page_width": 1359,
    "page_height": 1873,
    "page_no": 5
  },
  {
    "question": "11",
    "text": "11",
    "x": 150,
    "y": 517,
    "page_width": 1359,
    "page_height": 1873,
    "page_no": 5
  },
  {
    "question": "12",
    "text": "12",
    "x": 150,
    "y": 190,
    "page_width": 1359,
    "page_height": 1873,
    "page_no": 6
  },
  {
    "question": "13",
    "text": "13",
    "x": 150,
    "y": 516,
    "page_width": 1359,
    "page_height": 1873,
    "page_no": 6
  },
  {
    "question": "14",
    "text": "14",
    "x": 150,
    "y": 842,
    "page_width": 1359,
    "page_height": 1873,
    "page_no": 6
  },
  {
    "question": "15",
    "text": "15",
    "x": 150,
    "y": 1167,
    "page_width": 1359,
    "page_height": 1873,
    "page_no": 6
  },
  {
    "question": "16",
    "text": "16",
    "x": 150,
    "y": 190,
    "page_width": 1359,
    "page_height": 1873,
    "page_no": 7
  },
  {
    "question": "17",
    "text": "17",
    "x": 150,
    "y": 191,
    "page_width": 1359,
    "page_height": 1873,
    "page_no": 8
  },
  {
    "question": "18",
    "text": "18",
    "x": 150,
    "y": 190,
    "page_width": 1359,
    "page_height": 1873,
    "page_no": 9
  },
  {
    "question": "19",
    "text": "19",
    "x": 150,
    "y": 791,
    "page_width": 1359,
    "page_height": 1873,
    "page_no": 9
  },
  {
    "question": "20",
    "text": "20",
    "x": 148,
    "y": 290,
    "page_width": 1359,
    "page_height": 1873,
    "page_no": 10
  },
  {
    "question": "21",
    "text": "21",
    "x": 148,
    "y": 190,
    "page_width": 1359,
    "page_height": 1873,
    "page_no": 12
  },
  {
    "question": "22",
    "text": "22",
    "x": 148,
    "y": 190,
    "page_width": 1359,
    "page_height": 1873,
    "page_no": 17
  },
  {
    "question": "28",
    "text": "28",
    "x": 71,
    "y": 1238,
    "page_width": 1359,
    "page_height": 1873,
    "page_no": 5
  },
  {
    "question": "2",
    "text": "2",
    "x": 71,
    "y": 1561,
    "page_width": 1359,
    "page_height": 1873,
    "page_no": 7
  },
  {
    "question": "36",
    "text": "36",
    "x": 71,
    "y": 132,
    "page_width": 1359,
    "page_height": 1873,
    "page_no": 11
  },
  {
    "question": "38",
    "text": "38",
    "x": 71,
    "y": 1235,
    "page_width": 1359,
    "page_height": 1873,
    "page_no": 19
  },
  {
    "question": "10",
    "text": "10",
    "x": 163,
    "y": 1728,
    "page_width": 1359,
    "page_height": 1873,
    "page_no": 10
  },
  {
    "question": "12",
    "text": "12",
    "x": 163,
    "y": 1728,
    "page_width": 1359,
    "page_height": 1873,
    "page_no": 12
  },
  {
    "question": "14",
    "text": "14",
    "x": 163,
    "y": 1728,
    "page_width": 1359,
    "page_height": 1873,
    "page_no": 14
  },
  {
    "question": "16",
    "text": "16",
    "x": 163,
    "y": 1728,
    "page_width": 1359,
    "page_height": 1873,
    "page_no": 16
  },
  {
    "question": "18",
    "text": "18",
    "x": 163,
    "y": 1728,
    "page_width": 1359,
    "page_height": 1873,
    "page_no": 18
  },
  {
    "question": "20",
    "text": "20",
    "x": 162,
    "y": 1728,
    "page_width": 1359,
    "page_height": 1873,
    "page_no": 20
  },
  {
    "question": "22",
    "text": "22",
    "x": 162,
    "y": 1728,
    "page_width": 1359,
    "page_height": 1873,
    "page_no": 22
  },
  {
    "question": "24",
    "text": "24",
    "x": 163,
    "y": 1728,
    "page_width": 1359,
    "page_height": 1873,
    "page_no": 24
  },
  {
    "question": "1",
    "text": "1M",
    "x": 0,
    "y": 1364,
    "page_width": 1359,
    "page_height": 1873,
    "page_no": 11
  },
  {
    "question": "0",
    "text": "0\u00a2",
    "x": 0,
    "y": 261,
    "page_width": 1359,
    "page_height": 1873,
    "page_no": 13
  },
  {
    "question": "5",
    "text": "5c",
    "x": 0,
    "y": 1136,
    "page_width": 1359,
    "page_height": 1873,
    "page_no": 13
  },
  {
    "question": "1",
    "text": "1LIHM",
    "x": 0,
    "y": 1364,
    "page_width": 1359,
    "page_height": 1873,
    "page_no": 17
  }
]