[
  {
    "question": 0,
    "x": 90,
    "y": 893,
    "page_no": 16,
    "page_width": 1241,
    "page_height": 1754
  },
  {
    "question": 17,
    "x": 96,
    "y": 968,
    "page_no": 10,
    "page_width": 1241,
    "page_height": 1754
  },
  {
    "question": 11,
    "x": 166,
    "y": 225,
    "page_no": 5,
    "page_width": 1241,
    "page_height": 1754
  },
  {
    "question": "1",
    "text": "1",
    "x": 104,
    "y": 156,
    "page_width": 1241,
    "page_height": 1754,
    "page_no": 4
  },
  {
    "question": "2",
    "text": "2",
    "x": 102,
    "y": 288,
    "page_width": 1241,
    "page_height": 1754,
    "page_no": 4
  },
  {
    "question": "3",
    "text": "3",
    "x": 102,
    "y": 368,
    "page_width": 1241,
    "page_height": 1754,
    "page_no": 4
  },
  {
    "question": "4",
    "text": "4",
    "x": 102,
    "y": 501,
    "page_width": 1241,
    "page_height": 1754,
    "page_no": 4
  },
  {
    "question": "5",
    "text": "5",
    "x": 102,
    "y": 568,
    "page_width": 1241,
    "page_height": 1754,
    "page_no": 4
  },
  {
    "question": "6",
    "text": "6",
    "x": 102,
    "y": 727,
    "page_width": 1241,
    "page_height": 1754,
    "page_no": 4
  },
  {
    "question": "7",
    "text": "7",
    "x": 102,
    "y": 797,
    "page_width": 1241,
    "page_height": 1754,
    "page_no": 4
  },
  {
    "question": "8",
    "text": "8",
    "x": 102,
    "y": 850,
    "page_width": 1241,
    "page_height": 1754,
    "page_no": 4
  },
  {
    "question": "9",
    "text": "9",
    "x": 102,
    "y": 930,
    "page_width": 1241,
    "page_height": 1754,
    "page_no": 4
  },
  {
    "question": "10",
    "text": "10",
    "x": 104,
    "y": 996,
    "page_width": 1241,
    "page_height": 1754,
    "page_no": 4
  },
  {
    "question": "12",
    "text": "12a",
    "x": 104,
    "y": 175,
    "page_width": 1241,
    "page_height": 1754,
    "page_no": 6
  },
  {
    "question": "13",
    "text": "13",
    "x": 104,
    "y": 176,
    "page_width": 1241,
    "page_height": 1754,
    "page_no": 7
  },
  {
    "question": "14",
    "text": "14a",
    "x": 104,
    "y": 175,
    "page_width": 1241,
    "page_height": 1754,
    "page_no": 8
  },
  {
    "question": "15",
    "text": "15a",
    "x": 104,
    "y": 223,
    "page_width": 1241,
    "page_height": 1754,
    "page_no": 9
  },
  {
    "question": "16",
    "text": "16a",
    "x": 104,
    "y": 176,
    "page_width": 1241,
    "page_height": 1754,
    "page_no": 10
  },
  {
    "question": "18",
    "text": "18ai",
    "x": 104,
    "y": 175,
    "page_width": 1241,
    "page_height": 1754,
    "page_no": 12
  },
  {
    "question": "19",
    "text": "19a",
    "x": 104,
    "y": 175,
    "page_width": 1241,
    "page_height": 1754,
    "page_no": 13
  },
  {
    "question": "20",
    "text": "20a",
    "x": 102,
    "y": 175,
    "page_width": 1241,
    "page_height": 1754,
    "page_no": 14
  },
  {
    "question": "21",
    "text": "21ai",
    "x": 102,
    "y": 175,
    "page_width": 1241,
    "page_height": 1754,
    "page_no": 15
  },
  {
    "question": "21",
    "text": "21b",
    "x": 102,
    "y": 164,
    "page_width": 1241,
    "page_height": 1754,
    "page_no": 16
  }
]