[
  {
    "question": "1",
    "text": "1ai",
    "x": 152,
    "y": 189,
    "page_width": 1241,
    "page_height": 1754,
    "page_no": 4
  },
  {
    "question": "11",
    "text": "11",
    "x": 152,
    "y": 1005,
    "page_width": 1241,
    "page_height": 1754,
    "page_no": 5
  },
  {
    "question": "34",
    "text": "34",
    "x": 151,
    "y": 1291,
    "page_width": 1241,
    "page_height": 1754,
    "page_no": 6
  },
  {
    "question": "2",
    "text": "2a",
    "x": 151,
    "y": 157,
    "page_width": 1241,
    "page_height": 1754,
    "page_no": 9
  },
  {
    "question": "2",
    "text": "2",
    "x": 151,
    "y": 879,
    "page_width": 1241,
    "page_height": 1754,
    "page_no": 9
  },
  {
    "question": "18",
    "text": "18",
    "x": 152,
    "y": 915,
    "page_width": 1241,
    "page_height": 1754,
    "page_no": 9
  },
  {
    "question": "3",
    "text": "3",
    "x": 151,
    "y": 951,
    "page_width": 1241,
    "page_height": 1754,
    "page_no": 9
  },
  {
    "question": "9",
    "text": "9",
    "x": 151,
    "y": 158,
    "page_width": 1241,
    "page_height": 1754,
    "page_no": 10
  },
  {
    "question": "3",
    "text": "3a",
    "x": 151,
    "y": 157,
    "page_width": 1241,
    "page_height": 1754,
    "page_no": 13
  },
  {
    "question": "80",
    "text": "80",
    "x": 151,
    "y": 1183,
    "page_width": 1241,
    "page_height": 1754,
    "page_no": 13
  },
  {
    "question": "9",
    "text": "9",
    "x": 151,
    "y": 1256,
    "page_width": 1241,
    "page_height": 1754,
    "page_no": 13
  },
  {
    "question": "5",
    "text": "5a",
    "x": 151,
    "y": 158,
    "page_width": 1241,
    "page_height": 1754,
    "page_no": 19
  },
  {
    "question": "9",
    "text": "9",
    "x": 151,
    "y": 1016,
    "page_width": 1241,
    "page_height": 1754,
    "page_no": 19
  },
  {
    "question": "6",
    "text": "6a",
    "x": 151,
    "y": 157,
    "page_width": 1241,
    "page_height": 1754,
    "page_no": 22
  },
  {
    "question": "1",
    "text": "1",
    "x": 151,
    "y": 230,
    "page_width": 1241,
    "page_height": 1754,
    "page_no": 23
  }
]