[
  {
    "question": "3",
    "text": "3x",
    "x": 153,
    "y": 1109,
    "page_width": 1241,
    "page_height": 1754,
    "page_no": 4
  },
  {
    "question": "10",
    "text": "100=5x25x15sinC",
    "x": 153,
    "y": 1194,
    "page_width": 1241,
    "page_height": 1754,
    "page_no": 5
  },
  {
    "question": "7",
    "text": "7x-\u20142y-\u20146=Oor",
    "x": 153,
    "y": 202,
    "page_width": 1241,
    "page_height": 1754,
    "page_no": 8
  },
  {
    "question": "2",
    "text": "2x4\"",
    "x": 154,
    "y": 1151,
    "page_width": 1241,
    "page_height": 1754,
    "page_no": 9
  },
  {
    "question": "2",
    "text": "2x4\u00b0",
    "x": 154,
    "y": 1287,
    "page_width": 1241,
    "page_height": 1754,
    "page_no": 9
  },
  {
    "question": "4",
    "text": "4p",
    "x": 153,
    "y": 989,
    "page_width": 1241,
    "page_height": 1754,
    "page_no": 10
  },
  {
    "question": "1",
    "text": "1",
    "x": 156,
    "y": 1418,
    "page_width": 1241,
    "page_height": 1754,
    "page_no": 20
  },
  {
    "question": "2",
    "text": "2",
    "x": 156,
    "y": 1468,
    "page_width": 1241,
    "page_height": 1754,
    "page_no": 20
  },
  {
    "question": "3",
    "text": "3",
    "x": 156,
    "y": 1525,
    "page_width": 1241,
    "page_height": 1754,
    "page_no": 20
  },
  {
    "question": "2",
    "text": "2.a",
    "x": 113,
    "y": 304,
    "page_width": 1241,
    "page_height": 1754,
    "page_no": 5
  },
  {
    "question": "3",
    "text": "3.a",
    "x": 113,
    "y": 229,
    "page_width": 1241,
    "page_height": 1754,
    "page_no": 7
  },
  {
    "question": "5",
    "text": "5",
    "x": 109,
    "y": 201,
    "page_width": 1241,
    "page_height": 1754,
    "page_no": 11
  },
  {
    "question": "94",
    "text": "946",
    "x": 111,
    "y": 1580,
    "page_width": 1241,
    "page_height": 1754,
    "page_no": 12
  },
  {
    "question": "8",
    "text": "8",
    "x": 113,
    "y": 174,
    "page_width": 1241,
    "page_height": 1754,
    "page_no": 17
  },
  {
    "question": "0",
    "text": "0.8",
    "x": 112,
    "y": 123,
    "page_width": 1241,
    "page_height": 1754,
    "page_no": 19
  },
  {
    "question": "9",
    "text": "9",
    "x": 113,
    "y": 287,
    "page_width": 1241,
    "page_height": 1754,
    "page_no": 20
  },
  {
    "question": "18",
    "text": "180\u2014",
    "x": 78,
    "y": 240,
    "page_width": 1241,
    "page_height": 1754,
    "page_no": 6
  },
  {
    "question": "4",
    "text": "4p\"",
    "x": 78,
    "y": 255,
    "page_width": 1241,
    "page_height": 1754,
    "page_no": 10
  },
  {
    "question": "6",
    "text": "6=10m+c",
    "x": 78,
    "y": 1275,
    "page_width": 1241,
    "page_height": 1754,
    "page_no": 11
  },
  {
    "question": "12",
    "text": "12",
    "x": 80,
    "y": 1567,
    "page_width": 1241,
    "page_height": 1754,
    "page_no": 12
  },
  {
    "question": "2",
    "text": "2",
    "x": 78,
    "y": 1593,
    "page_width": 1241,
    "page_height": 1754,
    "page_no": 12
  },
  {
    "question": "7",
    "text": "7.03\u20140.8",
    "x": 78,
    "y": 1424,
    "page_width": 1241,
    "page_height": 1754,
    "page_no": 17
  },
  {
    "question": "0",
    "text": "0.8",
    "x": 74,
    "y": 269,
    "page_width": 1241,
    "page_height": 1754,
    "page_no": 18
  },
  {
    "question": "4",
    "text": "4a",
    "x": 131,
    "y": 186,
    "page_width": 1241,
    "page_height": 1754,
    "page_no": 9
  },
  {
    "question": "8",
    "text": "8",
    "x": 131,
    "y": 500,
    "page_width": 1241,
    "page_height": 1754,
    "page_no": 12
  },
  {
    "question": "1",
    "text": "1:",
    "x": 132,
    "y": 1080,
    "page_width": 1241,
    "page_height": 1754,
    "page_no": 12
  },
  {
    "question": "2",
    "text": "2:",
    "x": 133,
    "y": 1285,
    "page_width": 1241,
    "page_height": 1754,
    "page_no": 12
  },
  {
    "question": "3",
    "text": "3:",
    "x": 130,
    "y": 1534,
    "page_width": 1241,
    "page_height": 1754,
    "page_no": 12
  },
  {
    "question": "6",
    "text": "6.a_",
    "x": 130,
    "y": 210,
    "page_width": 1241,
    "page_height": 1754,
    "page_no": 14
  },
  {
    "question": "51",
    "text": "51",
    "x": 118,
    "y": 1501,
    "page_width": 1241,
    "page_height": 1754,
    "page_no": 12
  },
  {
    "question": "51",
    "text": "51",
    "x": 118,
    "y": 176,
    "page_width": 1241,
    "page_height": 1754,
    "page_no": 13
  },
  {
    "question": "51",
    "text": "51",
    "x": 118,
    "y": 377,
    "page_width": 1241,
    "page_height": 1754,
    "page_no": 13
  },
  {
    "question": "7",
    "text": "7.",
    "x": 117,
    "y": 332,
    "page_width": 1241,
    "page_height": 1754,
    "page_no": 15
  }
]