[
  {
    "question": 0,
    "x": 99,
    "y": 472,
    "page_no": 12,
    "page_width": 1241,
    "page_height": 1754
  },
  {
    "question": 4,
    "x": 113,
    "y": 249,
    "page_no": 11,
    "page_width": 1241,
    "page_height": 1754
  },
  {
    "question": 3,
    "x": 113,
    "y": 223,
    "page_no": 10,
    "page_width": 1241,
    "page_height": 1754
  },
  {
    "question": 2,
    "x": 113,
    "y": 223,
    "page_no": 9,
    "page_width": 1241,
    "page_height": 1754
  },
  {
    "question": 1,
    "x": 118,
    "y": 253,
    "page_no": 7,
    "page_width": 1241,
    "page_height": 1754
  },
  {
    "question": "4",
    "text": "4d",
    "x": 112,
    "y": 221,
    "page_width": 1241,
    "page_height": 1754,
    "page_no": 12
  }
]