[
  {
    "question": "5",
    "text": "5.",
    "x": 98,
    "y": 130,
    "page_width": 1241,
    "page_height": 1754,
    "page_no": 5
  },
  {
    "question": "6",
    "text": "6.",
    "x": 98,
    "y": 285,
    "page_width": 1241,
    "page_height": 1754,
    "page_no": 5
  },
  {
    "question": "7",
    "text": "7.",
    "x": 97,
    "y": 442,
    "page_width": 1241,
    "page_height": 1754,
    "page_no": 5
  },
  {
    "question": "8",
    "text": "8.",
    "x": 98,
    "y": 535,
    "page_width": 1241,
    "page_height": 1754,
    "page_no": 5
  },
  {
    "question": "9",
    "text": "9.",
    "x": 98,
    "y": 981,
    "page_width": 1241,
    "page_height": 1754,
    "page_no": 5
  },
  {
    "question": "1",
    "text": "1a",
    "x": 99,
    "y": 131,
    "page_width": 1241,
    "page_height": 1754,
    "page_no": 7
  },
  {
    "question": "3",
    "text": "3a",
    "x": 98,
    "y": 158,
    "page_width": 1241,
    "page_height": 1754,
    "page_no": 9
  },
  {
    "question": "4",
    "text": "4ai",
    "x": 95,
    "y": 151,
    "page_width": 1241,
    "page_height": 1754,
    "page_no": 11
  },
  {
    "question": "5",
    "text": "5a",
    "x": 98,
    "y": 142,
    "page_width": 1241,
    "page_height": 1754,
    "page_no": 12
  },
  {
    "question": "65",
    "text": "65",
    "x": 96,
    "y": 1520,
    "page_width": 1241,
    "page_height": 1754,
    "page_no": 12
  },
  {
    "question": "65",
    "text": "65",
    "x": 96,
    "y": 1552,
    "page_width": 1241,
    "page_height": 1754,
    "page_no": 12
  },
  {
    "question": "65",
    "text": "65",
    "x": 96,
    "y": 1579,
    "page_width": 1241,
    "page_height": 1754,
    "page_no": 12
  },
  {
    "question": "6",
    "text": "6a",
    "x": 98,
    "y": 147,
    "page_width": 1241,
    "page_height": 1754,
    "page_no": 13
  },
  {
    "question": "3",
    "text": "3",
    "x": 98,
    "y": 1131,
    "page_width": 1241,
    "page_height": 1754,
    "page_no": 14
  },
  {
    "question": "9",
    "text": "9a",
    "x": 101,
    "y": 131,
    "page_width": 1241,
    "page_height": 1754,
    "page_no": 20
  },
  {
    "question": "1",
    "text": "1.",
    "x": 62,
    "y": 197,
    "page_width": 1241,
    "page_height": 1754,
    "page_no": 6
  },
  {
    "question": "2",
    "text": "2.",
    "x": 60,
    "y": 330,
    "page_width": 1241,
    "page_height": 1754,
    "page_no": 6
  },
  {
    "question": "3",
    "text": "3.",
    "x": 60,
    "y": 409,
    "page_width": 1241,
    "page_height": 1754,
    "page_no": 6
  },
  {
    "question": "1",
    "text": "1.",
    "x": 62,
    "y": 561,
    "page_width": 1241,
    "page_height": 1754,
    "page_no": 6
  },
  {
    "question": "2",
    "text": "2.",
    "x": 60,
    "y": 650,
    "page_width": 1241,
    "page_height": 1754,
    "page_no": 6
  },
  {
    "question": "60",
    "text": "600",
    "x": 63,
    "y": 1610,
    "page_width": 1241,
    "page_height": 1754,
    "page_no": 12
  },
  {
    "question": "2",
    "text": "2",
    "x": 63,
    "y": 1204,
    "page_width": 1241,
    "page_height": 1754,
    "page_no": 14
  },
  {
    "question": "2",
    "text": "2a",
    "x": 106,
    "y": 204,
    "page_width": 1241,
    "page_height": 1754,
    "page_no": 8
  },
  {
    "question": "4",
    "text": "4",
    "x": 106,
    "y": 1240,
    "page_width": 1241,
    "page_height": 1754,
    "page_no": 14
  },
  {
    "question": "7",
    "text": "7H",
    "x": 108,
    "y": 178,
    "page_width": 1241,
    "page_height": 1754,
    "page_no": 15
  },
  {
    "question": "8",
    "text": "8a",
    "x": 106,
    "y": 127,
    "page_width": 1241,
    "page_height": 1754,
    "page_no": 17
  }
]