[
  {
    "question": "1",
    "text": "1",
    "x": 195,
    "y": 318,
    "page_width": 1754,
    "page_height": 1241,
    "page_no": 4
  },
  {
    "question": "2",
    "text": "2",
    "x": 193,
    "y": 356,
    "page_width": 1754,
    "page_height": 1241,
    "page_no": 4
  },
  {
    "question": "3",
    "text": "3",
    "x": 193,
    "y": 395,
    "page_width": 1754,
    "page_height": 1241,
    "page_no": 4
  },
  {
    "question": "5",
    "text": "5",
    "x": 193,
    "y": 472,
    "page_width": 1754,
    "page_height": 1241,
    "page_no": 4
  },
  {
    "question": "1",
    "text": "1",
    "x": 195,
    "y": 793,
    "page_width": 1754,
    "page_height": 1241,
    "page_no": 4
  },
  {
    "question": "2",
    "text": "2",
    "x": 193,
    "y": 832,
    "page_width": 1754,
    "page_height": 1241,
    "page_no": 4
  },
  {
    "question": "3",
    "text": "3",
    "x": 193,
    "y": 870,
    "page_width": 1754,
    "page_height": 1241,
    "page_no": 4
  },
  {
    "question": "5",
    "text": "5",
    "x": 193,
    "y": 947,
    "page_width": 1754,
    "page_height": 1241,
    "page_no": 4
  },
  {
    "question": "1",
    "text": "1Jan",
    "x": 143,
    "y": 363,
    "page_width": 1241,
    "page_height": 1754,
    "page_no": 10
  },
  {
    "question": "20",
    "text": "2019",
    "x": 143,
    "y": 396,
    "page_width": 1241,
    "page_height": 1754,
    "page_no": 10
  },
  {
    "question": "15",
    "text": "15",
    "x": 143,
    "y": 438,
    "page_width": 1241,
    "page_height": 1754,
    "page_no": 10
  },
  {
    "question": "20",
    "text": "2020",
    "x": 143,
    "y": 601,
    "page_width": 1241,
    "page_height": 1754,
    "page_no": 10
  },
  {
    "question": "21",
    "text": "21Jan",
    "x": 143,
    "y": 924,
    "page_width": 1241,
    "page_height": 1754,
    "page_no": 10
  },
  {
    "question": "31",
    "text": "31",
    "x": 142,
    "y": 989,
    "page_width": 1241,
    "page_height": 1754,
    "page_no": 10
  },
  {
    "question": "50",
    "text": "50%",
    "x": 140,
    "y": 1185,
    "page_width": 1241,
    "page_height": 1754,
    "page_no": 17
  },
  {
    "question": "2",
    "text": "2",
    "x": 119,
    "y": 1238,
    "page_width": 1241,
    "page_height": 1754,
    "page_no": 10
  },
  {
    "question": "13",
    "text": "13",
    "x": 120,
    "y": 824,
    "page_width": 1241,
    "page_height": 1754,
    "page_no": 14
  },
  {
    "question": "4",
    "text": "4%",
    "x": 119,
    "y": 256,
    "page_width": 1241,
    "page_height": 1754,
    "page_no": 15
  },
  {
    "question": "1",
    "text": "1",
    "x": 119,
    "y": 799,
    "page_width": 1241,
    "page_height": 1754,
    "page_no": 17
  },
  {
    "question": "50",
    "text": "500",
    "x": 119,
    "y": 1402,
    "page_width": 1241,
    "page_height": 1754,
    "page_no": 19
  },
  {
    "question": "10",
    "text": "1000000",
    "x": 120,
    "y": 1487,
    "page_width": 1241,
    "page_height": 1754,
    "page_no": 19
  }
]