[
  {
    "question": "1",
    "text": "1a",
    "x": 87,
    "y": 300,
    "page_width": 1241,
    "page_height": 1754,
    "page_no": 5
  },
  {
    "question": "1",
    "text": "1b",
    "x": 87,
    "y": 794,
    "page_width": 1241,
    "page_height": 1754,
    "page_no": 5
  },
  {
    "question": "2",
    "text": "2a",
    "x": 86,
    "y": 210,
    "page_width": 1241,
    "page_height": 1754,
    "page_no": 6
  },
  {
    "question": "2",
    "text": "2b",
    "x": 86,
    "y": 165,
    "page_width": 1241,
    "page_height": 1754,
    "page_no": 7
  },
  {
    "question": "2",
    "text": "2c",
    "x": 86,
    "y": 603,
    "page_width": 1241,
    "page_height": 1754,
    "page_no": 7
  },
  {
    "question": "3",
    "text": "3",
    "x": 86,
    "y": 191,
    "page_width": 1241,
    "page_height": 1754,
    "page_no": 8
  },
  {
    "question": "6",
    "text": "6",
    "x": 86,
    "y": 294,
    "page_width": 1241,
    "page_height": 1754,
    "page_no": 13
  },
  {
    "question": "7",
    "text": "7a",
    "x": 86,
    "y": 712,
    "page_width": 1241,
    "page_height": 1754,
    "page_no": 13
  },
  {
    "question": "7",
    "text": "7c",
    "x": 86,
    "y": 165,
    "page_width": 1241,
    "page_height": 1754,
    "page_no": 14
  },
  {
    "question": "7",
    "text": "7d",
    "x": 86,
    "y": 886,
    "page_width": 1241,
    "page_height": 1754,
    "page_no": 14
  },
  {
    "question": "7",
    "text": "7e",
    "x": 86,
    "y": 165,
    "page_width": 1241,
    "page_height": 1754,
    "page_no": 15
  },
  {
    "question": "8",
    "text": "8",
    "x": 86,
    "y": 935,
    "page_width": 1241,
    "page_height": 1754,
    "page_no": 15
  },
  {
    "question": "9",
    "text": "9",
    "x": 86,
    "y": 165,
    "page_width": 1241,
    "page_height": 1754,
    "page_no": 16
  },
  {
    "question": "12",
    "text": "12",
    "x": 87,
    "y": 266,
    "page_width": 1241,
    "page_height": 1754,
    "page_no": 21
  },
  {
    "question": "13",
    "text": "13a",
    "x": 87,
    "y": 737,
    "page_width": 1241,
    "page_height": 1754,
    "page_no": 21
  },
  {
    "question": "13",
    "text": "13",
    "x": 87,
    "y": 165,
    "page_width": 1241,
    "page_height": 1754,
    "page_no": 22
  },
  {
    "question": "13",
    "text": "13d",
    "x": 87,
    "y": 798,
    "page_width": 1241,
    "page_height": 1754,
    "page_no": 22
  },
  {
    "question": "13",
    "text": "13",
    "x": 87,
    "y": 165,
    "page_width": 1241,
    "page_height": 1754,
    "page_no": 23
  },
  {
    "question": "14",
    "text": "14",
    "x": 87,
    "y": 874,
    "page_width": 1241,
    "page_height": 1754,
    "page_no": 23
  },
  {
    "question": "15",
    "text": "15",
    "x": 87,
    "y": 166,
    "page_width": 1241,
    "page_height": 1754,
    "page_no": 24
  },
  {
    "question": "4",
    "text": "4",
    "x": 70,
    "y": 154,
    "page_width": 1241,
    "page_height": 1754,
    "page_no": 9
  },
  {
    "question": "5",
    "text": "5",
    "x": 70,
    "y": 206,
    "page_width": 1241,
    "page_height": 1754,
    "page_no": 11
  },
  {
    "question": "10",
    "text": "10",
    "x": 71,
    "y": 243,
    "page_width": 1241,
    "page_height": 1754,
    "page_no": 17
  },
  {
    "question": "11",
    "text": "11",
    "x": 71,
    "y": 180,
    "page_width": 1241,
    "page_height": 1754,
    "page_no": 19
  },
  {
    "question": "17",
    "text": "17",
    "x": 71,
    "y": 154,
    "page_width": 1241,
    "page_height": 1754,
    "page_no": 27
  },
  {
    "question": "4",
    "text": "4",
    "x": 141,
    "y": 741,
    "page_width": 1241,
    "page_height": 1754,
    "page_no": 18
  },
  {
    "question": "1",
    "text": "1",
    "x": 143,
    "y": 288,
    "page_width": 1241,
    "page_height": 1754,
    "page_no": 20
  },
  {
    "question": "2",
    "text": "2",
    "x": 141,
    "y": 392,
    "page_width": 1241,
    "page_height": 1754,
    "page_no": 20
  },
  {
    "question": "3",
    "text": "3",
    "x": 141,
    "y": 523,
    "page_width": 1241,
    "page_height": 1754,
    "page_no": 20
  },
  {
    "question": "4",
    "text": "4",
    "x": 141,
    "y": 654,
    "page_width": 1241,
    "page_height": 1754,
    "page_no": 20
  },
  {
    "question": "1",
    "text": "1",
    "x": 143,
    "y": 315,
    "page_width": 1241,
    "page_height": 1754,
    "page_no": 26
  },
  {
    "question": "2",
    "text": "2",
    "x": 141,
    "y": 418,
    "page_width": 1241,
    "page_height": 1754,
    "page_no": 26
  },
  {
    "question": "3",
    "text": "3",
    "x": 141,
    "y": 549,
    "page_width": 1241,
    "page_height": 1754,
    "page_no": 26
  },
  {
    "question": "4",
    "text": "4",
    "x": 141,
    "y": 736,
    "page_width": 1241,
    "page_height": 1754,
    "page_no": 26
  },
  {
    "question": "1",
    "text": "1",
    "x": 143,
    "y": 288,
    "page_width": 1241,
    "page_height": 1754,
    "page_no": 28
  },
  {
    "question": "2",
    "text": "2",
    "x": 141,
    "y": 392,
    "page_width": 1241,
    "page_height": 1754,
    "page_no": 28
  },
  {
    "question": "3",
    "text": "3",
    "x": 141,
    "y": 523,
    "page_width": 1241,
    "page_height": 1754,
    "page_no": 28
  },
  {
    "question": "4",
    "text": "4",
    "x": 141,
    "y": 654,
    "page_width": 1241,
    "page_height": 1754,
    "page_no": 28
  }
]