[
  {
    "question": 0,
    "x": 155,
    "y": 983,
    "page_no": 29,
    "page_width": 1359,
    "page_height": 1873
  },
  {
    "question": 18,
    "x": 155,
    "y": 184,
    "page_no": 26,
    "page_width": 1359,
    "page_height": 1873
  },
  {
    "question": "1",
    "text": "1",
    "x": 150,
    "y": 367,
    "page_width": 1359,
    "page_height": 1873,
    "page_no": 2
  },
  {
    "question": "2",
    "text": "2",
    "x": 148,
    "y": 711,
    "page_width": 1359,
    "page_height": 1873,
    "page_no": 2
  },
  {
    "question": "3",
    "text": "3",
    "x": 148,
    "y": 1084,
    "page_width": 1359,
    "page_height": 1873,
    "page_no": 2
  },
  {
    "question": "4",
    "text": "4",
    "x": 148,
    "y": 189,
    "page_width": 1359,
    "page_height": 1873,
    "page_no": 3
  },
  {
    "question": "5",
    "text": "5",
    "x": 148,
    "y": 189,
    "page_width": 1359,
    "page_height": 1873,
    "page_no": 4
  },
  {
    "question": "6",
    "text": "6",
    "x": 148,
    "y": 807,
    "page_width": 1359,
    "page_height": 1873,
    "page_no": 4
  },
  {
    "question": "7",
    "text": "7",
    "x": 148,
    "y": 189,
    "page_width": 1359,
    "page_height": 1873,
    "page_no": 5
  },
  {
    "question": "8",
    "text": "8",
    "x": 148,
    "y": 878,
    "page_width": 1359,
    "page_height": 1873,
    "page_no": 5
  },
  {
    "question": "9",
    "text": "9",
    "x": 148,
    "y": 189,
    "page_width": 1359,
    "page_height": 1873,
    "page_no": 6
  },
  {
    "question": "10",
    "text": "10",
    "x": 150,
    "y": 189,
    "page_width": 1359,
    "page_height": 1873,
    "page_no": 7
  },
  {
    "question": "11",
    "text": "11",
    "x": 149,
    "y": 288,
    "page_width": 1359,
    "page_height": 1873,
    "page_no": 8
  },
  {
    "question": "12",
    "text": "12",
    "x": 150,
    "y": 189,
    "page_width": 1359,
    "page_height": 1873,
    "page_no": 10
  },
  {
    "question": "13",
    "text": "13",
    "x": 150,
    "y": 189,
    "page_width": 1359,
    "page_height": 1873,
    "page_no": 12
  },
  {
    "question": "14",
    "text": "14",
    "x": 150,
    "y": 189,
    "page_width": 1359,
    "page_height": 1873,
    "page_no": 14
  },
  {
    "question": "15",
    "text": "15",
    "x": 150,
    "y": 189,
    "page_width": 1359,
    "page_height": 1873,
    "page_no": 16
  },
  {
    "question": "16",
    "text": "16",
    "x": 150,
    "y": 189,
    "page_width": 1359,
    "page_height": 1873,
    "page_no": 18
  },
  {
    "question": "17",
    "text": "17",
    "x": 150,
    "y": 189,
    "page_width": 1359,
    "page_height": 1873,
    "page_no": 22
  },
  {
    "question": "18",
    "text": "18",
    "x": 149,
    "y": 189,
    "page_width": 1359,
    "page_height": 1873,
    "page_no": 26
  }
]