[
  {
    "question": "4",
    "text": "4b",
    "x": 87,
    "y": 851,
    "page_width": 1241,
    "page_height": 1754,
    "page_no": 4
  },
  {
    "question": "2",
    "text": "2",
    "x": 85,
    "y": 218,
    "page_width": 1241,
    "page_height": 1754,
    "page_no": 5
  },
  {
    "question": "3",
    "text": "3a",
    "x": 86,
    "y": 218,
    "page_width": 1241,
    "page_height": 1754,
    "page_no": 6
  },
  {
    "question": "3",
    "text": "3b",
    "x": 86,
    "y": 837,
    "page_width": 1241,
    "page_height": 1754,
    "page_no": 7
  },
  {
    "question": "4",
    "text": "4a",
    "x": 86,
    "y": 269,
    "page_width": 1241,
    "page_height": 1754,
    "page_no": 9
  },
  {
    "question": "4",
    "text": "4b",
    "x": 86,
    "y": 217,
    "page_width": 1241,
    "page_height": 1754,
    "page_no": 10
  },
  {
    "question": "4",
    "text": "4c",
    "x": 86,
    "y": 1002,
    "page_width": 1241,
    "page_height": 1754,
    "page_no": 10
  },
  {
    "question": "5",
    "text": "5",
    "x": 86,
    "y": 269,
    "page_width": 1241,
    "page_height": 1754,
    "page_no": 12
  },
  {
    "question": "7",
    "text": "7a",
    "x": 86,
    "y": 319,
    "page_width": 1241,
    "page_height": 1754,
    "page_no": 16
  },
  {
    "question": "7",
    "text": "7b",
    "x": 86,
    "y": 776,
    "page_width": 1241,
    "page_height": 1754,
    "page_no": 16
  },
  {
    "question": "8",
    "text": "8b",
    "x": 86,
    "y": 217,
    "page_width": 1241,
    "page_height": 1754,
    "page_no": 18
  },
  {
    "question": "9",
    "text": "9a",
    "x": 82,
    "y": 878,
    "page_width": 1241,
    "page_height": 1754,
    "page_no": 19
  },
  {
    "question": "9",
    "text": "9b",
    "x": 86,
    "y": 217,
    "page_width": 1241,
    "page_height": 1754,
    "page_no": 20
  },
  {
    "question": "6",
    "text": "6",
    "x": 88,
    "y": 275,
    "page_width": 1241,
    "page_height": 1754,
    "page_no": 13
  },
  {
    "question": "10",
    "text": "10",
    "x": 89,
    "y": 205,
    "page_width": 1241,
    "page_height": 1754,
    "page_no": 21
  },
  {
    "question": "1",
    "text": "1",
    "x": 90,
    "y": 421,
    "page_width": 1241,
    "page_height": 1754,
    "page_no": 22
  },
  {
    "question": "2",
    "text": "2",
    "x": 89,
    "y": 533,
    "page_width": 1241,
    "page_height": 1754,
    "page_no": 22
  },
  {
    "question": "3",
    "text": "3",
    "x": 88,
    "y": 678,
    "page_width": 1241,
    "page_height": 1754,
    "page_no": 22
  },
  {
    "question": "4",
    "text": "4",
    "x": 88,
    "y": 854,
    "page_width": 1241,
    "page_height": 1754,
    "page_no": 22
  },
  {
    "question": "11",
    "text": "11",
    "x": 89,
    "y": 276,
    "page_width": 1241,
    "page_height": 1754,
    "page_no": 23
  },
  {
    "question": "1",
    "text": "1",
    "x": 105,
    "y": 414,
    "page_width": 1241,
    "page_height": 1754,
    "page_no": 25
  },
  {
    "question": "2",
    "text": "2",
    "x": 103,
    "y": 544,
    "page_width": 1241,
    "page_height": 1754,
    "page_no": 25
  },
  {
    "question": "3",
    "text": "3",
    "x": 103,
    "y": 706,
    "page_width": 1241,
    "page_height": 1754,
    "page_no": 25
  },
  {
    "question": "4",
    "text": "4",
    "x": 103,
    "y": 931,
    "page_width": 1241,
    "page_height": 1754,
    "page_no": 25
  },
  {
    "question": "5",
    "text": "5",
    "x": 104,
    "y": 1125,
    "page_width": 1241,
    "page_height": 1754,
    "page_no": 25
  }
]