[
  {
    "question": "7",
    "text": "7a",
    "x": 125,
    "y": 391,
    "page_width": 1241,
    "page_height": 1754,
    "page_no": 6
  },
  {
    "question": "7",
    "text": "7b",
    "x": 125,
    "y": 314,
    "page_width": 1241,
    "page_height": 1754,
    "page_no": 7
  },
  {
    "question": "7",
    "text": "7c",
    "x": 125,
    "y": 666,
    "page_width": 1241,
    "page_height": 1754,
    "page_no": 8
  },
  {
    "question": "7",
    "text": "7a",
    "x": 125,
    "y": 345,
    "page_width": 1241,
    "page_height": 1754,
    "page_no": 9
  },
  {
    "question": "7",
    "text": "7e",
    "x": 125,
    "y": 318,
    "page_width": 1241,
    "page_height": 1754,
    "page_no": 11
  },
  {
    "question": "8",
    "text": "8",
    "x": 125,
    "y": 485,
    "page_width": 1241,
    "page_height": 1754,
    "page_no": 15
  },
  {
    "question": "10",
    "text": "10",
    "x": 126,
    "y": 412,
    "page_width": 1241,
    "page_height": 1754,
    "page_no": 23
  }
]