[
  {
    "question": "4",
    "text": "4a",
    "x": 152,
    "y": 188,
    "page_width": 1754,
    "page_height": 1241,
    "page_no": 4
  },
  {
    "question": "1",
    "text": "1bi",
    "x": 152,
    "y": 497,
    "page_width": 1754,
    "page_height": 1241,
    "page_no": 4
  },
  {
    "question": "1",
    "text": "1bii",
    "x": 152,
    "y": 655,
    "page_width": 1754,
    "page_height": 1241,
    "page_no": 4
  },
  {
    "question": "1",
    "text": "1ci",
    "x": 152,
    "y": 345,
    "page_width": 1754,
    "page_height": 1241,
    "page_no": 5
  },
  {
    "question": "1",
    "text": "1cii",
    "x": 152,
    "y": 581,
    "page_width": 1754,
    "page_height": 1241,
    "page_no": 5
  },
  {
    "question": "2",
    "text": "2a",
    "x": 151,
    "y": 223,
    "page_width": 1754,
    "page_height": 1241,
    "page_no": 6
  },
  {
    "question": "2",
    "text": "2bi",
    "x": 151,
    "y": 549,
    "page_width": 1754,
    "page_height": 1241,
    "page_no": 6
  },
  {
    "question": "2",
    "text": "2bii",
    "x": 151,
    "y": 214,
    "page_width": 1754,
    "page_height": 1241,
    "page_no": 7
  },
  {
    "question": "3",
    "text": "3ai",
    "x": 151,
    "y": 245,
    "page_width": 1754,
    "page_height": 1241,
    "page_no": 8
  },
  {
    "question": "3",
    "text": "3aii",
    "x": 151,
    "y": 599,
    "page_width": 1754,
    "page_height": 1241,
    "page_no": 8
  },
  {
    "question": "3",
    "text": "3b",
    "x": 151,
    "y": 214,
    "page_width": 1754,
    "page_height": 1241,
    "page_no": 9
  },
  {
    "question": "3",
    "text": "3ci",
    "x": 151,
    "y": 842,
    "page_width": 1754,
    "page_height": 1241,
    "page_no": 9
  },
  {
    "question": "3",
    "text": "3cii",
    "x": 151,
    "y": 206,
    "page_width": 1754,
    "page_height": 1241,
    "page_no": 10
  },
  {
    "question": "5",
    "text": "5ai",
    "x": 151,
    "y": 214,
    "page_width": 1754,
    "page_height": 1241,
    "page_no": 14
  },
  {
    "question": "5",
    "text": "5aii",
    "x": 151,
    "y": 618,
    "page_width": 1754,
    "page_height": 1241,
    "page_no": 14
  },
  {
    "question": "5",
    "text": "5bi",
    "x": 151,
    "y": 933,
    "page_width": 1754,
    "page_height": 1241,
    "page_no": 14
  },
  {
    "question": "5",
    "text": "5bii",
    "x": 151,
    "y": 214,
    "page_width": 1754,
    "page_height": 1241,
    "page_no": 15
  },
  {
    "question": "5",
    "text": "5biii",
    "x": 151,
    "y": 740,
    "page_width": 1754,
    "page_height": 1241,
    "page_no": 15
  },
  {
    "question": "6",
    "text": "6a",
    "x": 151,
    "y": 219,
    "page_width": 1754,
    "page_height": 1241,
    "page_no": 16
  },
  {
    "question": "6",
    "text": "6b",
    "x": 151,
    "y": 664,
    "page_width": 1754,
    "page_height": 1241,
    "page_no": 16
  },
  {
    "question": "6",
    "text": "6ci",
    "x": 151,
    "y": 223,
    "page_width": 1754,
    "page_height": 1241,
    "page_no": 17
  },
  {
    "question": "6",
    "text": "6cii",
    "x": 151,
    "y": 214,
    "page_width": 1754,
    "page_height": 1241,
    "page_no": 18
  },
  {
    "question": "7",
    "text": "7ai",
    "x": 151,
    "y": 216,
    "page_width": 1754,
    "page_height": 1241,
    "page_no": 20
  },
  {
    "question": "7",
    "text": "7aii",
    "x": 151,
    "y": 214,
    "page_width": 1754,
    "page_height": 1241,
    "page_no": 21
  },
  {
    "question": "7",
    "text": "7bi",
    "x": 151,
    "y": 560,
    "page_width": 1754,
    "page_height": 1241,
    "page_no": 21
  },
  {
    "question": "7",
    "text": "7bii",
    "x": 151,
    "y": 773,
    "page_width": 1754,
    "page_height": 1241,
    "page_no": 21
  },
  {
    "question": "7",
    "text": "7ci",
    "x": 151,
    "y": 223,
    "page_width": 1754,
    "page_height": 1241,
    "page_no": 22
  },
  {
    "question": "7",
    "text": "7cii",
    "x": 151,
    "y": 549,
    "page_width": 1754,
    "page_height": 1241,
    "page_no": 22
  },
  {
    "question": "8",
    "text": "8ai",
    "x": 151,
    "y": 219,
    "page_width": 1754,
    "page_height": 1241,
    "page_no": 23
  },
  {
    "question": "8",
    "text": "8aii",
    "x": 151,
    "y": 214,
    "page_width": 1754,
    "page_height": 1241,
    "page_no": 24
  },
  {
    "question": "8",
    "text": "8aiii",
    "x": 151,
    "y": 214,
    "page_width": 1754,
    "page_height": 1241,
    "page_no": 25
  },
  {
    "question": "8",
    "text": "8bi",
    "x": 151,
    "y": 668,
    "page_width": 1754,
    "page_height": 1241,
    "page_no": 25
  },
  {
    "question": "8",
    "text": "8bii",
    "x": 151,
    "y": 214,
    "page_width": 1754,
    "page_height": 1241,
    "page_no": 26
  },
  {
    "question": "8",
    "text": "8biii",
    "x": 151,
    "y": 214,
    "page_width": 1754,
    "page_height": 1241,
    "page_no": 27
  },
  {
    "question": "0",
    "text": "0",
    "x": 212,
    "y": 220,
    "page_width": 1754,
    "page_height": 1241,
    "page_no": 19
  },
  {
    "question": "1",
    "text": "1",
    "x": 213,
    "y": 254,
    "page_width": 1754,
    "page_height": 1241,
    "page_no": 19
  },
  {
    "question": "2",
    "text": "2",
    "x": 212,
    "y": 480,
    "page_width": 1754,
    "page_height": 1241,
    "page_no": 19
  },
  {
    "question": "3",
    "text": "3",
    "x": 212,
    "y": 707,
    "page_width": 1754,
    "page_height": 1241,
    "page_no": 19
  }
]