[
  {
    "question": 3,
    "x": 149,
    "y": 185,
    "page_no": 6,
    "page_width": 1359,
    "page_height": 1873
  },
  {
    "question": 0,
    "x": 149,
    "y": 1247,
    "page_no": 11,
    "page_width": 1359,
    "page_height": 1873
  },
  {
    "question": 4,
    "x": 153,
    "y": 197,
    "page_no": 9,
    "page_width": 1359,
    "page_height": 1873
  },
  {
    "question": 2,
    "x": 157,
    "y": 197,
    "page_no": 4,
    "page_width": 1359,
    "page_height": 1873
  },
  {
    "question": 1,
    "x": 151,
    "y": 242,
    "page_no": 2,
    "page_width": 1359,
    "page_height": 1873
  },
  {
    "question": "1",
    "text": "1",
    "x": 201,
    "y": 929,
    "page_width": 1359,
    "page_height": 1873,
    "page_no": 12
  },
  {
    "question": "2",
    "text": "2",
    "x": 200,
    "y": 188,
    "page_width": 1359,
    "page_height": 1873,
    "page_no": 14
  },
  {
    "question": "4",
    "text": "4",
    "x": 201,
    "y": 188,
    "page_width": 1359,
    "page_height": 1873,
    "page_no": 15
  },
  {
    "question": "5",
    "text": "5",
    "x": 201,
    "y": 188,
    "page_width": 1359,
    "page_height": 1873,
    "page_no": 17
  },
  {
    "question": "0",
    "text": "0\u00a2",
    "x": 0,
    "y": 261,
    "page_width": 1359,
    "page_height": 1873,
    "page_no": 15
  },
  {
    "question": "2",
    "text": "2",
    "x": 0,
    "y": 502,
    "page_width": 1359,
    "page_height": 1873,
    "page_no": 15
  },
  {
    "question": "1",
    "text": "1d",
    "x": 0,
    "y": 754,
    "page_width": 1359,
    "page_height": 1873,
    "page_no": 15
  },
  {
    "question": "0",
    "text": "0\u00a2",
    "x": 0,
    "y": 261,
    "page_width": 1359,
    "page_height": 1873,
    "page_no": 17
  },
  {
    "question": "5",
    "text": "5c",
    "x": 0,
    "y": 1136,
    "page_width": 1359,
    "page_height": 1873,
    "page_no": 17
  },
  {
    "question": "4",
    "text": "4ONOG",
    "x": 0,
    "y": 1296,
    "page_width": 1359,
    "page_height": 1873,
    "page_no": 17
  }
]