[
  {
    "question": "1",
    "text": "1",
    "x": 150,
    "y": 420,
    "page_width": 1359,
    "page_height": 1873,
    "page_no": 2
  },
  {
    "question": "4",
    "text": "4",
    "x": 148,
    "y": 191,
    "page_width": 1359,
    "page_height": 1873,
    "page_no": 5
  },
  {
    "question": "6",
    "text": "6",
    "x": 148,
    "y": 689,
    "page_width": 1359,
    "page_height": 1873,
    "page_no": 6
  },
  {
    "question": "9",
    "text": "9",
    "x": 148,
    "y": 190,
    "page_width": 1359,
    "page_height": 1873,
    "page_no": 8
  },
  {
    "question": "10",
    "text": "10",
    "x": 150,
    "y": 190,
    "page_width": 1359,
    "page_height": 1873,
    "page_no": 10
  },
  {
    "question": "11",
    "text": "11",
    "x": 150,
    "y": 191,
    "page_width": 1359,
    "page_height": 1873,
    "page_no": 11
  },
  {
    "question": "12",
    "text": "12",
    "x": 150,
    "y": 539,
    "page_width": 1359,
    "page_height": 1873,
    "page_no": 11
  },
  {
    "question": "13",
    "text": "13",
    "x": 150,
    "y": 889,
    "page_width": 1359,
    "page_height": 1873,
    "page_no": 11
  },
  {
    "question": "15",
    "text": "15",
    "x": 150,
    "y": 191,
    "page_width": 1359,
    "page_height": 1873,
    "page_no": 12
  },
  {
    "question": "16",
    "text": "16",
    "x": 150,
    "y": 290,
    "page_width": 1359,
    "page_height": 1873,
    "page_no": 14
  },
  {
    "question": "17",
    "text": "17",
    "x": 150,
    "y": 191,
    "page_width": 1359,
    "page_height": 1873,
    "page_no": 17
  },
  {
    "question": "18",
    "text": "18",
    "x": 150,
    "y": 190,
    "page_width": 1359,
    "page_height": 1873,
    "page_no": 21
  },
  {
    "question": "19",
    "text": "19",
    "x": 150,
    "y": 289,
    "page_width": 1359,
    "page_height": 1873,
    "page_no": 26
  }
]