[
  {
    "question": "1",
    "text": "1a",
    "x": 87,
    "y": 226,
    "page_width": 1241,
    "page_height": 1754,
    "page_no": 4
  },
  {
    "question": "1",
    "text": "1b",
    "x": 87,
    "y": 615,
    "page_width": 1241,
    "page_height": 1754,
    "page_no": 4
  },
  {
    "question": "1",
    "text": "1\u00a2c",
    "x": 87,
    "y": 1089,
    "page_width": 1241,
    "page_height": 1754,
    "page_no": 4
  },
  {
    "question": "2",
    "text": "2a",
    "x": 86,
    "y": 226,
    "page_width": 1241,
    "page_height": 1754,
    "page_no": 5
  },
  {
    "question": "2",
    "text": "2b",
    "x": 86,
    "y": 226,
    "page_width": 1241,
    "page_height": 1754,
    "page_no": 6
  },
  {
    "question": "2",
    "text": "2c",
    "x": 86,
    "y": 799,
    "page_width": 1241,
    "page_height": 1754,
    "page_no": 6
  },
  {
    "question": "3",
    "text": "3a",
    "x": 87,
    "y": 226,
    "page_width": 1241,
    "page_height": 1754,
    "page_no": 7
  },
  {
    "question": "3",
    "text": "3b",
    "x": 87,
    "y": 849,
    "page_width": 1241,
    "page_height": 1754,
    "page_no": 7
  },
  {
    "question": "6",
    "text": "6",
    "x": 86,
    "y": 281,
    "page_width": 1241,
    "page_height": 1754,
    "page_no": 12
  },
  {
    "question": "7",
    "text": "7",
    "x": 86,
    "y": 724,
    "page_width": 1241,
    "page_height": 1754,
    "page_no": 12
  },
  {
    "question": "8",
    "text": "8b",
    "x": 86,
    "y": 758,
    "page_width": 1241,
    "page_height": 1754,
    "page_no": 13
  },
  {
    "question": "8",
    "text": "8c",
    "x": 86,
    "y": 226,
    "page_width": 1241,
    "page_height": 1754,
    "page_no": 14
  },
  {
    "question": "9",
    "text": "9",
    "x": 86,
    "y": 844,
    "page_width": 1241,
    "page_height": 1754,
    "page_no": 14
  },
  {
    "question": "11",
    "text": "11",
    "x": 87,
    "y": 215,
    "page_width": 1241,
    "page_height": 1754,
    "page_no": 17
  },
  {
    "question": "12",
    "text": "12",
    "x": 87,
    "y": 281,
    "page_width": 1241,
    "page_height": 1754,
    "page_no": 19
  },
  {
    "question": "13",
    "text": "13",
    "x": 87,
    "y": 723,
    "page_width": 1241,
    "page_height": 1754,
    "page_no": 19
  },
  {
    "question": "14",
    "text": "14a",
    "x": 87,
    "y": 253,
    "page_width": 1241,
    "page_height": 1754,
    "page_no": 20
  },
  {
    "question": "14",
    "text": "14b",
    "x": 87,
    "y": 826,
    "page_width": 1241,
    "page_height": 1754,
    "page_no": 20
  },
  {
    "question": "14",
    "text": "14c",
    "x": 87,
    "y": 226,
    "page_width": 1241,
    "page_height": 1754,
    "page_no": 21
  },
  {
    "question": "15",
    "text": "15",
    "x": 87,
    "y": 725,
    "page_width": 1241,
    "page_height": 1754,
    "page_no": 21
  },
  {
    "question": "16",
    "text": "16",
    "x": 83,
    "y": 214,
    "page_width": 1241,
    "page_height": 1754,
    "page_no": 22
  },
  {
    "question": "4",
    "text": "4",
    "x": 97,
    "y": 215,
    "page_width": 1241,
    "page_height": 1754,
    "page_no": 8
  },
  {
    "question": "2",
    "text": "2",
    "x": 101,
    "y": 481,
    "page_width": 1241,
    "page_height": 1754,
    "page_no": 11
  },
  {
    "question": "3",
    "text": "3",
    "x": 101,
    "y": 612,
    "page_width": 1241,
    "page_height": 1754,
    "page_no": 11
  },
  {
    "question": "4",
    "text": "4",
    "x": 100,
    "y": 799,
    "page_width": 1241,
    "page_height": 1754,
    "page_no": 11
  },
  {
    "question": "2",
    "text": "2",
    "x": 101,
    "y": 507,
    "page_width": 1241,
    "page_height": 1754,
    "page_no": 18
  },
  {
    "question": "3",
    "text": "3",
    "x": 101,
    "y": 638,
    "page_width": 1241,
    "page_height": 1754,
    "page_no": 18
  },
  {
    "question": "4",
    "text": "4",
    "x": 100,
    "y": 825,
    "page_width": 1241,
    "page_height": 1754,
    "page_no": 18
  },
  {
    "question": "1",
    "text": "1",
    "x": 148,
    "y": 376,
    "page_width": 1241,
    "page_height": 1754,
    "page_no": 23
  },
  {
    "question": "2",
    "text": "2",
    "x": 146,
    "y": 479,
    "page_width": 1241,
    "page_height": 1754,
    "page_no": 23
  },
  {
    "question": "3",
    "text": "3",
    "x": 146,
    "y": 610,
    "page_width": 1241,
    "page_height": 1754,
    "page_no": 23
  },
  {
    "question": "4",
    "text": "4",
    "x": 146,
    "y": 742,
    "page_width": 1241,
    "page_height": 1754,
    "page_no": 23
  },
  {
    "question": "1",
    "text": "1",
    "x": 73,
    "y": 404,
    "page_width": 1241,
    "page_height": 1754,
    "page_no": 25
  },
  {
    "question": "2",
    "text": "2",
    "x": 71,
    "y": 507,
    "page_width": 1241,
    "page_height": 1754,
    "page_no": 25
  },
  {
    "question": "3",
    "text": "3",
    "x": 71,
    "y": 638,
    "page_width": 1241,
    "page_height": 1754,
    "page_no": 25
  },
  {
    "question": "4",
    "text": "4",
    "x": 71,
    "y": 825,
    "page_width": 1241,
    "page_height": 1754,
    "page_no": 25
  }
]