[
  {
    "question": "1",
    "text": "1",
    "x": 146,
    "y": 244,
    "page_width": 1359,
    "page_height": 1873,
    "page_no": 2
  },
  {
    "question": "2",
    "text": "2.",
    "x": 148,
    "y": 193,
    "page_width": 1359,
    "page_height": 1873,
    "page_no": 5
  },
  {
    "question": "3",
    "text": "3",
    "x": 148,
    "y": 190,
    "page_width": 1359,
    "page_height": 1873,
    "page_no": 10
  },
  {
    "question": "4",
    "text": "4",
    "x": 148,
    "y": 191,
    "page_width": 1359,
    "page_height": 1873,
    "page_no": 14
  },
  {
    "question": "26",
    "text": "26",
    "x": 71,
    "y": 132,
    "page_width": 1359,
    "page_height": 1873,
    "page_no": 5
  },
  {
    "question": "38",
    "text": "38",
    "x": 71,
    "y": 198,
    "page_width": 1359,
    "page_height": 1873,
    "page_no": 11
  },
  {
    "question": "36",
    "text": "36",
    "x": 71,
    "y": 132,
    "page_width": 1359,
    "page_height": 1873,
    "page_no": 13
  },
  {
    "question": "5",
    "text": "5",
    "x": 71,
    "y": 159,
    "page_width": 1359,
    "page_height": 1873,
    "page_no": 15
  },
  {
    "question": "7",
    "text": "7",
    "x": 71,
    "y": 1637,
    "page_width": 1359,
    "page_height": 1873,
    "page_no": 15
  },
  {
    "question": "5",
    "text": "5c",
    "x": 0,
    "y": 1136,
    "page_width": 1359,
    "page_height": 1873,
    "page_no": 7
  },
  {
    "question": "2",
    "text": "2.",
    "x": 0,
    "y": 1451,
    "page_width": 1359,
    "page_height": 1873,
    "page_no": 9
  },
  {
    "question": "5",
    "text": "5c",
    "x": 0,
    "y": 1136,
    "page_width": 1359,
    "page_height": 1873,
    "page_no": 15
  },
  {
    "question": "4",
    "text": "4ONOG",
    "x": 0,
    "y": 189,
    "page_width": 1359,
    "page_height": 1873,
    "page_no": 17
  },
  {
    "question": "10",
    "text": "10",
    "x": 163,
    "y": 1728,
    "page_width": 1359,
    "page_height": 1873,
    "page_no": 10
  },
  {
    "question": "12",
    "text": "12",
    "x": 163,
    "y": 1728,
    "page_width": 1359,
    "page_height": 1873,
    "page_no": 12
  },
  {
    "question": "14",
    "text": "14",
    "x": 163,
    "y": 1728,
    "page_width": 1359,
    "page_height": 1873,
    "page_no": 14
  },
  {
    "question": "16",
    "text": "16",
    "x": 163,
    "y": 1728,
    "page_width": 1359,
    "page_height": 1873,
    "page_no": 16
  },
  {
    "question": "18",
    "text": "18",
    "x": 163,
    "y": 1728,
    "page_width": 1359,
    "page_height": 1873,
    "page_no": 18
  },
  {
    "question": "20",
    "text": "20",
    "x": 163,
    "y": 1728,
    "page_width": 1359,
    "page_height": 1873,
    "page_no": 20
  }
]