[
  {
    "question": "1",
    "text": "1",
    "x": 91,
    "y": 403,
    "page_width": 1241,
    "page_height": 1755,
    "page_no": 2
  },
  {
    "question": "2",
    "text": "2",
    "x": 89,
    "y": 756,
    "page_width": 1241,
    "page_height": 1755,
    "page_no": 2
  },
  {
    "question": "3",
    "text": "3",
    "x": 90,
    "y": 131,
    "page_width": 1241,
    "page_height": 1755,
    "page_no": 3
  },
  {
    "question": "4",
    "text": "4",
    "x": 89,
    "y": 734,
    "page_width": 1241,
    "page_height": 1755,
    "page_no": 3
  },
  {
    "question": "5",
    "text": "5",
    "x": 90,
    "y": 1131,
    "page_width": 1241,
    "page_height": 1755,
    "page_no": 3
  },
  {
    "question": "6",
    "text": "6",
    "x": 89,
    "y": 131,
    "page_width": 1241,
    "page_height": 1755,
    "page_no": 4
  },
  {
    "question": "7",
    "text": "7",
    "x": 90,
    "y": 1006,
    "page_width": 1241,
    "page_height": 1755,
    "page_no": 4
  },
  {
    "question": "9",
    "text": "9",
    "x": 89,
    "y": 531,
    "page_width": 1241,
    "page_height": 1755,
    "page_no": 5
  },
  {
    "question": "10",
    "text": "10",
    "x": 91,
    "y": 131,
    "page_width": 1241,
    "page_height": 1755,
    "page_no": 6
  },
  {
    "question": "11",
    "text": "11",
    "x": 91,
    "y": 132,
    "page_width": 1241,
    "page_height": 1755,
    "page_no": 7
  },
  {
    "question": "12",
    "text": "12",
    "x": 91,
    "y": 131,
    "page_width": 1241,
    "page_height": 1755,
    "page_no": 8
  },
  {
    "question": "13",
    "text": "13",
    "x": 91,
    "y": 131,
    "page_width": 1241,
    "page_height": 1755,
    "page_no": 9
  },
  {
    "question": "14",
    "text": "14",
    "x": 91,
    "y": 549,
    "page_width": 1241,
    "page_height": 1755,
    "page_no": 9
  },
  {
    "question": "15",
    "text": "15",
    "x": 91,
    "y": 291,
    "page_width": 1241,
    "page_height": 1755,
    "page_no": 10
  },
  {
    "question": "16",
    "text": "16",
    "x": 91,
    "y": 131,
    "page_width": 1241,
    "page_height": 1755,
    "page_no": 16
  },
  {
    "question": "17",
    "text": "17",
    "x": 90,
    "y": 133,
    "page_width": 1241,
    "page_height": 1755,
    "page_no": 19
  },
  {
    "question": "18",
    "text": "18",
    "x": 90,
    "y": 290,
    "page_width": 1241,
    "page_height": 1755,
    "page_no": 22
  },
  {
    "question": "23",
    "text": "23",
    "x": 28,
    "y": 475,
    "page_width": 1241,
    "page_height": 1755,
    "page_no": 3
  },
  {
    "question": "2",
    "text": "2",
    "x": 27,
    "y": 1266,
    "page_width": 1241,
    "page_height": 1755,
    "page_no": 3
  },
  {
    "question": "2",
    "text": "2",
    "x": 27,
    "y": 315,
    "page_width": 1241,
    "page_height": 1755,
    "page_no": 7
  },
  {
    "question": "8",
    "text": "8",
    "x": 27,
    "y": 475,
    "page_width": 1241,
    "page_height": 1755,
    "page_no": 11
  },
  {
    "question": "5",
    "text": "5",
    "x": 27,
    "y": 475,
    "page_width": 1241,
    "page_height": 1755,
    "page_no": 13
  },
  {
    "question": "2",
    "text": "2",
    "x": 27,
    "y": 315,
    "page_width": 1241,
    "page_height": 1755,
    "page_no": 15
  },
  {
    "question": "8",
    "text": "8",
    "x": 27,
    "y": 475,
    "page_width": 1241,
    "page_height": 1755,
    "page_no": 15
  },
  {
    "question": "2",
    "text": "2",
    "x": 26,
    "y": 315,
    "page_width": 1241,
    "page_height": 1755,
    "page_no": 17
  },
  {
    "question": "2",
    "text": "2",
    "x": 27,
    "y": 315,
    "page_width": 1241,
    "page_height": 1755,
    "page_no": 19
  },
  {
    "question": "2",
    "text": "2",
    "x": 27,
    "y": 358,
    "page_width": 1241,
    "page_height": 1755,
    "page_no": 19
  },
  {
    "question": "8",
    "text": "8",
    "x": 27,
    "y": 475,
    "page_width": 1241,
    "page_height": 1755,
    "page_no": 19
  },
  {
    "question": "4",
    "text": "4",
    "x": 27,
    "y": 259,
    "page_width": 1241,
    "page_height": 1755,
    "page_no": 27
  },
  {
    "question": "8",
    "text": "8",
    "x": 27,
    "y": 475,
    "page_width": 1241,
    "page_height": 1755,
    "page_no": 27
  },
  {
    "question": "2",
    "text": "2",
    "x": 12,
    "y": 1237,
    "page_width": 1241,
    "page_height": 1755,
    "page_no": 3
  },
  {
    "question": "3",
    "text": "3",
    "x": 12,
    "y": 1261,
    "page_width": 1241,
    "page_height": 1755,
    "page_no": 3
  },
  {
    "question": "0",
    "text": "0",
    "x": 12,
    "y": 867,
    "page_width": 1241,
    "page_height": 1755,
    "page_no": 9
  },
  {
    "question": "28",
    "text": "28",
    "x": 12,
    "y": 1021,
    "page_width": 1241,
    "page_height": 1755,
    "page_no": 9
  },
  {
    "question": "26",
    "text": "26",
    "x": 13,
    "y": 171,
    "page_width": 1241,
    "page_height": 1755,
    "page_no": 21
  },
  {
    "question": "4",
    "text": "4",
    "x": 20,
    "y": 452,
    "page_width": 1241,
    "page_height": 1755,
    "page_no": 7
  },
  {
    "question": "2",
    "text": "2",
    "x": 20,
    "y": 393,
    "page_width": 1241,
    "page_height": 1755,
    "page_no": 15
  },
  {
    "question": "3",
    "text": "3S",
    "x": 23,
    "y": 433,
    "page_width": 1241,
    "page_height": 1755,
    "page_no": 17
  },
  {
    "question": "2",
    "text": "2",
    "x": 24,
    "y": 393,
    "page_width": 1241,
    "page_height": 1755,
    "page_no": 27
  },
  {
    "question": "8",
    "text": "8",
    "x": 23,
    "y": 420,
    "page_width": 1241,
    "page_height": 1755,
    "page_no": 27
  }
]