[
  {
    "question": 0,
    "x": 129,
    "y": 735,
    "page_no": 20,
    "page_width": 1241,
    "page_height": 1754
  },
  {
    "question": "1",
    "text": "1",
    "x": 144,
    "y": 159,
    "page_width": 1241,
    "page_height": 1754,
    "page_no": 6
  },
  {
    "question": "10",
    "text": "10",
    "x": 144,
    "y": 1211,
    "page_width": 1241,
    "page_height": 1754,
    "page_no": 6
  },
  {
    "question": "11",
    "text": "11",
    "x": 144,
    "y": 200,
    "page_width": 1241,
    "page_height": 1754,
    "page_no": 7
  },
  {
    "question": "12",
    "text": "12",
    "x": 144,
    "y": 200,
    "page_width": 1241,
    "page_height": 1754,
    "page_no": 8
  },
  {
    "question": "13",
    "text": "13",
    "x": 144,
    "y": 200,
    "page_width": 1241,
    "page_height": 1754,
    "page_no": 9
  },
  {
    "question": "14",
    "text": "14",
    "x": 144,
    "y": 200,
    "page_width": 1241,
    "page_height": 1754,
    "page_no": 10
  },
  {
    "question": "15",
    "text": "15a",
    "x": 144,
    "y": 200,
    "page_width": 1241,
    "page_height": 1754,
    "page_no": 11
  },
  {
    "question": "17",
    "text": "17a",
    "x": 144,
    "y": 257,
    "page_width": 1241,
    "page_height": 1754,
    "page_no": 13
  },
  {
    "question": "18",
    "text": "18a",
    "x": 144,
    "y": 200,
    "page_width": 1241,
    "page_height": 1754,
    "page_no": 14
  },
  {
    "question": "19",
    "text": "19a",
    "x": 144,
    "y": 200,
    "page_width": 1241,
    "page_height": 1754,
    "page_no": 16
  },
  {
    "question": "2",
    "text": "2",
    "x": 142,
    "y": 316,
    "page_width": 1241,
    "page_height": 1754,
    "page_no": 6
  },
  {
    "question": "3",
    "text": "3",
    "x": 142,
    "y": 375,
    "page_width": 1241,
    "page_height": 1754,
    "page_no": 6
  },
  {
    "question": "4",
    "text": "4",
    "x": 142,
    "y": 619,
    "page_width": 1241,
    "page_height": 1754,
    "page_no": 6
  },
  {
    "question": "5",
    "text": "5",
    "x": 142,
    "y": 678,
    "page_width": 1241,
    "page_height": 1754,
    "page_no": 6
  },
  {
    "question": "6",
    "text": "6",
    "x": 142,
    "y": 765,
    "page_width": 1241,
    "page_height": 1754,
    "page_no": 6
  },
  {
    "question": "7",
    "text": "7",
    "x": 142,
    "y": 1009,
    "page_width": 1241,
    "page_height": 1754,
    "page_no": 6
  },
  {
    "question": "8",
    "text": "8",
    "x": 142,
    "y": 1081,
    "page_width": 1241,
    "page_height": 1754,
    "page_no": 6
  },
  {
    "question": "9",
    "text": "9",
    "x": 142,
    "y": 1141,
    "page_width": 1241,
    "page_height": 1754,
    "page_no": 6
  },
  {
    "question": "16",
    "text": "16",
    "x": 143,
    "y": 200,
    "page_width": 1241,
    "page_height": 1754,
    "page_no": 12
  },
  {
    "question": "20",
    "text": "20a",
    "x": 142,
    "y": 200,
    "page_width": 1241,
    "page_height": 1754,
    "page_no": 17
  },
  {
    "question": "21",
    "text": "21a",
    "x": 142,
    "y": 200,
    "page_width": 1241,
    "page_height": 1754,
    "page_no": 18
  },
  {
    "question": "22",
    "text": "22a",
    "x": 142,
    "y": 200,
    "page_width": 1241,
    "page_height": 1754,
    "page_no": 19
  },
  {
    "question": "22",
    "text": "22bii",
    "x": 142,
    "y": 766,
    "page_width": 1241,
    "page_height": 1754,
    "page_no": 19
  }
]