[
  {
    "question": 0,
    "x": 85,
    "y": 367,
    "page_no": 13,
    "page_width": 1241,
    "page_height": 1754
  },
  {
    "question": 3,
    "x": 106,
    "y": 146,
    "page_no": 8,
    "page_width": 1241,
    "page_height": 1754
  },
  {
    "question": "1",
    "text": "1@@",
    "x": 132,
    "y": 170,
    "page_width": 1241,
    "page_height": 1754,
    "page_no": 6
  },
  {
    "question": "2",
    "text": "2a",
    "x": 130,
    "y": 144,
    "page_width": 1241,
    "page_height": 1754,
    "page_no": 7
  },
  {
    "question": "4",
    "text": "4",
    "x": 100,
    "y": 144,
    "page_width": 1241,
    "page_height": 1754,
    "page_no": 11
  },
  {
    "question": "4",
    "text": "4c",
    "x": 100,
    "y": 1212,
    "page_width": 1241,
    "page_height": 1754,
    "page_no": 11
  }
]