[
  {
    "question": "1",
    "text": "1",
    "x": 164,
    "y": 273,
    "page_width": 1754,
    "page_height": 1241,
    "page_no": 5
  },
  {
    "question": "2",
    "text": "2",
    "x": 163,
    "y": 625,
    "page_width": 1754,
    "page_height": 1241,
    "page_no": 5
  },
  {
    "question": "3",
    "text": "3",
    "x": 162,
    "y": 920,
    "page_width": 1754,
    "page_height": 1241,
    "page_no": 5
  },
  {
    "question": "4",
    "text": "4",
    "x": 162,
    "y": 216,
    "page_width": 1754,
    "page_height": 1241,
    "page_no": 6
  },
  {
    "question": "5",
    "text": "5",
    "x": 163,
    "y": 509,
    "page_width": 1754,
    "page_height": 1241,
    "page_no": 6
  },
  {
    "question": "6",
    "text": "6",
    "x": 163,
    "y": 803,
    "page_width": 1754,
    "page_height": 1241,
    "page_no": 6
  },
  {
    "question": "7",
    "text": "7",
    "x": 163,
    "y": 216,
    "page_width": 1754,
    "page_height": 1241,
    "page_no": 7
  },
  {
    "question": "8",
    "text": "8",
    "x": 163,
    "y": 509,
    "page_width": 1754,
    "page_height": 1241,
    "page_no": 7
  },
  {
    "question": "9",
    "text": "9",
    "x": 163,
    "y": 803,
    "page_width": 1754,
    "page_height": 1241,
    "page_no": 7
  },
  {
    "question": "10",
    "text": "10",
    "x": 164,
    "y": 216,
    "page_width": 1754,
    "page_height": 1241,
    "page_no": 8
  },
  {
    "question": "11",
    "text": "11",
    "x": 164,
    "y": 485,
    "page_width": 1754,
    "page_height": 1241,
    "page_no": 8
  },
  {
    "question": "12",
    "text": "12",
    "x": 164,
    "y": 780,
    "page_width": 1754,
    "page_height": 1241,
    "page_no": 8
  },
  {
    "question": "13",
    "text": "13",
    "x": 164,
    "y": 216,
    "page_width": 1754,
    "page_height": 1241,
    "page_no": 9
  },
  {
    "question": "14",
    "text": "14",
    "x": 164,
    "y": 514,
    "page_width": 1754,
    "page_height": 1241,
    "page_no": 9
  },
  {
    "question": "15",
    "text": "15",
    "x": 164,
    "y": 809,
    "page_width": 1754,
    "page_height": 1241,
    "page_no": 9
  },
  {
    "question": "16",
    "text": "16",
    "x": 164,
    "y": 216,
    "page_width": 1754,
    "page_height": 1241,
    "page_no": 10
  },
  {
    "question": "17",
    "text": "17",
    "x": 164,
    "y": 537,
    "page_width": 1754,
    "page_height": 1241,
    "page_no": 10
  },
  {
    "question": "18",
    "text": "18",
    "x": 164,
    "y": 848,
    "page_width": 1754,
    "page_height": 1241,
    "page_no": 10
  },
  {
    "question": "19",
    "text": "19",
    "x": 164,
    "y": 216,
    "page_width": 1754,
    "page_height": 1241,
    "page_no": 11
  },
  {
    "question": "20",
    "text": "20",
    "x": 163,
    "y": 566,
    "page_width": 1754,
    "page_height": 1241,
    "page_no": 11
  },
  {
    "question": "21",
    "text": "21a",
    "x": 118,
    "y": 271,
    "page_width": 1754,
    "page_height": 1241,
    "page_no": 12
  },
  {
    "question": "21",
    "text": "21bi",
    "x": 118,
    "y": 242,
    "page_width": 1754,
    "page_height": 1241,
    "page_no": 13
  },
  {
    "question": "21",
    "text": "21bii",
    "x": 118,
    "y": 213,
    "page_width": 1754,
    "page_height": 1241,
    "page_no": 14
  },
  {
    "question": "21",
    "text": "21biii",
    "x": 118,
    "y": 718,
    "page_width": 1754,
    "page_height": 1241,
    "page_no": 14
  },
  {
    "question": "21",
    "text": "21",
    "x": 118,
    "y": 213,
    "page_width": 1754,
    "page_height": 1241,
    "page_no": 15
  },
  {
    "question": "21",
    "text": "210i",
    "x": 118,
    "y": 647,
    "page_width": 1754,
    "page_height": 1241,
    "page_no": 15
  },
  {
    "question": "21",
    "text": "21di__|",
    "x": 118,
    "y": 242,
    "page_width": 1754,
    "page_height": 1241,
    "page_no": 16
  },
  {
    "question": "21",
    "text": "21dii",
    "x": 118,
    "y": 213,
    "page_width": 1754,
    "page_height": 1241,
    "page_no": 17
  },
  {
    "question": "21",
    "text": "21diii",
    "x": 118,
    "y": 391,
    "page_width": 1754,
    "page_height": 1241,
    "page_no": 17
  },
  {
    "question": "21",
    "text": "21div",
    "x": 118,
    "y": 242,
    "page_width": 1754,
    "page_height": 1241,
    "page_no": 18
  },
  {
    "question": "21",
    "text": "21dv",
    "x": 118,
    "y": 242,
    "page_width": 1754,
    "page_height": 1241,
    "page_no": 19
  },
  {
    "question": "22",
    "text": "22",
    "x": 118,
    "y": 213,
    "page_width": 1754,
    "page_height": 1241,
    "page_no": 20
  },
  {
    "question": "23",
    "text": "23",
    "x": 118,
    "y": 242,
    "page_width": 1754,
    "page_height": 1241,
    "page_no": 21
  },
  {
    "question": "24",
    "text": "24ai",
    "x": 118,
    "y": 213,
    "page_width": 1754,
    "page_height": 1241,
    "page_no": 23
  },
  {
    "question": "24",
    "text": "24aii",
    "x": 118,
    "y": 213,
    "page_width": 1754,
    "page_height": 1241,
    "page_no": 24
  },
  {
    "question": "24",
    "text": "24aiii",
    "x": 118,
    "y": 213,
    "page_width": 1754,
    "page_height": 1241,
    "page_no": 25
  },
  {
    "question": "24",
    "text": "24bi",
    "x": 118,
    "y": 213,
    "page_width": 1754,
    "page_height": 1241,
    "page_no": 26
  },
  {
    "question": "24",
    "text": "24bii",
    "x": 118,
    "y": 588,
    "page_width": 1754,
    "page_height": 1241,
    "page_no": 26
  },
  {
    "question": "24",
    "text": "24biii",
    "x": 118,
    "y": 242,
    "page_width": 1754,
    "page_height": 1241,
    "page_no": 27
  },
  {
    "question": "24",
    "text": "24c",
    "x": 118,
    "y": 213,
    "page_width": 1754,
    "page_height": 1241,
    "page_no": 28
  },
  {
    "question": "24",
    "text": "24cii",
    "x": 118,
    "y": 209,
    "page_width": 1754,
    "page_height": 1241,
    "page_no": 29
  },
  {
    "question": "24",
    "text": "24ciii",
    "x": 118,
    "y": 240,
    "page_width": 1754,
    "page_height": 1241,
    "page_no": 30
  },
  {
    "question": "25",
    "text": "25a",
    "x": 118,
    "y": 271,
    "page_width": 1754,
    "page_height": 1241,
    "page_no": 31
  },
  {
    "question": "25",
    "text": "25bi",
    "x": 118,
    "y": 271,
    "page_width": 1754,
    "page_height": 1241,
    "page_no": 32
  },
  {
    "question": "25",
    "text": "25bii",
    "x": 118,
    "y": 213,
    "page_width": 1754,
    "page_height": 1241,
    "page_no": 33
  },
  {
    "question": "25",
    "text": "25c",
    "x": 118,
    "y": 213,
    "page_width": 1754,
    "page_height": 1241,
    "page_no": 34
  },
  {
    "question": "25",
    "text": "25di",
    "x": 118,
    "y": 213,
    "page_width": 1754,
    "page_height": 1241,
    "page_no": 35
  },
  {
    "question": "25",
    "text": "25dii",
    "x": 118,
    "y": 242,
    "page_width": 1754,
    "page_height": 1241,
    "page_no": 36
  },
  {
    "question": "25",
    "text": "25diii",
    "x": 118,
    "y": 877,
    "page_width": 1754,
    "page_height": 1241,
    "page_no": 36
  },
  {
    "question": "25",
    "text": "25div",
    "x": 118,
    "y": 242,
    "page_width": 1754,
    "page_height": 1241,
    "page_no": 37
  },
  {
    "question": "25",
    "text": "25dv",
    "x": 118,
    "y": 242,
    "page_width": 1754,
    "page_height": 1241,
    "page_no": 38
  },
  {
    "question": "25",
    "text": "25e",
    "x": 118,
    "y": 473,
    "page_width": 1754,
    "page_height": 1241,
    "page_no": 38
  },
  {
    "question": "25",
    "text": "25f",
    "x": 118,
    "y": 209,
    "page_width": 1754,
    "page_height": 1241,
    "page_no": 39
  }
]