[
  {
    "question": "14",
    "text": "14a",
    "x": 107,
    "y": 223,
    "page_width": 1241,
    "page_height": 1754,
    "page_no": 4
  },
  {
    "question": "1",
    "text": "1bi",
    "x": 107,
    "y": 221,
    "page_width": 1241,
    "page_height": 1754,
    "page_no": 5
  },
  {
    "question": "1",
    "text": "1bii",
    "x": 107,
    "y": 587,
    "page_width": 1241,
    "page_height": 1754,
    "page_no": 5
  },
  {
    "question": "2",
    "text": "2\u00a9",
    "x": 102,
    "y": 882,
    "page_width": 1241,
    "page_height": 1754,
    "page_no": 6
  },
  {
    "question": "2",
    "text": "2cii",
    "x": 102,
    "y": 222,
    "page_width": 1241,
    "page_height": 1754,
    "page_no": 7
  },
  {
    "question": "2",
    "text": "2ciii",
    "x": 102,
    "y": 484,
    "page_width": 1241,
    "page_height": 1754,
    "page_no": 7
  },
  {
    "question": "2",
    "text": "2d",
    "x": 102,
    "y": 765,
    "page_width": 1241,
    "page_height": 1754,
    "page_no": 7
  },
  {
    "question": "2",
    "text": "2a",
    "x": 99,
    "y": 977,
    "page_width": 1241,
    "page_height": 1754,
    "page_no": 5
  },
  {
    "question": "2",
    "text": "2b",
    "x": 99,
    "y": 221,
    "page_width": 1241,
    "page_height": 1754,
    "page_no": 6
  },
  {
    "question": "3",
    "text": "3a",
    "x": 99,
    "y": 1111,
    "page_width": 1241,
    "page_height": 1754,
    "page_no": 7
  },
  {
    "question": "3",
    "text": "3b",
    "x": 99,
    "y": 221,
    "page_width": 1241,
    "page_height": 1754,
    "page_no": 8
  },
  {
    "question": "3",
    "text": "3c",
    "x": 99,
    "y": 931,
    "page_width": 1241,
    "page_height": 1754,
    "page_no": 8
  },
  {
    "question": "3",
    "text": "3di",
    "x": 99,
    "y": 226,
    "page_width": 1241,
    "page_height": 1754,
    "page_no": 9
  },
  {
    "question": "3",
    "text": "3dii",
    "x": 99,
    "y": 931,
    "page_width": 1241,
    "page_height": 1754,
    "page_no": 9
  },
  {
    "question": "3",
    "text": "3e",
    "x": 160,
    "y": 268,
    "page_width": 1241,
    "page_height": 1754,
    "page_no": 10
  },
  {
    "question": "4",
    "text": "4a",
    "x": 159,
    "y": 223,
    "page_width": 1241,
    "page_height": 1754,
    "page_no": 11
  },
  {
    "question": "4",
    "text": "4b",
    "x": 158,
    "y": 963,
    "page_width": 1241,
    "page_height": 1754,
    "page_no": 11
  },
  {
    "question": "4",
    "text": "4d",
    "x": 159,
    "y": 221,
    "page_width": 1241,
    "page_height": 1754,
    "page_no": 13
  }
]