[
  {
    "question": "11",
    "text": "110,000",
    "x": 91,
    "y": 808,
    "page_width": 1241,
    "page_height": 1754,
    "page_no": 5
  },
  {
    "question": "1",
    "text": "1",
    "x": 91,
    "y": 283,
    "page_width": 1241,
    "page_height": 1754,
    "page_no": 10
  },
  {
    "question": "2",
    "text": "2.",
    "x": 89,
    "y": 282,
    "page_width": 1241,
    "page_height": 1754,
    "page_no": 16
  },
  {
    "question": "3",
    "text": "3",
    "x": 89,
    "y": 361,
    "page_width": 1241,
    "page_height": 1754,
    "page_no": 22
  }
]