[
  {
    "question": 0,
    "x": 135,
    "y": 1219,
    "page_no": 7,
    "page_width": 1275,
    "page_height": 1650
  },
  {
    "question": 5,
    "x": 150,
    "y": 162,
    "page_no": 7,
    "page_width": 1275,
    "page_height": 1650
  },
  {
    "question": 4,
    "x": 152,
    "y": 130,
    "page_no": 6,
    "page_width": 1275,
    "page_height": 1650
  },
  {
    "question": 3,
    "x": 152,
    "y": 158,
    "page_no": 5,
    "page_width": 1275,
    "page_height": 1650
  },
  {
    "question": 1,
    "x": 152,
    "y": 135,
    "page_no": 4,
    "page_width": 1275,
    "page_height": 1650
  },
  {
    "question": "2",
    "text": "2a",
    "x": 149,
    "y": 916,
    "page_width": 1275,
    "page_height": 1650,
    "page_no": 4
  },
  {
    "question": "5",
    "text": "5c",
    "x": 149,
    "y": 975,
    "page_width": 1275,
    "page_height": 1650,
    "page_no": 7
  }
]