[
  {
    "question": "1",
    "text": "1.",
    "x": 92,
    "y": 348,
    "page_width": 1241,
    "page_height": 1754,
    "page_no": 4
  },
  {
    "question": "2",
    "text": "2.",
    "x": 91,
    "y": 726,
    "page_width": 1241,
    "page_height": 1754,
    "page_no": 4
  },
  {
    "question": "3",
    "text": "3.",
    "x": 90,
    "y": 1231,
    "page_width": 1241,
    "page_height": 1754,
    "page_no": 4
  },
  {
    "question": "4",
    "text": "4.",
    "x": 90,
    "y": 444,
    "page_width": 1241,
    "page_height": 1754,
    "page_no": 5
  },
  {
    "question": "5",
    "text": "5.2",
    "x": 143,
    "y": 1012,
    "page_width": 1241,
    "page_height": 1754,
    "page_no": 5
  },
  {
    "question": "6",
    "text": "6.1",
    "x": 142,
    "y": 1139,
    "page_width": 1241,
    "page_height": 1754,
    "page_no": 5
  },
  {
    "question": "6",
    "text": "6.2",
    "x": 142,
    "y": 1202,
    "page_width": 1241,
    "page_height": 1754,
    "page_no": 5
  },
  {
    "question": "6",
    "text": "6.3",
    "x": 142,
    "y": 1265,
    "page_width": 1241,
    "page_height": 1754,
    "page_no": 5
  },
  {
    "question": "6",
    "text": "6.4",
    "x": 142,
    "y": 1390,
    "page_width": 1241,
    "page_height": 1754,
    "page_no": 5
  },
  {
    "question": "1",
    "text": "1ai",
    "x": 164,
    "y": 210,
    "page_width": 1754,
    "page_height": 1241,
    "page_no": 7
  },
  {
    "question": "1",
    "text": "1aii",
    "x": 164,
    "y": 486,
    "page_width": 1754,
    "page_height": 1241,
    "page_no": 7
  },
  {
    "question": "1",
    "text": "1aiii",
    "x": 164,
    "y": 182,
    "page_width": 1754,
    "page_height": 1241,
    "page_no": 8
  },
  {
    "question": "1",
    "text": "1b",
    "x": 164,
    "y": 181,
    "page_width": 1754,
    "page_height": 1241,
    "page_no": 9
  },
  {
    "question": "2",
    "text": "2a",
    "x": 163,
    "y": 148,
    "page_width": 1754,
    "page_height": 1241,
    "page_no": 10
  },
  {
    "question": "2",
    "text": "2b",
    "x": 163,
    "y": 451,
    "page_width": 1754,
    "page_height": 1241,
    "page_no": 10
  },
  {
    "question": "2",
    "text": "2c",
    "x": 162,
    "y": 182,
    "page_width": 1754,
    "page_height": 1241,
    "page_no": 11
  },
  {
    "question": "3",
    "text": "3ayi",
    "x": 163,
    "y": 182,
    "page_width": 1754,
    "page_height": 1241,
    "page_no": 12
  },
  {
    "question": "3",
    "text": "3aii",
    "x": 163,
    "y": 794,
    "page_width": 1754,
    "page_height": 1241,
    "page_no": 12
  },
  {
    "question": "3",
    "text": "3byi",
    "x": 163,
    "y": 181,
    "page_width": 1754,
    "page_height": 1241,
    "page_no": 13
  },
  {
    "question": "3",
    "text": "3bii",
    "x": 163,
    "y": 181,
    "page_width": 1754,
    "page_height": 1241,
    "page_no": 14
  },
  {
    "question": "3",
    "text": "3biii",
    "x": 163,
    "y": 831,
    "page_width": 1754,
    "page_height": 1241,
    "page_no": 14
  },
  {
    "question": "4",
    "text": "4aii",
    "x": 162,
    "y": 689,
    "page_width": 1754,
    "page_height": 1241,
    "page_no": 15
  },
  {
    "question": "5",
    "text": "5a",
    "x": 163,
    "y": 182,
    "page_width": 1754,
    "page_height": 1241,
    "page_no": 18
  },
  {
    "question": "5",
    "text": "5b",
    "x": 163,
    "y": 582,
    "page_width": 1754,
    "page_height": 1241,
    "page_no": 18
  },
  {
    "question": "5",
    "text": "5\\i",
    "x": 163,
    "y": 210,
    "page_width": 1754,
    "page_height": 1241,
    "page_no": 19
  },
  {
    "question": "5",
    "text": "5cii",
    "x": 163,
    "y": 549,
    "page_width": 1754,
    "page_height": 1241,
    "page_no": 19
  },
  {
    "question": "5",
    "text": "5oiii",
    "x": 163,
    "y": 212,
    "page_width": 1754,
    "page_height": 1241,
    "page_no": 20
  },
  {
    "question": "5",
    "text": "5civ",
    "x": 163,
    "y": 216,
    "page_width": 1754,
    "page_height": 1241,
    "page_no": 21
  },
  {
    "question": "6",
    "text": "6a",
    "x": 163,
    "y": 284,
    "page_width": 1754,
    "page_height": 1241,
    "page_no": 22
  },
  {
    "question": "6",
    "text": "6b",
    "x": 163,
    "y": 593,
    "page_width": 1754,
    "page_height": 1241,
    "page_no": 22
  },
  {
    "question": "6",
    "text": "6c",
    "x": 163,
    "y": 284,
    "page_width": 1754,
    "page_height": 1241,
    "page_no": 23
  },
  {
    "question": "6",
    "text": "6d",
    "x": 163,
    "y": 267,
    "page_width": 1754,
    "page_height": 1241,
    "page_no": 24
  },
  {
    "question": "6",
    "text": "6ei",
    "x": 163,
    "y": 239,
    "page_width": 1754,
    "page_height": 1241,
    "page_no": 25
  },
  {
    "question": "6",
    "text": "6eii",
    "x": 163,
    "y": 572,
    "page_width": 1754,
    "page_height": 1241,
    "page_no": 25
  },
  {
    "question": "6",
    "text": "6eiii",
    "x": 161,
    "y": 398,
    "page_width": 1754,
    "page_height": 1241,
    "page_no": 26
  },
  {
    "question": "8",
    "text": "8a",
    "x": 163,
    "y": 182,
    "page_width": 1754,
    "page_height": 1241,
    "page_no": 30
  },
  {
    "question": "8",
    "text": "8b",
    "x": 162,
    "y": 181,
    "page_width": 1754,
    "page_height": 1241,
    "page_no": 31
  },
  {
    "question": "8",
    "text": "8ci",
    "x": 163,
    "y": 210,
    "page_width": 1754,
    "page_height": 1241,
    "page_no": 33
  },
  {
    "question": "8",
    "text": "8cii",
    "x": 163,
    "y": 178,
    "page_width": 1754,
    "page_height": 1241,
    "page_no": 34
  },
  {
    "question": "8",
    "text": "8ciii",
    "x": 163,
    "y": 811,
    "page_width": 1754,
    "page_height": 1241,
    "page_no": 34
  },
  {
    "question": "9",
    "text": "9ai",
    "x": 163,
    "y": 177,
    "page_width": 1754,
    "page_height": 1241,
    "page_no": 35
  },
  {
    "question": "9",
    "text": "9aii",
    "x": 163,
    "y": 487,
    "page_width": 1754,
    "page_height": 1241,
    "page_no": 35
  },
  {
    "question": "9",
    "text": "9bi",
    "x": 163,
    "y": 215,
    "page_width": 1754,
    "page_height": 1241,
    "page_no": 36
  },
  {
    "question": "9",
    "text": "9bii",
    "x": 163,
    "y": 548,
    "page_width": 1754,
    "page_height": 1241,
    "page_no": 36
  },
  {
    "question": "9",
    "text": "9biii",
    "x": 163,
    "y": 108,
    "page_width": 1754,
    "page_height": 1241,
    "page_no": 37
  },
  {
    "question": "9",
    "text": "9biv",
    "x": 163,
    "y": 524,
    "page_width": 1754,
    "page_height": 1241,
    "page_no": 37
  },
  {
    "question": "9",
    "text": "9bv",
    "x": 163,
    "y": 181,
    "page_width": 1754,
    "page_height": 1241,
    "page_no": 38
  },
  {
    "question": "1",
    "text": "1",
    "x": 154,
    "y": 245,
    "page_width": 1754,
    "page_height": 1241,
    "page_no": 29
  },
  {
    "question": "2",
    "text": "2",
    "x": 153,
    "y": 279,
    "page_width": 1754,
    "page_height": 1241,
    "page_no": 29
  },
  {
    "question": "3",
    "text": "3",
    "x": 153,
    "y": 415,
    "page_width": 1754,
    "page_height": 1241,
    "page_no": 29
  },
  {
    "question": "4",
    "text": "4",
    "x": 152,
    "y": 449,
    "page_width": 1754,
    "page_height": 1241,
    "page_no": 29
  },
  {
    "question": "5",
    "text": "5",
    "x": 153,
    "y": 586,
    "page_width": 1754,
    "page_height": 1241,
    "page_no": 29
  },
  {
    "question": "6",
    "text": "6",
    "x": 153,
    "y": 620,
    "page_width": 1754,
    "page_height": 1241,
    "page_no": 29
  },
  {
    "question": "1",
    "text": "1",
    "x": 157,
    "y": 178,
    "page_width": 1754,
    "page_height": 1241,
    "page_no": 32
  },
  {
    "question": "2",
    "text": "2",
    "x": 156,
    "y": 212,
    "page_width": 1754,
    "page_height": 1241,
    "page_no": 32
  },
  {
    "question": "3",
    "text": "3",
    "x": 156,
    "y": 348,
    "page_width": 1754,
    "page_height": 1241,
    "page_no": 32
  },
  {
    "question": "4",
    "text": "4",
    "x": 155,
    "y": 382,
    "page_width": 1754,
    "page_height": 1241,
    "page_no": 32
  },
  {
    "question": "5",
    "text": "5",
    "x": 156,
    "y": 518,
    "page_width": 1754,
    "page_height": 1241,
    "page_no": 32
  },
  {
    "question": "6",
    "text": "6",
    "x": 156,
    "y": 552,
    "page_width": 1754,
    "page_height": 1241,
    "page_no": 32
  }
]