[
  {
    "question": 0,
    "x": 152,
    "y": 1292,
    "page_no": 23,
    "page_width": 1359,
    "page_height": 1873
  },
  {
    "question": 13,
    "x": 158,
    "y": 184,
    "page_no": 13,
    "page_width": 1359,
    "page_height": 1873
  },
  {
    "question": 5,
    "x": 158,
    "y": 687,
    "page_no": 4,
    "page_width": 1359,
    "page_height": 1873
  },
  {
    "question": 4,
    "x": 158,
    "y": 927,
    "page_no": 3,
    "page_width": 1359,
    "page_height": 1873
  },
  {
    "question": 2,
    "x": 158,
    "y": 765,
    "page_no": 2,
    "page_width": 1359,
    "page_height": 1873
  },
  {
    "question": 1,
    "x": 158,
    "y": 425,
    "page_no": 2,
    "page_width": 1359,
    "page_height": 1873
  },
  {
    "question": "3",
    "text": "3.",
    "x": 148,
    "y": 189,
    "page_width": 1359,
    "page_height": 1873,
    "page_no": 3
  },
  {
    "question": "6",
    "text": "6",
    "x": 148,
    "y": 1016,
    "page_width": 1359,
    "page_height": 1873,
    "page_no": 4
  },
  {
    "question": "7",
    "text": "7",
    "x": 148,
    "y": 189,
    "page_width": 1359,
    "page_height": 1873,
    "page_no": 5
  },
  {
    "question": "8",
    "text": "8",
    "x": 148,
    "y": 189,
    "page_width": 1359,
    "page_height": 1873,
    "page_no": 6
  },
  {
    "question": "10",
    "text": "10",
    "x": 150,
    "y": 189,
    "page_width": 1359,
    "page_height": 1873,
    "page_no": 7
  },
  {
    "question": "11",
    "text": "11",
    "x": 150,
    "y": 307,
    "page_width": 1359,
    "page_height": 1873,
    "page_no": 8
  },
  {
    "question": "12",
    "text": "12",
    "x": 150,
    "y": 189,
    "page_width": 1359,
    "page_height": 1873,
    "page_no": 10
  },
  {
    "question": "14",
    "text": "14",
    "x": 150,
    "y": 189,
    "page_width": 1359,
    "page_height": 1873,
    "page_no": 14
  },
  {
    "question": "15",
    "text": "15",
    "x": 149,
    "y": 189,
    "page_width": 1359,
    "page_height": 1873,
    "page_no": 16
  },
  {
    "question": "16",
    "text": "16",
    "x": 149,
    "y": 189,
    "page_width": 1359,
    "page_height": 1873,
    "page_no": 18
  },
  {
    "question": "17",
    "text": "17",
    "x": 149,
    "y": 189,
    "page_width": 1359,
    "page_height": 1873,
    "page_no": 20
  },
  {
    "question": "18",
    "text": "18",
    "x": 149,
    "y": 189,
    "page_width": 1359,
    "page_height": 1873,
    "page_no": 22
  },
  {
    "question": "5",
    "text": "5",
    "x": 71,
    "y": 1650,
    "page_width": 1359,
    "page_height": 1873,
    "page_no": 27
  }
]