[
  {
    "question": "1",
    "text": "1.",
    "x": 150,
    "y": 268,
    "page_width": 1359,
    "page_height": 1873,
    "page_no": 2
  },
  {
    "question": "2",
    "text": "2",
    "x": 148,
    "y": 167,
    "page_width": 1359,
    "page_height": 1873,
    "page_no": 4
  },
  {
    "question": "3",
    "text": "3",
    "x": 149,
    "y": 267,
    "page_width": 1359,
    "page_height": 1873,
    "page_no": 8
  },
  {
    "question": "4",
    "text": "4",
    "x": 148,
    "y": 168,
    "page_width": 1359,
    "page_height": 1873,
    "page_no": 10
  },
  {
    "question": "5",
    "text": "5",
    "x": 149,
    "y": 168,
    "page_width": 1359,
    "page_height": 1873,
    "page_no": 12
  },
  {
    "question": "6",
    "text": "6",
    "x": 148,
    "y": 167,
    "page_width": 1359,
    "page_height": 1873,
    "page_no": 14
  },
  {
    "question": "1",
    "text": "1",
    "x": 150,
    "y": 341,
    "page_width": 1359,
    "page_height": 1873,
    "page_no": 18
  },
  {
    "question": "2",
    "text": "2",
    "x": 148,
    "y": 240,
    "page_width": 1359,
    "page_height": 1873,
    "page_no": 27
  },
  {
    "question": "3",
    "text": "3",
    "x": 148,
    "y": 491,
    "page_width": 1359,
    "page_height": 1873,
    "page_no": 33
  },
  {
    "question": "4",
    "text": "4",
    "x": 148,
    "y": 317,
    "page_width": 1359,
    "page_height": 1873,
    "page_no": 37
  },
  {
    "question": "5",
    "text": "5",
    "x": 149,
    "y": 317,
    "page_width": 1359,
    "page_height": 1873,
    "page_no": 42
  },
  {
    "question": "6",
    "text": "6",
    "x": 148,
    "y": 316,
    "page_width": 1359,
    "page_height": 1873,
    "page_no": 47
  },
  {
    "question": "5",
    "text": "5",
    "x": 15,
    "y": 1090,
    "page_width": 1359,
    "page_height": 1873,
    "page_no": 23
  },
  {
    "question": "8",
    "text": "8",
    "x": 14,
    "y": 251,
    "page_width": 1359,
    "page_height": 1873,
    "page_no": 31
  },
  {
    "question": "6",
    "text": "6",
    "x": 14,
    "y": 307,
    "page_width": 1359,
    "page_height": 1873,
    "page_no": 31
  },
  {
    "question": "2",
    "text": "2",
    "x": 14,
    "y": 344,
    "page_width": 1359,
    "page_height": 1873,
    "page_no": 31
  },
  {
    "question": "2",
    "text": "2:",
    "x": 14,
    "y": 455,
    "page_width": 1359,
    "page_height": 1873,
    "page_no": 31
  },
  {
    "question": "5",
    "text": "5",
    "x": 14,
    "y": 507,
    "page_width": 1359,
    "page_height": 1873,
    "page_no": 31
  },
  {
    "question": "2",
    "text": "2",
    "x": 14,
    "y": 421,
    "page_width": 1359,
    "page_height": 1873,
    "page_no": 35
  },
  {
    "question": "2",
    "text": "2:",
    "x": 14,
    "y": 507,
    "page_width": 1359,
    "page_height": 1873,
    "page_no": 35
  },
  {
    "question": "6",
    "text": "6",
    "x": 14,
    "y": 1295,
    "page_width": 1359,
    "page_height": 1873,
    "page_no": 35
  },
  {
    "question": "2",
    "text": "2",
    "x": 14,
    "y": 1493,
    "page_width": 1359,
    "page_height": 1873,
    "page_no": 35
  },
  {
    "question": "3",
    "text": "3S",
    "x": 14,
    "y": 1517,
    "page_width": 1359,
    "page_height": 1873,
    "page_no": 35
  },
  {
    "question": "8",
    "text": "8",
    "x": 14,
    "y": 268,
    "page_width": 1359,
    "page_height": 1873,
    "page_no": 41
  },
  {
    "question": "5",
    "text": "5",
    "x": 14,
    "y": 344,
    "page_width": 1359,
    "page_height": 1873,
    "page_no": 41
  },
  {
    "question": "2",
    "text": "2:",
    "x": 14,
    "y": 455,
    "page_width": 1359,
    "page_height": 1873,
    "page_no": 41
  },
  {
    "question": "00",
    "text": "00",
    "x": 11,
    "y": 755,
    "page_width": 1359,
    "page_height": 1873,
    "page_no": 45
  },
  {
    "question": "3",
    "text": "3S",
    "x": 14,
    "y": 291,
    "page_width": 1359,
    "page_height": 1873,
    "page_no": 49
  },
  {
    "question": "2",
    "text": "2",
    "x": 86,
    "y": 511,
    "page_width": 1359,
    "page_height": 1873,
    "page_no": 25
  },
  {
    "question": "4",
    "text": "4",
    "x": 86,
    "y": 298,
    "page_width": 1359,
    "page_height": 1873,
    "page_no": 31
  },
  {
    "question": "3",
    "text": "3",
    "x": 86,
    "y": 495,
    "page_width": 1359,
    "page_height": 1873,
    "page_no": 31
  },
  {
    "question": "8",
    "text": "8",
    "x": 86,
    "y": 535,
    "page_width": 1359,
    "page_height": 1873,
    "page_no": 31
  },
  {
    "question": "2",
    "text": "2",
    "x": 86,
    "y": 1406,
    "page_width": 1359,
    "page_height": 1873,
    "page_no": 35
  },
  {
    "question": "4",
    "text": "4",
    "x": 86,
    "y": 1542,
    "page_width": 1359,
    "page_height": 1873,
    "page_no": 35
  },
  {
    "question": "8",
    "text": "8",
    "x": 86,
    "y": 1583,
    "page_width": 1359,
    "page_height": 1873,
    "page_no": 35
  },
  {
    "question": "2",
    "text": "2",
    "x": 86,
    "y": 1099,
    "page_width": 1359,
    "page_height": 1873,
    "page_no": 37
  },
  {
    "question": "2",
    "text": "2",
    "x": 86,
    "y": 495,
    "page_width": 1359,
    "page_height": 1873,
    "page_no": 41
  },
  {
    "question": "10",
    "text": "10",
    "x": 163,
    "y": 1728,
    "page_width": 1359,
    "page_height": 1873,
    "page_no": 26
  },
  {
    "question": "12",
    "text": "12",
    "x": 163,
    "y": 1728,
    "page_width": 1359,
    "page_height": 1873,
    "page_no": 28
  },
  {
    "question": "14",
    "text": "14",
    "x": 163,
    "y": 1728,
    "page_width": 1359,
    "page_height": 1873,
    "page_no": 30
  },
  {
    "question": "16",
    "text": "16",
    "x": 163,
    "y": 1728,
    "page_width": 1359,
    "page_height": 1873,
    "page_no": 32
  },
  {
    "question": "18",
    "text": "18",
    "x": 163,
    "y": 1728,
    "page_width": 1359,
    "page_height": 1873,
    "page_no": 34
  },
  {
    "question": "20",
    "text": "20",
    "x": 162,
    "y": 1728,
    "page_width": 1359,
    "page_height": 1873,
    "page_no": 36
  },
  {
    "question": "22",
    "text": "22",
    "x": 162,
    "y": 1728,
    "page_width": 1359,
    "page_height": 1873,
    "page_no": 38
  },
  {
    "question": "24",
    "text": "24",
    "x": 162,
    "y": 1728,
    "page_width": 1359,
    "page_height": 1873,
    "page_no": 40
  },
  {
    "question": "26",
    "text": "26",
    "x": 162,
    "y": 1728,
    "page_width": 1359,
    "page_height": 1873,
    "page_no": 42
  },
  {
    "question": "28",
    "text": "28",
    "x": 162,
    "y": 1728,
    "page_width": 1359,
    "page_height": 1873,
    "page_no": 44
  },
  {
    "question": "30",
    "text": "30",
    "x": 163,
    "y": 1728,
    "page_width": 1359,
    "page_height": 1873,
    "page_no": 46
  },
  {
    "question": "32",
    "text": "32",
    "x": 163,
    "y": 1728,
    "page_width": 1359,
    "page_height": 1873,
    "page_no": 48
  },
  {
    "question": "34",
    "text": "34",
    "x": 163,
    "y": 1728,
    "page_width": 1359,
    "page_height": 1873,
    "page_no": 50
  },
  {
    "question": "36",
    "text": "36",
    "x": 163,
    "y": 1728,
    "page_width": 1359,
    "page_height": 1873,
    "page_no": 52
  }
]