[
  {
    "question": "1",
    "text": "1a",
    "x": 168,
    "y": 178,
    "page_width": 1755,
    "page_height": 1241,
    "page_no": 4
  },
  {
    "question": "1",
    "text": "1b",
    "x": 168,
    "y": 605,
    "page_width": 1755,
    "page_height": 1241,
    "page_no": 4
  },
  {
    "question": "1",
    "text": "1c",
    "x": 168,
    "y": 178,
    "page_width": 1755,
    "page_height": 1241,
    "page_no": 5
  },
  {
    "question": "2",
    "text": "2a",
    "x": 166,
    "y": 548,
    "page_width": 1755,
    "page_height": 1241,
    "page_no": 5
  },
  {
    "question": "2",
    "text": "2bi",
    "x": 166,
    "y": 174,
    "page_width": 1755,
    "page_height": 1241,
    "page_no": 6
  },
  {
    "question": "2",
    "text": "2bii",
    "x": 166,
    "y": 652,
    "page_width": 1755,
    "page_height": 1241,
    "page_no": 6
  },
  {
    "question": "3",
    "text": "3ai",
    "x": 166,
    "y": 191,
    "page_width": 1755,
    "page_height": 1241,
    "page_no": 7
  },
  {
    "question": "3",
    "text": "3aii",
    "x": 166,
    "y": 499,
    "page_width": 1755,
    "page_height": 1241,
    "page_no": 7
  },
  {
    "question": "3",
    "text": "3bi",
    "x": 166,
    "y": 807,
    "page_width": 1755,
    "page_height": 1241,
    "page_no": 7
  },
  {
    "question": "3",
    "text": "3bii",
    "x": 166,
    "y": 174,
    "page_width": 1755,
    "page_height": 1241,
    "page_no": 8
  },
  {
    "question": "3",
    "text": "3biii",
    "x": 166,
    "y": 508,
    "page_width": 1755,
    "page_height": 1241,
    "page_no": 8
  },
  {
    "question": "3",
    "text": "3c",
    "x": 166,
    "y": 852,
    "page_width": 1755,
    "page_height": 1241,
    "page_no": 8
  },
  {
    "question": "4",
    "text": "4a",
    "x": 165,
    "y": 178,
    "page_width": 1755,
    "page_height": 1241,
    "page_no": 9
  },
  {
    "question": "4",
    "text": "4b",
    "x": 165,
    "y": 506,
    "page_width": 1755,
    "page_height": 1241,
    "page_no": 9
  },
  {
    "question": "4",
    "text": "4ci",
    "x": 165,
    "y": 830,
    "page_width": 1755,
    "page_height": 1241,
    "page_no": 9
  },
  {
    "question": "4",
    "text": "4cii",
    "x": 165,
    "y": 174,
    "page_width": 1755,
    "page_height": 1241,
    "page_no": 10
  },
  {
    "question": "4",
    "text": "4di",
    "x": 165,
    "y": 490,
    "page_width": 1755,
    "page_height": 1241,
    "page_no": 10
  },
  {
    "question": "4",
    "text": "4dii",
    "x": 165,
    "y": 912,
    "page_width": 1755,
    "page_height": 1241,
    "page_no": 10
  },
  {
    "question": "5",
    "text": "5ai",
    "x": 167,
    "y": 182,
    "page_width": 1755,
    "page_height": 1241,
    "page_no": 11
  },
  {
    "question": "5",
    "text": "5aii",
    "x": 167,
    "y": 424,
    "page_width": 1755,
    "page_height": 1241,
    "page_no": 11
  },
  {
    "question": "5",
    "text": "5aiii",
    "x": 167,
    "y": 665,
    "page_width": 1755,
    "page_height": 1241,
    "page_no": 11
  },
  {
    "question": "5",
    "text": "5b",
    "x": 167,
    "y": 893,
    "page_width": 1755,
    "page_height": 1241,
    "page_no": 11
  },
  {
    "question": "5",
    "text": "5c",
    "x": 167,
    "y": 175,
    "page_width": 1755,
    "page_height": 1241,
    "page_no": 12
  },
  {
    "question": "6",
    "text": "6ai",
    "x": 166,
    "y": 210,
    "page_width": 1755,
    "page_height": 1241,
    "page_no": 13
  },
  {
    "question": "6",
    "text": "6aii",
    "x": 166,
    "y": 456,
    "page_width": 1755,
    "page_height": 1241,
    "page_no": 13
  },
  {
    "question": "6",
    "text": "6b",
    "x": 166,
    "y": 748,
    "page_width": 1755,
    "page_height": 1241,
    "page_no": 13
  },
  {
    "question": "6",
    "text": "6c",
    "x": 166,
    "y": 210,
    "page_width": 1755,
    "page_height": 1241,
    "page_no": 14
  },
  {
    "question": "6",
    "text": "6d",
    "x": 166,
    "y": 630,
    "page_width": 1755,
    "page_height": 1241,
    "page_no": 14
  },
  {
    "question": "6",
    "text": "6e",
    "x": 166,
    "y": 210,
    "page_width": 1755,
    "page_height": 1241,
    "page_no": 15
  },
  {
    "question": "7",
    "text": "7a",
    "x": 166,
    "y": 657,
    "page_width": 1755,
    "page_height": 1241,
    "page_no": 15
  },
  {
    "question": "7",
    "text": "7b",
    "x": 166,
    "y": 210,
    "page_width": 1755,
    "page_height": 1241,
    "page_no": 16
  },
  {
    "question": "7",
    "text": "7c",
    "x": 166,
    "y": 684,
    "page_width": 1755,
    "page_height": 1241,
    "page_no": 16
  },
  {
    "question": "8",
    "text": "8a",
    "x": 166,
    "y": 252,
    "page_width": 1755,
    "page_height": 1241,
    "page_no": 17
  },
  {
    "question": "8",
    "text": "8b",
    "x": 166,
    "y": 207,
    "page_width": 1755,
    "page_height": 1241,
    "page_no": 18
  },
  {
    "question": "8",
    "text": "8c",
    "x": 166,
    "y": 178,
    "page_width": 1755,
    "page_height": 1241,
    "page_no": 19
  },
  {
    "question": "8",
    "text": "8d",
    "x": 166,
    "y": 616,
    "page_width": 1755,
    "page_height": 1241,
    "page_no": 19
  },
  {
    "question": "8",
    "text": "8e",
    "x": 166,
    "y": 177,
    "page_width": 1755,
    "page_height": 1241,
    "page_no": 20
  },
  {
    "question": "8",
    "text": "8f",
    "x": 166,
    "y": 649,
    "page_width": 1755,
    "page_height": 1241,
    "page_no": 20
  }
]