[
  {
    "question": 19,
    "x": 85,
    "y": 123,
    "page_no": 23,
    "page_width": 1241,
    "page_height": 1755
  },
  {
    "question": 0,
    "x": 105,
    "y": 1553,
    "page_no": 24,
    "page_width": 1241,
    "page_height": 1755
  },
  {
    "question": "1",
    "text": "1",
    "x": 90,
    "y": 356,
    "page_width": 1241,
    "page_height": 1755,
    "page_no": 2
  },
  {
    "question": "2",
    "text": "2",
    "x": 89,
    "y": 738,
    "page_width": 1241,
    "page_height": 1755,
    "page_no": 2
  },
  {
    "question": "3",
    "text": "3",
    "x": 89,
    "y": 1179,
    "page_width": 1241,
    "page_height": 1755,
    "page_no": 2
  },
  {
    "question": "4",
    "text": "4",
    "x": 89,
    "y": 130,
    "page_width": 1241,
    "page_height": 1755,
    "page_no": 3
  },
  {
    "question": "5",
    "text": "5",
    "x": 89,
    "y": 130,
    "page_width": 1241,
    "page_height": 1755,
    "page_no": 4
  },
  {
    "question": "6",
    "text": "6",
    "x": 89,
    "y": 706,
    "page_width": 1241,
    "page_height": 1755,
    "page_no": 4
  },
  {
    "question": "7",
    "text": "7",
    "x": 89,
    "y": 130,
    "page_width": 1241,
    "page_height": 1755,
    "page_no": 5
  },
  {
    "question": "8",
    "text": "8",
    "x": 89,
    "y": 761,
    "page_width": 1241,
    "page_height": 1755,
    "page_no": 5
  },
  {
    "question": "9",
    "text": "9",
    "x": 89,
    "y": 130,
    "page_width": 1241,
    "page_height": 1755,
    "page_no": 6
  },
  {
    "question": "10",
    "text": "10",
    "x": 91,
    "y": 130,
    "page_width": 1241,
    "page_height": 1755,
    "page_no": 7
  },
  {
    "question": "11",
    "text": "11",
    "x": 91,
    "y": 247,
    "page_width": 1241,
    "page_height": 1755,
    "page_no": 8
  },
  {
    "question": "12",
    "text": "12",
    "x": 91,
    "y": 130,
    "page_width": 1241,
    "page_height": 1755,
    "page_no": 9
  },
  {
    "question": "13",
    "text": "13",
    "x": 91,
    "y": 130,
    "page_width": 1241,
    "page_height": 1755,
    "page_no": 10
  },
  {
    "question": "14",
    "text": "14",
    "x": 91,
    "y": 130,
    "page_width": 1241,
    "page_height": 1755,
    "page_no": 12
  },
  {
    "question": "15",
    "text": "15",
    "x": 91,
    "y": 130,
    "page_width": 1241,
    "page_height": 1755,
    "page_no": 15
  },
  {
    "question": "16",
    "text": "16",
    "x": 91,
    "y": 130,
    "page_width": 1241,
    "page_height": 1755,
    "page_no": 16
  },
  {
    "question": "17",
    "text": "17",
    "x": 91,
    "y": 130,
    "page_width": 1241,
    "page_height": 1755,
    "page_no": 18
  },
  {
    "question": "18",
    "text": "18",
    "x": 91,
    "y": 130,
    "page_width": 1241,
    "page_height": 1755,
    "page_no": 20
  },
  {
    "question": "19",
    "text": "19",
    "x": 91,
    "y": 130,
    "page_width": 1241,
    "page_height": 1755,
    "page_no": 23
  }
]