[
  {
    "question": 10,
    "x": 154,
    "y": 660,
    "page_no": 6,
    "page_width": 1275,
    "page_height": 1650
  },
  {
    "question": 0,
    "x": 165,
    "y": 282,
    "page_no": 16,
    "page_width": 1275,
    "page_height": 1650
  },
  {
    "question": 18,
    "x": 178,
    "y": 162,
    "page_no": 15,
    "page_width": 1275,
    "page_height": 1650
  },
  {
    "question": 17,
    "x": 178,
    "y": 160,
    "page_no": 14,
    "page_width": 1275,
    "page_height": 1650
  },
  {
    "question": 16,
    "x": 178,
    "y": 162,
    "page_no": 13,
    "page_width": 1275,
    "page_height": 1650
  },
  {
    "question": 15,
    "x": 190,
    "y": 185,
    "page_no": 11,
    "page_width": 1275,
    "page_height": 1650
  },
  {
    "question": 14,
    "x": 180,
    "y": 168,
    "page_no": 10,
    "page_width": 1275,
    "page_height": 1650
  },
  {
    "question": 13,
    "x": 183,
    "y": 195,
    "page_no": 9,
    "page_width": 1275,
    "page_height": 1650
  },
  {
    "question": 11,
    "x": 170,
    "y": 160,
    "page_no": 7,
    "page_width": 1275,
    "page_height": 1650
  },
  {
    "question": 1,
    "x": 152,
    "y": 158,
    "page_no": 6,
    "page_width": 1275,
    "page_height": 1650
  },
  {
    "question": "12",
    "text": "12@",
    "x": 163,
    "y": 178,
    "page_width": 1275,
    "page_height": 1650,
    "page_no": 8
  },
  {
    "question": "2",
    "text": "2",
    "x": 149,
    "y": 206,
    "page_width": 1275,
    "page_height": 1650,
    "page_no": 6
  },
  {
    "question": "3",
    "text": "3",
    "x": 149,
    "y": 257,
    "page_width": 1275,
    "page_height": 1650,
    "page_no": 6
  },
  {
    "question": "4",
    "text": "4",
    "x": 149,
    "y": 307,
    "page_width": 1275,
    "page_height": 1650,
    "page_no": 6
  },
  {
    "question": "5",
    "text": "5",
    "x": 149,
    "y": 409,
    "page_width": 1275,
    "page_height": 1650,
    "page_no": 6
  },
  {
    "question": "6",
    "text": "6",
    "x": 149,
    "y": 459,
    "page_width": 1275,
    "page_height": 1650,
    "page_no": 6
  },
  {
    "question": "7",
    "text": "7",
    "x": 149,
    "y": 510,
    "page_width": 1275,
    "page_height": 1650,
    "page_no": 6
  },
  {
    "question": "8",
    "text": "8",
    "x": 149,
    "y": 559,
    "page_width": 1275,
    "page_height": 1650,
    "page_no": 6
  },
  {
    "question": "9",
    "text": "9",
    "x": 149,
    "y": 610,
    "page_width": 1275,
    "page_height": 1650,
    "page_no": 6
  },
  {
    "question": "10",
    "text": "10",
    "x": 150,
    "y": 661,
    "page_width": 1275,
    "page_height": 1650,
    "page_no": 6
  }
]