[
  {
    "question": "1",
    "text": "1ai",
    "x": 164,
    "y": 228,
    "page_width": 1754,
    "page_height": 1241,
    "page_no": 5
  },
  {
    "question": "1",
    "text": "1aii",
    "x": 164,
    "y": 490,
    "page_width": 1754,
    "page_height": 1241,
    "page_no": 5
  },
  {
    "question": "1",
    "text": "1aiii",
    "x": 164,
    "y": 721,
    "page_width": 1754,
    "page_height": 1241,
    "page_no": 5
  },
  {
    "question": "1",
    "text": "1aiv",
    "x": 164,
    "y": 228,
    "page_width": 1754,
    "page_height": 1241,
    "page_no": 6
  },
  {
    "question": "1",
    "text": "1av",
    "x": 164,
    "y": 518,
    "page_width": 1754,
    "page_height": 1241,
    "page_no": 6
  },
  {
    "question": "1",
    "text": "1b",
    "x": 164,
    "y": 257,
    "page_width": 1754,
    "page_height": 1241,
    "page_no": 7
  },
  {
    "question": "2",
    "text": "2a",
    "x": 163,
    "y": 227,
    "page_width": 1754,
    "page_height": 1241,
    "page_no": 8
  },
  {
    "question": "2",
    "text": "2b",
    "x": 163,
    "y": 227,
    "page_width": 1754,
    "page_height": 1241,
    "page_no": 9
  },
  {
    "question": "2",
    "text": "2c",
    "x": 163,
    "y": 264,
    "page_width": 1754,
    "page_height": 1241,
    "page_no": 10
  },
  {
    "question": "2",
    "text": "2a@",
    "x": 163,
    "y": 235,
    "page_width": 1754,
    "page_height": 1241,
    "page_no": 11
  },
  {
    "question": "2",
    "text": "2dii",
    "x": 163,
    "y": 228,
    "page_width": 1754,
    "page_height": 1241,
    "page_no": 12
  },
  {
    "question": "3",
    "text": "3a",
    "x": 162,
    "y": 235,
    "page_width": 1754,
    "page_height": 1241,
    "page_no": 13
  },
  {
    "question": "3",
    "text": "3b",
    "x": 162,
    "y": 235,
    "page_width": 1754,
    "page_height": 1241,
    "page_no": 14
  },
  {
    "question": "3",
    "text": "3c",
    "x": 162,
    "y": 235,
    "page_width": 1754,
    "page_height": 1241,
    "page_no": 15
  },
  {
    "question": "3",
    "text": "3d",
    "x": 162,
    "y": 235,
    "page_width": 1754,
    "page_height": 1241,
    "page_no": 16
  },
  {
    "question": "3",
    "text": "3dii",
    "x": 162,
    "y": 260,
    "page_width": 1754,
    "page_height": 1241,
    "page_no": 17
  },
  {
    "question": "3",
    "text": "3diii",
    "x": 162,
    "y": 260,
    "page_width": 1754,
    "page_height": 1241,
    "page_no": 18
  },
  {
    "question": "3",
    "text": "3ei",
    "x": 162,
    "y": 264,
    "page_width": 1754,
    "page_height": 1241,
    "page_no": 19
  },
  {
    "question": "3",
    "text": "3eii",
    "x": 162,
    "y": 264,
    "page_width": 1754,
    "page_height": 1241,
    "page_no": 20
  },
  {
    "question": "4",
    "text": "4a",
    "x": 162,
    "y": 235,
    "page_width": 1754,
    "page_height": 1241,
    "page_no": 21
  },
  {
    "question": "4",
    "text": "4bi",
    "x": 162,
    "y": 533,
    "page_width": 1754,
    "page_height": 1241,
    "page_no": 21
  },
  {
    "question": "4",
    "text": "4b",
    "x": 162,
    "y": 264,
    "page_width": 1754,
    "page_height": 1241,
    "page_no": 22
  },
  {
    "question": "4",
    "text": "4b",
    "x": 162,
    "y": 264,
    "page_width": 1754,
    "page_height": 1241,
    "page_no": 23
  },
  {
    "question": "4",
    "text": "4biv",
    "x": 162,
    "y": 235,
    "page_width": 1754,
    "page_height": 1241,
    "page_no": 24
  }
]