[
  {
    "question": "1",
    "text": "1a",
    "x": 87,
    "y": 329,
    "page_width": 1241,
    "page_height": 1754,
    "page_no": 4
  },
  {
    "question": "1",
    "text": "1b",
    "x": 87,
    "y": 944,
    "page_width": 1241,
    "page_height": 1754,
    "page_no": 4
  },
  {
    "question": "4",
    "text": "4c",
    "x": 87,
    "y": 191,
    "page_width": 1241,
    "page_height": 1754,
    "page_no": 5
  },
  {
    "question": "2",
    "text": "2",
    "x": 86,
    "y": 210,
    "page_width": 1241,
    "page_height": 1754,
    "page_no": 6
  },
  {
    "question": "3",
    "text": "3",
    "x": 86,
    "y": 218,
    "page_width": 1241,
    "page_height": 1754,
    "page_no": 7
  },
  {
    "question": "4",
    "text": "4b",
    "x": 86,
    "y": 602,
    "page_width": 1241,
    "page_height": 1754,
    "page_no": 8
  },
  {
    "question": "5",
    "text": "5a",
    "x": 86,
    "y": 210,
    "page_width": 1241,
    "page_height": 1754,
    "page_no": 9
  },
  {
    "question": "5",
    "text": "5b",
    "x": 86,
    "y": 600,
    "page_width": 1241,
    "page_height": 1754,
    "page_no": 9
  },
  {
    "question": "7",
    "text": "7a",
    "x": 86,
    "y": 309,
    "page_width": 1241,
    "page_height": 1754,
    "page_no": 12
  },
  {
    "question": "7",
    "text": "7b",
    "x": 86,
    "y": 820,
    "page_width": 1241,
    "page_height": 1754,
    "page_no": 12
  },
  {
    "question": "8",
    "text": "8a",
    "x": 86,
    "y": 210,
    "page_width": 1241,
    "page_height": 1754,
    "page_no": 13
  },
  {
    "question": "8",
    "text": "8b",
    "x": 86,
    "y": 786,
    "page_width": 1241,
    "page_height": 1754,
    "page_no": 13
  },
  {
    "question": "9",
    "text": "9a",
    "x": 86,
    "y": 210,
    "page_width": 1241,
    "page_height": 1754,
    "page_no": 14
  },
  {
    "question": "9",
    "text": "9b",
    "x": 86,
    "y": 535,
    "page_width": 1241,
    "page_height": 1754,
    "page_no": 14
  },
  {
    "question": "1",
    "text": "1",
    "x": 143,
    "y": 238,
    "page_width": 1241,
    "page_height": 1754,
    "page_no": 11
  },
  {
    "question": "2",
    "text": "2",
    "x": 141,
    "y": 324,
    "page_width": 1241,
    "page_height": 1754,
    "page_no": 11
  },
  {
    "question": "3",
    "text": "3",
    "x": 141,
    "y": 436,
    "page_width": 1241,
    "page_height": 1754,
    "page_no": 11
  },
  {
    "question": "4",
    "text": "4",
    "x": 141,
    "y": 604,
    "page_width": 1241,
    "page_height": 1754,
    "page_no": 11
  },
  {
    "question": "1",
    "text": "1",
    "x": 128,
    "y": 315,
    "page_width": 1241,
    "page_height": 1754,
    "page_no": 18
  },
  {
    "question": "2",
    "text": "2",
    "x": 127,
    "y": 418,
    "page_width": 1241,
    "page_height": 1754,
    "page_no": 18
  },
  {
    "question": "3",
    "text": "3",
    "x": 127,
    "y": 549,
    "page_width": 1241,
    "page_height": 1754,
    "page_no": 18
  },
  {
    "question": "4",
    "text": "4",
    "x": 126,
    "y": 680,
    "page_width": 1241,
    "page_height": 1754,
    "page_no": 18
  }
]