[
  {
    "question": "1",
    "text": "1a",
    "x": 192,
    "y": 206,
    "page_width": 1752,
    "page_height": 1240,
    "page_no": 3
  },
  {
    "question": "1",
    "text": "1b",
    "x": 192,
    "y": 205,
    "page_width": 1752,
    "page_height": 1240,
    "page_no": 4
  },
  {
    "question": "1",
    "text": "1ci",
    "x": 192,
    "y": 173,
    "page_width": 1752,
    "page_height": 1240,
    "page_no": 5
  },
  {
    "question": "1",
    "text": "1cii",
    "x": 192,
    "y": 617,
    "page_width": 1752,
    "page_height": 1240,
    "page_no": 5
  },
  {
    "question": "1",
    "text": "1ciii",
    "x": 192,
    "y": 173,
    "page_width": 1752,
    "page_height": 1240,
    "page_no": 7
  },
  {
    "question": "2",
    "text": "2",
    "x": 191,
    "y": 650,
    "page_width": 1752,
    "page_height": 1240,
    "page_no": 7
  },
  {
    "question": "2",
    "text": "2",
    "x": 191,
    "y": 177,
    "page_width": 1752,
    "page_height": 1240,
    "page_no": 8
  },
  {
    "question": "2",
    "text": "2",
    "x": 191,
    "y": 206,
    "page_width": 1752,
    "page_height": 1240,
    "page_no": 9
  },
  {
    "question": "2",
    "text": "2",
    "x": 191,
    "y": 206,
    "page_width": 1752,
    "page_height": 1240,
    "page_no": 10
  },
  {
    "question": "3",
    "text": "3ai",
    "x": 191,
    "y": 173,
    "page_width": 1752,
    "page_height": 1240,
    "page_no": 11
  },
  {
    "question": "3",
    "text": "3aii",
    "x": 191,
    "y": 355,
    "page_width": 1752,
    "page_height": 1240,
    "page_no": 11
  },
  {
    "question": "3",
    "text": "3aiii",
    "x": 191,
    "y": 532,
    "page_width": 1752,
    "page_height": 1240,
    "page_no": 11
  },
  {
    "question": "3",
    "text": "3aiv",
    "x": 191,
    "y": 709,
    "page_width": 1752,
    "page_height": 1240,
    "page_no": 11
  },
  {
    "question": "3",
    "text": "3bi",
    "x": 191,
    "y": 201,
    "page_width": 1752,
    "page_height": 1240,
    "page_no": 12
  },
  {
    "question": "3",
    "text": "3bii",
    "x": 191,
    "y": 614,
    "page_width": 1752,
    "page_height": 1240,
    "page_no": 12
  },
  {
    "question": "3",
    "text": "3biii",
    "x": 191,
    "y": 201,
    "page_width": 1752,
    "page_height": 1240,
    "page_no": 13
  },
  {
    "question": "3",
    "text": "3biv",
    "x": 191,
    "y": 201,
    "page_width": 1752,
    "page_height": 1240,
    "page_no": 14
  }
]