[
  {
    "question": "1",
    "text": "1b",
    "x": 87,
    "y": 248,
    "page_width": 1241,
    "page_height": 1755,
    "page_no": 5
  },
  {
    "question": "2",
    "text": "2a",
    "x": 86,
    "y": 248,
    "page_width": 1241,
    "page_height": 1755,
    "page_no": 6
  },
  {
    "question": "2",
    "text": "2b",
    "x": 86,
    "y": 708,
    "page_width": 1241,
    "page_height": 1755,
    "page_no": 6
  },
  {
    "question": "2",
    "text": "2c",
    "x": 86,
    "y": 217,
    "page_width": 1241,
    "page_height": 1755,
    "page_no": 7
  },
  {
    "question": "3",
    "text": "3",
    "x": 86,
    "y": 349,
    "page_width": 1241,
    "page_height": 1755,
    "page_no": 8
  },
  {
    "question": "4",
    "text": "4",
    "x": 86,
    "y": 319,
    "page_width": 1241,
    "page_height": 1755,
    "page_no": 9
  },
  {
    "question": "5",
    "text": "5a",
    "x": 86,
    "y": 319,
    "page_width": 1241,
    "page_height": 1755,
    "page_no": 10
  },
  {
    "question": "5",
    "text": "5b",
    "x": 86,
    "y": 808,
    "page_width": 1241,
    "page_height": 1755,
    "page_no": 10
  },
  {
    "question": "6",
    "text": "6a",
    "x": 86,
    "y": 318,
    "page_width": 1241,
    "page_height": 1755,
    "page_no": 11
  },
  {
    "question": "6",
    "text": "6b",
    "x": 86,
    "y": 1015,
    "page_width": 1241,
    "page_height": 1755,
    "page_no": 11
  },
  {
    "question": "7",
    "text": "7",
    "x": 86,
    "y": 249,
    "page_width": 1241,
    "page_height": 1755,
    "page_no": 12
  },
  {
    "question": "8",
    "text": "8a",
    "x": 86,
    "y": 248,
    "page_width": 1241,
    "page_height": 1755,
    "page_no": 14
  },
  {
    "question": "9",
    "text": "9a",
    "x": 82,
    "y": 201,
    "page_width": 1241,
    "page_height": 1755,
    "page_no": 15
  },
  {
    "question": "9",
    "text": "9b",
    "x": 86,
    "y": 781,
    "page_width": 1241,
    "page_height": 1755,
    "page_no": 15
  },
  {
    "question": "10",
    "text": "10a",
    "x": 87,
    "y": 268,
    "page_width": 1241,
    "page_height": 1755,
    "page_no": 16
  },
  {
    "question": "10",
    "text": "10b",
    "x": 87,
    "y": 268,
    "page_width": 1241,
    "page_height": 1755,
    "page_no": 17
  },
  {
    "question": "12",
    "text": "12",
    "x": 87,
    "y": 299,
    "page_width": 1241,
    "page_height": 1755,
    "page_no": 20
  }
]