[
  {
    "question": "1",
    "text": "1",
    "x": 155,
    "y": 317,
    "page_width": 1754,
    "page_height": 1241,
    "page_no": 4
  },
  {
    "question": "2",
    "text": "2",
    "x": 153,
    "y": 837,
    "page_width": 1754,
    "page_height": 1241,
    "page_no": 4
  },
  {
    "question": "3",
    "text": "3",
    "x": 153,
    "y": 413,
    "page_width": 1754,
    "page_height": 1241,
    "page_no": 5
  },
  {
    "question": "4",
    "text": "4",
    "x": 153,
    "y": 937,
    "page_width": 1754,
    "page_height": 1241,
    "page_no": 5
  },
  {
    "question": "6",
    "text": "6",
    "x": 153,
    "y": 868,
    "page_width": 1754,
    "page_height": 1241,
    "page_no": 6
  },
  {
    "question": "9",
    "text": "9",
    "x": 153,
    "y": 457,
    "page_width": 1754,
    "page_height": 1241,
    "page_no": 8
  },
  {
    "question": "10",
    "text": "10",
    "x": 155,
    "y": 974,
    "page_width": 1754,
    "page_height": 1241,
    "page_no": 8
  },
  {
    "question": "11",
    "text": "11a",
    "x": 155,
    "y": 505,
    "page_width": 1754,
    "page_height": 1241,
    "page_no": 9
  },
  {
    "question": "11",
    "text": "11b",
    "x": 155,
    "y": 973,
    "page_width": 1754,
    "page_height": 1241,
    "page_no": 9
  },
  {
    "question": "12",
    "text": "12",
    "x": 155,
    "y": 648,
    "page_width": 1754,
    "page_height": 1241,
    "page_no": 10
  },
  {
    "question": "13",
    "text": "13a",
    "x": 155,
    "y": 221,
    "page_width": 1754,
    "page_height": 1241,
    "page_no": 11
  },
  {
    "question": "13",
    "text": "13b",
    "x": 155,
    "y": 696,
    "page_width": 1754,
    "page_height": 1241,
    "page_no": 11
  },
  {
    "question": "14",
    "text": "14a",
    "x": 155,
    "y": 221,
    "page_width": 1754,
    "page_height": 1241,
    "page_no": 12
  },
  {
    "question": "14",
    "text": "14b",
    "x": 155,
    "y": 739,
    "page_width": 1754,
    "page_height": 1241,
    "page_no": 12
  },
  {
    "question": "16",
    "text": "16",
    "x": 155,
    "y": 731,
    "page_width": 1754,
    "page_height": 1241,
    "page_no": 13
  },
  {
    "question": "17",
    "text": "17",
    "x": 155,
    "y": 221,
    "page_width": 1754,
    "page_height": 1241,
    "page_no": 14
  },
  {
    "question": "18",
    "text": "18ai",
    "x": 109,
    "y": 317,
    "page_width": 1754,
    "page_height": 1241,
    "page_no": 15
  },
  {
    "question": "18",
    "text": "18aii",
    "x": 109,
    "y": 125,
    "page_width": 1754,
    "page_height": 1241,
    "page_no": 16
  },
  {
    "question": "18",
    "text": "18bi",
    "x": 109,
    "y": 221,
    "page_width": 1754,
    "page_height": 1241,
    "page_no": 17
  },
  {
    "question": "18",
    "text": "18bii",
    "x": 109,
    "y": 125,
    "page_width": 1754,
    "page_height": 1241,
    "page_no": 18
  },
  {
    "question": "18",
    "text": "18biii",
    "x": 109,
    "y": 796,
    "page_width": 1754,
    "page_height": 1241,
    "page_no": 18
  },
  {
    "question": "18",
    "text": "18ci",
    "x": 109,
    "y": 269,
    "page_width": 1754,
    "page_height": 1241,
    "page_no": 19
  },
  {
    "question": "18",
    "text": "18cii",
    "x": 109,
    "y": 317,
    "page_width": 1754,
    "page_height": 1241,
    "page_no": 20
  },
  {
    "question": "18",
    "text": "18ciii",
    "x": 109,
    "y": 583,
    "page_width": 1754,
    "page_height": 1241,
    "page_no": 21
  },
  {
    "question": "19",
    "text": "19ai",
    "x": 109,
    "y": 1015,
    "page_width": 1754,
    "page_height": 1241,
    "page_no": 21
  },
  {
    "question": "19",
    "text": "19aii",
    "x": 109,
    "y": 367,
    "page_width": 1754,
    "page_height": 1241,
    "page_no": 22
  },
  {
    "question": "19",
    "text": "19b",
    "x": 109,
    "y": 1037,
    "page_width": 1754,
    "page_height": 1241,
    "page_no": 22
  },
  {
    "question": "19",
    "text": "19c",
    "x": 109,
    "y": 700,
    "page_width": 1754,
    "page_height": 1241,
    "page_no": 23
  },
  {
    "question": "19",
    "text": "19d",
    "x": 108,
    "y": 174,
    "page_width": 1754,
    "page_height": 1241,
    "page_no": 24
  },
  {
    "question": "20",
    "text": "20ai",
    "x": 108,
    "y": 125,
    "page_width": 1754,
    "page_height": 1241,
    "page_no": 27
  },
  {
    "question": "20",
    "text": "20a",
    "x": 108,
    "y": 557,
    "page_width": 1754,
    "page_height": 1241,
    "page_no": 27
  },
  {
    "question": "20",
    "text": "20bi",
    "x": 108,
    "y": 847,
    "page_width": 1754,
    "page_height": 1241,
    "page_no": 27
  },
  {
    "question": "20",
    "text": "20bii",
    "x": 108,
    "y": 796,
    "page_width": 1754,
    "page_height": 1241,
    "page_no": 28
  },
  {
    "question": "20",
    "text": "20c",
    "x": 108,
    "y": 350,
    "page_width": 1754,
    "page_height": 1241,
    "page_no": 29
  },
  {
    "question": "21",
    "text": "21ai",
    "x": 108,
    "y": 508,
    "page_width": 1754,
    "page_height": 1241,
    "page_no": 30
  },
  {
    "question": "21",
    "text": "21aii",
    "x": 108,
    "y": 532,
    "page_width": 1754,
    "page_height": 1241,
    "page_no": 31
  },
  {
    "question": "21",
    "text": "21aiii",
    "x": 108,
    "y": 963,
    "page_width": 1754,
    "page_height": 1241,
    "page_no": 31
  },
  {
    "question": "21",
    "text": "21aiv",
    "x": 108,
    "y": 344,
    "page_width": 1754,
    "page_height": 1241,
    "page_no": 32
  },
  {
    "question": "21",
    "text": "21av",
    "x": 108,
    "y": 855,
    "page_width": 1754,
    "page_height": 1241,
    "page_no": 32
  },
  {
    "question": "21",
    "text": "21bi",
    "x": 108,
    "y": 398,
    "page_width": 1754,
    "page_height": 1241,
    "page_no": 33
  },
  {
    "question": "21",
    "text": "21bii",
    "x": 108,
    "y": 973,
    "page_width": 1754,
    "page_height": 1241,
    "page_no": 33
  },
  {
    "question": "21",
    "text": "21\u00a2i",
    "x": 108,
    "y": 367,
    "page_width": 1754,
    "page_height": 1241,
    "page_no": 34
  },
  {
    "question": "21",
    "text": "21cii",
    "x": 108,
    "y": 799,
    "page_width": 1754,
    "page_height": 1241,
    "page_no": 34
  }
]