[
  {
    "question": 0,
    "x": 90,
    "y": 1479,
    "page_no": 10,
    "page_width": 1241,
    "page_height": 1754
  },
  {
    "question": 2,
    "x": 104,
    "y": 184,
    "page_no": 7,
    "page_width": 1241,
    "page_height": 1754
  },
  {
    "question": 1,
    "x": 111,
    "y": 189,
    "page_no": 6,
    "page_width": 1241,
    "page_height": 1754
  },
  {
    "question": "3",
    "text": "3a",
    "x": 101,
    "y": 185,
    "page_width": 1241,
    "page_height": 1754,
    "page_no": 8
  },
  {
    "question": "4",
    "text": "4a",
    "x": 101,
    "y": 185,
    "page_width": 1241,
    "page_height": 1754,
    "page_no": 10
  },
  {
    "question": "4",
    "text": "4d",
    "x": 101,
    "y": 1279,
    "page_width": 1241,
    "page_height": 1754,
    "page_no": 10
  }
]