[
  {
    "question": "1",
    "text": "1",
    "x": 150,
    "y": 370,
    "page_width": 1359,
    "page_height": 1873,
    "page_no": 2
  },
  {
    "question": "2",
    "text": "2.",
    "x": 148,
    "y": 190,
    "page_width": 1359,
    "page_height": 1873,
    "page_no": 6
  },
  {
    "question": "3",
    "text": "3",
    "x": 148,
    "y": 190,
    "page_width": 1359,
    "page_height": 1873,
    "page_no": 10
  },
  {
    "question": "4",
    "text": "4",
    "x": 148,
    "y": 191,
    "page_width": 1359,
    "page_height": 1873,
    "page_no": 14
  },
  {
    "question": "5",
    "text": "5",
    "x": 149,
    "y": 191,
    "page_width": 1359,
    "page_height": 1873,
    "page_no": 18
  },
  {
    "question": "7",
    "text": "7",
    "x": 149,
    "y": 191,
    "page_width": 1359,
    "page_height": 1873,
    "page_no": 25
  },
  {
    "question": "5",
    "text": "5S",
    "x": 88,
    "y": 159,
    "page_width": 1359,
    "page_height": 1873,
    "page_no": 3
  },
  {
    "question": "5",
    "text": "5S",
    "x": 88,
    "y": 1199,
    "page_width": 1359,
    "page_height": 1873,
    "page_no": 9
  },
  {
    "question": "3",
    "text": "3",
    "x": 88,
    "y": 750,
    "page_width": 1359,
    "page_height": 1873,
    "page_no": 15
  },
  {
    "question": "5",
    "text": "5S",
    "x": 88,
    "y": 159,
    "page_width": 1359,
    "page_height": 1873,
    "page_no": 17
  },
  {
    "question": "38",
    "text": "38",
    "x": 71,
    "y": 1522,
    "page_width": 1359,
    "page_height": 1873,
    "page_no": 7
  },
  {
    "question": "5",
    "text": "5",
    "x": 71,
    "y": 739,
    "page_width": 1359,
    "page_height": 1873,
    "page_no": 11
  },
  {
    "question": "8",
    "text": "8",
    "x": 71,
    "y": 1604,
    "page_width": 1359,
    "page_height": 1873,
    "page_no": 19
  },
  {
    "question": "8",
    "text": "8",
    "x": 71,
    "y": 230,
    "page_width": 1359,
    "page_height": 1873,
    "page_no": 21
  },
  {
    "question": "22",
    "text": "22",
    "x": 71,
    "y": 1238,
    "page_width": 1359,
    "page_height": 1873,
    "page_no": 27
  },
  {
    "question": "36",
    "text": "36",
    "x": 71,
    "y": 132,
    "page_width": 1359,
    "page_height": 1873,
    "page_no": 29
  },
  {
    "question": "0",
    "text": "0\u00a2",
    "x": 0,
    "y": 261,
    "page_width": 1359,
    "page_height": 1873,
    "page_no": 9
  },
  {
    "question": "3",
    "text": "3",
    "x": 0,
    "y": 877,
    "page_width": 1359,
    "page_height": 1873,
    "page_no": 11
  },
  {
    "question": "10",
    "text": "106",
    "x": 0,
    "y": 261,
    "page_width": 1359,
    "page_height": 1873,
    "page_no": 15
  },
  {
    "question": "5",
    "text": "5",
    "x": 0,
    "y": 1136,
    "page_width": 1359,
    "page_height": 1873,
    "page_no": 17
  },
  {
    "question": "2",
    "text": "2",
    "x": 0,
    "y": 502,
    "page_width": 1359,
    "page_height": 1873,
    "page_no": 27
  },
  {
    "question": "5",
    "text": "5c",
    "x": 0,
    "y": 1136,
    "page_width": 1359,
    "page_height": 1873,
    "page_no": 29
  },
  {
    "question": "7",
    "text": "7,",
    "x": 0,
    "y": 132,
    "page_width": 1359,
    "page_height": 1873,
    "page_no": 31
  },
  {
    "question": "10",
    "text": "10",
    "x": 163,
    "y": 1728,
    "page_width": 1359,
    "page_height": 1873,
    "page_no": 10
  },
  {
    "question": "12",
    "text": "12",
    "x": 163,
    "y": 1728,
    "page_width": 1359,
    "page_height": 1873,
    "page_no": 12
  },
  {
    "question": "14",
    "text": "14",
    "x": 163,
    "y": 1728,
    "page_width": 1359,
    "page_height": 1873,
    "page_no": 14
  },
  {
    "question": "16",
    "text": "16",
    "x": 163,
    "y": 1728,
    "page_width": 1359,
    "page_height": 1873,
    "page_no": 16
  },
  {
    "question": "18",
    "text": "18",
    "x": 163,
    "y": 1728,
    "page_width": 1359,
    "page_height": 1873,
    "page_no": 18
  },
  {
    "question": "22",
    "text": "22",
    "x": 162,
    "y": 1728,
    "page_width": 1359,
    "page_height": 1873,
    "page_no": 22
  },
  {
    "question": "24",
    "text": "24",
    "x": 162,
    "y": 1728,
    "page_width": 1359,
    "page_height": 1873,
    "page_no": 24
  },
  {
    "question": "26",
    "text": "26",
    "x": 162,
    "y": 1728,
    "page_width": 1359,
    "page_height": 1873,
    "page_no": 26
  },
  {
    "question": "28",
    "text": "28",
    "x": 162,
    "y": 1728,
    "page_width": 1359,
    "page_height": 1873,
    "page_no": 28
  },
  {
    "question": "30",
    "text": "30",
    "x": 163,
    "y": 1728,
    "page_width": 1359,
    "page_height": 1873,
    "page_no": 30
  },
  {
    "question": "32",
    "text": "32",
    "x": 163,
    "y": 1728,
    "page_width": 1359,
    "page_height": 1873,
    "page_no": 32
  }
]