[
  {
    "question": "1",
    "text": "1",
    "x": 97,
    "y": 300,
    "page_width": 1241,
    "page_height": 1755,
    "page_no": 4
  },
  {
    "question": "1",
    "text": "1",
    "x": 97,
    "y": 231,
    "page_width": 1241,
    "page_height": 1755,
    "page_no": 5
  },
  {
    "question": "1",
    "text": "1c",
    "x": 97,
    "y": 230,
    "page_width": 1241,
    "page_height": 1755,
    "page_no": 6
  },
  {
    "question": "1",
    "text": "1d",
    "x": 97,
    "y": 323,
    "page_width": 1241,
    "page_height": 1755,
    "page_no": 8
  },
  {
    "question": "2",
    "text": "2a",
    "x": 96,
    "y": 410,
    "page_width": 1241,
    "page_height": 1755,
    "page_no": 9
  },
  {
    "question": "2",
    "text": "2",
    "x": 96,
    "y": 158,
    "page_width": 1241,
    "page_height": 1755,
    "page_no": 10
  },
  {
    "question": "2",
    "text": "2c",
    "x": 96,
    "y": 576,
    "page_width": 1241,
    "page_height": 1755,
    "page_no": 10
  },
  {
    "question": "2",
    "text": "2d",
    "x": 96,
    "y": 589,
    "page_width": 1241,
    "page_height": 1755,
    "page_no": 11
  },
  {
    "question": "2",
    "text": "2e",
    "x": 96,
    "y": 553,
    "page_width": 1241,
    "page_height": 1755,
    "page_no": 12
  },
  {
    "question": "2",
    "text": "2f",
    "x": 96,
    "y": 660,
    "page_width": 1241,
    "page_height": 1755,
    "page_no": 14
  },
  {
    "question": "3",
    "text": "3",
    "x": 96,
    "y": 697,
    "page_width": 1241,
    "page_height": 1755,
    "page_no": 15
  },
  {
    "question": "3",
    "text": "3",
    "x": 96,
    "y": 1193,
    "page_width": 1241,
    "page_height": 1755,
    "page_no": 15
  },
  {
    "question": "3",
    "text": "3",
    "x": 96,
    "y": 735,
    "page_width": 1241,
    "page_height": 1755,
    "page_no": 16
  },
  {
    "question": "3",
    "text": "3",
    "x": 96,
    "y": 158,
    "page_width": 1241,
    "page_height": 1755,
    "page_no": 17
  },
  {
    "question": "3",
    "text": "3",
    "x": 96,
    "y": 158,
    "page_width": 1241,
    "page_height": 1755,
    "page_no": 18
  },
  {
    "question": "4",
    "text": "4a",
    "x": 96,
    "y": 299,
    "page_width": 1241,
    "page_height": 1755,
    "page_no": 19
  },
  {
    "question": "4",
    "text": "4",
    "x": 96,
    "y": 267,
    "page_width": 1241,
    "page_height": 1755,
    "page_no": 20
  },
  {
    "question": "4",
    "text": "4c",
    "x": 96,
    "y": 267,
    "page_width": 1241,
    "page_height": 1755,
    "page_no": 21
  },
  {
    "question": "4",
    "text": "4d",
    "x": 96,
    "y": 265,
    "page_width": 1241,
    "page_height": 1755,
    "page_no": 22
  },
  {
    "question": "5",
    "text": "5",
    "x": 96,
    "y": 303,
    "page_width": 1241,
    "page_height": 1755,
    "page_no": 23
  },
  {
    "question": "5",
    "text": "5",
    "x": 96,
    "y": 303,
    "page_width": 1241,
    "page_height": 1755,
    "page_no": 24
  },
  {
    "question": "5",
    "text": "5",
    "x": 96,
    "y": 303,
    "page_width": 1241,
    "page_height": 1755,
    "page_no": 25
  },
  {
    "question": "5",
    "text": "5",
    "x": 96,
    "y": 303,
    "page_width": 1241,
    "page_height": 1755,
    "page_no": 26
  },
  {
    "question": "6",
    "text": "6",
    "x": 96,
    "y": 374,
    "page_width": 1241,
    "page_height": 1755,
    "page_no": 27
  },
  {
    "question": "6",
    "text": "6",
    "x": 96,
    "y": 355,
    "page_width": 1241,
    "page_height": 1755,
    "page_no": 28
  },
  {
    "question": "6",
    "text": "6",
    "x": 96,
    "y": 355,
    "page_width": 1241,
    "page_height": 1755,
    "page_no": 29
  },
  {
    "question": "6",
    "text": "6",
    "x": 96,
    "y": 706,
    "page_width": 1241,
    "page_height": 1755,
    "page_no": 29
  },
  {
    "question": "6",
    "text": "6",
    "x": 96,
    "y": 374,
    "page_width": 1241,
    "page_height": 1755,
    "page_no": 30
  },
  {
    "question": "1",
    "text": "1",
    "x": 159,
    "y": 1123,
    "page_width": 1241,
    "page_height": 1755,
    "page_no": 18
  },
  {
    "question": "2",
    "text": "2",
    "x": 158,
    "y": 1220,
    "page_width": 1241,
    "page_height": 1755,
    "page_no": 18
  },
  {
    "question": "3",
    "text": "3",
    "x": 158,
    "y": 1411,
    "page_width": 1241,
    "page_height": 1755,
    "page_no": 18
  },
  {
    "question": "1",
    "text": "1",
    "x": 159,
    "y": 908,
    "page_width": 1241,
    "page_height": 1755,
    "page_no": 22
  },
  {
    "question": "2",
    "text": "2",
    "x": 158,
    "y": 1004,
    "page_width": 1241,
    "page_height": 1755,
    "page_no": 22
  },
  {
    "question": "3",
    "text": "3",
    "x": 158,
    "y": 1227,
    "page_width": 1241,
    "page_height": 1755,
    "page_no": 22
  },
  {
    "question": "1",
    "text": "1",
    "x": 159,
    "y": 1010,
    "page_width": 1241,
    "page_height": 1755,
    "page_no": 26
  },
  {
    "question": "2",
    "text": "2",
    "x": 158,
    "y": 1106,
    "page_width": 1241,
    "page_height": 1755,
    "page_no": 26
  },
  {
    "question": "3",
    "text": "3",
    "x": 158,
    "y": 1297,
    "page_width": 1241,
    "page_height": 1755,
    "page_no": 26
  },
  {
    "question": "1",
    "text": "1",
    "x": 159,
    "y": 1153,
    "page_width": 1241,
    "page_height": 1755,
    "page_no": 30
  },
  {
    "question": "2",
    "text": "2",
    "x": 158,
    "y": 1250,
    "page_width": 1241,
    "page_height": 1755,
    "page_no": 30
  },
  {
    "question": "3",
    "text": "3",
    "x": 158,
    "y": 1441,
    "page_width": 1241,
    "page_height": 1755,
    "page_no": 30
  }
]