[
  {
    "question": "11",
    "text": "11",
    "x": 108,
    "y": 905,
    "page_width": 1241,
    "page_height": 1754,
    "page_no": 2
  },
  {
    "question": "12",
    "text": "12",
    "x": 108,
    "y": 936,
    "page_width": 1241,
    "page_height": 1754,
    "page_no": 2
  },
  {
    "question": "13",
    "text": "13",
    "x": 108,
    "y": 967,
    "page_width": 1241,
    "page_height": 1754,
    "page_no": 2
  },
  {
    "question": "14",
    "text": "14",
    "x": 108,
    "y": 1000,
    "page_width": 1241,
    "page_height": 1754,
    "page_no": 2
  },
  {
    "question": "15",
    "text": "15",
    "x": 108,
    "y": 1032,
    "page_width": 1241,
    "page_height": 1754,
    "page_no": 2
  },
  {
    "question": "16",
    "text": "16",
    "x": 108,
    "y": 1063,
    "page_width": 1241,
    "page_height": 1754,
    "page_no": 2
  },
  {
    "question": "17",
    "text": "17",
    "x": 108,
    "y": 1096,
    "page_width": 1241,
    "page_height": 1754,
    "page_no": 2
  },
  {
    "question": "18",
    "text": "18",
    "x": 108,
    "y": 1127,
    "page_width": 1241,
    "page_height": 1754,
    "page_no": 2
  },
  {
    "question": "19",
    "text": "19",
    "x": 108,
    "y": 1159,
    "page_width": 1241,
    "page_height": 1754,
    "page_no": 2
  },
  {
    "question": "20",
    "text": "20",
    "x": 107,
    "y": 1191,
    "page_width": 1241,
    "page_height": 1754,
    "page_no": 2
  },
  {
    "question": "21",
    "text": "21",
    "x": 107,
    "y": 1223,
    "page_width": 1241,
    "page_height": 1754,
    "page_no": 2
  },
  {
    "question": "22",
    "text": "22",
    "x": 107,
    "y": 1255,
    "page_width": 1241,
    "page_height": 1754,
    "page_no": 2
  },
  {
    "question": "23",
    "text": "23",
    "x": 107,
    "y": 1286,
    "page_width": 1241,
    "page_height": 1754,
    "page_no": 2
  },
  {
    "question": "24",
    "text": "24",
    "x": 107,
    "y": 1318,
    "page_width": 1241,
    "page_height": 1754,
    "page_no": 2
  },
  {
    "question": "25",
    "text": "25",
    "x": 107,
    "y": 1350,
    "page_width": 1241,
    "page_height": 1754,
    "page_no": 2
  },
  {
    "question": "26",
    "text": "26",
    "x": 107,
    "y": 1382,
    "page_width": 1241,
    "page_height": 1754,
    "page_no": 2
  },
  {
    "question": "27",
    "text": "27",
    "x": 107,
    "y": 1414,
    "page_width": 1241,
    "page_height": 1754,
    "page_no": 2
  },
  {
    "question": "28",
    "text": "28",
    "x": 107,
    "y": 1446,
    "page_width": 1241,
    "page_height": 1754,
    "page_no": 2
  },
  {
    "question": "29",
    "text": "29",
    "x": 107,
    "y": 1478,
    "page_width": 1241,
    "page_height": 1754,
    "page_no": 2
  },
  {
    "question": "30",
    "text": "30",
    "x": 107,
    "y": 1510,
    "page_width": 1241,
    "page_height": 1754,
    "page_no": 2
  },
  {
    "question": "11",
    "text": "11",
    "x": 127,
    "y": 797,
    "page_width": 1241,
    "page_height": 1754,
    "page_no": 3
  },
  {
    "question": "12",
    "text": "12",
    "x": 127,
    "y": 826,
    "page_width": 1241,
    "page_height": 1754,
    "page_no": 3
  },
  {
    "question": "13",
    "text": "13",
    "x": 127,
    "y": 857,
    "page_width": 1241,
    "page_height": 1754,
    "page_no": 3
  },
  {
    "question": "14",
    "text": "14",
    "x": 127,
    "y": 888,
    "page_width": 1241,
    "page_height": 1754,
    "page_no": 3
  },
  {
    "question": "15",
    "text": "15",
    "x": 127,
    "y": 919,
    "page_width": 1241,
    "page_height": 1754,
    "page_no": 3
  },
  {
    "question": "16",
    "text": "16",
    "x": 127,
    "y": 949,
    "page_width": 1241,
    "page_height": 1754,
    "page_no": 3
  },
  {
    "question": "17",
    "text": "17",
    "x": 127,
    "y": 980,
    "page_width": 1241,
    "page_height": 1754,
    "page_no": 3
  },
  {
    "question": "18",
    "text": "18",
    "x": 127,
    "y": 1010,
    "page_width": 1241,
    "page_height": 1754,
    "page_no": 3
  },
  {
    "question": "19",
    "text": "19",
    "x": 127,
    "y": 1040,
    "page_width": 1241,
    "page_height": 1754,
    "page_no": 3
  },
  {
    "question": "20",
    "text": "20",
    "x": 126,
    "y": 1071,
    "page_width": 1241,
    "page_height": 1754,
    "page_no": 3
  },
  {
    "question": "21",
    "text": "21",
    "x": 126,
    "y": 1120,
    "page_width": 1241,
    "page_height": 1754,
    "page_no": 3
  },
  {
    "question": "22",
    "text": "22",
    "x": 126,
    "y": 1151,
    "page_width": 1241,
    "page_height": 1754,
    "page_no": 3
  },
  {
    "question": "23",
    "text": "23",
    "x": 125,
    "y": 1181,
    "page_width": 1241,
    "page_height": 1754,
    "page_no": 3
  },
  {
    "question": "24",
    "text": "24",
    "x": 125,
    "y": 1212,
    "page_width": 1241,
    "page_height": 1754,
    "page_no": 3
  },
  {
    "question": "25",
    "text": "25",
    "x": 125,
    "y": 1242,
    "page_width": 1241,
    "page_height": 1754,
    "page_no": 3
  },
  {
    "question": "26",
    "text": "26",
    "x": 125,
    "y": 1273,
    "page_width": 1241,
    "page_height": 1754,
    "page_no": 3
  },
  {
    "question": "27",
    "text": "27",
    "x": 125,
    "y": 1303,
    "page_width": 1241,
    "page_height": 1754,
    "page_no": 3
  },
  {
    "question": "28",
    "text": "28",
    "x": 125,
    "y": 1334,
    "page_width": 1241,
    "page_height": 1754,
    "page_no": 3
  },
  {
    "question": "29",
    "text": "29",
    "x": 125,
    "y": 1364,
    "page_width": 1241,
    "page_height": 1754,
    "page_no": 3
  },
  {
    "question": "30",
    "text": "30",
    "x": 125,
    "y": 1395,
    "page_width": 1241,
    "page_height": 1754,
    "page_no": 3
  },
  {
    "question": "40",
    "text": "40",
    "x": 125,
    "y": 1444,
    "page_width": 1241,
    "page_height": 1754,
    "page_no": 3
  },
  {
    "question": "50",
    "text": "50",
    "x": 125,
    "y": 1476,
    "page_width": 1241,
    "page_height": 1754,
    "page_no": 3
  },
  {
    "question": "60",
    "text": "60",
    "x": 124,
    "y": 1508,
    "page_width": 1241,
    "page_height": 1754,
    "page_no": 3
  },
  {
    "question": "70",
    "text": "70",
    "x": 125,
    "y": 1540,
    "page_width": 1241,
    "page_height": 1754,
    "page_no": 3
  },
  {
    "question": "0",
    "text": "0.459",
    "x": 128,
    "y": 269,
    "page_width": 1241,
    "page_height": 1754,
    "page_no": 9
  },
  {
    "question": "56",
    "text": "56",
    "x": 128,
    "y": 161,
    "page_width": 1241,
    "page_height": 1754,
    "page_no": 20
  },
  {
    "question": "1",
    "text": "1",
    "x": 91,
    "y": 283,
    "page_width": 1241,
    "page_height": 1754,
    "page_no": 5
  },
  {
    "question": "2",
    "text": "2",
    "x": 89,
    "y": 132,
    "page_width": 1241,
    "page_height": 1754,
    "page_no": 7
  },
  {
    "question": "3",
    "text": "3",
    "x": 89,
    "y": 132,
    "page_width": 1241,
    "page_height": 1754,
    "page_no": 9
  },
  {
    "question": "4",
    "text": "4",
    "x": 89,
    "y": 133,
    "page_width": 1241,
    "page_height": 1754,
    "page_no": 10
  },
  {
    "question": "5",
    "text": "5",
    "x": 90,
    "y": 133,
    "page_width": 1241,
    "page_height": 1754,
    "page_no": 12
  },
  {
    "question": "6",
    "text": "6",
    "x": 89,
    "y": 282,
    "page_width": 1241,
    "page_height": 1754,
    "page_no": 14
  },
  {
    "question": "7",
    "text": "7",
    "x": 90,
    "y": 283,
    "page_width": 1241,
    "page_height": 1754,
    "page_no": 19
  },
  {
    "question": "8",
    "text": "8",
    "x": 89,
    "y": 132,
    "page_width": 1241,
    "page_height": 1754,
    "page_no": 20
  },
  {
    "question": "9",
    "text": "9",
    "x": 89,
    "y": 132,
    "page_width": 1241,
    "page_height": 1754,
    "page_no": 22
  },
  {
    "question": "10",
    "text": "10",
    "x": 91,
    "y": 132,
    "page_width": 1241,
    "page_height": 1754,
    "page_no": 24
  },
  {
    "question": "11",
    "text": "11",
    "x": 91,
    "y": 233,
    "page_width": 1241,
    "page_height": 1754,
    "page_no": 26
  },
  {
    "question": "12",
    "text": "12",
    "x": 91,
    "y": 232,
    "page_width": 1241,
    "page_height": 1754,
    "page_no": 29
  },
  {
    "question": "2",
    "text": "2K",
    "x": 11,
    "y": 418,
    "page_width": 1241,
    "page_height": 1754,
    "page_no": 11
  },
  {
    "question": "28",
    "text": "28",
    "x": 11,
    "y": 482,
    "page_width": 1241,
    "page_height": 1754,
    "page_no": 11
  },
  {
    "question": "00",
    "text": "00",
    "x": 11,
    "y": 1140,
    "page_width": 1241,
    "page_height": 1754,
    "page_no": 11
  },
  {
    "question": "30",
    "text": "3098",
    "x": 11,
    "y": 1375,
    "page_width": 1241,
    "page_height": 1754,
    "page_no": 11
  },
  {
    "question": "03",
    "text": "036",
    "x": 14,
    "y": 267,
    "page_width": 1241,
    "page_height": 1754,
    "page_no": 13
  },
  {
    "question": "2",
    "text": "2",
    "x": 11,
    "y": 1014,
    "page_width": 1241,
    "page_height": 1754,
    "page_no": 13
  },
  {
    "question": "2",
    "text": "2",
    "x": 11,
    "y": 1270,
    "page_width": 1241,
    "page_height": 1754,
    "page_no": 13
  },
  {
    "question": "28",
    "text": "28",
    "x": 11,
    "y": 1399,
    "page_width": 1241,
    "page_height": 1754,
    "page_no": 13
  },
  {
    "question": "32",
    "text": "328",
    "x": 11,
    "y": 1462,
    "page_width": 1241,
    "page_height": 1754,
    "page_no": 13
  },
  {
    "question": "28",
    "text": "28",
    "x": 11,
    "y": 482,
    "page_width": 1241,
    "page_height": 1754,
    "page_no": 15
  },
  {
    "question": "28",
    "text": "28",
    "x": 11,
    "y": 546,
    "page_width": 1241,
    "page_height": 1754,
    "page_no": 15
  },
  {
    "question": "00",
    "text": "00",
    "x": 11,
    "y": 1140,
    "page_width": 1241,
    "page_height": 1754,
    "page_no": 15
  },
  {
    "question": "0",
    "text": "0",
    "x": 11,
    "y": 1207,
    "page_width": 1241,
    "page_height": 1754,
    "page_no": 15
  },
  {
    "question": "00",
    "text": "00",
    "x": 11,
    "y": 1140,
    "page_width": 1241,
    "page_height": 1754,
    "page_no": 17
  },
  {
    "question": "0",
    "text": "0",
    "x": 11,
    "y": 1207,
    "page_width": 1241,
    "page_height": 1754,
    "page_no": 17
  },
  {
    "question": "38",
    "text": "38",
    "x": 11,
    "y": 1273,
    "page_width": 1241,
    "page_height": 1754,
    "page_no": 17
  },
  {
    "question": "2",
    "text": "2",
    "x": 11,
    "y": 953,
    "page_width": 1241,
    "page_height": 1754,
    "page_no": 21
  },
  {
    "question": "2",
    "text": "2",
    "x": 11,
    "y": 1014,
    "page_width": 1241,
    "page_height": 1754,
    "page_no": 21
  },
  {
    "question": "22",
    "text": "22",
    "x": 11,
    "y": 1462,
    "page_width": 1241,
    "page_height": 1754,
    "page_no": 21
  },
  {
    "question": "2",
    "text": "2K",
    "x": 11,
    "y": 418,
    "page_width": 1241,
    "page_height": 1754,
    "page_no": 23
  },
  {
    "question": "28",
    "text": "28",
    "x": 11,
    "y": 482,
    "page_width": 1241,
    "page_height": 1754,
    "page_no": 23
  },
  {
    "question": "00",
    "text": "00",
    "x": 11,
    "y": 1140,
    "page_width": 1241,
    "page_height": 1754,
    "page_no": 23
  },
  {
    "question": "30",
    "text": "3098",
    "x": 11,
    "y": 1375,
    "page_width": 1241,
    "page_height": 1754,
    "page_no": 23
  },
  {
    "question": "2",
    "text": "2%",
    "x": 11,
    "y": 357,
    "page_width": 1241,
    "page_height": 1754,
    "page_no": 25
  },
  {
    "question": "2",
    "text": "2",
    "x": 11,
    "y": 951,
    "page_width": 1241,
    "page_height": 1754,
    "page_no": 25
  },
  {
    "question": "0",
    "text": "0",
    "x": 11,
    "y": 1207,
    "page_width": 1241,
    "page_height": 1754,
    "page_no": 25
  },
  {
    "question": "2",
    "text": "2",
    "x": 11,
    "y": 1336,
    "page_width": 1241,
    "page_height": 1754,
    "page_no": 25
  },
  {
    "question": "32",
    "text": "328",
    "x": 11,
    "y": 1525,
    "page_width": 1241,
    "page_height": 1754,
    "page_no": 25
  },
  {
    "question": "28",
    "text": "28",
    "x": 11,
    "y": 482,
    "page_width": 1241,
    "page_height": 1754,
    "page_no": 27
  },
  {
    "question": "28",
    "text": "28",
    "x": 11,
    "y": 546,
    "page_width": 1241,
    "page_height": 1754,
    "page_no": 27
  },
  {
    "question": "00",
    "text": "00",
    "x": 11,
    "y": 1140,
    "page_width": 1241,
    "page_height": 1754,
    "page_no": 27
  },
  {
    "question": "0",
    "text": "0",
    "x": 11,
    "y": 1207,
    "page_width": 1241,
    "page_height": 1754,
    "page_no": 27
  },
  {
    "question": "22",
    "text": "222",
    "x": 11,
    "y": 799,
    "page_width": 1241,
    "page_height": 1754,
    "page_no": 29
  },
  {
    "question": "2",
    "text": "2K",
    "x": 11,
    "y": 951,
    "page_width": 1241,
    "page_height": 1754,
    "page_no": 29
  },
  {
    "question": "20",
    "text": "20",
    "x": 11,
    "y": 1336,
    "page_width": 1241,
    "page_height": 1754,
    "page_no": 29
  },
  {
    "question": "28",
    "text": "28",
    "x": 11,
    "y": 482,
    "page_width": 1241,
    "page_height": 1754,
    "page_no": 31
  },
  {
    "question": "28",
    "text": "28",
    "x": 11,
    "y": 546,
    "page_width": 1241,
    "page_height": 1754,
    "page_no": 31
  },
  {
    "question": "00",
    "text": "00",
    "x": 11,
    "y": 1140,
    "page_width": 1241,
    "page_height": 1754,
    "page_no": 31
  },
  {
    "question": "0",
    "text": "0",
    "x": 11,
    "y": 1207,
    "page_width": 1241,
    "page_height": 1754,
    "page_no": 31
  },
  {
    "question": "03",
    "text": "036",
    "x": 14,
    "y": 267,
    "page_width": 1241,
    "page_height": 1754,
    "page_no": 33
  },
  {
    "question": "2",
    "text": "2",
    "x": 11,
    "y": 1014,
    "page_width": 1241,
    "page_height": 1754,
    "page_no": 33
  },
  {
    "question": "0",
    "text": "0",
    "x": 11,
    "y": 1207,
    "page_width": 1241,
    "page_height": 1754,
    "page_no": 33
  },
  {
    "question": "3",
    "text": "3",
    "x": 11,
    "y": 1143,
    "page_width": 1241,
    "page_height": 1754,
    "page_no": 33
  },
  {
    "question": "2",
    "text": "2",
    "x": 11,
    "y": 352,
    "page_width": 1241,
    "page_height": 1754,
    "page_no": 35
  },
  {
    "question": "0",
    "text": "0",
    "x": 11,
    "y": 1207,
    "page_width": 1241,
    "page_height": 1754,
    "page_no": 35
  },
  {
    "question": "28",
    "text": "28",
    "x": 11,
    "y": 1336,
    "page_width": 1241,
    "page_height": 1754,
    "page_no": 35
  },
  {
    "question": "32",
    "text": "328",
    "x": 11,
    "y": 1399,
    "page_width": 1241,
    "page_height": 1754,
    "page_no": 35
  },
  {
    "question": "10",
    "text": "10\"",
    "x": 27,
    "y": 473,
    "page_width": 1241,
    "page_height": 1754,
    "page_no": 11
  },
  {
    "question": "2",
    "text": "2",
    "x": 26,
    "y": 1521,
    "page_width": 1241,
    "page_height": 1754,
    "page_no": 13
  },
  {
    "question": "10",
    "text": "10",
    "x": 27,
    "y": 473,
    "page_width": 1241,
    "page_height": 1754,
    "page_no": 15
  },
  {
    "question": "10",
    "text": "10\"",
    "x": 27,
    "y": 473,
    "page_width": 1241,
    "page_height": 1754,
    "page_no": 23
  },
  {
    "question": "0",
    "text": "0",
    "x": 26,
    "y": 1508,
    "page_width": 1241,
    "page_height": 1754,
    "page_no": 25
  },
  {
    "question": "10",
    "text": "10",
    "x": 27,
    "y": 473,
    "page_width": 1241,
    "page_height": 1754,
    "page_no": 27
  },
  {
    "question": "10",
    "text": "10",
    "x": 27,
    "y": 473,
    "page_width": 1241,
    "page_height": 1754,
    "page_no": 31
  },
  {
    "question": "5",
    "text": "5",
    "x": 47,
    "y": 1392,
    "page_width": 1241,
    "page_height": 1754,
    "page_no": 11
  },
  {
    "question": "8",
    "text": "8",
    "x": 49,
    "y": 547,
    "page_width": 1241,
    "page_height": 1754,
    "page_no": 15
  },
  {
    "question": "5",
    "text": "5",
    "x": 47,
    "y": 1392,
    "page_width": 1241,
    "page_height": 1754,
    "page_no": 15
  },
  {
    "question": "8",
    "text": "8",
    "x": 50,
    "y": 730,
    "page_width": 1241,
    "page_height": 1754,
    "page_no": 21
  },
  {
    "question": "5",
    "text": "5",
    "x": 47,
    "y": 1392,
    "page_width": 1241,
    "page_height": 1754,
    "page_no": 23
  },
  {
    "question": "8",
    "text": "8",
    "x": 49,
    "y": 547,
    "page_width": 1241,
    "page_height": 1754,
    "page_no": 27
  },
  {
    "question": "5",
    "text": "5",
    "x": 47,
    "y": 1392,
    "page_width": 1241,
    "page_height": 1754,
    "page_no": 27
  },
  {
    "question": "8",
    "text": "8",
    "x": 49,
    "y": 547,
    "page_width": 1241,
    "page_height": 1754,
    "page_no": 31
  },
  {
    "question": "5",
    "text": "5",
    "x": 47,
    "y": 1392,
    "page_width": 1241,
    "page_height": 1754,
    "page_no": 31
  },
  {
    "question": "5",
    "text": "5",
    "x": 47,
    "y": 1392,
    "page_width": 1241,
    "page_height": 1754,
    "page_no": 35
  }
]