[
  {
    "question": "1",
    "text": "1",
    "x": 140,
    "y": 267,
    "page_width": 1241,
    "page_height": 1754,
    "page_no": 7
  },
  {
    "question": "2",
    "text": "2",
    "x": 138,
    "y": 279,
    "page_width": 1241,
    "page_height": 1754,
    "page_no": 8
  },
  {
    "question": "6",
    "text": "6",
    "x": 139,
    "y": 267,
    "page_width": 1241,
    "page_height": 1754,
    "page_no": 14
  },
  {
    "question": "4",
    "text": "4-44,",
    "x": 137,
    "y": 1332,
    "page_width": 1241,
    "page_height": 1754,
    "page_no": 16
  },
  {
    "question": "3",
    "text": "3",
    "x": 122,
    "y": 249,
    "page_width": 1241,
    "page_height": 1754,
    "page_no": 9
  },
  {
    "question": "3",
    "text": "3",
    "x": 121,
    "y": 786,
    "page_width": 1241,
    "page_height": 1754,
    "page_no": 9
  },
  {
    "question": "7",
    "text": "7",
    "x": 122,
    "y": 1053,
    "page_width": 1241,
    "page_height": 1754,
    "page_no": 15
  },
  {
    "question": "8",
    "text": "8",
    "x": 122,
    "y": 245,
    "page_width": 1241,
    "page_height": 1754,
    "page_no": 17
  },
  {
    "question": "9",
    "text": "9a",
    "x": 122,
    "y": 249,
    "page_width": 1241,
    "page_height": 1754,
    "page_no": 19
  }
]