[
  {
    "question": 0,
    "x": 131,
    "y": 1570,
    "page_no": 16,
    "page_width": 1241,
    "page_height": 1754
  },
  {
    "question": 14,
    "x": 150,
    "y": 786,
    "page_no": 9,
    "page_width": 1241,
    "page_height": 1754
  },
  {
    "question": 9,
    "x": 148,
    "y": 1186,
    "page_no": 6,
    "page_width": 1241,
    "page_height": 1754
  },
  {
    "question": 8,
    "x": 143,
    "y": 1102,
    "page_no": 6,
    "page_width": 1241,
    "page_height": 1754
  },
  {
    "question": 7,
    "x": 145,
    "y": 972,
    "page_no": 6,
    "page_width": 1241,
    "page_height": 1754
  },
  {
    "question": 6,
    "x": 147,
    "y": 831,
    "page_no": 6,
    "page_width": 1241,
    "page_height": 1754
  },
  {
    "question": 5,
    "x": 143,
    "y": 705,
    "page_no": 6,
    "page_width": 1241,
    "page_height": 1754
  },
  {
    "question": 4,
    "x": 145,
    "y": 567,
    "page_no": 6,
    "page_width": 1241,
    "page_height": 1754
  },
  {
    "question": 3,
    "x": 147,
    "y": 437,
    "page_no": 6,
    "page_width": 1241,
    "page_height": 1754
  },
  {
    "question": 2,
    "x": 145,
    "y": 303,
    "page_no": 6,
    "page_width": 1241,
    "page_height": 1754
  },
  {
    "question": "1",
    "text": "1",
    "x": 147,
    "y": 172,
    "page_width": 1241,
    "page_height": 1754,
    "page_no": 6
  },
  {
    "question": "10",
    "text": "10",
    "x": 147,
    "y": 1314,
    "page_width": 1241,
    "page_height": 1754,
    "page_no": 6
  },
  {
    "question": "11",
    "text": "11",
    "x": 147,
    "y": 146,
    "page_width": 1241,
    "page_height": 1754,
    "page_no": 7
  },
  {
    "question": "12",
    "text": "12a",
    "x": 147,
    "y": 145,
    "page_width": 1241,
    "page_height": 1754,
    "page_no": 8
  },
  {
    "question": "13",
    "text": "13a",
    "x": 147,
    "y": 145,
    "page_width": 1241,
    "page_height": 1754,
    "page_no": 9
  },
  {
    "question": "15",
    "text": "15a",
    "x": 147,
    "y": 146,
    "page_width": 1241,
    "page_height": 1754,
    "page_no": 10
  },
  {
    "question": "16",
    "text": "16a",
    "x": 147,
    "y": 145,
    "page_width": 1241,
    "page_height": 1754,
    "page_no": 11
  },
  {
    "question": "17",
    "text": "17ai",
    "x": 147,
    "y": 171,
    "page_width": 1241,
    "page_height": 1754,
    "page_no": 12
  },
  {
    "question": "18",
    "text": "18",
    "x": 146,
    "y": 145,
    "page_width": 1241,
    "page_height": 1754,
    "page_no": 13
  },
  {
    "question": "19",
    "text": "19a",
    "x": 147,
    "y": 145,
    "page_width": 1241,
    "page_height": 1754,
    "page_no": 14
  },
  {
    "question": "20",
    "text": "20a",
    "x": 145,
    "y": 1231,
    "page_width": 1241,
    "page_height": 1754,
    "page_no": 15
  },
  {
    "question": "20",
    "text": "20c",
    "x": 145,
    "y": 1132,
    "page_width": 1241,
    "page_height": 1754,
    "page_no": 16
  }
]