[
  {
    "question": "1",
    "text": "1",
    "x": 152,
    "y": 245,
    "page_width": 1754,
    "page_height": 1241,
    "page_no": 4
  },
  {
    "question": "2",
    "text": "2a",
    "x": 151,
    "y": 533,
    "page_width": 1754,
    "page_height": 1241,
    "page_no": 4
  },
  {
    "question": "2",
    "text": "2b",
    "x": 151,
    "y": 181,
    "page_width": 1754,
    "page_height": 1241,
    "page_no": 5
  },
  {
    "question": "20",
    "text": "20",
    "x": 151,
    "y": 471,
    "page_width": 1754,
    "page_height": 1241,
    "page_no": 5
  },
  {
    "question": "4",
    "text": "4",
    "x": 151,
    "y": 597,
    "page_width": 1754,
    "page_height": 1241,
    "page_no": 6
  },
  {
    "question": "5",
    "text": "5",
    "x": 151,
    "y": 210,
    "page_width": 1754,
    "page_height": 1241,
    "page_no": 7
  },
  {
    "question": "6",
    "text": "6",
    "x": 151,
    "y": 512,
    "page_width": 1754,
    "page_height": 1241,
    "page_no": 7
  },
  {
    "question": "7",
    "text": "7",
    "x": 151,
    "y": 801,
    "page_width": 1754,
    "page_height": 1241,
    "page_no": 7
  },
  {
    "question": "8",
    "text": "8",
    "x": 151,
    "y": 239,
    "page_width": 1754,
    "page_height": 1241,
    "page_no": 8
  },
  {
    "question": "9",
    "text": "9",
    "x": 151,
    "y": 580,
    "page_width": 1754,
    "page_height": 1241,
    "page_no": 8
  },
  {
    "question": "10",
    "text": "10",
    "x": 152,
    "y": 181,
    "page_width": 1754,
    "page_height": 1241,
    "page_no": 9
  },
  {
    "question": "1",
    "text": "1",
    "x": 152,
    "y": 590,
    "page_width": 1754,
    "page_height": 1241,
    "page_no": 9
  },
  {
    "question": "12",
    "text": "12",
    "x": 152,
    "y": 181,
    "page_width": 1754,
    "page_height": 1241,
    "page_no": 10
  },
  {
    "question": "13",
    "text": "13a",
    "x": 152,
    "y": 477,
    "page_width": 1754,
    "page_height": 1241,
    "page_no": 10
  },
  {
    "question": "13",
    "text": "13b",
    "x": 152,
    "y": 187,
    "page_width": 1754,
    "page_height": 1241,
    "page_no": 11
  },
  {
    "question": "14",
    "text": "14",
    "x": 152,
    "y": 486,
    "page_width": 1754,
    "page_height": 1241,
    "page_no": 11
  },
  {
    "question": "15",
    "text": "15",
    "x": 152,
    "y": 814,
    "page_width": 1754,
    "page_height": 1241,
    "page_no": 11
  },
  {
    "question": "16",
    "text": "16",
    "x": 152,
    "y": 181,
    "page_width": 1754,
    "page_height": 1241,
    "page_no": 12
  },
  {
    "question": "17",
    "text": "17",
    "x": 152,
    "y": 558,
    "page_width": 1754,
    "page_height": 1241,
    "page_no": 12
  },
  {
    "question": "19",
    "text": "19c",
    "x": 152,
    "y": 187,
    "page_width": 1754,
    "page_height": 1241,
    "page_no": 24
  },
  {
    "question": "3",
    "text": "3",
    "x": 150,
    "y": 181,
    "page_width": 1754,
    "page_height": 1241,
    "page_no": 6
  },
  {
    "question": "18",
    "text": "18ai",
    "x": 149,
    "y": 284,
    "page_width": 1754,
    "page_height": 1241,
    "page_no": 13
  },
  {
    "question": "18",
    "text": "18aii_",
    "x": 149,
    "y": 227,
    "page_width": 1754,
    "page_height": 1241,
    "page_no": 14
  },
  {
    "question": "18",
    "text": "18aiii",
    "x": 149,
    "y": 255,
    "page_width": 1754,
    "page_height": 1241,
    "page_no": 15
  },
  {
    "question": "18",
    "text": "18bi",
    "x": 149,
    "y": 205,
    "page_width": 1754,
    "page_height": 1241,
    "page_no": 16
  },
  {
    "question": "18",
    "text": "18bii",
    "x": 149,
    "y": 205,
    "page_width": 1754,
    "page_height": 1241,
    "page_no": 17
  },
  {
    "question": "18",
    "text": "18biii",
    "x": 149,
    "y": 235,
    "page_width": 1754,
    "page_height": 1241,
    "page_no": 18
  },
  {
    "question": "18",
    "text": "18ci",
    "x": 149,
    "y": 212,
    "page_width": 1754,
    "page_height": 1241,
    "page_no": 19
  },
  {
    "question": "18",
    "text": "18cii",
    "x": 149,
    "y": 766,
    "page_width": 1754,
    "page_height": 1241,
    "page_no": 19
  },
  {
    "question": "19",
    "text": "19ai",
    "x": 149,
    "y": 212,
    "page_width": 1754,
    "page_height": 1241,
    "page_no": 20
  },
  {
    "question": "19",
    "text": "19aii",
    "x": 149,
    "y": 212,
    "page_width": 1754,
    "page_height": 1241,
    "page_no": 21
  },
  {
    "question": "19",
    "text": "19D",
    "x": 149,
    "y": 212,
    "page_width": 1754,
    "page_height": 1241,
    "page_no": 23
  },
  {
    "question": "19",
    "text": "19b",
    "x": 149,
    "y": 440,
    "page_width": 1754,
    "page_height": 1241,
    "page_no": 23
  },
  {
    "question": "19",
    "text": "19b",
    "x": 149,
    "y": 674,
    "page_width": 1754,
    "page_height": 1241,
    "page_no": 23
  },
  {
    "question": "19",
    "text": "19c",
    "x": 148,
    "y": 212,
    "page_width": 1754,
    "page_height": 1241,
    "page_no": 25
  },
  {
    "question": "19",
    "text": "19d",
    "x": 149,
    "y": 240,
    "page_width": 1754,
    "page_height": 1241,
    "page_no": 26
  },
  {
    "question": "20",
    "text": "20ai",
    "x": 147,
    "y": 212,
    "page_width": 1754,
    "page_height": 1241,
    "page_no": 27
  },
  {
    "question": "20",
    "text": "20aii_",
    "x": 147,
    "y": 269,
    "page_width": 1754,
    "page_height": 1241,
    "page_no": 28
  },
  {
    "question": "20",
    "text": "20b",
    "x": 147,
    "y": 264,
    "page_width": 1754,
    "page_height": 1241,
    "page_no": 29
  },
  {
    "question": "20",
    "text": "20ci",
    "x": 147,
    "y": 205,
    "page_width": 1754,
    "page_height": 1241,
    "page_no": 30
  },
  {
    "question": "20",
    "text": "20cii",
    "x": 147,
    "y": 732,
    "page_width": 1754,
    "page_height": 1241,
    "page_no": 30
  },
  {
    "question": "21",
    "text": "21a",
    "x": 147,
    "y": 291,
    "page_width": 1754,
    "page_height": 1241,
    "page_no": 31
  },
  {
    "question": "21",
    "text": "21OH@",
    "x": 147,
    "y": 810,
    "page_width": 1754,
    "page_height": 1241,
    "page_no": 31
  },
  {
    "question": "21",
    "text": "21bi",
    "x": 147,
    "y": 263,
    "page_width": 1754,
    "page_height": 1241,
    "page_no": 32
  },
  {
    "question": "21",
    "text": "21\u00a2",
    "x": 147,
    "y": 205,
    "page_width": 1754,
    "page_height": 1241,
    "page_no": 33
  },
  {
    "question": "21",
    "text": "21di",
    "x": 147,
    "y": 234,
    "page_width": 1754,
    "page_height": 1241,
    "page_no": 34
  },
  {
    "question": "21",
    "text": "21@G",
    "x": 147,
    "y": 602,
    "page_width": 1754,
    "page_height": 1241,
    "page_no": 35
  },
  {
    "question": "21",
    "text": "21eM",
    "x": 147,
    "y": 205,
    "page_width": 1754,
    "page_height": 1241,
    "page_no": 36
  },
  {
    "question": "21",
    "text": "21eii",
    "x": 147,
    "y": 205,
    "page_width": 1754,
    "page_height": 1241,
    "page_no": 37
  },
  {
    "question": "21",
    "text": "21@iii",
    "x": 147,
    "y": 625,
    "page_width": 1754,
    "page_height": 1241,
    "page_no": 37
  },
  {
    "question": "21",
    "text": "21f",
    "x": 147,
    "y": 893,
    "page_width": 1754,
    "page_height": 1241,
    "page_no": 37
  }
]