[
  {
    "question": "4",
    "text": "4a",
    "x": 87,
    "y": 248,
    "page_width": 1241,
    "page_height": 1754,
    "page_no": 4
  },
  {
    "question": "14",
    "text": "14b",
    "x": 87,
    "y": 666,
    "page_width": 1241,
    "page_height": 1754,
    "page_no": 4
  },
  {
    "question": "1",
    "text": "1c",
    "x": 87,
    "y": 165,
    "page_width": 1241,
    "page_height": 1754,
    "page_no": 5
  },
  {
    "question": "2",
    "text": "2a",
    "x": 86,
    "y": 891,
    "page_width": 1241,
    "page_height": 1754,
    "page_no": 5
  },
  {
    "question": "2",
    "text": "2b",
    "x": 86,
    "y": 165,
    "page_width": 1241,
    "page_height": 1754,
    "page_no": 6
  },
  {
    "question": "3",
    "text": "3a",
    "x": 86,
    "y": 685,
    "page_width": 1241,
    "page_height": 1754,
    "page_no": 6
  },
  {
    "question": "3",
    "text": "3b",
    "x": 86,
    "y": 191,
    "page_width": 1241,
    "page_height": 1754,
    "page_no": 7
  },
  {
    "question": "3",
    "text": "3c",
    "x": 86,
    "y": 685,
    "page_width": 1241,
    "page_height": 1754,
    "page_no": 7
  },
  {
    "question": "3",
    "text": "3d",
    "x": 86,
    "y": 210,
    "page_width": 1241,
    "page_height": 1754,
    "page_no": 8
  },
  {
    "question": "6",
    "text": "6a",
    "x": 86,
    "y": 215,
    "page_width": 1241,
    "page_height": 1754,
    "page_no": 12
  },
  {
    "question": "6",
    "text": "6b",
    "x": 86,
    "y": 541,
    "page_width": 1241,
    "page_height": 1754,
    "page_no": 12
  },
  {
    "question": "6",
    "text": "6c",
    "x": 86,
    "y": 165,
    "page_width": 1241,
    "page_height": 1754,
    "page_no": 13
  },
  {
    "question": "6",
    "text": "6d",
    "x": 86,
    "y": 546,
    "page_width": 1241,
    "page_height": 1754,
    "page_no": 13
  },
  {
    "question": "7",
    "text": "7a",
    "x": 86,
    "y": 1066,
    "page_width": 1241,
    "page_height": 1754,
    "page_no": 13
  },
  {
    "question": "7",
    "text": "7b",
    "x": 86,
    "y": 165,
    "page_width": 1241,
    "page_height": 1754,
    "page_no": 14
  },
  {
    "question": "1",
    "text": "1",
    "x": 143,
    "y": 302,
    "page_width": 1241,
    "page_height": 1754,
    "page_no": 17
  },
  {
    "question": "2",
    "text": "2",
    "x": 141,
    "y": 405,
    "page_width": 1241,
    "page_height": 1754,
    "page_no": 17
  },
  {
    "question": "3",
    "text": "3",
    "x": 141,
    "y": 537,
    "page_width": 1241,
    "page_height": 1754,
    "page_no": 17
  },
  {
    "question": "4",
    "text": "4",
    "x": 141,
    "y": 723,
    "page_width": 1241,
    "page_height": 1754,
    "page_no": 17
  },
  {
    "question": "3",
    "text": "3",
    "x": 141,
    "y": 612,
    "page_width": 1241,
    "page_height": 1754,
    "page_no": 19
  },
  {
    "question": "4",
    "text": "4",
    "x": 141,
    "y": 816,
    "page_width": 1241,
    "page_height": 1754,
    "page_no": 19
  }
]