[
  {
    "question": "1",
    "text": "1-",
    "x": 94,
    "y": 426,
    "page_width": 1241,
    "page_height": 1754,
    "page_no": 2
  },
  {
    "question": "1",
    "text": "1",
    "x": 91,
    "y": 283,
    "page_width": 1241,
    "page_height": 1754,
    "page_no": 5
  },
  {
    "question": "2",
    "text": "2",
    "x": 89,
    "y": 132,
    "page_width": 1241,
    "page_height": 1754,
    "page_no": 6
  },
  {
    "question": "3",
    "text": "3",
    "x": 89,
    "y": 132,
    "page_width": 1241,
    "page_height": 1754,
    "page_no": 7
  },
  {
    "question": "4",
    "text": "4",
    "x": 89,
    "y": 133,
    "page_width": 1241,
    "page_height": 1754,
    "page_no": 10
  },
  {
    "question": "5",
    "text": "5",
    "x": 90,
    "y": 283,
    "page_width": 1241,
    "page_height": 1754,
    "page_no": 12
  },
  {
    "question": "6",
    "text": "6",
    "x": 89,
    "y": 132,
    "page_width": 1241,
    "page_height": 1754,
    "page_no": 14
  },
  {
    "question": "7",
    "text": "7",
    "x": 90,
    "y": 133,
    "page_width": 1241,
    "page_height": 1754,
    "page_no": 16
  },
  {
    "question": "8",
    "text": "8",
    "x": 89,
    "y": 132,
    "page_width": 1241,
    "page_height": 1754,
    "page_no": 17
  },
  {
    "question": "9",
    "text": "9",
    "x": 89,
    "y": 232,
    "page_width": 1241,
    "page_height": 1754,
    "page_no": 20
  },
  {
    "question": "6",
    "text": "6xXd",
    "x": 139,
    "y": 406,
    "page_width": 1241,
    "page_height": 1754,
    "page_no": 2
  },
  {
    "question": "1",
    "text": "1",
    "x": 138,
    "y": 463,
    "page_width": 1241,
    "page_height": 1754,
    "page_no": 3
  },
  {
    "question": "2",
    "text": "2",
    "x": 137,
    "y": 493,
    "page_width": 1241,
    "page_height": 1754,
    "page_no": 3
  },
  {
    "question": "3",
    "text": "3",
    "x": 137,
    "y": 524,
    "page_width": 1241,
    "page_height": 1754,
    "page_no": 3
  },
  {
    "question": "5",
    "text": "5",
    "x": 137,
    "y": 586,
    "page_width": 1241,
    "page_height": 1754,
    "page_no": 3
  },
  {
    "question": "4",
    "text": "4",
    "x": 136,
    "y": 555,
    "page_width": 1241,
    "page_height": 1754,
    "page_no": 3
  },
  {
    "question": "6",
    "text": "6",
    "x": 136,
    "y": 615,
    "page_width": 1241,
    "page_height": 1754,
    "page_no": 3
  },
  {
    "question": "7",
    "text": "7",
    "x": 136,
    "y": 647,
    "page_width": 1241,
    "page_height": 1754,
    "page_no": 3
  },
  {
    "question": "8",
    "text": "8",
    "x": 136,
    "y": 676,
    "page_width": 1241,
    "page_height": 1754,
    "page_no": 3
  },
  {
    "question": "9",
    "text": "9",
    "x": 136,
    "y": 707,
    "page_width": 1241,
    "page_height": 1754,
    "page_no": 3
  },
  {
    "question": "10",
    "text": "10",
    "x": 130,
    "y": 737,
    "page_width": 1241,
    "page_height": 1754,
    "page_no": 3
  },
  {
    "question": "11",
    "text": "11",
    "x": 130,
    "y": 788,
    "page_width": 1241,
    "page_height": 1754,
    "page_no": 3
  },
  {
    "question": "12",
    "text": "12",
    "x": 130,
    "y": 817,
    "page_width": 1241,
    "page_height": 1754,
    "page_no": 3
  },
  {
    "question": "13",
    "text": "13",
    "x": 130,
    "y": 848,
    "page_width": 1241,
    "page_height": 1754,
    "page_no": 3
  },
  {
    "question": "14",
    "text": "14",
    "x": 130,
    "y": 879,
    "page_width": 1241,
    "page_height": 1754,
    "page_no": 3
  },
  {
    "question": "15",
    "text": "15",
    "x": 130,
    "y": 910,
    "page_width": 1241,
    "page_height": 1754,
    "page_no": 3
  },
  {
    "question": "16",
    "text": "16",
    "x": 130,
    "y": 939,
    "page_width": 1241,
    "page_height": 1754,
    "page_no": 3
  },
  {
    "question": "17",
    "text": "17",
    "x": 130,
    "y": 971,
    "page_width": 1241,
    "page_height": 1754,
    "page_no": 3
  },
  {
    "question": "18",
    "text": "18",
    "x": 130,
    "y": 1001,
    "page_width": 1241,
    "page_height": 1754,
    "page_no": 3
  },
  {
    "question": "19",
    "text": "19",
    "x": 130,
    "y": 1031,
    "page_width": 1241,
    "page_height": 1754,
    "page_no": 3
  },
  {
    "question": "20",
    "text": "20",
    "x": 129,
    "y": 1062,
    "page_width": 1241,
    "page_height": 1754,
    "page_no": 3
  },
  {
    "question": "21",
    "text": "21",
    "x": 129,
    "y": 1111,
    "page_width": 1241,
    "page_height": 1754,
    "page_no": 3
  },
  {
    "question": "22",
    "text": "22",
    "x": 129,
    "y": 1141,
    "page_width": 1241,
    "page_height": 1754,
    "page_no": 3
  },
  {
    "question": "23",
    "text": "23",
    "x": 129,
    "y": 1172,
    "page_width": 1241,
    "page_height": 1754,
    "page_no": 3
  },
  {
    "question": "24",
    "text": "24",
    "x": 129,
    "y": 1203,
    "page_width": 1241,
    "page_height": 1754,
    "page_no": 3
  },
  {
    "question": "25",
    "text": "25",
    "x": 129,
    "y": 1233,
    "page_width": 1241,
    "page_height": 1754,
    "page_no": 3
  },
  {
    "question": "26",
    "text": "26",
    "x": 129,
    "y": 1264,
    "page_width": 1241,
    "page_height": 1754,
    "page_no": 3
  },
  {
    "question": "27",
    "text": "27",
    "x": 129,
    "y": 1294,
    "page_width": 1241,
    "page_height": 1754,
    "page_no": 3
  },
  {
    "question": "28",
    "text": "28",
    "x": 128,
    "y": 1325,
    "page_width": 1241,
    "page_height": 1754,
    "page_no": 3
  },
  {
    "question": "29",
    "text": "29",
    "x": 128,
    "y": 1355,
    "page_width": 1241,
    "page_height": 1754,
    "page_no": 3
  },
  {
    "question": "30",
    "text": "30",
    "x": 128,
    "y": 1386,
    "page_width": 1241,
    "page_height": 1754,
    "page_no": 3
  },
  {
    "question": "40",
    "text": "40",
    "x": 128,
    "y": 1435,
    "page_width": 1241,
    "page_height": 1754,
    "page_no": 3
  },
  {
    "question": "50",
    "text": "50",
    "x": 128,
    "y": 1467,
    "page_width": 1241,
    "page_height": 1754,
    "page_no": 3
  },
  {
    "question": "60",
    "text": "60",
    "x": 128,
    "y": 1499,
    "page_width": 1241,
    "page_height": 1754,
    "page_no": 3
  },
  {
    "question": "70",
    "text": "70",
    "x": 128,
    "y": 1530,
    "page_width": 1241,
    "page_height": 1754,
    "page_no": 3
  },
  {
    "question": "23",
    "text": "23",
    "x": 13,
    "y": 1143,
    "page_width": 1241,
    "page_height": 1754,
    "page_no": 7
  },
  {
    "question": "5",
    "text": "5",
    "x": 13,
    "y": 1584,
    "page_width": 1241,
    "page_height": 1754,
    "page_no": 11
  },
  {
    "question": "20",
    "text": "203",
    "x": 13,
    "y": 1270,
    "page_width": 1241,
    "page_height": 1754,
    "page_no": 13
  },
  {
    "question": "38",
    "text": "38",
    "x": 13,
    "y": 611,
    "page_width": 1241,
    "page_height": 1754,
    "page_no": 15
  },
  {
    "question": "22",
    "text": "22",
    "x": 13,
    "y": 1138,
    "page_width": 1241,
    "page_height": 1754,
    "page_no": 15
  },
  {
    "question": "20",
    "text": "203",
    "x": 13,
    "y": 1270,
    "page_width": 1241,
    "page_height": 1754,
    "page_no": 19
  },
  {
    "question": "5",
    "text": "5",
    "x": 13,
    "y": 1584,
    "page_width": 1241,
    "page_height": 1754,
    "page_no": 21
  }
]