[
  {
    "question": 0,
    "x": 161,
    "y": 1271,
    "page_no": 15,
    "page_width": 1359,
    "page_height": 1873
  },
  {
    "question": 5,
    "x": 158,
    "y": 178,
    "page_no": 13,
    "page_width": 1359,
    "page_height": 1873
  },
  {
    "question": 4,
    "x": 155,
    "y": 197,
    "page_no": 10,
    "page_width": 1359,
    "page_height": 1873
  },
  {
    "question": 3,
    "x": 155,
    "y": 197,
    "page_no": 6,
    "page_width": 1359,
    "page_height": 1873
  },
  {
    "question": 2,
    "x": 152,
    "y": 190,
    "page_no": 4,
    "page_width": 1359,
    "page_height": 1873
  },
  {
    "question": 1,
    "x": 148,
    "y": 234,
    "page_no": 2,
    "page_width": 1359,
    "page_height": 1873
  },
  {
    "question": "5",
    "text": "5c",
    "x": 0,
    "y": 1136,
    "page_width": 1359,
    "page_height": 1873,
    "page_no": 3
  },
  {
    "question": "5",
    "text": "5",
    "x": 0,
    "y": 1136,
    "page_width": 1359,
    "page_height": 1873,
    "page_no": 17
  },
  {
    "question": "18",
    "text": "18",
    "x": 163,
    "y": 1728,
    "page_width": 1359,
    "page_height": 1873,
    "page_no": 18
  },
  {
    "question": "20",
    "text": "20",
    "x": 162,
    "y": 1728,
    "page_width": 1359,
    "page_height": 1873,
    "page_no": 20
  }
]