[
  {
    "question": "1",
    "text": "1",
    "x": 126,
    "y": 266,
    "page_width": 1241,
    "page_height": 1754,
    "page_no": 4
  },
  {
    "question": "2",
    "text": "2",
    "x": 125,
    "y": 535,
    "page_width": 1241,
    "page_height": 1754,
    "page_no": 4
  },
  {
    "question": "3",
    "text": "3",
    "x": 125,
    "y": 867,
    "page_width": 1241,
    "page_height": 1754,
    "page_no": 4
  },
  {
    "question": "4",
    "text": "4",
    "x": 125,
    "y": 1137,
    "page_width": 1241,
    "page_height": 1754,
    "page_no": 4
  },
  {
    "question": "8",
    "text": "8",
    "x": 125,
    "y": 440,
    "page_width": 1241,
    "page_height": 1754,
    "page_no": 7
  },
  {
    "question": "9",
    "text": "9",
    "x": 125,
    "y": 315,
    "page_width": 1241,
    "page_height": 1754,
    "page_no": 8
  },
  {
    "question": "10",
    "text": "10",
    "x": 126,
    "y": 315,
    "page_width": 1241,
    "page_height": 1754,
    "page_no": 9
  },
  {
    "question": "11",
    "text": "11",
    "x": 126,
    "y": 315,
    "page_width": 1241,
    "page_height": 1754,
    "page_no": 10
  },
  {
    "question": "12",
    "text": "12a",
    "x": 126,
    "y": 1323,
    "page_width": 1241,
    "page_height": 1754,
    "page_no": 10
  },
  {
    "question": "12",
    "text": "12b",
    "x": 126,
    "y": 317,
    "page_width": 1241,
    "page_height": 1754,
    "page_no": 11
  },
  {
    "question": "12",
    "text": "12c",
    "x": 126,
    "y": 284,
    "page_width": 1241,
    "page_height": 1754,
    "page_no": 12
  },
  {
    "question": "12",
    "text": "12d",
    "x": 126,
    "y": 328,
    "page_width": 1241,
    "page_height": 1754,
    "page_no": 13
  },
  {
    "question": "12",
    "text": "12e",
    "x": 126,
    "y": 318,
    "page_width": 1241,
    "page_height": 1754,
    "page_no": 15
  },
  {
    "question": "13",
    "text": "13",
    "x": 126,
    "y": 375,
    "page_width": 1241,
    "page_height": 1754,
    "page_no": 18
  },
  {
    "question": "14",
    "text": "14",
    "x": 126,
    "y": 349,
    "page_width": 1241,
    "page_height": 1754,
    "page_no": 21
  }
]