[
  {
    "question": "5",
    "text": "5%",
    "x": 145,
    "y": 1056,
    "page_width": 1241,
    "page_height": 1754,
    "page_no": 7
  },
  {
    "question": "5",
    "text": "5%",
    "x": 145,
    "y": 1185,
    "page_width": 1241,
    "page_height": 1754,
    "page_no": 7
  },
  {
    "question": "20",
    "text": "2021",
    "x": 145,
    "y": 346,
    "page_width": 1241,
    "page_height": 1754,
    "page_no": 24
  },
  {
    "question": "1",
    "text": "1",
    "x": 147,
    "y": 380,
    "page_width": 1241,
    "page_height": 1754,
    "page_no": 24
  }
]