[
  {
    "question": 0,
    "x": 97,
    "y": 335,
    "page_no": 18,
    "page_width": 1241,
    "page_height": 1755
  },
  {
    "question": 15,
    "x": 126,
    "y": 226,
    "page_no": 13,
    "page_width": 1241,
    "page_height": 1755
  },
  {
    "question": 13,
    "x": 126,
    "y": 230,
    "page_no": 11,
    "page_width": 1241,
    "page_height": 1755
  },
  {
    "question": 10,
    "x": 169,
    "y": 865,
    "page_no": 8,
    "page_width": 1241,
    "page_height": 1755
  },
  {
    "question": 9,
    "x": 166,
    "y": 746,
    "page_no": 8,
    "page_width": 1241,
    "page_height": 1755
  },
  {
    "question": 8,
    "x": 164,
    "y": 604,
    "page_no": 8,
    "page_width": 1241,
    "page_height": 1755
  },
  {
    "question": 7,
    "x": 168,
    "y": 414,
    "page_no": 8,
    "page_width": 1241,
    "page_height": 1755
  },
  {
    "question": 6,
    "x": 162,
    "y": 202,
    "page_no": 8,
    "page_width": 1241,
    "page_height": 1755
  },
  {
    "question": 5,
    "x": 166,
    "y": 744,
    "page_no": 7,
    "page_width": 1241,
    "page_height": 1755
  },
  {
    "question": 4,
    "x": 164,
    "y": 634,
    "page_no": 7,
    "page_width": 1241,
    "page_height": 1755
  },
  {
    "question": 3,
    "x": 164,
    "y": 521,
    "page_no": 7,
    "page_width": 1241,
    "page_height": 1755
  },
  {
    "question": 2,
    "x": 162,
    "y": 390,
    "page_no": 7,
    "page_width": 1241,
    "page_height": 1755
  },
  {
    "question": 1,
    "x": 166,
    "y": 212,
    "page_no": 7,
    "page_width": 1241,
    "page_height": 1755
  },
  {
    "question": "11",
    "text": "11a",
    "x": 106,
    "y": 228,
    "page_width": 1241,
    "page_height": 1755,
    "page_no": 9
  },
  {
    "question": "12",
    "text": "12a",
    "x": 106,
    "y": 229,
    "page_width": 1241,
    "page_height": 1755,
    "page_no": 10
  },
  {
    "question": "14",
    "text": "14a",
    "x": 106,
    "y": 207,
    "page_width": 1241,
    "page_height": 1755,
    "page_no": 12
  },
  {
    "question": "16",
    "text": "16a",
    "x": 106,
    "y": 228,
    "page_width": 1241,
    "page_height": 1755,
    "page_no": 14
  },
  {
    "question": "17",
    "text": "17ai",
    "x": 106,
    "y": 206,
    "page_width": 1241,
    "page_height": 1755,
    "page_no": 15
  },
  {
    "question": "18",
    "text": "18a",
    "x": 106,
    "y": 228,
    "page_width": 1241,
    "page_height": 1755,
    "page_no": 16
  },
  {
    "question": "19",
    "text": "19a",
    "x": 106,
    "y": 272,
    "page_width": 1241,
    "page_height": 1755,
    "page_no": 17
  },
  {
    "question": "19",
    "text": "19",
    "x": 106,
    "y": 1203,
    "page_width": 1241,
    "page_height": 1755,
    "page_no": 17
  }
]