[
  {
    "question": 0,
    "x": 117,
    "y": 1503,
    "page_no": 17,
    "page_width": 1241,
    "page_height": 1754
  },
  {
    "question": 9,
    "x": 127,
    "y": 903,
    "page_no": 7,
    "page_width": 1241,
    "page_height": 1754
  },
  {
    "question": 8,
    "x": 129,
    "y": 735,
    "page_no": 7,
    "page_width": 1241,
    "page_height": 1754
  },
  {
    "question": 7,
    "x": 133,
    "y": 470,
    "page_no": 7,
    "page_width": 1241,
    "page_height": 1754
  },
  {
    "question": 6,
    "x": 131,
    "y": 186,
    "page_no": 7,
    "page_width": 1241,
    "page_height": 1754
  },
  {
    "question": "1",
    "text": "1",
    "x": 132,
    "y": 231,
    "page_width": 1241,
    "page_height": 1754,
    "page_no": 6
  },
  {
    "question": "2",
    "text": "2",
    "x": 131,
    "y": 491,
    "page_width": 1241,
    "page_height": 1754,
    "page_no": 6
  },
  {
    "question": "3",
    "text": "3",
    "x": 130,
    "y": 750,
    "page_width": 1241,
    "page_height": 1754,
    "page_no": 6
  },
  {
    "question": "4",
    "text": "4",
    "x": 131,
    "y": 1010,
    "page_width": 1241,
    "page_height": 1754,
    "page_no": 6
  },
  {
    "question": "5",
    "text": "5",
    "x": 131,
    "y": 1270,
    "page_width": 1241,
    "page_height": 1754,
    "page_no": 6
  },
  {
    "question": "10",
    "text": "10",
    "x": 132,
    "y": 1136,
    "page_width": 1241,
    "page_height": 1754,
    "page_no": 7
  },
  {
    "question": "11",
    "text": "11",
    "x": 132,
    "y": 244,
    "page_width": 1241,
    "page_height": 1754,
    "page_no": 8
  },
  {
    "question": "12",
    "text": "12a",
    "x": 132,
    "y": 593,
    "page_width": 1241,
    "page_height": 1754,
    "page_no": 8
  },
  {
    "question": "13",
    "text": "13a",
    "x": 132,
    "y": 215,
    "page_width": 1241,
    "page_height": 1754,
    "page_no": 9
  },
  {
    "question": "14",
    "text": "14a",
    "x": 132,
    "y": 215,
    "page_width": 1241,
    "page_height": 1754,
    "page_no": 11
  },
  {
    "question": "15",
    "text": "15ai",
    "x": 132,
    "y": 215,
    "page_width": 1241,
    "page_height": 1754,
    "page_no": 12
  },
  {
    "question": "16",
    "text": "16ai",
    "x": 132,
    "y": 210,
    "page_width": 1241,
    "page_height": 1754,
    "page_no": 15
  },
  {
    "question": "17",
    "text": "17ai",
    "x": 132,
    "y": 210,
    "page_width": 1241,
    "page_height": 1754,
    "page_no": 16
  },
  {
    "question": "18",
    "text": "18a",
    "x": 132,
    "y": 215,
    "page_width": 1241,
    "page_height": 1754,
    "page_no": 17
  },
  {
    "question": "18",
    "text": "18\u00a2",
    "x": 132,
    "y": 988,
    "page_width": 1241,
    "page_height": 1754,
    "page_no": 17
  }
]