[
  {
    "question": "1",
    "text": "1",
    "x": 150,
    "y": 379,
    "page_width": 1359,
    "page_height": 1873,
    "page_no": 2
  },
  {
    "question": "4",
    "text": "4",
    "x": 148,
    "y": 191,
    "page_width": 1359,
    "page_height": 1873,
    "page_no": 3
  },
  {
    "question": "5",
    "text": "5",
    "x": 149,
    "y": 191,
    "page_width": 1359,
    "page_height": 1873,
    "page_no": 4
  },
  {
    "question": "6",
    "text": "6",
    "x": 148,
    "y": 891,
    "page_width": 1359,
    "page_height": 1873,
    "page_no": 4
  },
  {
    "question": "7",
    "text": "7",
    "x": 149,
    "y": 320,
    "page_width": 1359,
    "page_height": 1873,
    "page_no": 6
  },
  {
    "question": "20",
    "text": "2005",
    "x": 148,
    "y": 1298,
    "page_width": 1359,
    "page_height": 1873,
    "page_no": 31
  },
  {
    "question": "20",
    "text": "2021.",
    "x": 149,
    "y": 392,
    "page_width": 1359,
    "page_height": 1873,
    "page_no": 32
  },
  {
    "question": "1",
    "text": "1bacba7dce70",
    "x": 150,
    "y": 1670,
    "page_width": 1359,
    "page_height": 1873,
    "page_no": 32
  },
  {
    "question": "8",
    "text": "8",
    "x": 0,
    "y": 1612,
    "page_width": 1359,
    "page_height": 1873,
    "page_no": 3
  },
  {
    "question": "0",
    "text": "0c",
    "x": 0,
    "y": 261,
    "page_width": 1359,
    "page_height": 1873,
    "page_no": 13
  },
  {
    "question": "6",
    "text": "6",
    "x": 0,
    "y": 1217,
    "page_width": 1359,
    "page_height": 1873,
    "page_no": 15
  },
  {
    "question": "61",
    "text": "6166-660",
    "x": 0,
    "y": 1168,
    "page_width": 1359,
    "page_height": 1873,
    "page_no": 15
  },
  {
    "question": "8",
    "text": "8",
    "x": 0,
    "y": 1161,
    "page_width": 1359,
    "page_height": 1873,
    "page_no": 15
  },
  {
    "question": "8",
    "text": "8",
    "x": 0,
    "y": 1154,
    "page_width": 1359,
    "page_height": 1873,
    "page_no": 15
  },
  {
    "question": "60",
    "text": "60-66-60",
    "x": 0,
    "y": 1108,
    "page_width": 1359,
    "page_height": 1873,
    "page_no": 15
  },
  {
    "question": "08",
    "text": "08",
    "x": 0,
    "y": 1091,
    "page_width": 1359,
    "page_height": 1873,
    "page_no": 15
  },
  {
    "question": "00",
    "text": "00",
    "x": 0,
    "y": 1071,
    "page_width": 1359,
    "page_height": 1873,
    "page_no": 15
  },
  {
    "question": "6",
    "text": "6",
    "x": 0,
    "y": 1066,
    "page_width": 1359,
    "page_height": 1873,
    "page_no": 15
  },
  {
    "question": "60",
    "text": "60",
    "x": 0,
    "y": 1051,
    "page_width": 1359,
    "page_height": 1873,
    "page_no": 15
  },
  {
    "question": "0",
    "text": "0.",
    "x": 0,
    "y": 1042,
    "page_width": 1359,
    "page_height": 1873,
    "page_no": 15
  },
  {
    "question": "10",
    "text": "10",
    "x": 163,
    "y": 1728,
    "page_width": 1359,
    "page_height": 1873,
    "page_no": 10
  },
  {
    "question": "12",
    "text": "12",
    "x": 163,
    "y": 1728,
    "page_width": 1359,
    "page_height": 1873,
    "page_no": 12
  },
  {
    "question": "14",
    "text": "14",
    "x": 163,
    "y": 1728,
    "page_width": 1359,
    "page_height": 1873,
    "page_no": 14
  },
  {
    "question": "16",
    "text": "16",
    "x": 163,
    "y": 1728,
    "page_width": 1359,
    "page_height": 1873,
    "page_no": 16
  },
  {
    "question": "18",
    "text": "18",
    "x": 163,
    "y": 1728,
    "page_width": 1359,
    "page_height": 1873,
    "page_no": 18
  },
  {
    "question": "20",
    "text": "20",
    "x": 162,
    "y": 1728,
    "page_width": 1359,
    "page_height": 1873,
    "page_no": 20
  },
  {
    "question": "22",
    "text": "22",
    "x": 162,
    "y": 1728,
    "page_width": 1359,
    "page_height": 1873,
    "page_no": 22
  },
  {
    "question": "24",
    "text": "24",
    "x": 162,
    "y": 1728,
    "page_width": 1359,
    "page_height": 1873,
    "page_no": 24
  },
  {
    "question": "26",
    "text": "26",
    "x": 162,
    "y": 1728,
    "page_width": 1359,
    "page_height": 1873,
    "page_no": 26
  },
  {
    "question": "28",
    "text": "28",
    "x": 162,
    "y": 1728,
    "page_width": 1359,
    "page_height": 1873,
    "page_no": 28
  }
]