[
  {
    "question": 0,
    "x": 124,
    "y": 1603,
    "page_no": 11,
    "page_width": 1241,
    "page_height": 1754
  },
  {
    "question": 4,
    "x": 115,
    "y": 207,
    "page_no": 9,
    "page_width": 1241,
    "page_height": 1754
  },
  {
    "question": 3,
    "x": 118,
    "y": 184,
    "page_no": 8,
    "page_width": 1241,
    "page_height": 1754
  },
  {
    "question": 2,
    "x": 115,
    "y": 182,
    "page_no": 7,
    "page_width": 1241,
    "page_height": 1754
  },
  {
    "question": 1,
    "x": 118,
    "y": 179,
    "page_no": 6,
    "page_width": 1241,
    "page_height": 1754
  },
  {
    "question": "4",
    "text": "4biv",
    "x": 112,
    "y": 1394,
    "page_width": 1241,
    "page_height": 1754,
    "page_no": 9
  }
]