[
  {
    "question": 0,
    "x": 90,
    "y": 505,
    "page_no": 15,
    "page_width": 1241,
    "page_height": 1754
  },
  {
    "question": 1,
    "x": 104,
    "y": 219,
    "page_no": 6,
    "page_width": 1241,
    "page_height": 1754
  },
  {
    "question": "2",
    "text": "2a",
    "x": 101,
    "y": 216,
    "page_width": 1241,
    "page_height": 1754,
    "page_no": 7
  },
  {
    "question": "3",
    "text": "3a",
    "x": 100,
    "y": 216,
    "page_width": 1241,
    "page_height": 1754,
    "page_no": 9
  },
  {
    "question": "4",
    "text": "4@",
    "x": 100,
    "y": 216,
    "page_width": 1241,
    "page_height": 1754,
    "page_no": 12
  },
  {
    "question": "4",
    "text": "4",
    "x": 100,
    "y": 157,
    "page_width": 1241,
    "page_height": 1754,
    "page_no": 14
  }
]