[
  {
    "question": "5",
    "text": "5",
    "x": 114,
    "y": 715,
    "page_width": 1241,
    "page_height": 1754,
    "page_no": 2
  },
  {
    "question": "6",
    "text": "6",
    "x": 114,
    "y": 746,
    "page_width": 1241,
    "page_height": 1754,
    "page_no": 2
  },
  {
    "question": "7",
    "text": "7",
    "x": 114,
    "y": 778,
    "page_width": 1241,
    "page_height": 1754,
    "page_no": 2
  },
  {
    "question": "8",
    "text": "8",
    "x": 114,
    "y": 810,
    "page_width": 1241,
    "page_height": 1754,
    "page_no": 2
  },
  {
    "question": "9",
    "text": "9",
    "x": 114,
    "y": 842,
    "page_width": 1241,
    "page_height": 1754,
    "page_no": 2
  },
  {
    "question": "10",
    "text": "10",
    "x": 108,
    "y": 874,
    "page_width": 1241,
    "page_height": 1754,
    "page_no": 2
  },
  {
    "question": "11",
    "text": "11",
    "x": 108,
    "y": 906,
    "page_width": 1241,
    "page_height": 1754,
    "page_no": 2
  },
  {
    "question": "12",
    "text": "12",
    "x": 108,
    "y": 938,
    "page_width": 1241,
    "page_height": 1754,
    "page_no": 2
  },
  {
    "question": "13",
    "text": "13",
    "x": 108,
    "y": 970,
    "page_width": 1241,
    "page_height": 1754,
    "page_no": 2
  },
  {
    "question": "14",
    "text": "14",
    "x": 108,
    "y": 1002,
    "page_width": 1241,
    "page_height": 1754,
    "page_no": 2
  },
  {
    "question": "15",
    "text": "15",
    "x": 108,
    "y": 1034,
    "page_width": 1241,
    "page_height": 1754,
    "page_no": 2
  },
  {
    "question": "16",
    "text": "16",
    "x": 108,
    "y": 1065,
    "page_width": 1241,
    "page_height": 1754,
    "page_no": 2
  },
  {
    "question": "17",
    "text": "17",
    "x": 108,
    "y": 1097,
    "page_width": 1241,
    "page_height": 1754,
    "page_no": 2
  },
  {
    "question": "18",
    "text": "18",
    "x": 108,
    "y": 1129,
    "page_width": 1241,
    "page_height": 1754,
    "page_no": 2
  },
  {
    "question": "19",
    "text": "19",
    "x": 108,
    "y": 1161,
    "page_width": 1241,
    "page_height": 1754,
    "page_no": 2
  },
  {
    "question": "20",
    "text": "20",
    "x": 107,
    "y": 1193,
    "page_width": 1241,
    "page_height": 1754,
    "page_no": 2
  },
  {
    "question": "21",
    "text": "21",
    "x": 107,
    "y": 1225,
    "page_width": 1241,
    "page_height": 1754,
    "page_no": 2
  },
  {
    "question": "22",
    "text": "22",
    "x": 107,
    "y": 1257,
    "page_width": 1241,
    "page_height": 1754,
    "page_no": 2
  },
  {
    "question": "23",
    "text": "23",
    "x": 107,
    "y": 1289,
    "page_width": 1241,
    "page_height": 1754,
    "page_no": 2
  },
  {
    "question": "24",
    "text": "24",
    "x": 107,
    "y": 1320,
    "page_width": 1241,
    "page_height": 1754,
    "page_no": 2
  },
  {
    "question": "25",
    "text": "25",
    "x": 107,
    "y": 1352,
    "page_width": 1241,
    "page_height": 1754,
    "page_no": 2
  },
  {
    "question": "26",
    "text": "26",
    "x": 107,
    "y": 1384,
    "page_width": 1241,
    "page_height": 1754,
    "page_no": 2
  },
  {
    "question": "27",
    "text": "27",
    "x": 107,
    "y": 1416,
    "page_width": 1241,
    "page_height": 1754,
    "page_no": 2
  },
  {
    "question": "28",
    "text": "28",
    "x": 107,
    "y": 1448,
    "page_width": 1241,
    "page_height": 1754,
    "page_no": 2
  },
  {
    "question": "29",
    "text": "29",
    "x": 107,
    "y": 1480,
    "page_width": 1241,
    "page_height": 1754,
    "page_no": 2
  },
  {
    "question": "30",
    "text": "30",
    "x": 107,
    "y": 1512,
    "page_width": 1241,
    "page_height": 1754,
    "page_no": 2
  },
  {
    "question": "11",
    "text": "11",
    "x": 127,
    "y": 791,
    "page_width": 1241,
    "page_height": 1754,
    "page_no": 3
  },
  {
    "question": "12",
    "text": "12",
    "x": 127,
    "y": 821,
    "page_width": 1241,
    "page_height": 1754,
    "page_no": 3
  },
  {
    "question": "13",
    "text": "13",
    "x": 127,
    "y": 851,
    "page_width": 1241,
    "page_height": 1754,
    "page_no": 3
  },
  {
    "question": "14",
    "text": "14",
    "x": 127,
    "y": 882,
    "page_width": 1241,
    "page_height": 1754,
    "page_no": 3
  },
  {
    "question": "15",
    "text": "15",
    "x": 127,
    "y": 913,
    "page_width": 1241,
    "page_height": 1754,
    "page_no": 3
  },
  {
    "question": "16",
    "text": "16",
    "x": 127,
    "y": 943,
    "page_width": 1241,
    "page_height": 1754,
    "page_no": 3
  },
  {
    "question": "17",
    "text": "17",
    "x": 127,
    "y": 974,
    "page_width": 1241,
    "page_height": 1754,
    "page_no": 3
  },
  {
    "question": "18",
    "text": "18",
    "x": 127,
    "y": 1004,
    "page_width": 1241,
    "page_height": 1754,
    "page_no": 3
  },
  {
    "question": "19",
    "text": "19",
    "x": 127,
    "y": 1035,
    "page_width": 1241,
    "page_height": 1754,
    "page_no": 3
  },
  {
    "question": "20",
    "text": "20",
    "x": 125,
    "y": 1065,
    "page_width": 1241,
    "page_height": 1754,
    "page_no": 3
  },
  {
    "question": "21",
    "text": "21",
    "x": 125,
    "y": 1115,
    "page_width": 1241,
    "page_height": 1754,
    "page_no": 3
  },
  {
    "question": "22",
    "text": "22",
    "x": 125,
    "y": 1145,
    "page_width": 1241,
    "page_height": 1754,
    "page_no": 3
  },
  {
    "question": "23",
    "text": "23",
    "x": 125,
    "y": 1176,
    "page_width": 1241,
    "page_height": 1754,
    "page_no": 3
  },
  {
    "question": "24",
    "text": "24",
    "x": 125,
    "y": 1206,
    "page_width": 1241,
    "page_height": 1754,
    "page_no": 3
  },
  {
    "question": "25",
    "text": "25",
    "x": 125,
    "y": 1237,
    "page_width": 1241,
    "page_height": 1754,
    "page_no": 3
  },
  {
    "question": "26",
    "text": "26",
    "x": 125,
    "y": 1267,
    "page_width": 1241,
    "page_height": 1754,
    "page_no": 3
  },
  {
    "question": "27",
    "text": "27",
    "x": 125,
    "y": 1298,
    "page_width": 1241,
    "page_height": 1754,
    "page_no": 3
  },
  {
    "question": "28",
    "text": "28",
    "x": 125,
    "y": 1328,
    "page_width": 1241,
    "page_height": 1754,
    "page_no": 3
  },
  {
    "question": "29",
    "text": "29",
    "x": 125,
    "y": 1359,
    "page_width": 1241,
    "page_height": 1754,
    "page_no": 3
  },
  {
    "question": "30",
    "text": "30",
    "x": 125,
    "y": 1390,
    "page_width": 1241,
    "page_height": 1754,
    "page_no": 3
  },
  {
    "question": "40",
    "text": "40",
    "x": 124,
    "y": 1439,
    "page_width": 1241,
    "page_height": 1754,
    "page_no": 3
  },
  {
    "question": "50",
    "text": "50",
    "x": 125,
    "y": 1471,
    "page_width": 1241,
    "page_height": 1754,
    "page_no": 3
  },
  {
    "question": "60",
    "text": "60",
    "x": 124,
    "y": 1502,
    "page_width": 1241,
    "page_height": 1754,
    "page_no": 3
  },
  {
    "question": "70",
    "text": "70",
    "x": 125,
    "y": 1534,
    "page_width": 1241,
    "page_height": 1754,
    "page_no": 3
  },
  {
    "question": "1",
    "text": "1",
    "x": 91,
    "y": 282,
    "page_width": 1241,
    "page_height": 1754,
    "page_no": 6
  },
  {
    "question": "2",
    "text": "2",
    "x": 90,
    "y": 131,
    "page_width": 1241,
    "page_height": 1754,
    "page_no": 8
  },
  {
    "question": "3",
    "text": "3",
    "x": 89,
    "y": 132,
    "page_width": 1241,
    "page_height": 1754,
    "page_no": 11
  },
  {
    "question": "4",
    "text": "4",
    "x": 89,
    "y": 132,
    "page_width": 1241,
    "page_height": 1754,
    "page_no": 12
  },
  {
    "question": "5",
    "text": "5",
    "x": 90,
    "y": 282,
    "page_width": 1241,
    "page_height": 1754,
    "page_no": 14
  },
  {
    "question": "6",
    "text": "6",
    "x": 89,
    "y": 132,
    "page_width": 1241,
    "page_height": 1754,
    "page_no": 15
  },
  {
    "question": "7",
    "text": "7",
    "x": 90,
    "y": 132,
    "page_width": 1241,
    "page_height": 1754,
    "page_no": 19
  },
  {
    "question": "8",
    "text": "8",
    "x": 89,
    "y": 131,
    "page_width": 1241,
    "page_height": 1754,
    "page_no": 20
  },
  {
    "question": "9",
    "text": "9",
    "x": 89,
    "y": 232,
    "page_width": 1241,
    "page_height": 1754,
    "page_no": 23
  }
]