[
  {
    "question": "1",
    "text": "1",
    "x": 89,
    "y": 195,
    "page_width": 1241,
    "page_height": 1754,
    "page_no": 5
  },
  {
    "question": "1",
    "text": "1",
    "x": 89,
    "y": 318,
    "page_width": 1241,
    "page_height": 1754,
    "page_no": 9
  },
  {
    "question": "1",
    "text": "1",
    "x": 89,
    "y": 329,
    "page_width": 1241,
    "page_height": 1754,
    "page_no": 19
  },
  {
    "question": "1",
    "text": "1",
    "x": 89,
    "y": 329,
    "page_width": 1241,
    "page_height": 1754,
    "page_no": 26
  },
  {
    "question": "1",
    "text": "1",
    "x": 89,
    "y": 329,
    "page_width": 1241,
    "page_height": 1754,
    "page_no": 33
  },
  {
    "question": "2",
    "text": "2",
    "x": 114,
    "y": 436,
    "page_width": 1241,
    "page_height": 1754,
    "page_no": 6
  },
  {
    "question": "2",
    "text": "2",
    "x": 114,
    "y": 998,
    "page_width": 1241,
    "page_height": 1754,
    "page_no": 6
  },
  {
    "question": "3",
    "text": "3",
    "x": 114,
    "y": 139,
    "page_width": 1241,
    "page_height": 1754,
    "page_no": 7
  },
  {
    "question": "3",
    "text": "3",
    "x": 114,
    "y": 671,
    "page_width": 1241,
    "page_height": 1754,
    "page_no": 7
  },
  {
    "question": "7",
    "text": "7",
    "x": 114,
    "y": 223,
    "page_width": 1241,
    "page_height": 1754,
    "page_no": 15
  },
  {
    "question": "7",
    "text": "7",
    "x": 114,
    "y": 810,
    "page_width": 1241,
    "page_height": 1754,
    "page_no": 15
  },
  {
    "question": "8",
    "text": "8",
    "x": 114,
    "y": 165,
    "page_width": 1241,
    "page_height": 1754,
    "page_no": 16
  },
  {
    "question": "8",
    "text": "8",
    "x": 114,
    "y": 165,
    "page_width": 1241,
    "page_height": 1754,
    "page_no": 17
  },
  {
    "question": "8",
    "text": "8",
    "x": 115,
    "y": 722,
    "page_width": 1241,
    "page_height": 1754,
    "page_no": 17
  },
  {
    "question": "4",
    "text": "4",
    "x": 138,
    "y": 140,
    "page_width": 1241,
    "page_height": 1754,
    "page_no": 8
  },
  {
    "question": "5",
    "text": "5",
    "x": 138,
    "y": 193,
    "page_width": 1241,
    "page_height": 1754,
    "page_no": 10
  },
  {
    "question": "6",
    "text": "6",
    "x": 138,
    "y": 194,
    "page_width": 1241,
    "page_height": 1754,
    "page_no": 12
  },
  {
    "question": "9",
    "text": "9",
    "x": 138,
    "y": 192,
    "page_width": 1241,
    "page_height": 1754,
    "page_no": 18
  },
  {
    "question": "2",
    "text": "2",
    "x": 87,
    "y": 421,
    "page_width": 1241,
    "page_height": 1754,
    "page_no": 9
  },
  {
    "question": "3",
    "text": "3",
    "x": 87,
    "y": 552,
    "page_width": 1241,
    "page_height": 1754,
    "page_no": 9
  },
  {
    "question": "4",
    "text": "4",
    "x": 87,
    "y": 739,
    "page_width": 1241,
    "page_height": 1754,
    "page_no": 9
  },
  {
    "question": "2",
    "text": "2",
    "x": 87,
    "y": 432,
    "page_width": 1241,
    "page_height": 1754,
    "page_no": 19
  },
  {
    "question": "3",
    "text": "3",
    "x": 87,
    "y": 563,
    "page_width": 1241,
    "page_height": 1754,
    "page_no": 19
  },
  {
    "question": "4",
    "text": "4",
    "x": 87,
    "y": 694,
    "page_width": 1241,
    "page_height": 1754,
    "page_no": 19
  },
  {
    "question": "2",
    "text": "2",
    "x": 87,
    "y": 432,
    "page_width": 1241,
    "page_height": 1754,
    "page_no": 26
  },
  {
    "question": "3",
    "text": "3",
    "x": 87,
    "y": 563,
    "page_width": 1241,
    "page_height": 1754,
    "page_no": 26
  },
  {
    "question": "4",
    "text": "4",
    "x": 87,
    "y": 694,
    "page_width": 1241,
    "page_height": 1754,
    "page_no": 26
  },
  {
    "question": "2",
    "text": "2",
    "x": 87,
    "y": 432,
    "page_width": 1241,
    "page_height": 1754,
    "page_no": 33
  },
  {
    "question": "3",
    "text": "3",
    "x": 87,
    "y": 563,
    "page_width": 1241,
    "page_height": 1754,
    "page_no": 33
  },
  {
    "question": "4",
    "text": "4",
    "x": 87,
    "y": 694,
    "page_width": 1241,
    "page_height": 1754,
    "page_no": 33
  },
  {
    "question": "1",
    "text": "1",
    "x": 157,
    "y": 304,
    "page_width": 1241,
    "page_height": 1754,
    "page_no": 11
  },
  {
    "question": "2",
    "text": "2",
    "x": 155,
    "y": 439,
    "page_width": 1241,
    "page_height": 1754,
    "page_no": 11
  },
  {
    "question": "3",
    "text": "3",
    "x": 155,
    "y": 570,
    "page_width": 1241,
    "page_height": 1754,
    "page_no": 11
  },
  {
    "question": "4",
    "text": "4",
    "x": 155,
    "y": 757,
    "page_width": 1241,
    "page_height": 1754,
    "page_no": 11
  },
  {
    "question": "10",
    "text": "10",
    "x": 131,
    "y": 165,
    "page_width": 1241,
    "page_height": 1754,
    "page_no": 20
  },
  {
    "question": "13",
    "text": "13",
    "x": 131,
    "y": 165,
    "page_width": 1241,
    "page_height": 1754,
    "page_no": 25
  },
  {
    "question": "14",
    "text": "14",
    "x": 131,
    "y": 166,
    "page_width": 1241,
    "page_height": 1754,
    "page_no": 27
  },
  {
    "question": "17",
    "text": "17",
    "x": 131,
    "y": 166,
    "page_width": 1241,
    "page_height": 1754,
    "page_no": 32
  },
  {
    "question": "18",
    "text": "18",
    "x": 131,
    "y": 192,
    "page_width": 1241,
    "page_height": 1754,
    "page_no": 34
  },
  {
    "question": "11",
    "text": "11",
    "x": 107,
    "y": 196,
    "page_width": 1241,
    "page_height": 1754,
    "page_no": 22
  },
  {
    "question": "11",
    "text": "11",
    "x": 107,
    "y": 810,
    "page_width": 1241,
    "page_height": 1754,
    "page_no": 22
  },
  {
    "question": "12",
    "text": "12",
    "x": 107,
    "y": 165,
    "page_width": 1241,
    "page_height": 1754,
    "page_no": 23
  },
  {
    "question": "12",
    "text": "12",
    "x": 107,
    "y": 139,
    "page_width": 1241,
    "page_height": 1754,
    "page_no": 24
  },
  {
    "question": "12",
    "text": "12",
    "x": 108,
    "y": 696,
    "page_width": 1241,
    "page_height": 1754,
    "page_no": 24
  },
  {
    "question": "15",
    "text": "15",
    "x": 107,
    "y": 195,
    "page_width": 1241,
    "page_height": 1754,
    "page_no": 29
  },
  {
    "question": "15",
    "text": "15",
    "x": 107,
    "y": 838,
    "page_width": 1241,
    "page_height": 1754,
    "page_no": 29
  },
  {
    "question": "16",
    "text": "16",
    "x": 107,
    "y": 165,
    "page_width": 1241,
    "page_height": 1754,
    "page_no": 30
  },
  {
    "question": "16",
    "text": "16",
    "x": 107,
    "y": 165,
    "page_width": 1241,
    "page_height": 1754,
    "page_no": 31
  },
  {
    "question": "16",
    "text": "16",
    "x": 108,
    "y": 723,
    "page_width": 1241,
    "page_height": 1754,
    "page_no": 31
  }
]