[
  {
    "question": "1",
    "text": "1.",
    "x": 91,
    "y": 252,
    "page_width": 1241,
    "page_height": 1754,
    "page_no": 3
  },
  {
    "question": "2",
    "text": "2.",
    "x": 90,
    "y": 435,
    "page_width": 1241,
    "page_height": 1754,
    "page_no": 3
  },
  {
    "question": "3",
    "text": "3.",
    "x": 90,
    "y": 541,
    "page_width": 1241,
    "page_height": 1754,
    "page_no": 3
  },
  {
    "question": "1",
    "text": "1.",
    "x": 91,
    "y": 751,
    "page_width": 1241,
    "page_height": 1754,
    "page_no": 3
  },
  {
    "question": "2",
    "text": "2.",
    "x": 90,
    "y": 861,
    "page_width": 1241,
    "page_height": 1754,
    "page_no": 3
  },
  {
    "question": "1",
    "text": "1a",
    "x": 151,
    "y": 191,
    "page_width": 1241,
    "page_height": 1754,
    "page_no": 4
  },
  {
    "question": "5",
    "text": "5",
    "x": 152,
    "y": 200,
    "page_width": 1241,
    "page_height": 1754,
    "page_no": 12
  },
  {
    "question": "8",
    "text": "8.i",
    "x": 154,
    "y": 189,
    "page_width": 1241,
    "page_height": 1754,
    "page_no": 17
  },
  {
    "question": "9",
    "text": "9a",
    "x": 152,
    "y": 260,
    "page_width": 1241,
    "page_height": 1754,
    "page_no": 19
  },
  {
    "question": "1",
    "text": "1",
    "x": 129,
    "y": 804,
    "page_width": 1241,
    "page_height": 1754,
    "page_no": 5
  },
  {
    "question": "2",
    "text": "2",
    "x": 127,
    "y": 887,
    "page_width": 1241,
    "page_height": 1754,
    "page_no": 5
  },
  {
    "question": "3",
    "text": "3",
    "x": 127,
    "y": 967,
    "page_width": 1241,
    "page_height": 1754,
    "page_no": 5
  },
  {
    "question": "2",
    "text": "2.",
    "x": 126,
    "y": 148,
    "page_width": 1241,
    "page_height": 1754,
    "page_no": 6
  }
]