[
  {
    "question": "1",
    "text": "1a",
    "x": 87,
    "y": 272,
    "page_width": 1241,
    "page_height": 1754,
    "page_no": 4
  },
  {
    "question": "1",
    "text": "1b",
    "x": 87,
    "y": 794,
    "page_width": 1241,
    "page_height": 1754,
    "page_no": 4
  },
  {
    "question": "2",
    "text": "2a",
    "x": 86,
    "y": 210,
    "page_width": 1241,
    "page_height": 1754,
    "page_no": 5
  },
  {
    "question": "2",
    "text": "2b",
    "x": 86,
    "y": 627,
    "page_width": 1241,
    "page_height": 1754,
    "page_no": 5
  },
  {
    "question": "2",
    "text": "2c",
    "x": 86,
    "y": 165,
    "page_width": 1241,
    "page_height": 1754,
    "page_no": 6
  },
  {
    "question": "2",
    "text": "2d",
    "x": 86,
    "y": 165,
    "page_width": 1241,
    "page_height": 1754,
    "page_no": 7
  },
  {
    "question": "3",
    "text": "3",
    "x": 86,
    "y": 823,
    "page_width": 1241,
    "page_height": 1754,
    "page_no": 7
  },
  {
    "question": "6",
    "text": "6",
    "x": 86,
    "y": 266,
    "page_width": 1241,
    "page_height": 1754,
    "page_no": 11
  },
  {
    "question": "7",
    "text": "7a",
    "x": 86,
    "y": 712,
    "page_width": 1241,
    "page_height": 1754,
    "page_no": 11
  },
  {
    "question": "7",
    "text": "7b",
    "x": 86,
    "y": 167,
    "page_width": 1241,
    "page_height": 1754,
    "page_no": 12
  },
  {
    "question": "8",
    "text": "8",
    "x": 86,
    "y": 773,
    "page_width": 1241,
    "page_height": 1754,
    "page_no": 12
  },
  {
    "question": "9",
    "text": "9a",
    "x": 86,
    "y": 165,
    "page_width": 1241,
    "page_height": 1754,
    "page_no": 13
  },
  {
    "question": "9",
    "text": "9b",
    "x": 86,
    "y": 879,
    "page_width": 1241,
    "page_height": 1754,
    "page_no": 13
  },
  {
    "question": "12",
    "text": "12",
    "x": 87,
    "y": 266,
    "page_width": 1241,
    "page_height": 1754,
    "page_no": 18
  },
  {
    "question": "13",
    "text": "13a",
    "x": 87,
    "y": 794,
    "page_width": 1241,
    "page_height": 1754,
    "page_no": 18
  },
  {
    "question": "13",
    "text": "13b",
    "x": 87,
    "y": 210,
    "page_width": 1241,
    "page_height": 1754,
    "page_no": 19
  },
  {
    "question": "14",
    "text": "14",
    "x": 87,
    "y": 844,
    "page_width": 1241,
    "page_height": 1754,
    "page_no": 19
  },
  {
    "question": "15",
    "text": "15a",
    "x": 87,
    "y": 271,
    "page_width": 1241,
    "page_height": 1754,
    "page_no": 20
  },
  {
    "question": "15",
    "text": "15b",
    "x": 87,
    "y": 210,
    "page_width": 1241,
    "page_height": 1754,
    "page_no": 21
  },
  {
    "question": "4",
    "text": "4",
    "x": 70,
    "y": 154,
    "page_width": 1241,
    "page_height": 1754,
    "page_no": 8
  },
  {
    "question": "4",
    "text": "4",
    "x": 73,
    "y": 1507,
    "page_width": 1241,
    "page_height": 1754,
    "page_no": 8
  },
  {
    "question": "5",
    "text": "5",
    "x": 70,
    "y": 180,
    "page_width": 1241,
    "page_height": 1754,
    "page_no": 9
  },
  {
    "question": "10",
    "text": "10",
    "x": 71,
    "y": 243,
    "page_width": 1241,
    "page_height": 1754,
    "page_no": 14
  },
  {
    "question": "11",
    "text": "11",
    "x": 71,
    "y": 180,
    "page_width": 1241,
    "page_height": 1754,
    "page_no": 16
  },
  {
    "question": "17",
    "text": "17",
    "x": 71,
    "y": 154,
    "page_width": 1241,
    "page_height": 1754,
    "page_no": 24
  },
  {
    "question": "1",
    "text": "1",
    "x": 75,
    "y": 1085,
    "page_width": 1241,
    "page_height": 1754,
    "page_no": 8
  },
  {
    "question": "2",
    "text": "2",
    "x": 74,
    "y": 1188,
    "page_width": 1241,
    "page_height": 1754,
    "page_no": 8
  },
  {
    "question": "3",
    "text": "3",
    "x": 74,
    "y": 1320,
    "page_width": 1241,
    "page_height": 1754,
    "page_no": 8
  },
  {
    "question": "16",
    "text": "16",
    "x": 75,
    "y": 199,
    "page_width": 1241,
    "page_height": 1754,
    "page_no": 22
  },
  {
    "question": "1",
    "text": "1",
    "x": 143,
    "y": 333,
    "page_width": 1241,
    "page_height": 1754,
    "page_no": 10
  },
  {
    "question": "2",
    "text": "2",
    "x": 141,
    "y": 441,
    "page_width": 1241,
    "page_height": 1754,
    "page_no": 10
  },
  {
    "question": "3",
    "text": "3",
    "x": 141,
    "y": 573,
    "page_width": 1241,
    "page_height": 1754,
    "page_no": 10
  },
  {
    "question": "4",
    "text": "4",
    "x": 141,
    "y": 759,
    "page_width": 1241,
    "page_height": 1754,
    "page_no": 10
  },
  {
    "question": "1",
    "text": "1",
    "x": 143,
    "y": 315,
    "page_width": 1241,
    "page_height": 1754,
    "page_no": 15
  },
  {
    "question": "3",
    "text": "3",
    "x": 141,
    "y": 554,
    "page_width": 1241,
    "page_height": 1754,
    "page_no": 15
  },
  {
    "question": "4",
    "text": "4",
    "x": 141,
    "y": 741,
    "page_width": 1241,
    "page_height": 1754,
    "page_no": 15
  },
  {
    "question": "1",
    "text": "1",
    "x": 143,
    "y": 288,
    "page_width": 1241,
    "page_height": 1754,
    "page_no": 17
  },
  {
    "question": "2",
    "text": "2",
    "x": 141,
    "y": 391,
    "page_width": 1241,
    "page_height": 1754,
    "page_no": 17
  },
  {
    "question": "3",
    "text": "3",
    "x": 141,
    "y": 523,
    "page_width": 1241,
    "page_height": 1754,
    "page_no": 17
  },
  {
    "question": "4",
    "text": "4",
    "x": 141,
    "y": 654,
    "page_width": 1241,
    "page_height": 1754,
    "page_no": 17
  },
  {
    "question": "1",
    "text": "1",
    "x": 143,
    "y": 315,
    "page_width": 1241,
    "page_height": 1754,
    "page_no": 23
  },
  {
    "question": "2",
    "text": "2",
    "x": 141,
    "y": 418,
    "page_width": 1241,
    "page_height": 1754,
    "page_no": 23
  },
  {
    "question": "3",
    "text": "3",
    "x": 141,
    "y": 549,
    "page_width": 1241,
    "page_height": 1754,
    "page_no": 23
  },
  {
    "question": "4",
    "text": "4",
    "x": 141,
    "y": 736,
    "page_width": 1241,
    "page_height": 1754,
    "page_no": 23
  },
  {
    "question": "1",
    "text": "1",
    "x": 143,
    "y": 315,
    "page_width": 1241,
    "page_height": 1754,
    "page_no": 25
  },
  {
    "question": "2",
    "text": "2",
    "x": 141,
    "y": 418,
    "page_width": 1241,
    "page_height": 1754,
    "page_no": 25
  },
  {
    "question": "3",
    "text": "3",
    "x": 141,
    "y": 549,
    "page_width": 1241,
    "page_height": 1754,
    "page_no": 25
  },
  {
    "question": "4",
    "text": "4",
    "x": 141,
    "y": 680,
    "page_width": 1241,
    "page_height": 1754,
    "page_no": 25
  }
]