[
  {
    "question": 0,
    "x": 90,
    "y": 1610,
    "page_no": 17,
    "page_width": 1241,
    "page_height": 1754
  },
  {
    "question": "1",
    "text": "1",
    "x": 105,
    "y": 166,
    "page_width": 1241,
    "page_height": 1754,
    "page_no": 6
  },
  {
    "question": "2",
    "text": "2",
    "x": 103,
    "y": 351,
    "page_width": 1241,
    "page_height": 1754,
    "page_no": 6
  },
  {
    "question": "3",
    "text": "3",
    "x": 103,
    "y": 510,
    "page_width": 1241,
    "page_height": 1754,
    "page_no": 6
  },
  {
    "question": "4",
    "text": "4",
    "x": 103,
    "y": 669,
    "page_width": 1241,
    "page_height": 1754,
    "page_no": 6
  },
  {
    "question": "5",
    "text": "5",
    "x": 104,
    "y": 909,
    "page_width": 1241,
    "page_height": 1754,
    "page_no": 6
  },
  {
    "question": "6",
    "text": "6",
    "x": 104,
    "y": 1093,
    "page_width": 1241,
    "page_height": 1754,
    "page_no": 6
  },
  {
    "question": "7",
    "text": "7",
    "x": 104,
    "y": 1253,
    "page_width": 1241,
    "page_height": 1754,
    "page_no": 6
  },
  {
    "question": "8",
    "text": "8",
    "x": 103,
    "y": 1411,
    "page_width": 1241,
    "page_height": 1754,
    "page_no": 6
  },
  {
    "question": "9",
    "text": "9",
    "x": 103,
    "y": 1544,
    "page_width": 1241,
    "page_height": 1754,
    "page_no": 6
  },
  {
    "question": "10",
    "text": "10",
    "x": 105,
    "y": 148,
    "page_width": 1241,
    "page_height": 1754,
    "page_no": 7
  },
  {
    "question": "11",
    "text": "11a",
    "x": 103,
    "y": 165,
    "page_width": 1241,
    "page_height": 1754,
    "page_no": 8
  },
  {
    "question": "12",
    "text": "12a",
    "x": 103,
    "y": 165,
    "page_width": 1241,
    "page_height": 1754,
    "page_no": 9
  },
  {
    "question": "13",
    "text": "13a",
    "x": 103,
    "y": 165,
    "page_width": 1241,
    "page_height": 1754,
    "page_no": 10
  },
  {
    "question": "14",
    "text": "14",
    "x": 102,
    "y": 165,
    "page_width": 1241,
    "page_height": 1754,
    "page_no": 11
  },
  {
    "question": "15",
    "text": "15a",
    "x": 103,
    "y": 165,
    "page_width": 1241,
    "page_height": 1754,
    "page_no": 13
  },
  {
    "question": "16",
    "text": "16a",
    "x": 103,
    "y": 165,
    "page_width": 1241,
    "page_height": 1754,
    "page_no": 14
  },
  {
    "question": "17",
    "text": "17a",
    "x": 103,
    "y": 165,
    "page_width": 1241,
    "page_height": 1754,
    "page_no": 16
  },
  {
    "question": "18",
    "text": "18ayi",
    "x": 103,
    "y": 165,
    "page_width": 1241,
    "page_height": 1754,
    "page_no": 17
  },
  {
    "question": "18",
    "text": "18c",
    "x": 103,
    "y": 1417,
    "page_width": 1241,
    "page_height": 1754,
    "page_no": 17
  }
]