[
  {
    "question": "1",
    "text": "1",
    "x": 164,
    "y": 241,
    "page_width": 1754,
    "page_height": 1241,
    "page_no": 5
  },
  {
    "question": "2",
    "text": "2",
    "x": 163,
    "y": 519,
    "page_width": 1754,
    "page_height": 1241,
    "page_no": 5
  },
  {
    "question": "3",
    "text": "3",
    "x": 162,
    "y": 795,
    "page_width": 1754,
    "page_height": 1241,
    "page_no": 5
  },
  {
    "question": "4",
    "text": "4",
    "x": 162,
    "y": 184,
    "page_width": 1754,
    "page_height": 1241,
    "page_no": 6
  },
  {
    "question": "5",
    "text": "5",
    "x": 163,
    "y": 457,
    "page_width": 1754,
    "page_height": 1241,
    "page_no": 6
  },
  {
    "question": "6",
    "text": "6a",
    "x": 163,
    "y": 877,
    "page_width": 1754,
    "page_height": 1241,
    "page_no": 6
  },
  {
    "question": "6",
    "text": "6b",
    "x": 163,
    "y": 242,
    "page_width": 1754,
    "page_height": 1241,
    "page_no": 7
  },
  {
    "question": "7",
    "text": "7a",
    "x": 163,
    "y": 543,
    "page_width": 1754,
    "page_height": 1241,
    "page_no": 7
  },
  {
    "question": "7",
    "text": "7b",
    "x": 163,
    "y": 819,
    "page_width": 1754,
    "page_height": 1241,
    "page_no": 7
  },
  {
    "question": "7",
    "text": "7c",
    "x": 163,
    "y": 203,
    "page_width": 1754,
    "page_height": 1241,
    "page_no": 8
  },
  {
    "question": "8",
    "text": "8",
    "x": 163,
    "y": 522,
    "page_width": 1754,
    "page_height": 1241,
    "page_no": 8
  },
  {
    "question": "9",
    "text": "9",
    "x": 163,
    "y": 844,
    "page_width": 1754,
    "page_height": 1241,
    "page_no": 8
  },
  {
    "question": "10",
    "text": "10a",
    "x": 164,
    "y": 203,
    "page_width": 1754,
    "page_height": 1241,
    "page_no": 9
  },
  {
    "question": "10",
    "text": "10b",
    "x": 164,
    "y": 519,
    "page_width": 1754,
    "page_height": 1241,
    "page_no": 9
  },
  {
    "question": "10",
    "text": "10c",
    "x": 164,
    "y": 815,
    "page_width": 1754,
    "page_height": 1241,
    "page_no": 9
  },
  {
    "question": "11",
    "text": "11a",
    "x": 164,
    "y": 212,
    "page_width": 1754,
    "page_height": 1241,
    "page_no": 10
  },
  {
    "question": "11",
    "text": "11b",
    "x": 164,
    "y": 489,
    "page_width": 1754,
    "page_height": 1241,
    "page_no": 10
  },
  {
    "question": "11",
    "text": "11c",
    "x": 164,
    "y": 768,
    "page_width": 1754,
    "page_height": 1241,
    "page_no": 10
  },
  {
    "question": "12",
    "text": "12",
    "x": 164,
    "y": 187,
    "page_width": 1754,
    "page_height": 1241,
    "page_no": 11
  },
  {
    "question": "13",
    "text": "13",
    "x": 164,
    "y": 466,
    "page_width": 1754,
    "page_height": 1241,
    "page_no": 11
  },
  {
    "question": "14",
    "text": "14@@",
    "x": 164,
    "y": 220,
    "page_width": 1754,
    "page_height": 1241,
    "page_no": 12
  },
  {
    "question": "14",
    "text": "14aii",
    "x": 164,
    "y": 547,
    "page_width": 1754,
    "page_height": 1241,
    "page_no": 12
  },
  {
    "question": "14",
    "text": "14b@",
    "x": 164,
    "y": 220,
    "page_width": 1754,
    "page_height": 1241,
    "page_no": 13
  },
  {
    "question": "14",
    "text": "14byii",
    "x": 164,
    "y": 163,
    "page_width": 1754,
    "page_height": 1241,
    "page_no": 14
  },
  {
    "question": "14",
    "text": "14by",
    "x": 164,
    "y": 833,
    "page_width": 1754,
    "page_height": 1241,
    "page_no": 14
  },
  {
    "question": "14",
    "text": "14c",
    "x": 164,
    "y": 161,
    "page_width": 1754,
    "page_height": 1241,
    "page_no": 15
  },
  {
    "question": "15",
    "text": "15ai",
    "x": 164,
    "y": 219,
    "page_width": 1754,
    "page_height": 1241,
    "page_no": 16
  },
  {
    "question": "15",
    "text": "15ai",
    "x": 164,
    "y": 458,
    "page_width": 1754,
    "page_height": 1241,
    "page_no": 16
  },
  {
    "question": "15",
    "text": "15aiii",
    "x": 164,
    "y": 669,
    "page_width": 1754,
    "page_height": 1241,
    "page_no": 16
  },
  {
    "question": "15",
    "text": "15b",
    "x": 164,
    "y": 212,
    "page_width": 1754,
    "page_height": 1241,
    "page_no": 17
  },
  {
    "question": "15",
    "text": "15",
    "x": 164,
    "y": 191,
    "page_width": 1754,
    "page_height": 1241,
    "page_no": 18
  },
  {
    "question": "15",
    "text": "15cii",
    "x": 164,
    "y": 162,
    "page_width": 1754,
    "page_height": 1241,
    "page_no": 19
  },
  {
    "question": "15",
    "text": "15@@",
    "x": 164,
    "y": 492,
    "page_width": 1754,
    "page_height": 1241,
    "page_no": 19
  },
  {
    "question": "15",
    "text": "15dii",
    "x": 164,
    "y": 187,
    "page_width": 1754,
    "page_height": 1241,
    "page_no": 20
  },
  {
    "question": "15",
    "text": "15diii",
    "x": 164,
    "y": 947,
    "page_width": 1754,
    "page_height": 1241,
    "page_no": 20
  },
  {
    "question": "16",
    "text": "16a",
    "x": 164,
    "y": 191,
    "page_width": 1754,
    "page_height": 1241,
    "page_no": 21
  },
  {
    "question": "16",
    "text": "16b",
    "x": 164,
    "y": 228,
    "page_width": 1754,
    "page_height": 1241,
    "page_no": 22
  },
  {
    "question": "16",
    "text": "16c",
    "x": 164,
    "y": 670,
    "page_width": 1754,
    "page_height": 1241,
    "page_no": 22
  },
  {
    "question": "16",
    "text": "16di",
    "x": 164,
    "y": 217,
    "page_width": 1754,
    "page_height": 1241,
    "page_no": 23
  },
  {
    "question": "16",
    "text": "16dii",
    "x": 164,
    "y": 655,
    "page_width": 1754,
    "page_height": 1241,
    "page_no": 23
  },
  {
    "question": "16",
    "text": "16diii",
    "x": 164,
    "y": 213,
    "page_width": 1754,
    "page_height": 1241,
    "page_no": 24
  },
  {
    "question": "16",
    "text": "16div",
    "x": 164,
    "y": 191,
    "page_width": 1754,
    "page_height": 1241,
    "page_no": 25
  },
  {
    "question": "16",
    "text": "16ei",
    "x": 164,
    "y": 165,
    "page_width": 1754,
    "page_height": 1241,
    "page_no": 26
  },
  {
    "question": "16",
    "text": "16eii",
    "x": 164,
    "y": 374,
    "page_width": 1754,
    "page_height": 1241,
    "page_no": 26
  },
  {
    "question": "16",
    "text": "16eiii",
    "x": 164,
    "y": 645,
    "page_width": 1754,
    "page_height": 1241,
    "page_no": 26
  },
  {
    "question": "16",
    "text": "16eiv",
    "x": 164,
    "y": 864,
    "page_width": 1754,
    "page_height": 1241,
    "page_no": 26
  },
  {
    "question": "17",
    "text": "17a",
    "x": 164,
    "y": 191,
    "page_width": 1754,
    "page_height": 1241,
    "page_no": 27
  },
  {
    "question": "17",
    "text": "17bi",
    "x": 164,
    "y": 517,
    "page_width": 1754,
    "page_height": 1241,
    "page_no": 27
  },
  {
    "question": "17",
    "text": "17bii",
    "x": 164,
    "y": 756,
    "page_width": 1754,
    "page_height": 1241,
    "page_no": 27
  },
  {
    "question": "17",
    "text": "17b",
    "x": 164,
    "y": 191,
    "page_width": 1754,
    "page_height": 1241,
    "page_no": 28
  },
  {
    "question": "17",
    "text": "17c",
    "x": 164,
    "y": 391,
    "page_width": 1754,
    "page_height": 1241,
    "page_no": 28
  },
  {
    "question": "17",
    "text": "17d",
    "x": 164,
    "y": 219,
    "page_width": 1754,
    "page_height": 1241,
    "page_no": 29
  },
  {
    "question": "17",
    "text": "17@@",
    "x": 164,
    "y": 181,
    "page_width": 1754,
    "page_height": 1241,
    "page_no": 30
  },
  {
    "question": "17",
    "text": "17eii",
    "x": 164,
    "y": 198,
    "page_width": 1754,
    "page_height": 1241,
    "page_no": 31
  }
]