[
  {
    "question": "1",
    "text": "1",
    "x": 132,
    "y": 294,
    "page_width": 1241,
    "page_height": 1754,
    "page_no": 4
  },
  {
    "question": "2",
    "text": "2",
    "x": 131,
    "y": 563,
    "page_width": 1241,
    "page_height": 1754,
    "page_no": 4
  },
  {
    "question": "3",
    "text": "3",
    "x": 131,
    "y": 801,
    "page_width": 1241,
    "page_height": 1754,
    "page_no": 4
  },
  {
    "question": "4",
    "text": "4",
    "x": 130,
    "y": 1071,
    "page_width": 1241,
    "page_height": 1754,
    "page_no": 4
  },
  {
    "question": "5",
    "text": "5",
    "x": 131,
    "y": 159,
    "page_width": 1241,
    "page_height": 1754,
    "page_no": 5
  },
  {
    "question": "6",
    "text": "6",
    "x": 131,
    "y": 428,
    "page_width": 1241,
    "page_height": 1754,
    "page_no": 5
  },
  {
    "question": "8",
    "text": "8",
    "x": 132,
    "y": 315,
    "page_width": 1241,
    "page_height": 1754,
    "page_no": 7
  },
  {
    "question": "9",
    "text": "9",
    "x": 130,
    "y": 253,
    "page_width": 1241,
    "page_height": 1754,
    "page_no": 9
  },
  {
    "question": "10",
    "text": "10",
    "x": 131,
    "y": 253,
    "page_width": 1241,
    "page_height": 1754,
    "page_no": 10
  },
  {
    "question": "11",
    "text": "11",
    "x": 133,
    "y": 253,
    "page_width": 1241,
    "page_height": 1754,
    "page_no": 11
  },
  {
    "question": "12",
    "text": "12",
    "x": 133,
    "y": 309,
    "page_width": 1241,
    "page_height": 1754,
    "page_no": 12
  },
  {
    "question": "12",
    "text": "12",
    "x": 133,
    "y": 279,
    "page_width": 1241,
    "page_height": 1754,
    "page_no": 13
  },
  {
    "question": "12",
    "text": "12c",
    "x": 132,
    "y": 224,
    "page_width": 1241,
    "page_height": 1754,
    "page_no": 14
  },
  {
    "question": "12",
    "text": "12",
    "x": 132,
    "y": 253,
    "page_width": 1241,
    "page_height": 1754,
    "page_no": 15
  },
  {
    "question": "12",
    "text": "12e",
    "x": 131,
    "y": 256,
    "page_width": 1241,
    "page_height": 1754,
    "page_no": 17
  },
  {
    "question": "13",
    "text": "13",
    "x": 133,
    "y": 331,
    "page_width": 1241,
    "page_height": 1754,
    "page_no": 21
  },
  {
    "question": "14",
    "text": "14",
    "x": 133,
    "y": 256,
    "page_width": 1241,
    "page_height": 1754,
    "page_no": 25
  }
]