[
  {
    "question": 0,
    "x": 87,
    "y": 1651,
    "page_no": 9,
    "page_width": 1241,
    "page_height": 1754
  },
  {
    "question": 4,
    "x": 101,
    "y": 181,
    "page_no": 8,
    "page_width": 1241,
    "page_height": 1754
  },
  {
    "question": 3,
    "x": 104,
    "y": 182,
    "page_no": 7,
    "page_width": 1241,
    "page_height": 1754
  },
  {
    "question": 2,
    "x": 101,
    "y": 179,
    "page_no": 6,
    "page_width": 1241,
    "page_height": 1754
  },
  {
    "question": 1,
    "x": 104,
    "y": 154,
    "page_no": 5,
    "page_width": 1241,
    "page_height": 1754
  },
  {
    "question": "4",
    "text": "4ov",
    "x": 100,
    "y": 1409,
    "page_width": 1241,
    "page_height": 1754,
    "page_no": 9
  }
]