[
  {
    "question": "1",
    "text": "1",
    "x": 150,
    "y": 309,
    "page_width": 1359,
    "page_height": 1873,
    "page_no": 2
  },
  {
    "question": "2",
    "text": "2-methylpropan-2-ol",
    "x": 148,
    "y": 908,
    "page_width": 1359,
    "page_height": 1873,
    "page_no": 3
  },
  {
    "question": "2",
    "text": "2",
    "x": 148,
    "y": 190,
    "page_width": 1359,
    "page_height": 1873,
    "page_no": 4
  },
  {
    "question": "3",
    "text": "3",
    "x": 148,
    "y": 190,
    "page_width": 1359,
    "page_height": 1873,
    "page_no": 8
  },
  {
    "question": "4",
    "text": "4",
    "x": 148,
    "y": 191,
    "page_width": 1359,
    "page_height": 1873,
    "page_no": 10
  }
]