[
  {
    "question": "1",
    "text": "1",
    "x": 91,
    "y": 283,
    "page_width": 1241,
    "page_height": 1754,
    "page_no": 2
  },
  {
    "question": "2",
    "text": "2.",
    "x": 89,
    "y": 282,
    "page_width": 1241,
    "page_height": 1754,
    "page_no": 10
  },
  {
    "question": "3",
    "text": "3",
    "x": 89,
    "y": 361,
    "page_width": 1241,
    "page_height": 1754,
    "page_no": 13
  },
  {
    "question": "10",
    "text": "10.6",
    "x": 91,
    "y": 295,
    "page_width": 1241,
    "page_height": 1754,
    "page_no": 19
  },
  {
    "question": "34",
    "text": "34-huawei-8-samsung-8-fitbit-42/?sh=1fc6a13f66c7",
    "x": 89,
    "y": 1566,
    "page_width": 1241,
    "page_height": 1754,
    "page_no": 24
  }
]