[
  {
    "question": "4",
    "text": "4",
    "x": 172,
    "y": 770,
    "page_width": 1359,
    "page_height": 1873,
    "page_no": 2
  },
  {
    "question": "5",
    "text": "5",
    "x": 173,
    "y": 800,
    "page_width": 1359,
    "page_height": 1873,
    "page_no": 2
  },
  {
    "question": "6",
    "text": "6",
    "x": 173,
    "y": 831,
    "page_width": 1359,
    "page_height": 1873,
    "page_no": 2
  },
  {
    "question": "7",
    "text": "7",
    "x": 173,
    "y": 864,
    "page_width": 1359,
    "page_height": 1873,
    "page_no": 2
  },
  {
    "question": "8",
    "text": "8",
    "x": 173,
    "y": 894,
    "page_width": 1359,
    "page_height": 1873,
    "page_no": 2
  },
  {
    "question": "9",
    "text": "9",
    "x": 173,
    "y": 925,
    "page_width": 1359,
    "page_height": 1873,
    "page_no": 2
  },
  {
    "question": "10",
    "text": "10",
    "x": 167,
    "y": 956,
    "page_width": 1359,
    "page_height": 1873,
    "page_no": 2
  },
  {
    "question": "11",
    "text": "11",
    "x": 167,
    "y": 989,
    "page_width": 1359,
    "page_height": 1873,
    "page_no": 2
  },
  {
    "question": "12",
    "text": "12",
    "x": 167,
    "y": 1019,
    "page_width": 1359,
    "page_height": 1873,
    "page_no": 2
  },
  {
    "question": "13",
    "text": "13",
    "x": 167,
    "y": 1050,
    "page_width": 1359,
    "page_height": 1873,
    "page_no": 2
  },
  {
    "question": "14",
    "text": "14",
    "x": 167,
    "y": 1083,
    "page_width": 1359,
    "page_height": 1873,
    "page_no": 2
  },
  {
    "question": "15",
    "text": "15",
    "x": 167,
    "y": 1114,
    "page_width": 1359,
    "page_height": 1873,
    "page_no": 2
  },
  {
    "question": "16",
    "text": "16",
    "x": 167,
    "y": 1144,
    "page_width": 1359,
    "page_height": 1873,
    "page_no": 2
  },
  {
    "question": "17",
    "text": "17",
    "x": 167,
    "y": 1177,
    "page_width": 1359,
    "page_height": 1873,
    "page_no": 2
  },
  {
    "question": "18",
    "text": "18",
    "x": 167,
    "y": 1207,
    "page_width": 1359,
    "page_height": 1873,
    "page_no": 2
  },
  {
    "question": "19",
    "text": "19",
    "x": 167,
    "y": 1238,
    "page_width": 1359,
    "page_height": 1873,
    "page_no": 2
  },
  {
    "question": "20",
    "text": "20",
    "x": 166,
    "y": 1269,
    "page_width": 1359,
    "page_height": 1873,
    "page_no": 2
  },
  {
    "question": "21",
    "text": "21",
    "x": 166,
    "y": 1301,
    "page_width": 1359,
    "page_height": 1873,
    "page_no": 2
  },
  {
    "question": "22",
    "text": "22",
    "x": 166,
    "y": 1332,
    "page_width": 1359,
    "page_height": 1873,
    "page_no": 2
  },
  {
    "question": "23",
    "text": "23",
    "x": 166,
    "y": 1363,
    "page_width": 1359,
    "page_height": 1873,
    "page_no": 2
  },
  {
    "question": "24",
    "text": "24",
    "x": 166,
    "y": 1395,
    "page_width": 1359,
    "page_height": 1873,
    "page_no": 2
  },
  {
    "question": "25",
    "text": "25",
    "x": 166,
    "y": 1426,
    "page_width": 1359,
    "page_height": 1873,
    "page_no": 2
  },
  {
    "question": "26",
    "text": "26",
    "x": 166,
    "y": 1457,
    "page_width": 1359,
    "page_height": 1873,
    "page_no": 2
  },
  {
    "question": "27",
    "text": "27",
    "x": 166,
    "y": 1489,
    "page_width": 1359,
    "page_height": 1873,
    "page_no": 2
  },
  {
    "question": "28",
    "text": "28",
    "x": 166,
    "y": 1520,
    "page_width": 1359,
    "page_height": 1873,
    "page_no": 2
  },
  {
    "question": "29",
    "text": "29",
    "x": 166,
    "y": 1551,
    "page_width": 1359,
    "page_height": 1873,
    "page_no": 2
  },
  {
    "question": "30",
    "text": "30",
    "x": 166,
    "y": 1582,
    "page_width": 1359,
    "page_height": 1873,
    "page_no": 2
  },
  {
    "question": "8",
    "text": "8",
    "x": 70,
    "y": 1139,
    "page_width": 1359,
    "page_height": 1873,
    "page_no": 5
  },
  {
    "question": "28",
    "text": "28",
    "x": 70,
    "y": 1646,
    "page_width": 1359,
    "page_height": 1873,
    "page_no": 9
  },
  {
    "question": "98",
    "text": "98",
    "x": 70,
    "y": 1392,
    "page_width": 1359,
    "page_height": 1873,
    "page_no": 15
  },
  {
    "question": "32",
    "text": "328",
    "x": 70,
    "y": 1458,
    "page_width": 1359,
    "page_height": 1873,
    "page_no": 15
  },
  {
    "question": "2",
    "text": "2K",
    "x": 70,
    "y": 541,
    "page_width": 1359,
    "page_height": 1873,
    "page_no": 19
  },
  {
    "question": "28",
    "text": "28",
    "x": 70,
    "y": 605,
    "page_width": 1359,
    "page_height": 1873,
    "page_no": 19
  },
  {
    "question": "32",
    "text": "328",
    "x": 70,
    "y": 1458,
    "page_width": 1359,
    "page_height": 1873,
    "page_no": 19
  },
  {
    "question": "2",
    "text": "2",
    "x": 70,
    "y": 349,
    "page_width": 1359,
    "page_height": 1873,
    "page_no": 29
  },
  {
    "question": "2",
    "text": "2",
    "x": 70,
    "y": 477,
    "page_width": 1359,
    "page_height": 1873,
    "page_no": 29
  },
  {
    "question": "38",
    "text": "38",
    "x": 70,
    "y": 541,
    "page_width": 1359,
    "page_height": 1873,
    "page_no": 29
  },
  {
    "question": "30",
    "text": "30",
    "x": 70,
    "y": 880,
    "page_width": 1359,
    "page_height": 1873,
    "page_no": 29
  },
  {
    "question": "36",
    "text": "36",
    "x": 70,
    "y": 1047,
    "page_width": 1359,
    "page_height": 1873,
    "page_no": 29
  },
  {
    "question": "28",
    "text": "28",
    "x": 70,
    "y": 1395,
    "page_width": 1359,
    "page_height": 1873,
    "page_no": 29
  },
  {
    "question": "0",
    "text": "0",
    "x": 70,
    "y": 1521,
    "page_width": 1359,
    "page_height": 1873,
    "page_no": 29
  },
  {
    "question": "28",
    "text": "28",
    "x": 70,
    "y": 605,
    "page_width": 1359,
    "page_height": 1873,
    "page_no": 33
  },
  {
    "question": "32",
    "text": "328",
    "x": 70,
    "y": 1458,
    "page_width": 1359,
    "page_height": 1873,
    "page_no": 33
  },
  {
    "question": "1",
    "text": "1",
    "x": 150,
    "y": 342,
    "page_width": 1359,
    "page_height": 1873,
    "page_no": 5
  },
  {
    "question": "2",
    "text": "2.",
    "x": 148,
    "y": 191,
    "page_width": 1359,
    "page_height": 1873,
    "page_no": 7
  },
  {
    "question": "3",
    "text": "3",
    "x": 148,
    "y": 191,
    "page_width": 1359,
    "page_height": 1873,
    "page_no": 10
  },
  {
    "question": "4",
    "text": "4",
    "x": 148,
    "y": 192,
    "page_width": 1359,
    "page_height": 1873,
    "page_no": 12
  },
  {
    "question": "5",
    "text": "5",
    "x": 149,
    "y": 192,
    "page_width": 1359,
    "page_height": 1873,
    "page_no": 14
  },
  {
    "question": "6",
    "text": "6",
    "x": 148,
    "y": 517,
    "page_width": 1359,
    "page_height": 1873,
    "page_no": 16
  },
  {
    "question": "7",
    "text": "7",
    "x": 149,
    "y": 192,
    "page_width": 1359,
    "page_height": 1873,
    "page_no": 17
  },
  {
    "question": "8",
    "text": "8",
    "x": 148,
    "y": 191,
    "page_width": 1359,
    "page_height": 1873,
    "page_no": 18
  },
  {
    "question": "9",
    "text": "9",
    "x": 148,
    "y": 191,
    "page_width": 1359,
    "page_height": 1873,
    "page_no": 20
  },
  {
    "question": "10",
    "text": "10",
    "x": 150,
    "y": 191,
    "page_width": 1359,
    "page_height": 1873,
    "page_no": 22
  },
  {
    "question": "11",
    "text": "11",
    "x": 150,
    "y": 342,
    "page_width": 1359,
    "page_height": 1873,
    "page_no": 25
  },
  {
    "question": "12",
    "text": "12",
    "x": 150,
    "y": 191,
    "page_width": 1359,
    "page_height": 1873,
    "page_no": 26
  },
  {
    "question": "13",
    "text": "13",
    "x": 150,
    "y": 189,
    "page_width": 1359,
    "page_height": 1873,
    "page_no": 27
  },
  {
    "question": "14",
    "text": "14",
    "x": 150,
    "y": 192,
    "page_width": 1359,
    "page_height": 1873,
    "page_no": 29
  },
  {
    "question": "15",
    "text": "15",
    "x": 150,
    "y": 192,
    "page_width": 1359,
    "page_height": 1873,
    "page_no": 31
  },
  {
    "question": "38",
    "text": "38",
    "x": 98,
    "y": 1637,
    "page_width": 1359,
    "page_height": 1873,
    "page_no": 9
  },
  {
    "question": "3",
    "text": "3",
    "x": 101,
    "y": 881,
    "page_width": 1359,
    "page_height": 1873,
    "page_no": 19
  },
  {
    "question": "3",
    "text": "3",
    "x": 101,
    "y": 881,
    "page_width": 1359,
    "page_height": 1873,
    "page_no": 29
  },
  {
    "question": "3",
    "text": "3",
    "x": 101,
    "y": 881,
    "page_width": 1359,
    "page_height": 1873,
    "page_no": 33
  },
  {
    "question": "5",
    "text": "5",
    "x": 0,
    "y": 229,
    "page_width": 1359,
    "page_height": 1873,
    "page_no": 19
  },
  {
    "question": "8",
    "text": "8",
    "x": 0,
    "y": 251,
    "page_width": 1359,
    "page_height": 1873,
    "page_no": 19
  },
  {
    "question": "7",
    "text": "7",
    "x": 0,
    "y": 1106,
    "page_width": 1359,
    "page_height": 1873,
    "page_no": 19
  },
  {
    "question": "1",
    "text": "1ONOd",
    "x": 0,
    "y": 1173,
    "page_width": 1359,
    "page_height": 1873,
    "page_no": 19
  },
  {
    "question": "1",
    "text": "1ONOd",
    "x": 0,
    "y": 1173,
    "page_width": 1359,
    "page_height": 1873,
    "page_no": 29
  },
  {
    "question": "5",
    "text": "5",
    "x": 0,
    "y": 229,
    "page_width": 1359,
    "page_height": 1873,
    "page_no": 33
  },
  {
    "question": "8",
    "text": "8",
    "x": 0,
    "y": 251,
    "page_width": 1359,
    "page_height": 1873,
    "page_no": 33
  },
  {
    "question": "7",
    "text": "7",
    "x": 0,
    "y": 1106,
    "page_width": 1359,
    "page_height": 1873,
    "page_no": 33
  },
  {
    "question": "1",
    "text": "1ONOd",
    "x": 0,
    "y": 1173,
    "page_width": 1359,
    "page_height": 1873,
    "page_no": 33
  }
]