[
  {
    "question": 0,
    "x": 118,
    "y": 891,
    "page_no": 19,
    "page_width": 1241,
    "page_height": 1754
  },
  {
    "question": 8,
    "x": 148,
    "y": 1391,
    "page_no": 6,
    "page_width": 1241,
    "page_height": 1754
  },
  {
    "question": 7,
    "x": 147,
    "y": 1235,
    "page_no": 6,
    "page_width": 1241,
    "page_height": 1754
  },
  {
    "question": 6,
    "x": 147,
    "y": 1103,
    "page_no": 6,
    "page_width": 1241,
    "page_height": 1754
  },
  {
    "question": 6,
    "x": 148,
    "y": 940,
    "page_no": 6,
    "page_width": 1241,
    "page_height": 1754
  },
  {
    "question": 4,
    "x": 147,
    "y": 730,
    "page_no": 6,
    "page_width": 1241,
    "page_height": 1754
  },
  {
    "question": 3,
    "x": 150,
    "y": 574,
    "page_no": 6,
    "page_width": 1241,
    "page_height": 1754
  },
  {
    "question": 2,
    "x": 147,
    "y": 403,
    "page_no": 6,
    "page_width": 1241,
    "page_height": 1754
  },
  {
    "question": 1,
    "x": 147,
    "y": 275,
    "page_no": 6,
    "page_width": 1241,
    "page_height": 1754
  },
  {
    "question": "9",
    "text": "9",
    "x": 134,
    "y": 230,
    "page_width": 1241,
    "page_height": 1754,
    "page_no": 7
  },
  {
    "question": "10",
    "text": "10",
    "x": 136,
    "y": 363,
    "page_width": 1241,
    "page_height": 1754,
    "page_no": 7
  },
  {
    "question": "11",
    "text": "11",
    "x": 136,
    "y": 603,
    "page_width": 1241,
    "page_height": 1754,
    "page_no": 7
  },
  {
    "question": "12",
    "text": "12a",
    "x": 135,
    "y": 1003,
    "page_width": 1241,
    "page_height": 1754,
    "page_no": 7
  },
  {
    "question": "13",
    "text": "13",
    "x": 135,
    "y": 236,
    "page_width": 1241,
    "page_height": 1754,
    "page_no": 8
  },
  {
    "question": "14",
    "text": "14a",
    "x": 136,
    "y": 262,
    "page_width": 1241,
    "page_height": 1754,
    "page_no": 9
  },
  {
    "question": "15",
    "text": "15a",
    "x": 136,
    "y": 211,
    "page_width": 1241,
    "page_height": 1754,
    "page_no": 10
  },
  {
    "question": "16",
    "text": "16a",
    "x": 136,
    "y": 237,
    "page_width": 1241,
    "page_height": 1754,
    "page_no": 11
  },
  {
    "question": "17",
    "text": "17a",
    "x": 135,
    "y": 239,
    "page_width": 1241,
    "page_height": 1754,
    "page_no": 13
  },
  {
    "question": "18",
    "text": "18a",
    "x": 135,
    "y": 211,
    "page_width": 1241,
    "page_height": 1754,
    "page_no": 15
  },
  {
    "question": "19",
    "text": "19a",
    "x": 135,
    "y": 691,
    "page_width": 1241,
    "page_height": 1754,
    "page_no": 16
  },
  {
    "question": "20",
    "text": "20a",
    "x": 134,
    "y": 210,
    "page_width": 1241,
    "page_height": 1754,
    "page_no": 18
  },
  {
    "question": "20",
    "text": "20d",
    "x": 134,
    "y": 691,
    "page_width": 1241,
    "page_height": 1754,
    "page_no": 19
  }
]