[
  {
    "question": 0,
    "x": 155,
    "y": 790,
    "page_no": 22,
    "page_width": 1359,
    "page_height": 1873
  },
  {
    "question": 1,
    "x": 155,
    "y": 412,
    "page_no": 2,
    "page_width": 1359,
    "page_height": 1873
  },
  {
    "question": 3,
    "x": 153,
    "y": 197,
    "page_no": 3,
    "page_width": 1359,
    "page_height": 1873
  },
  {
    "question": 5,
    "x": 147,
    "y": 991,
    "page_no": 3,
    "page_width": 1359,
    "page_height": 1873
  },
  {
    "question": 9,
    "x": 151,
    "y": 697,
    "page_no": 5,
    "page_width": 1359,
    "page_height": 1873
  },
  {
    "question": 10,
    "x": 160,
    "y": 1038,
    "page_no": 5,
    "page_width": 1359,
    "page_height": 1873
  },
  {
    "question": 12,
    "x": 157,
    "y": 189,
    "page_no": 7,
    "page_width": 1359,
    "page_height": 1873
  },
  {
    "question": "2",
    "text": "2",
    "x": 148,
    "y": 995,
    "page_width": 1359,
    "page_height": 1873,
    "page_no": 2
  },
  {
    "question": "4",
    "text": "4",
    "x": 148,
    "y": 566,
    "page_width": 1359,
    "page_height": 1873,
    "page_no": 3
  },
  {
    "question": "6",
    "text": "6",
    "x": 148,
    "y": 189,
    "page_width": 1359,
    "page_height": 1873,
    "page_no": 4
  },
  {
    "question": "7",
    "text": "7",
    "x": 148,
    "y": 691,
    "page_width": 1359,
    "page_height": 1873,
    "page_no": 4
  },
  {
    "question": "8",
    "text": "8",
    "x": 148,
    "y": 1116,
    "page_width": 1359,
    "page_height": 1873,
    "page_no": 4
  },
  {
    "question": "11",
    "text": "11",
    "x": 149,
    "y": 297,
    "page_width": 1359,
    "page_height": 1873,
    "page_no": 6
  },
  {
    "question": "13",
    "text": "13",
    "x": 150,
    "y": 189,
    "page_width": 1359,
    "page_height": 1873,
    "page_no": 8
  },
  {
    "question": "14",
    "text": "14",
    "x": 150,
    "y": 189,
    "page_width": 1359,
    "page_height": 1873,
    "page_no": 9
  },
  {
    "question": "15",
    "text": "15",
    "x": 149,
    "y": 189,
    "page_width": 1359,
    "page_height": 1873,
    "page_no": 10
  },
  {
    "question": "16",
    "text": "16",
    "x": 150,
    "y": 189,
    "page_width": 1359,
    "page_height": 1873,
    "page_no": 12
  },
  {
    "question": "17",
    "text": "17",
    "x": 149,
    "y": 189,
    "page_width": 1359,
    "page_height": 1873,
    "page_no": 14
  },
  {
    "question": "18",
    "text": "18",
    "x": 150,
    "y": 189,
    "page_width": 1359,
    "page_height": 1873,
    "page_no": 16
  },
  {
    "question": "19",
    "text": "19",
    "x": 149,
    "y": 189,
    "page_width": 1359,
    "page_height": 1873,
    "page_no": 18
  },
  {
    "question": "20",
    "text": "20",
    "x": 148,
    "y": 189,
    "page_width": 1359,
    "page_height": 1873,
    "page_no": 20
  },
  {
    "question": "32",
    "text": "32",
    "x": 163,
    "y": 1728,
    "page_width": 1359,
    "page_height": 1873,
    "page_no": 32
  }
]