[
  {
    "question": "1",
    "text": "1",
    "x": 163,
    "y": 239,
    "page_width": 1754,
    "page_height": 1241,
    "page_no": 5
  },
  {
    "question": "2",
    "text": "2",
    "x": 162,
    "y": 507,
    "page_width": 1754,
    "page_height": 1241,
    "page_no": 5
  },
  {
    "question": "3",
    "text": "3",
    "x": 162,
    "y": 777,
    "page_width": 1754,
    "page_height": 1241,
    "page_no": 5
  },
  {
    "question": "4",
    "text": "4",
    "x": 162,
    "y": 176,
    "page_width": 1754,
    "page_height": 1241,
    "page_no": 6
  },
  {
    "question": "5",
    "text": "5",
    "x": 163,
    "y": 446,
    "page_width": 1754,
    "page_height": 1241,
    "page_no": 6
  },
  {
    "question": "6",
    "text": "6a",
    "x": 162,
    "y": 715,
    "page_width": 1754,
    "page_height": 1241,
    "page_no": 6
  },
  {
    "question": "6",
    "text": "6b",
    "x": 162,
    "y": 175,
    "page_width": 1754,
    "page_height": 1241,
    "page_no": 7
  },
  {
    "question": "7",
    "text": "7",
    "x": 162,
    "y": 460,
    "page_width": 1754,
    "page_height": 1241,
    "page_no": 7
  },
  {
    "question": "8",
    "text": "8",
    "x": 162,
    "y": 743,
    "page_width": 1754,
    "page_height": 1241,
    "page_no": 7
  },
  {
    "question": "9",
    "text": "9",
    "x": 162,
    "y": 175,
    "page_width": 1754,
    "page_height": 1241,
    "page_no": 8
  },
  {
    "question": "10",
    "text": "10",
    "x": 163,
    "y": 459,
    "page_width": 1754,
    "page_height": 1241,
    "page_no": 8
  },
  {
    "question": "11",
    "text": "11a",
    "x": 163,
    "y": 775,
    "page_width": 1754,
    "page_height": 1241,
    "page_no": 8
  },
  {
    "question": "11",
    "text": "11b",
    "x": 163,
    "y": 175,
    "page_width": 1754,
    "page_height": 1241,
    "page_no": 9
  },
  {
    "question": "12",
    "text": "12",
    "x": 163,
    "y": 459,
    "page_width": 1754,
    "page_height": 1241,
    "page_no": 9
  },
  {
    "question": "13",
    "text": "13",
    "x": 163,
    "y": 868,
    "page_width": 1754,
    "page_height": 1241,
    "page_no": 9
  },
  {
    "question": "14",
    "text": "14",
    "x": 163,
    "y": 176,
    "page_width": 1754,
    "page_height": 1241,
    "page_no": 10
  },
  {
    "question": "15",
    "text": "15",
    "x": 163,
    "y": 460,
    "page_width": 1754,
    "page_height": 1241,
    "page_no": 10
  },
  {
    "question": "16",
    "text": "16",
    "x": 163,
    "y": 837,
    "page_width": 1754,
    "page_height": 1241,
    "page_no": 10
  },
  {
    "question": "17",
    "text": "17",
    "x": 163,
    "y": 176,
    "page_width": 1754,
    "page_height": 1241,
    "page_no": 11
  },
  {
    "question": "18",
    "text": "18",
    "x": 163,
    "y": 521,
    "page_width": 1754,
    "page_height": 1241,
    "page_no": 11
  },
  {
    "question": "19",
    "text": "19ai",
    "x": 160,
    "y": 224,
    "page_width": 1754,
    "page_height": 1241,
    "page_no": 12
  },
  {
    "question": "19",
    "text": "19aii",
    "x": 160,
    "y": 193,
    "page_width": 1754,
    "page_height": 1241,
    "page_no": 13
  },
  {
    "question": "19",
    "text": "19aiii",
    "x": 160,
    "y": 669,
    "page_width": 1754,
    "page_height": 1241,
    "page_no": 13
  },
  {
    "question": "19",
    "text": "19b",
    "x": 160,
    "y": 224,
    "page_width": 1754,
    "page_height": 1241,
    "page_no": 14
  },
  {
    "question": "20",
    "text": "20a",
    "x": 159,
    "y": 193,
    "page_width": 1754,
    "page_height": 1241,
    "page_no": 15
  },
  {
    "question": "20",
    "text": "20b",
    "x": 159,
    "y": 838,
    "page_width": 1754,
    "page_height": 1241,
    "page_no": 15
  },
  {
    "question": "20",
    "text": "20ci",
    "x": 159,
    "y": 219,
    "page_width": 1754,
    "page_height": 1241,
    "page_no": 16
  },
  {
    "question": "20",
    "text": "20cii",
    "x": 159,
    "y": 189,
    "page_width": 1754,
    "page_height": 1241,
    "page_no": 17
  },
  {
    "question": "20",
    "text": "20ciii",
    "x": 159,
    "y": 255,
    "page_width": 1754,
    "page_height": 1241,
    "page_no": 18
  },
  {
    "question": "20",
    "text": "20d",
    "x": 159,
    "y": 224,
    "page_width": 1754,
    "page_height": 1241,
    "page_no": 19
  },
  {
    "question": "21",
    "text": "21ai",
    "x": 159,
    "y": 188,
    "page_width": 1754,
    "page_height": 1241,
    "page_no": 20
  },
  {
    "question": "21",
    "text": "21aii",
    "x": 159,
    "y": 189,
    "page_width": 1754,
    "page_height": 1241,
    "page_no": 21
  },
  {
    "question": "21",
    "text": "21bi",
    "x": 159,
    "y": 188,
    "page_width": 1754,
    "page_height": 1241,
    "page_no": 22
  },
  {
    "question": "21",
    "text": "21bii",
    "x": 159,
    "y": 188,
    "page_width": 1754,
    "page_height": 1241,
    "page_no": 23
  },
  {
    "question": "21",
    "text": "21biii",
    "x": 159,
    "y": 732,
    "page_width": 1754,
    "page_height": 1241,
    "page_no": 23
  },
  {
    "question": "21",
    "text": "21ci",
    "x": 159,
    "y": 188,
    "page_width": 1754,
    "page_height": 1241,
    "page_no": 24
  },
  {
    "question": "21",
    "text": "21cii",
    "x": 159,
    "y": 773,
    "page_width": 1754,
    "page_height": 1241,
    "page_no": 24
  },
  {
    "question": "22",
    "text": "22a",
    "x": 159,
    "y": 193,
    "page_width": 1754,
    "page_height": 1241,
    "page_no": 25
  },
  {
    "question": "22",
    "text": "22b",
    "x": 159,
    "y": 661,
    "page_width": 1754,
    "page_height": 1241,
    "page_no": 25
  },
  {
    "question": "22",
    "text": "22ci",
    "x": 159,
    "y": 927,
    "page_width": 1754,
    "page_height": 1241,
    "page_no": 25
  },
  {
    "question": "22",
    "text": "22cii",
    "x": 159,
    "y": 189,
    "page_width": 1754,
    "page_height": 1241,
    "page_no": 26
  },
  {
    "question": "22",
    "text": "22ciii",
    "x": 159,
    "y": 188,
    "page_width": 1754,
    "page_height": 1241,
    "page_no": 27
  },
  {
    "question": "22",
    "text": "22di",
    "x": 159,
    "y": 989,
    "page_width": 1754,
    "page_height": 1241,
    "page_no": 27
  },
  {
    "question": "22",
    "text": "22dii",
    "x": 159,
    "y": 188,
    "page_width": 1754,
    "page_height": 1241,
    "page_no": 28
  },
  {
    "question": "23",
    "text": "23ai",
    "x": 159,
    "y": 188,
    "page_width": 1754,
    "page_height": 1241,
    "page_no": 29
  },
  {
    "question": "23",
    "text": "23aii",
    "x": 159,
    "y": 614,
    "page_width": 1754,
    "page_height": 1241,
    "page_no": 29
  },
  {
    "question": "23",
    "text": "23aiii",
    "x": 159,
    "y": 219,
    "page_width": 1754,
    "page_height": 1241,
    "page_no": 30
  },
  {
    "question": "23",
    "text": "23b",
    "x": 159,
    "y": 188,
    "page_width": 1754,
    "page_height": 1241,
    "page_no": 31
  },
  {
    "question": "23",
    "text": "23c",
    "x": 159,
    "y": 193,
    "page_width": 1754,
    "page_height": 1241,
    "page_no": 32
  }
]