[
  {
    "question": 0,
    "x": 118,
    "y": 1294,
    "page_no": 14,
    "page_width": 1241,
    "page_height": 1754
  },
  {
    "question": 11,
    "x": 134,
    "y": 216,
    "page_no": 8,
    "page_width": 1241,
    "page_height": 1754
  },
  {
    "question": 9,
    "x": 118,
    "y": 612,
    "page_no": 7,
    "page_width": 1241,
    "page_height": 1754
  },
  {
    "question": 8,
    "x": 117,
    "y": 403,
    "page_no": 7,
    "page_width": 1241,
    "page_height": 1754
  },
  {
    "question": 7,
    "x": 117,
    "y": 161,
    "page_no": 7,
    "page_width": 1241,
    "page_height": 1754
  },
  {
    "question": 6,
    "x": 118,
    "y": 1338,
    "page_no": 6,
    "page_width": 1241,
    "page_height": 1754
  },
  {
    "question": 5,
    "x": 118,
    "y": 1086,
    "page_no": 6,
    "page_width": 1241,
    "page_height": 1754
  },
  {
    "question": 4,
    "x": 117,
    "y": 847,
    "page_no": 6,
    "page_width": 1241,
    "page_height": 1754
  },
  {
    "question": 3,
    "x": 117,
    "y": 717,
    "page_no": 6,
    "page_width": 1241,
    "page_height": 1754
  },
  {
    "question": 2,
    "x": 115,
    "y": 505,
    "page_no": 6,
    "page_width": 1241,
    "page_height": 1754
  },
  {
    "question": "1",
    "text": "1",
    "x": 117,
    "y": 214,
    "page_width": 1241,
    "page_height": 1754,
    "page_no": 6
  },
  {
    "question": "10",
    "text": "10",
    "x": 117,
    "y": 802,
    "page_width": 1241,
    "page_height": 1754,
    "page_no": 7
  },
  {
    "question": "17",
    "text": "17a",
    "x": 117,
    "y": 194,
    "page_width": 1241,
    "page_height": 1754,
    "page_no": 15
  },
  {
    "question": "13",
    "text": "13a",
    "x": 132,
    "y": 194,
    "page_width": 1241,
    "page_height": 1754,
    "page_no": 10
  },
  {
    "question": "15",
    "text": "15a",
    "x": 131,
    "y": 194,
    "page_width": 1241,
    "page_height": 1754,
    "page_no": 12
  },
  {
    "question": "16",
    "text": "16a",
    "x": 132,
    "y": 194,
    "page_width": 1241,
    "page_height": 1754,
    "page_no": 14
  },
  {
    "question": "12",
    "text": "12a",
    "x": 147,
    "y": 194,
    "page_width": 1241,
    "page_height": 1754,
    "page_no": 9
  },
  {
    "question": "14",
    "text": "14ai",
    "x": 147,
    "y": 193,
    "page_width": 1241,
    "page_height": 1754,
    "page_no": 11
  },
  {
    "question": "14",
    "text": "14bii",
    "x": 147,
    "y": 886,
    "page_width": 1241,
    "page_height": 1754,
    "page_no": 11
  }
]