[
  {
    "question": "1",
    "text": "1a",
    "x": 152,
    "y": 182,
    "page_width": 1754,
    "page_height": 1241,
    "page_no": 4
  },
  {
    "question": "1",
    "text": "1b",
    "x": 152,
    "y": 652,
    "page_width": 1754,
    "page_height": 1241,
    "page_no": 4
  },
  {
    "question": "1",
    "text": "1c",
    "x": 152,
    "y": 286,
    "page_width": 1754,
    "page_height": 1241,
    "page_no": 5
  },
  {
    "question": "1",
    "text": "1d",
    "x": 152,
    "y": 631,
    "page_width": 1754,
    "page_height": 1241,
    "page_no": 5
  },
  {
    "question": "2",
    "text": "2ai",
    "x": 151,
    "y": 156,
    "page_width": 1754,
    "page_height": 1241,
    "page_no": 6
  },
  {
    "question": "2",
    "text": "2aii",
    "x": 151,
    "y": 160,
    "page_width": 1754,
    "page_height": 1241,
    "page_no": 7
  },
  {
    "question": "2",
    "text": "2aiii",
    "x": 151,
    "y": 395,
    "page_width": 1754,
    "page_height": 1241,
    "page_no": 7
  },
  {
    "question": "2",
    "text": "2bi",
    "x": 151,
    "y": 745,
    "page_width": 1754,
    "page_height": 1241,
    "page_no": 7
  },
  {
    "question": "2",
    "text": "2bii",
    "x": 151,
    "y": 156,
    "page_width": 1754,
    "page_height": 1241,
    "page_no": 8
  },
  {
    "question": "3",
    "text": "3a",
    "x": 151,
    "y": 160,
    "page_width": 1754,
    "page_height": 1241,
    "page_no": 9
  },
  {
    "question": "3",
    "text": "3bi",
    "x": 151,
    "y": 156,
    "page_width": 1754,
    "page_height": 1241,
    "page_no": 10
  },
  {
    "question": "3",
    "text": "3bii",
    "x": 151,
    "y": 156,
    "page_width": 1754,
    "page_height": 1241,
    "page_no": 11
  },
  {
    "question": "3",
    "text": "3biii",
    "x": 151,
    "y": 156,
    "page_width": 1754,
    "page_height": 1241,
    "page_no": 12
  },
  {
    "question": "5",
    "text": "5bi",
    "x": 151,
    "y": 156,
    "page_width": 1754,
    "page_height": 1241,
    "page_no": 17
  },
  {
    "question": "5",
    "text": "5bii",
    "x": 151,
    "y": 694,
    "page_width": 1754,
    "page_height": 1241,
    "page_no": 17
  },
  {
    "question": "5",
    "text": "5biii",
    "x": 151,
    "y": 187,
    "page_width": 1754,
    "page_height": 1241,
    "page_no": 18
  },
  {
    "question": "5",
    "text": "5c",
    "x": 151,
    "y": 156,
    "page_width": 1754,
    "page_height": 1241,
    "page_no": 19
  },
  {
    "question": "6",
    "text": "6ai",
    "x": 151,
    "y": 160,
    "page_width": 1754,
    "page_height": 1241,
    "page_no": 20
  },
  {
    "question": "6",
    "text": "6aii",
    "x": 151,
    "y": 475,
    "page_width": 1754,
    "page_height": 1241,
    "page_no": 20
  },
  {
    "question": "6",
    "text": "6aiii",
    "x": 151,
    "y": 822,
    "page_width": 1754,
    "page_height": 1241,
    "page_no": 20
  },
  {
    "question": "6",
    "text": "6aiv",
    "x": 151,
    "y": 160,
    "page_width": 1754,
    "page_height": 1241,
    "page_no": 21
  },
  {
    "question": "6",
    "text": "6bi",
    "x": 151,
    "y": 507,
    "page_width": 1754,
    "page_height": 1241,
    "page_no": 21
  },
  {
    "question": "6",
    "text": "6bii",
    "x": 151,
    "y": 156,
    "page_width": 1754,
    "page_height": 1241,
    "page_no": 22
  },
  {
    "question": "6",
    "text": "6biii",
    "x": 151,
    "y": 187,
    "page_width": 1754,
    "page_height": 1241,
    "page_no": 23
  },
  {
    "question": "6",
    "text": "6biv",
    "x": 151,
    "y": 631,
    "page_width": 1754,
    "page_height": 1241,
    "page_no": 23
  },
  {
    "question": "7",
    "text": "7a\\i",
    "x": 151,
    "y": 160,
    "page_width": 1754,
    "page_height": 1241,
    "page_no": 24
  },
  {
    "question": "7",
    "text": "7aii",
    "x": 151,
    "y": 444,
    "page_width": 1754,
    "page_height": 1241,
    "page_no": 24
  },
  {
    "question": "7",
    "text": "7bi",
    "x": 151,
    "y": 156,
    "page_width": 1754,
    "page_height": 1241,
    "page_no": 25
  },
  {
    "question": "7",
    "text": "7bii",
    "x": 151,
    "y": 156,
    "page_width": 1754,
    "page_height": 1241,
    "page_no": 26
  },
  {
    "question": "7",
    "text": "7biii",
    "x": 151,
    "y": 160,
    "page_width": 1754,
    "page_height": 1241,
    "page_no": 27
  },
  {
    "question": "8",
    "text": "8aii",
    "x": 151,
    "y": 498,
    "page_width": 1754,
    "page_height": 1241,
    "page_no": 29
  },
  {
    "question": "8",
    "text": "8bi",
    "x": 151,
    "y": 809,
    "page_width": 1754,
    "page_height": 1241,
    "page_no": 29
  },
  {
    "question": "8",
    "text": "8bii",
    "x": 151,
    "y": 186,
    "page_width": 1754,
    "page_height": 1241,
    "page_no": 30
  },
  {
    "question": "8",
    "text": "8biii",
    "x": 151,
    "y": 155,
    "page_width": 1754,
    "page_height": 1241,
    "page_no": 31
  },
  {
    "question": "8",
    "text": "8biv",
    "x": 151,
    "y": 160,
    "page_width": 1754,
    "page_height": 1241,
    "page_no": 32
  },
  {
    "question": "8",
    "text": "8bv",
    "x": 151,
    "y": 413,
    "page_width": 1754,
    "page_height": 1241,
    "page_no": 32
  }
]