[
  {
    "question": "1",
    "text": "1.",
    "x": 121,
    "y": 283,
    "page_width": 1241,
    "page_height": 1754,
    "page_no": 4
  },
  {
    "question": "2",
    "text": "2.",
    "x": 119,
    "y": 354,
    "page_width": 1241,
    "page_height": 1754,
    "page_no": 4
  },
  {
    "question": "3",
    "text": "3.",
    "x": 119,
    "y": 158,
    "page_width": 1241,
    "page_height": 1754,
    "page_no": 5
  },
  {
    "question": "4",
    "text": "4.",
    "x": 119,
    "y": 854,
    "page_width": 1241,
    "page_height": 1754,
    "page_no": 5
  },
  {
    "question": "5",
    "text": "5.",
    "x": 120,
    "y": 1034,
    "page_width": 1241,
    "page_height": 1754,
    "page_no": 5
  },
  {
    "question": "6",
    "text": "6.",
    "x": 120,
    "y": 1141,
    "page_width": 1241,
    "page_height": 1754,
    "page_no": 5
  },
  {
    "question": "7",
    "text": "7.",
    "x": 119,
    "y": 1352,
    "page_width": 1241,
    "page_height": 1754,
    "page_no": 5
  },
  {
    "question": "1",
    "text": "1.",
    "x": 120,
    "y": 315,
    "page_width": 1241,
    "page_height": 1754,
    "page_no": 6
  },
  {
    "question": "2",
    "text": "2.",
    "x": 119,
    "y": 421,
    "page_width": 1241,
    "page_height": 1754,
    "page_no": 6
  },
  {
    "question": "3",
    "text": "3.",
    "x": 119,
    "y": 493,
    "page_width": 1241,
    "page_height": 1754,
    "page_no": 6
  },
  {
    "question": "1",
    "text": "1.",
    "x": 120,
    "y": 675,
    "page_width": 1241,
    "page_height": 1754,
    "page_no": 6
  },
  {
    "question": "2",
    "text": "2.",
    "x": 119,
    "y": 782,
    "page_width": 1241,
    "page_height": 1754,
    "page_no": 6
  },
  {
    "question": "10",
    "text": "10",
    "x": 119,
    "y": 223,
    "page_width": 1241,
    "page_height": 1754,
    "page_no": 20
  },
  {
    "question": "1",
    "text": "1la",
    "x": 119,
    "y": 223,
    "page_width": 1241,
    "page_height": 1754,
    "page_no": 22
  },
  {
    "question": "1",
    "text": "1",
    "x": 140,
    "y": 239,
    "page_width": 1241,
    "page_height": 1754,
    "page_no": 7
  },
  {
    "question": "3",
    "text": "3",
    "x": 138,
    "y": 223,
    "page_width": 1241,
    "page_height": 1754,
    "page_no": 11
  },
  {
    "question": "4",
    "text": "4",
    "x": 138,
    "y": 229,
    "page_width": 1241,
    "page_height": 1754,
    "page_no": 12
  },
  {
    "question": "5",
    "text": "5a",
    "x": 142,
    "y": 236,
    "page_width": 1241,
    "page_height": 1754,
    "page_no": 13
  }
]