[
  {
    "question": "1",
    "text": "1ai",
    "x": 156,
    "y": 251,
    "page_width": 1650,
    "page_height": 1275,
    "page_no": 4
  },
  {
    "question": "1",
    "text": "1bi",
    "x": 156,
    "y": 300,
    "page_width": 1650,
    "page_height": 1275,
    "page_no": 5
  },
  {
    "question": "1",
    "text": "1b",
    "x": 156,
    "y": 613,
    "page_width": 1650,
    "page_height": 1275,
    "page_no": 5
  },
  {
    "question": "2",
    "text": "2a",
    "x": 155,
    "y": 325,
    "page_width": 1650,
    "page_height": 1275,
    "page_no": 6
  },
  {
    "question": "3",
    "text": "3ai",
    "x": 155,
    "y": 300,
    "page_width": 1650,
    "page_height": 1275,
    "page_no": 9
  },
  {
    "question": "3",
    "text": "3aii",
    "x": 155,
    "y": 759,
    "page_width": 1650,
    "page_height": 1275,
    "page_no": 9
  },
  {
    "question": "3",
    "text": "3b",
    "x": 155,
    "y": 251,
    "page_width": 1650,
    "page_height": 1275,
    "page_no": 10
  },
  {
    "question": "3",
    "text": "3c",
    "x": 155,
    "y": 276,
    "page_width": 1650,
    "page_height": 1275,
    "page_no": 11
  },
  {
    "question": "4",
    "text": "4ai",
    "x": 154,
    "y": 247,
    "page_width": 1650,
    "page_height": 1275,
    "page_no": 12
  },
  {
    "question": "4",
    "text": "4aii",
    "x": 155,
    "y": 586,
    "page_width": 1650,
    "page_height": 1275,
    "page_no": 12
  },
  {
    "question": "4",
    "text": "4b",
    "x": 154,
    "y": 797,
    "page_width": 1650,
    "page_height": 1275,
    "page_no": 12
  },
  {
    "question": "4",
    "text": "4c",
    "x": 154,
    "y": 238,
    "page_width": 1650,
    "page_height": 1275,
    "page_no": 13
  },
  {
    "question": "4",
    "text": "4d",
    "x": 154,
    "y": 202,
    "page_width": 1650,
    "page_height": 1275,
    "page_no": 14
  },
  {
    "question": "5",
    "text": "5a",
    "x": 155,
    "y": 251,
    "page_width": 1650,
    "page_height": 1275,
    "page_no": 15
  },
  {
    "question": "5",
    "text": "5bi",
    "x": 155,
    "y": 247,
    "page_width": 1650,
    "page_height": 1275,
    "page_no": 16
  },
  {
    "question": "5",
    "text": "5bii",
    "x": 155,
    "y": 798,
    "page_width": 1650,
    "page_height": 1275,
    "page_no": 16
  },
  {
    "question": "5",
    "text": "5ci",
    "x": 155,
    "y": 269,
    "page_width": 1650,
    "page_height": 1275,
    "page_no": 17
  },
  {
    "question": "5",
    "text": "5cii",
    "x": 155,
    "y": 216,
    "page_width": 1650,
    "page_height": 1275,
    "page_no": 18
  },
  {
    "question": "6",
    "text": "6a",
    "x": 155,
    "y": 251,
    "page_width": 1650,
    "page_height": 1275,
    "page_no": 19
  },
  {
    "question": "6",
    "text": "6b",
    "x": 155,
    "y": 822,
    "page_width": 1650,
    "page_height": 1275,
    "page_no": 19
  },
  {
    "question": "6",
    "text": "6ci",
    "x": 155,
    "y": 276,
    "page_width": 1650,
    "page_height": 1275,
    "page_no": 20
  },
  {
    "question": "6",
    "text": "6cii",
    "x": 155,
    "y": 692,
    "page_width": 1650,
    "page_height": 1275,
    "page_no": 20
  },
  {
    "question": "6",
    "text": "6ciii",
    "x": 155,
    "y": 852,
    "page_width": 1650,
    "page_height": 1275,
    "page_no": 20
  },
  {
    "question": "6",
    "text": "6di",
    "x": 155,
    "y": 233,
    "page_width": 1650,
    "page_height": 1275,
    "page_no": 21
  },
  {
    "question": "6",
    "text": "6dii",
    "x": 155,
    "y": 632,
    "page_width": 1650,
    "page_height": 1275,
    "page_no": 21
  },
  {
    "question": "6",
    "text": "6diii",
    "x": 155,
    "y": 229,
    "page_width": 1650,
    "page_height": 1275,
    "page_no": 22
  },
  {
    "question": "7",
    "text": "7ai",
    "x": 155,
    "y": 672,
    "page_width": 1650,
    "page_height": 1275,
    "page_no": 22
  },
  {
    "question": "7",
    "text": "7aii",
    "x": 155,
    "y": 265,
    "page_width": 1650,
    "page_height": 1275,
    "page_no": 23
  },
  {
    "question": "7",
    "text": "7b",
    "x": 155,
    "y": 203,
    "page_width": 1650,
    "page_height": 1275,
    "page_no": 24
  },
  {
    "question": "8",
    "text": "8a",
    "x": 155,
    "y": 179,
    "page_width": 1650,
    "page_height": 1275,
    "page_no": 27
  },
  {
    "question": "8",
    "text": "8b",
    "x": 155,
    "y": 177,
    "page_width": 1650,
    "page_height": 1275,
    "page_no": 28
  },
  {
    "question": "8",
    "text": "8c",
    "x": 155,
    "y": 260,
    "page_width": 1650,
    "page_height": 1275,
    "page_no": 29
  },
  {
    "question": "8",
    "text": "8d",
    "x": 155,
    "y": 270,
    "page_width": 1650,
    "page_height": 1275,
    "page_no": 30
  },
  {
    "question": "8",
    "text": "8e",
    "x": 155,
    "y": 260,
    "page_width": 1650,
    "page_height": 1275,
    "page_no": 31
  },
  {
    "question": "8",
    "text": "8f",
    "x": 155,
    "y": 648,
    "page_width": 1650,
    "page_height": 1275,
    "page_no": 31
  },
  {
    "question": "8",
    "text": "8h",
    "x": 155,
    "y": 675,
    "page_width": 1650,
    "page_height": 1275,
    "page_no": 32
  }
]