[
  {
    "question": 0,
    "x": 157,
    "y": 1204,
    "page_no": 12,
    "page_width": 1359,
    "page_height": 1873
  },
  {
    "question": "1",
    "text": "1",
    "x": 150,
    "y": 247,
    "page_width": 1359,
    "page_height": 1873,
    "page_no": 2
  },
  {
    "question": "2",
    "text": "2",
    "x": 148,
    "y": 189,
    "page_width": 1359,
    "page_height": 1873,
    "page_no": 4
  },
  {
    "question": "3",
    "text": "3",
    "x": 148,
    "y": 189,
    "page_width": 1359,
    "page_height": 1873,
    "page_no": 6
  },
  {
    "question": "4",
    "text": "4",
    "x": 148,
    "y": 189,
    "page_width": 1359,
    "page_height": 1873,
    "page_no": 9
  },
  {
    "question": "4",
    "text": "4ONOG:",
    "x": 0,
    "y": 204,
    "page_width": 1359,
    "page_height": 1873,
    "page_no": 17
  },
  {
    "question": "4",
    "text": "4ONOG:",
    "x": 0,
    "y": 204,
    "page_width": 1359,
    "page_height": 1873,
    "page_no": 19
  },
  {
    "question": "1",
    "text": "1",
    "x": 202,
    "y": 900,
    "page_width": 1359,
    "page_height": 1873,
    "page_no": 13
  },
  {
    "question": "2",
    "text": "2",
    "x": 201,
    "y": 188,
    "page_width": 1359,
    "page_height": 1873,
    "page_no": 15
  },
  {
    "question": "4",
    "text": "4",
    "x": 201,
    "y": 188,
    "page_width": 1359,
    "page_height": 1873,
    "page_no": 16
  },
  {
    "question": "5",
    "text": "5",
    "x": 201,
    "y": 188,
    "page_width": 1359,
    "page_height": 1873,
    "page_no": 18
  }
]