[
  {
    "question": "1",
    "text": "1a",
    "x": 153,
    "y": 196,
    "page_width": 1754,
    "page_height": 1241,
    "page_no": 4
  },
  {
    "question": "1",
    "text": "1b",
    "x": 153,
    "y": 168,
    "page_width": 1754,
    "page_height": 1241,
    "page_no": 5
  },
  {
    "question": "2",
    "text": "2ai",
    "x": 152,
    "y": 742,
    "page_width": 1754,
    "page_height": 1241,
    "page_no": 5
  },
  {
    "question": "2",
    "text": "2aii",
    "x": 152,
    "y": 164,
    "page_width": 1754,
    "page_height": 1241,
    "page_no": 6
  },
  {
    "question": "2",
    "text": "2bi",
    "x": 152,
    "y": 655,
    "page_width": 1754,
    "page_height": 1241,
    "page_no": 6
  },
  {
    "question": "2",
    "text": "2bii",
    "x": 152,
    "y": 164,
    "page_width": 1754,
    "page_height": 1241,
    "page_no": 7
  },
  {
    "question": "3",
    "text": "3a",
    "x": 152,
    "y": 168,
    "page_width": 1754,
    "page_height": 1241,
    "page_no": 8
  },
  {
    "question": "3",
    "text": "3bi",
    "x": 152,
    "y": 651,
    "page_width": 1754,
    "page_height": 1241,
    "page_no": 8
  },
  {
    "question": "3",
    "text": "3bii",
    "x": 152,
    "y": 168,
    "page_width": 1754,
    "page_height": 1241,
    "page_no": 9
  },
  {
    "question": "3",
    "text": "3biii",
    "x": 152,
    "y": 464,
    "page_width": 1754,
    "page_height": 1241,
    "page_no": 9
  },
  {
    "question": "4",
    "text": "4a",
    "x": 151,
    "y": 247,
    "page_width": 1754,
    "page_height": 1241,
    "page_no": 10
  },
  {
    "question": "4",
    "text": "4b",
    "x": 151,
    "y": 601,
    "page_width": 1754,
    "page_height": 1241,
    "page_no": 10
  },
  {
    "question": "4",
    "text": "4ci",
    "x": 151,
    "y": 194,
    "page_width": 1754,
    "page_height": 1241,
    "page_no": 11
  },
  {
    "question": "4",
    "text": "4cii",
    "x": 151,
    "y": 168,
    "page_width": 1754,
    "page_height": 1241,
    "page_no": 12
  },
  {
    "question": "5",
    "text": "5ai",
    "x": 152,
    "y": 247,
    "page_width": 1754,
    "page_height": 1241,
    "page_no": 13
  },
  {
    "question": "5",
    "text": "5aii",
    "x": 152,
    "y": 190,
    "page_width": 1754,
    "page_height": 1241,
    "page_no": 14
  },
  {
    "question": "5",
    "text": "5b",
    "x": 152,
    "y": 168,
    "page_width": 1754,
    "page_height": 1241,
    "page_no": 15
  },
  {
    "question": "6",
    "text": "6a",
    "x": 151,
    "y": 664,
    "page_width": 1754,
    "page_height": 1241,
    "page_no": 15
  },
  {
    "question": "6",
    "text": "6bi",
    "x": 151,
    "y": 168,
    "page_width": 1754,
    "page_height": 1241,
    "page_no": 16
  },
  {
    "question": "6",
    "text": "6bii",
    "x": 151,
    "y": 495,
    "page_width": 1754,
    "page_height": 1241,
    "page_no": 16
  },
  {
    "question": "6",
    "text": "6ci",
    "x": 151,
    "y": 164,
    "page_width": 1754,
    "page_height": 1241,
    "page_no": 17
  },
  {
    "question": "6",
    "text": "6cii",
    "x": 151,
    "y": 190,
    "page_width": 1754,
    "page_height": 1241,
    "page_no": 18
  },
  {
    "question": "6",
    "text": "6ciii",
    "x": 151,
    "y": 164,
    "page_width": 1754,
    "page_height": 1241,
    "page_no": 19
  },
  {
    "question": "7",
    "text": "7ai",
    "x": 152,
    "y": 651,
    "page_width": 1754,
    "page_height": 1241,
    "page_no": 19
  },
  {
    "question": "7",
    "text": "7aii",
    "x": 152,
    "y": 168,
    "page_width": 1754,
    "page_height": 1241,
    "page_no": 20
  },
  {
    "question": "7",
    "text": "7",
    "x": 152,
    "y": 184,
    "page_width": 1754,
    "page_height": 1241,
    "page_no": 21
  },
  {
    "question": "7",
    "text": "7",
    "x": 152,
    "y": 391,
    "page_width": 1754,
    "page_height": 1241,
    "page_no": 21
  },
  {
    "question": "7",
    "text": "7b",
    "x": 151,
    "y": 171,
    "page_width": 1754,
    "page_height": 1241,
    "page_no": 22
  },
  {
    "question": "8",
    "text": "8a",
    "x": 151,
    "y": 168,
    "page_width": 1754,
    "page_height": 1241,
    "page_no": 24
  },
  {
    "question": "8",
    "text": "8b",
    "x": 151,
    "y": 184,
    "page_width": 1754,
    "page_height": 1241,
    "page_no": 25
  },
  {
    "question": "8",
    "text": "8c",
    "x": 151,
    "y": 168,
    "page_width": 1754,
    "page_height": 1241,
    "page_no": 26
  },
  {
    "question": "8",
    "text": "8d",
    "x": 151,
    "y": 221,
    "page_width": 1754,
    "page_height": 1241,
    "page_no": 27
  },
  {
    "question": "9",
    "text": "9ai",
    "x": 151,
    "y": 164,
    "page_width": 1754,
    "page_height": 1241,
    "page_no": 28
  },
  {
    "question": "9",
    "text": "9aii",
    "x": 151,
    "y": 544,
    "page_width": 1754,
    "page_height": 1241,
    "page_no": 28
  },
  {
    "question": "9",
    "text": "9bi",
    "x": 151,
    "y": 194,
    "page_width": 1754,
    "page_height": 1241,
    "page_no": 29
  },
  {
    "question": "0",
    "text": "0",
    "x": 182,
    "y": 150,
    "page_width": 1754,
    "page_height": 1241,
    "page_no": 23
  },
  {
    "question": "1",
    "text": "1",
    "x": 184,
    "y": 180,
    "page_width": 1754,
    "page_height": 1241,
    "page_no": 23
  },
  {
    "question": "2",
    "text": "2",
    "x": 182,
    "y": 448,
    "page_width": 1754,
    "page_height": 1241,
    "page_no": 23
  },
  {
    "question": "3",
    "text": "3",
    "x": 183,
    "y": 688,
    "page_width": 1754,
    "page_height": 1241,
    "page_no": 23
  }
]