[
  {
    "question": "1",
    "text": "1",
    "x": 126,
    "y": 235,
    "page_width": 1241,
    "page_height": 1754,
    "page_no": 4
  },
  {
    "question": "7",
    "text": "7a",
    "x": 124,
    "y": 297,
    "page_width": 1241,
    "page_height": 1754,
    "page_no": 6
  },
  {
    "question": "7",
    "text": "7b",
    "x": 123,
    "y": 255,
    "page_width": 1241,
    "page_height": 1754,
    "page_no": 7
  },
  {
    "question": "7",
    "text": "7\u00a2",
    "x": 124,
    "y": 256,
    "page_width": 1241,
    "page_height": 1754,
    "page_no": 8
  },
  {
    "question": "7",
    "text": "7d",
    "x": 123,
    "y": 283,
    "page_width": 1241,
    "page_height": 1754,
    "page_no": 9
  },
  {
    "question": "10",
    "text": "10",
    "x": 127,
    "y": 287,
    "page_width": 1241,
    "page_height": 1754,
    "page_no": 22
  }
]