[
  {
    "question": "1",
    "text": "1ai",
    "x": 164,
    "y": 249,
    "page_width": 1754,
    "page_height": 1241,
    "page_no": 4
  },
  {
    "question": "4",
    "text": "4aii",
    "x": 164,
    "y": 720,
    "page_width": 1754,
    "page_height": 1241,
    "page_no": 4
  },
  {
    "question": "1",
    "text": "1bi",
    "x": 164,
    "y": 276,
    "page_width": 1754,
    "page_height": 1241,
    "page_no": 5
  },
  {
    "question": "1",
    "text": "1bii",
    "x": 164,
    "y": 626,
    "page_width": 1754,
    "page_height": 1241,
    "page_no": 5
  },
  {
    "question": "2",
    "text": "2a",
    "x": 163,
    "y": 280,
    "page_width": 1754,
    "page_height": 1241,
    "page_no": 6
  },
  {
    "question": "2",
    "text": "2bi",
    "x": 163,
    "y": 501,
    "page_width": 1754,
    "page_height": 1241,
    "page_no": 6
  },
  {
    "question": "2",
    "text": "2bii",
    "x": 163,
    "y": 249,
    "page_width": 1754,
    "page_height": 1241,
    "page_no": 7
  },
  {
    "question": "2",
    "text": "2c",
    "x": 163,
    "y": 249,
    "page_width": 1754,
    "page_height": 1241,
    "page_no": 8
  },
  {
    "question": "3",
    "text": "3a",
    "x": 163,
    "y": 249,
    "page_width": 1754,
    "page_height": 1241,
    "page_no": 9
  },
  {
    "question": "3",
    "text": "3b",
    "x": 163,
    "y": 249,
    "page_width": 1754,
    "page_height": 1241,
    "page_no": 10
  },
  {
    "question": "4",
    "text": "4bi",
    "x": 162,
    "y": 751,
    "page_width": 1754,
    "page_height": 1241,
    "page_no": 11
  },
  {
    "question": "4",
    "text": "4bii",
    "x": 158,
    "y": 276,
    "page_width": 1754,
    "page_height": 1241,
    "page_no": 12
  },
  {
    "question": "4",
    "text": "4biii",
    "x": 162,
    "y": 720,
    "page_width": 1754,
    "page_height": 1241,
    "page_no": 12
  },
  {
    "question": "5",
    "text": "5ai",
    "x": 163,
    "y": 751,
    "page_width": 1754,
    "page_height": 1241,
    "page_no": 13
  },
  {
    "question": "5",
    "text": "5aii",
    "x": 163,
    "y": 280,
    "page_width": 1754,
    "page_height": 1241,
    "page_no": 14
  },
  {
    "question": "5",
    "text": "5aiii",
    "x": 163,
    "y": 751,
    "page_width": 1754,
    "page_height": 1241,
    "page_no": 14
  },
  {
    "question": "5",
    "text": "5aiv",
    "x": 163,
    "y": 280,
    "page_width": 1754,
    "page_height": 1241,
    "page_no": 15
  },
  {
    "question": "5",
    "text": "5bi",
    "x": 163,
    "y": 204,
    "page_width": 1754,
    "page_height": 1241,
    "page_no": 16
  },
  {
    "question": "5",
    "text": "5bii",
    "x": 163,
    "y": 249,
    "page_width": 1754,
    "page_height": 1241,
    "page_no": 17
  },
  {
    "question": "6",
    "text": "6a",
    "x": 163,
    "y": 249,
    "page_width": 1754,
    "page_height": 1241,
    "page_no": 18
  },
  {
    "question": "6",
    "text": "6b",
    "x": 163,
    "y": 249,
    "page_width": 1754,
    "page_height": 1241,
    "page_no": 19
  },
  {
    "question": "6",
    "text": "6c",
    "x": 163,
    "y": 249,
    "page_width": 1754,
    "page_height": 1241,
    "page_no": 20
  },
  {
    "question": "7",
    "text": "7b",
    "x": 162,
    "y": 435,
    "page_width": 1754,
    "page_height": 1241,
    "page_no": 21
  },
  {
    "question": "7",
    "text": "7ci",
    "x": 162,
    "y": 875,
    "page_width": 1754,
    "page_height": 1241,
    "page_no": 21
  },
  {
    "question": "7",
    "text": "7cii",
    "x": 162,
    "y": 245,
    "page_width": 1754,
    "page_height": 1241,
    "page_no": 22
  },
  {
    "question": "7",
    "text": "7d",
    "x": 162,
    "y": 249,
    "page_width": 1754,
    "page_height": 1241,
    "page_no": 23
  },
  {
    "question": "8",
    "text": "8a",
    "x": 163,
    "y": 249,
    "page_width": 1754,
    "page_height": 1241,
    "page_no": 26
  },
  {
    "question": "8",
    "text": "8b",
    "x": 163,
    "y": 249,
    "page_width": 1754,
    "page_height": 1241,
    "page_no": 27
  },
  {
    "question": "8",
    "text": "8c",
    "x": 163,
    "y": 751,
    "page_width": 1754,
    "page_height": 1241,
    "page_no": 27
  },
  {
    "question": "8",
    "text": "8",
    "x": 163,
    "y": 249,
    "page_width": 1754,
    "page_height": 1241,
    "page_no": 28
  },
  {
    "question": "0",
    "text": "0",
    "x": 224,
    "y": 317,
    "page_width": 1754,
    "page_height": 1241,
    "page_no": 24
  },
  {
    "question": "1",
    "text": "1",
    "x": 225,
    "y": 350,
    "page_width": 1754,
    "page_height": 1241,
    "page_no": 24
  },
  {
    "question": "2",
    "text": "2",
    "x": 224,
    "y": 725,
    "page_width": 1754,
    "page_height": 1241,
    "page_no": 24
  },
  {
    "question": "3",
    "text": "3",
    "x": 224,
    "y": 276,
    "page_width": 1754,
    "page_height": 1241,
    "page_no": 25
  },
  {
    "question": "0",
    "text": "0",
    "x": 224,
    "y": 348,
    "page_width": 1754,
    "page_height": 1241,
    "page_no": 29
  },
  {
    "question": "1",
    "text": "1",
    "x": 225,
    "y": 381,
    "page_width": 1754,
    "page_height": 1241,
    "page_no": 29
  },
  {
    "question": "2",
    "text": "2",
    "x": 224,
    "y": 600,
    "page_width": 1754,
    "page_height": 1241,
    "page_no": 29
  },
  {
    "question": "3",
    "text": "3",
    "x": 224,
    "y": 788,
    "page_width": 1754,
    "page_height": 1241,
    "page_no": 29
  }
]