[
  {
    "question": "1",
    "text": "1a",
    "x": 164,
    "y": 243,
    "page_width": 1754,
    "page_height": 1241,
    "page_no": 5
  },
  {
    "question": "1",
    "text": "1b",
    "x": 164,
    "y": 565,
    "page_width": 1754,
    "page_height": 1241,
    "page_no": 5
  },
  {
    "question": "1",
    "text": "1c",
    "x": 164,
    "y": 887,
    "page_width": 1754,
    "page_height": 1241,
    "page_no": 5
  },
  {
    "question": "1",
    "text": "1d",
    "x": 164,
    "y": 186,
    "page_width": 1754,
    "page_height": 1241,
    "page_no": 6
  },
  {
    "question": "2",
    "text": "2",
    "x": 163,
    "y": 584,
    "page_width": 1754,
    "page_height": 1241,
    "page_no": 6
  },
  {
    "question": "3",
    "text": "3",
    "x": 162,
    "y": 186,
    "page_width": 1754,
    "page_height": 1241,
    "page_no": 7
  },
  {
    "question": "4",
    "text": "4",
    "x": 162,
    "y": 560,
    "page_width": 1754,
    "page_height": 1241,
    "page_no": 7
  },
  {
    "question": "5",
    "text": "5",
    "x": 163,
    "y": 911,
    "page_width": 1754,
    "page_height": 1241,
    "page_no": 7
  },
  {
    "question": "6",
    "text": "6",
    "x": 163,
    "y": 186,
    "page_width": 1754,
    "page_height": 1241,
    "page_no": 8
  },
  {
    "question": "7",
    "text": "7",
    "x": 163,
    "y": 536,
    "page_width": 1754,
    "page_height": 1241,
    "page_no": 8
  },
  {
    "question": "8",
    "text": "8",
    "x": 163,
    "y": 887,
    "page_width": 1754,
    "page_height": 1241,
    "page_no": 8
  },
  {
    "question": "9",
    "text": "9",
    "x": 163,
    "y": 186,
    "page_width": 1754,
    "page_height": 1241,
    "page_no": 9
  },
  {
    "question": "10",
    "text": "10",
    "x": 164,
    "y": 623,
    "page_width": 1754,
    "page_height": 1241,
    "page_no": 9
  },
  {
    "question": "11",
    "text": "11",
    "x": 164,
    "y": 186,
    "page_width": 1754,
    "page_height": 1241,
    "page_no": 10
  },
  {
    "question": "12",
    "text": "12",
    "x": 164,
    "y": 537,
    "page_width": 1754,
    "page_height": 1241,
    "page_no": 10
  },
  {
    "question": "13",
    "text": "13",
    "x": 164,
    "y": 916,
    "page_width": 1754,
    "page_height": 1241,
    "page_no": 10
  },
  {
    "question": "14",
    "text": "14",
    "x": 164,
    "y": 186,
    "page_width": 1754,
    "page_height": 1241,
    "page_no": 11
  },
  {
    "question": "15",
    "text": "15",
    "x": 164,
    "y": 508,
    "page_width": 1754,
    "page_height": 1241,
    "page_no": 11
  },
  {
    "question": "16",
    "text": "16",
    "x": 164,
    "y": 801,
    "page_width": 1754,
    "page_height": 1241,
    "page_no": 11
  },
  {
    "question": "17",
    "text": "17",
    "x": 164,
    "y": 186,
    "page_width": 1754,
    "page_height": 1241,
    "page_no": 12
  },
  {
    "question": "22",
    "text": "22a",
    "x": 162,
    "y": 235,
    "page_width": 1754,
    "page_height": 1241,
    "page_no": 33
  },
  {
    "question": "22",
    "text": "22b",
    "x": 162,
    "y": 856,
    "page_width": 1754,
    "page_height": 1241,
    "page_no": 34
  },
  {
    "question": "18",
    "text": "18a",
    "x": 119,
    "y": 241,
    "page_width": 1754,
    "page_height": 1241,
    "page_no": 13
  },
  {
    "question": "18",
    "text": "18b",
    "x": 119,
    "y": 184,
    "page_width": 1754,
    "page_height": 1241,
    "page_no": 15
  },
  {
    "question": "18",
    "text": "18c",
    "x": 119,
    "y": 212,
    "page_width": 1754,
    "page_height": 1241,
    "page_no": 17
  },
  {
    "question": "19",
    "text": "19a",
    "x": 119,
    "y": 241,
    "page_width": 1754,
    "page_height": 1241,
    "page_no": 18
  },
  {
    "question": "19",
    "text": "19bi",
    "x": 119,
    "y": 241,
    "page_width": 1754,
    "page_height": 1241,
    "page_no": 19
  },
  {
    "question": "19",
    "text": "19bii",
    "x": 119,
    "y": 626,
    "page_width": 1754,
    "page_height": 1241,
    "page_no": 19
  },
  {
    "question": "19",
    "text": "19biii_",
    "x": 119,
    "y": 184,
    "page_width": 1754,
    "page_height": 1241,
    "page_no": 20
  },
  {
    "question": "19",
    "text": "19ci",
    "x": 119,
    "y": 184,
    "page_width": 1754,
    "page_height": 1241,
    "page_no": 21
  },
  {
    "question": "19",
    "text": "19cii",
    "x": 119,
    "y": 241,
    "page_width": 1754,
    "page_height": 1241,
    "page_no": 22
  },
  {
    "question": "20",
    "text": "20ai",
    "x": 118,
    "y": 241,
    "page_width": 1754,
    "page_height": 1241,
    "page_no": 23
  },
  {
    "question": "20",
    "text": "20aii",
    "x": 118,
    "y": 236,
    "page_width": 1754,
    "page_height": 1241,
    "page_no": 24
  },
  {
    "question": "20",
    "text": "20aiii",
    "x": 118,
    "y": 721,
    "page_width": 1754,
    "page_height": 1241,
    "page_no": 24
  },
  {
    "question": "20",
    "text": "20bi",
    "x": 118,
    "y": 263,
    "page_width": 1754,
    "page_height": 1241,
    "page_no": 25
  },
  {
    "question": "20",
    "text": "20bii",
    "x": 118,
    "y": 745,
    "page_width": 1754,
    "page_height": 1241,
    "page_no": 25
  },
  {
    "question": "20",
    "text": "20c",
    "x": 118,
    "y": 299,
    "page_width": 1754,
    "page_height": 1241,
    "page_no": 26
  },
  {
    "question": "20",
    "text": "20di",
    "x": 118,
    "y": 733,
    "page_width": 1754,
    "page_height": 1241,
    "page_no": 26
  },
  {
    "question": "20",
    "text": "20dii",
    "x": 118,
    "y": 212,
    "page_width": 1754,
    "page_height": 1241,
    "page_no": 27
  },
  {
    "question": "20",
    "text": "20e",
    "x": 118,
    "y": 733,
    "page_width": 1754,
    "page_height": 1241,
    "page_no": 27
  },
  {
    "question": "20",
    "text": "20eii",
    "x": 118,
    "y": 180,
    "page_width": 1754,
    "page_height": 1241,
    "page_no": 28
  },
  {
    "question": "20",
    "text": "20eiii",
    "x": 118,
    "y": 482,
    "page_width": 1754,
    "page_height": 1241,
    "page_no": 28
  },
  {
    "question": "20",
    "text": "20eiv",
    "x": 118,
    "y": 768,
    "page_width": 1754,
    "page_height": 1241,
    "page_no": 28
  },
  {
    "question": "20",
    "text": "20ev",
    "x": 118,
    "y": 184,
    "page_width": 1754,
    "page_height": 1241,
    "page_no": 29
  },
  {
    "question": "21",
    "text": "21a",
    "x": 118,
    "y": 270,
    "page_width": 1754,
    "page_height": 1241,
    "page_no": 30
  },
  {
    "question": "21",
    "text": "21bi",
    "x": 117,
    "y": 184,
    "page_width": 1754,
    "page_height": 1241,
    "page_no": 31
  },
  {
    "question": "21",
    "text": "21bii",
    "x": 118,
    "y": 270,
    "page_width": 1754,
    "page_height": 1241,
    "page_no": 32
  }
]