[
  {
    "question": "7",
    "text": "7",
    "x": 148,
    "y": 234,
    "page_width": 1241,
    "page_height": 1754,
    "page_no": 6
  },
  {
    "question": "7",
    "text": "7",
    "x": 148,
    "y": 217,
    "page_width": 1241,
    "page_height": 1754,
    "page_no": 7
  },
  {
    "question": "7",
    "text": "7c",
    "x": 148,
    "y": 217,
    "page_width": 1241,
    "page_height": 1754,
    "page_no": 8
  },
  {
    "question": "7",
    "text": "7d",
    "x": 148,
    "y": 216,
    "page_width": 1241,
    "page_height": 1754,
    "page_no": 9
  },
  {
    "question": "7",
    "text": "7e",
    "x": 148,
    "y": 220,
    "page_width": 1241,
    "page_height": 1754,
    "page_no": 11
  },
  {
    "question": "8",
    "text": "8",
    "x": 149,
    "y": 236,
    "page_width": 1241,
    "page_height": 1754,
    "page_no": 14
  },
  {
    "question": "9",
    "text": "9",
    "x": 148,
    "y": 224,
    "page_width": 1241,
    "page_height": 1754,
    "page_no": 17
  },
  {
    "question": "10",
    "text": "10",
    "x": 150,
    "y": 219,
    "page_width": 1241,
    "page_height": 1754,
    "page_no": 20
  }
]