[
  {
    "question": 0,
    "x": 78,
    "y": 1584,
    "page_no": 14,
    "page_width": 1241,
    "page_height": 1754
  },
  {
    "question": 9,
    "x": 94,
    "y": 1003,
    "page_no": 6,
    "page_width": 1241,
    "page_height": 1754
  },
  {
    "question": 8,
    "x": 90,
    "y": 902,
    "page_no": 6,
    "page_width": 1241,
    "page_height": 1754
  },
  {
    "question": 7,
    "x": 92,
    "y": 796,
    "page_no": 6,
    "page_width": 1241,
    "page_height": 1754
  },
  {
    "question": 6,
    "x": 89,
    "y": 686,
    "page_no": 6,
    "page_width": 1241,
    "page_height": 1754
  },
  {
    "question": 5,
    "x": 90,
    "y": 577,
    "page_no": 6,
    "page_width": 1241,
    "page_height": 1754
  },
  {
    "question": 4,
    "x": 90,
    "y": 472,
    "page_no": 6,
    "page_width": 1241,
    "page_height": 1754
  },
  {
    "question": 3,
    "x": 90,
    "y": 370,
    "page_no": 6,
    "page_width": 1241,
    "page_height": 1754
  },
  {
    "question": 2,
    "x": 92,
    "y": 261,
    "page_no": 6,
    "page_width": 1241,
    "page_height": 1754
  },
  {
    "question": "1",
    "text": "1",
    "x": 89,
    "y": 156,
    "page_width": 1241,
    "page_height": 1754,
    "page_no": 6
  },
  {
    "question": "10",
    "text": "10",
    "x": 89,
    "y": 1113,
    "page_width": 1241,
    "page_height": 1754,
    "page_no": 6
  },
  {
    "question": "11",
    "text": "11a",
    "x": 89,
    "y": 136,
    "page_width": 1241,
    "page_height": 1754,
    "page_no": 7
  },
  {
    "question": "12",
    "text": "12a",
    "x": 89,
    "y": 135,
    "page_width": 1241,
    "page_height": 1754,
    "page_no": 8
  },
  {
    "question": "13",
    "text": "13ai",
    "x": 89,
    "y": 135,
    "page_width": 1241,
    "page_height": 1754,
    "page_no": 9
  },
  {
    "question": "14",
    "text": "14a",
    "x": 89,
    "y": 135,
    "page_width": 1241,
    "page_height": 1754,
    "page_no": 10
  },
  {
    "question": "15",
    "text": "15",
    "x": 88,
    "y": 172,
    "page_width": 1241,
    "page_height": 1754,
    "page_no": 11
  },
  {
    "question": "16",
    "text": "16a",
    "x": 89,
    "y": 136,
    "page_width": 1241,
    "page_height": 1754,
    "page_no": 12
  },
  {
    "question": "17",
    "text": "17a",
    "x": 89,
    "y": 136,
    "page_width": 1241,
    "page_height": 1754,
    "page_no": 13
  },
  {
    "question": "18",
    "text": "18a",
    "x": 89,
    "y": 135,
    "page_width": 1241,
    "page_height": 1754,
    "page_no": 14
  },
  {
    "question": "18",
    "text": "18ciii",
    "x": 89,
    "y": 1251,
    "page_width": 1241,
    "page_height": 1754,
    "page_no": 14
  }
]