[
  {
    "question": "1",
    "text": "1a",
    "x": 153,
    "y": 195,
    "page_width": 1755,
    "page_height": 1241,
    "page_no": 4
  },
  {
    "question": "1",
    "text": "1b",
    "x": 153,
    "y": 521,
    "page_width": 1755,
    "page_height": 1241,
    "page_no": 4
  },
  {
    "question": "1",
    "text": "1c",
    "x": 153,
    "y": 169,
    "page_width": 1755,
    "page_height": 1241,
    "page_no": 5
  },
  {
    "question": "2",
    "text": "2ai",
    "x": 151,
    "y": 661,
    "page_width": 1755,
    "page_height": 1241,
    "page_no": 5
  },
  {
    "question": "2",
    "text": "2aii",
    "x": 151,
    "y": 168,
    "page_width": 1755,
    "page_height": 1241,
    "page_no": 6
  },
  {
    "question": "2",
    "text": "2b",
    "x": 151,
    "y": 521,
    "page_width": 1755,
    "page_height": 1241,
    "page_no": 6
  },
  {
    "question": "3",
    "text": "3a",
    "x": 151,
    "y": 168,
    "page_width": 1755,
    "page_height": 1241,
    "page_no": 7
  },
  {
    "question": "3",
    "text": "3b",
    "x": 152,
    "y": 168,
    "page_width": 1755,
    "page_height": 1241,
    "page_no": 8
  },
  {
    "question": "3",
    "text": "3c",
    "x": 152,
    "y": 168,
    "page_width": 1755,
    "page_height": 1241,
    "page_no": 9
  },
  {
    "question": "5",
    "text": "5a",
    "x": 152,
    "y": 580,
    "page_width": 1755,
    "page_height": 1241,
    "page_no": 13
  },
  {
    "question": "5",
    "text": "5bi",
    "x": 152,
    "y": 164,
    "page_width": 1755,
    "page_height": 1241,
    "page_no": 14
  },
  {
    "question": "5",
    "text": "5bii",
    "x": 152,
    "y": 624,
    "page_width": 1755,
    "page_height": 1241,
    "page_no": 14
  },
  {
    "question": "5",
    "text": "5c",
    "x": 152,
    "y": 168,
    "page_width": 1755,
    "page_height": 1241,
    "page_no": 15
  },
  {
    "question": "6",
    "text": "6ai",
    "x": 151,
    "y": 605,
    "page_width": 1755,
    "page_height": 1241,
    "page_no": 15
  },
  {
    "question": "6",
    "text": "6aii",
    "x": 151,
    "y": 194,
    "page_width": 1755,
    "page_height": 1241,
    "page_no": 16
  },
  {
    "question": "6",
    "text": "6aiii",
    "x": 151,
    "y": 757,
    "page_width": 1755,
    "page_height": 1241,
    "page_no": 16
  },
  {
    "question": "6",
    "text": "6bi",
    "x": 151,
    "y": 194,
    "page_width": 1755,
    "page_height": 1241,
    "page_no": 17
  },
  {
    "question": "6",
    "text": "6bii",
    "x": 151,
    "y": 411,
    "page_width": 1755,
    "page_height": 1241,
    "page_no": 17
  },
  {
    "question": "6",
    "text": "6b",
    "x": 151,
    "y": 168,
    "page_width": 1755,
    "page_height": 1241,
    "page_no": 18
  },
  {
    "question": "7",
    "text": "7bi",
    "x": 151,
    "y": 190,
    "page_width": 1755,
    "page_height": 1241,
    "page_no": 20
  },
  {
    "question": "7",
    "text": "7bii",
    "x": 151,
    "y": 738,
    "page_width": 1755,
    "page_height": 1241,
    "page_no": 20
  },
  {
    "question": "8",
    "text": "8ai",
    "x": 151,
    "y": 192,
    "page_width": 1755,
    "page_height": 1241,
    "page_no": 21
  },
  {
    "question": "8",
    "text": "8aii",
    "x": 151,
    "y": 546,
    "page_width": 1755,
    "page_height": 1241,
    "page_no": 21
  },
  {
    "question": "8",
    "text": "8b",
    "x": 151,
    "y": 168,
    "page_width": 1755,
    "page_height": 1241,
    "page_no": 22
  },
  {
    "question": "8",
    "text": "8ci",
    "x": 151,
    "y": 708,
    "page_width": 1755,
    "page_height": 1241,
    "page_no": 22
  },
  {
    "question": "8",
    "text": "8cii",
    "x": 151,
    "y": 194,
    "page_width": 1755,
    "page_height": 1241,
    "page_no": 23
  },
  {
    "question": "8",
    "text": "8ciii",
    "x": 151,
    "y": 867,
    "page_width": 1755,
    "page_height": 1241,
    "page_no": 23
  },
  {
    "question": "8",
    "text": "8civ",
    "x": 151,
    "y": 196,
    "page_width": 1755,
    "page_height": 1241,
    "page_no": 24
  }
]