[
  {
    "question": 0,
    "x": 101,
    "y": 1035,
    "page_no": 9,
    "page_width": 1241,
    "page_height": 1754
  },
  {
    "question": 3,
    "x": 117,
    "y": 151,
    "page_no": 6,
    "page_width": 1241,
    "page_height": 1754
  },
  {
    "question": 2,
    "x": 118,
    "y": 154,
    "page_no": 5,
    "page_width": 1241,
    "page_height": 1754
  },
  {
    "question": 1,
    "x": 118,
    "y": 177,
    "page_no": 4,
    "page_width": 1241,
    "page_height": 1754
  },
  {
    "question": "4",
    "text": "4ai",
    "x": 112,
    "y": 153,
    "page_width": 1241,
    "page_height": 1754,
    "page_no": 7
  },
  {
    "question": "4",
    "text": "4aiv",
    "x": 112,
    "y": 468,
    "page_width": 1241,
    "page_height": 1754,
    "page_no": 8
  }
]