[
  {
    "question": "1",
    "text": "1a",
    "x": 103,
    "y": 278,
    "page_width": 1241,
    "page_height": 1754,
    "page_no": 5
  },
  {
    "question": "1",
    "text": "1bi",
    "x": 107,
    "y": 637,
    "page_width": 1241,
    "page_height": 1754,
    "page_no": 5
  },
  {
    "question": "2",
    "text": "2di",
    "x": 102,
    "y": 547,
    "page_width": 1241,
    "page_height": 1754,
    "page_no": 8
  },
  {
    "question": "2",
    "text": "2dii",
    "x": 102,
    "y": 1185,
    "page_width": 1241,
    "page_height": 1754,
    "page_no": 8
  },
  {
    "question": "4",
    "text": "4b",
    "x": 102,
    "y": 226,
    "page_width": 1241,
    "page_height": 1754,
    "page_no": 13
  },
  {
    "question": "2",
    "text": "2b",
    "x": 160,
    "y": 226,
    "page_width": 1241,
    "page_height": 1754,
    "page_no": 7
  },
  {
    "question": "2",
    "text": "2ci",
    "x": 160,
    "y": 780,
    "page_width": 1241,
    "page_height": 1754,
    "page_no": 7
  },
  {
    "question": "3",
    "text": "3a",
    "x": 160,
    "y": 247,
    "page_width": 1241,
    "page_height": 1754,
    "page_no": 9
  },
  {
    "question": "3",
    "text": "3b",
    "x": 161,
    "y": 638,
    "page_width": 1241,
    "page_height": 1754,
    "page_no": 9
  },
  {
    "question": "3",
    "text": "3c",
    "x": 160,
    "y": 1152,
    "page_width": 1241,
    "page_height": 1754,
    "page_no": 9
  },
  {
    "question": "3",
    "text": "3di",
    "x": 160,
    "y": 226,
    "page_width": 1241,
    "page_height": 1754,
    "page_no": 10
  },
  {
    "question": "3",
    "text": "3d",
    "x": 160,
    "y": 741,
    "page_width": 1241,
    "page_height": 1754,
    "page_no": 10
  },
  {
    "question": "3",
    "text": "3f",
    "x": 160,
    "y": 847,
    "page_width": 1241,
    "page_height": 1754,
    "page_no": 11
  },
  {
    "question": "4",
    "text": "4a",
    "x": 159,
    "y": 255,
    "page_width": 1241,
    "page_height": 1754,
    "page_no": 12
  },
  {
    "question": "4",
    "text": "4c",
    "x": 159,
    "y": 253,
    "page_width": 1241,
    "page_height": 1754,
    "page_no": 14
  },
  {
    "question": "4",
    "text": "4d",
    "x": 159,
    "y": 857,
    "page_width": 1241,
    "page_height": 1754,
    "page_no": 14
  }
]