[
  {
    "question": "1",
    "text": "1.",
    "x": 90,
    "y": 130,
    "page_width": 1241,
    "page_height": 1754,
    "page_no": 2
  },
  {
    "question": "2",
    "text": "2.",
    "x": 89,
    "y": 130,
    "page_width": 1241,
    "page_height": 1754,
    "page_no": 6
  },
  {
    "question": "3",
    "text": "3.",
    "x": 89,
    "y": 130,
    "page_width": 1241,
    "page_height": 1754,
    "page_no": 10
  },
  {
    "question": "4",
    "text": "4.",
    "x": 89,
    "y": 130,
    "page_width": 1241,
    "page_height": 1754,
    "page_no": 12
  },
  {
    "question": "5",
    "text": "5.",
    "x": 89,
    "y": 130,
    "page_width": 1241,
    "page_height": 1754,
    "page_no": 16
  },
  {
    "question": "6",
    "text": "6.",
    "x": 89,
    "y": 130,
    "page_width": 1241,
    "page_height": 1754,
    "page_no": 20
  },
  {
    "question": "2",
    "text": "2K",
    "x": 11,
    "y": 418,
    "page_width": 1241,
    "page_height": 1754,
    "page_no": 7
  },
  {
    "question": "28",
    "text": "28",
    "x": 11,
    "y": 482,
    "page_width": 1241,
    "page_height": 1754,
    "page_no": 7
  },
  {
    "question": "00",
    "text": "00",
    "x": 11,
    "y": 1140,
    "page_width": 1241,
    "page_height": 1754,
    "page_no": 7
  },
  {
    "question": "30",
    "text": "3098",
    "x": 11,
    "y": 1375,
    "page_width": 1241,
    "page_height": 1754,
    "page_no": 7
  }
]