[
  {
    "question": "1",
    "text": "1a",
    "x": 164,
    "y": 206,
    "page_width": 1755,
    "page_height": 1241,
    "page_no": 5
  },
  {
    "question": "1",
    "text": "1b",
    "x": 164,
    "y": 514,
    "page_width": 1755,
    "page_height": 1241,
    "page_no": 5
  },
  {
    "question": "1",
    "text": "1c",
    "x": 164,
    "y": 821,
    "page_width": 1755,
    "page_height": 1241,
    "page_no": 5
  },
  {
    "question": "2",
    "text": "2",
    "x": 162,
    "y": 164,
    "page_width": 1755,
    "page_height": 1241,
    "page_no": 6
  },
  {
    "question": "3",
    "text": "3",
    "x": 162,
    "y": 471,
    "page_width": 1755,
    "page_height": 1241,
    "page_no": 6
  },
  {
    "question": "4",
    "text": "4",
    "x": 162,
    "y": 778,
    "page_width": 1755,
    "page_height": 1241,
    "page_no": 6
  },
  {
    "question": "5",
    "text": "5",
    "x": 162,
    "y": 164,
    "page_width": 1755,
    "page_height": 1241,
    "page_no": 7
  },
  {
    "question": "6",
    "text": "6",
    "x": 162,
    "y": 471,
    "page_width": 1755,
    "page_height": 1241,
    "page_no": 7
  },
  {
    "question": "7",
    "text": "7",
    "x": 162,
    "y": 778,
    "page_width": 1755,
    "page_height": 1241,
    "page_no": 7
  },
  {
    "question": "8",
    "text": "8",
    "x": 162,
    "y": 164,
    "page_width": 1755,
    "page_height": 1241,
    "page_no": 8
  },
  {
    "question": "9",
    "text": "9a",
    "x": 162,
    "y": 471,
    "page_width": 1755,
    "page_height": 1241,
    "page_no": 8
  },
  {
    "question": "9",
    "text": "9b",
    "x": 162,
    "y": 778,
    "page_width": 1755,
    "page_height": 1241,
    "page_no": 8
  },
  {
    "question": "10",
    "text": "10a",
    "x": 164,
    "y": 164,
    "page_width": 1755,
    "page_height": 1241,
    "page_no": 9
  },
  {
    "question": "10",
    "text": "10b",
    "x": 164,
    "y": 634,
    "page_width": 1755,
    "page_height": 1241,
    "page_no": 9
  },
  {
    "question": "11",
    "text": "11a",
    "x": 164,
    "y": 164,
    "page_width": 1755,
    "page_height": 1241,
    "page_no": 10
  },
  {
    "question": "11",
    "text": "11b",
    "x": 164,
    "y": 471,
    "page_width": 1755,
    "page_height": 1241,
    "page_no": 10
  },
  {
    "question": "12",
    "text": "12",
    "x": 164,
    "y": 778,
    "page_width": 1755,
    "page_height": 1241,
    "page_no": 10
  },
  {
    "question": "13",
    "text": "13",
    "x": 164,
    "y": 164,
    "page_width": 1755,
    "page_height": 1241,
    "page_no": 11
  },
  {
    "question": "14",
    "text": "14",
    "x": 164,
    "y": 496,
    "page_width": 1755,
    "page_height": 1241,
    "page_no": 11
  },
  {
    "question": "15",
    "text": "15",
    "x": 164,
    "y": 805,
    "page_width": 1755,
    "page_height": 1241,
    "page_no": 11
  },
  {
    "question": "16",
    "text": "16ai",
    "x": 149,
    "y": 202,
    "page_width": 1755,
    "page_height": 1241,
    "page_no": 12
  },
  {
    "question": "16",
    "text": "16aii",
    "x": 149,
    "y": 600,
    "page_width": 1755,
    "page_height": 1241,
    "page_no": 12
  },
  {
    "question": "16",
    "text": "16aiii_",
    "x": 149,
    "y": 148,
    "page_width": 1755,
    "page_height": 1241,
    "page_no": 13
  },
  {
    "question": "16",
    "text": "16aiv",
    "x": 149,
    "y": 149,
    "page_width": 1755,
    "page_height": 1241,
    "page_no": 14
  },
  {
    "question": "16",
    "text": "16bi",
    "x": 149,
    "y": 731,
    "page_width": 1755,
    "page_height": 1241,
    "page_no": 14
  },
  {
    "question": "16",
    "text": "16bii",
    "x": 149,
    "y": 144,
    "page_width": 1755,
    "page_height": 1241,
    "page_no": 15
  },
  {
    "question": "16",
    "text": "16b",
    "x": 148,
    "y": 569,
    "page_width": 1755,
    "page_height": 1241,
    "page_no": 15
  },
  {
    "question": "16",
    "text": "16biv",
    "x": 148,
    "y": 148,
    "page_width": 1755,
    "page_height": 1241,
    "page_no": 16
  },
  {
    "question": "16",
    "text": "16c",
    "x": 149,
    "y": 149,
    "page_width": 1755,
    "page_height": 1241,
    "page_no": 17
  },
  {
    "question": "17",
    "text": "17a",
    "x": 148,
    "y": 202,
    "page_width": 1755,
    "page_height": 1241,
    "page_no": 18
  },
  {
    "question": "17",
    "text": "17bi",
    "x": 149,
    "y": 175,
    "page_width": 1755,
    "page_height": 1241,
    "page_no": 19
  },
  {
    "question": "17",
    "text": "17bii",
    "x": 149,
    "y": 516,
    "page_width": 1755,
    "page_height": 1241,
    "page_no": 19
  },
  {
    "question": "17",
    "text": "17biii",
    "x": 149,
    "y": 148,
    "page_width": 1755,
    "page_height": 1241,
    "page_no": 20
  },
  {
    "question": "17",
    "text": "17@i",
    "x": 148,
    "y": 175,
    "page_width": 1755,
    "page_height": 1241,
    "page_no": 21
  },
  {
    "question": "17",
    "text": "17\u00a2ii",
    "x": 149,
    "y": 168,
    "page_width": 1755,
    "page_height": 1241,
    "page_no": 22
  },
  {
    "question": "17",
    "text": "17ai",
    "x": 149,
    "y": 148,
    "page_width": 1755,
    "page_height": 1241,
    "page_no": 23
  },
  {
    "question": "17",
    "text": "17dii",
    "x": 149,
    "y": 806,
    "page_width": 1755,
    "page_height": 1241,
    "page_no": 23
  },
  {
    "question": "18",
    "text": "18",
    "x": 149,
    "y": 174,
    "page_width": 1755,
    "page_height": 1241,
    "page_no": 24
  },
  {
    "question": "19",
    "text": "19ai",
    "x": 149,
    "y": 176,
    "page_width": 1755,
    "page_height": 1241,
    "page_no": 26
  },
  {
    "question": "19",
    "text": "19aii",
    "x": 148,
    "y": 569,
    "page_width": 1755,
    "page_height": 1241,
    "page_no": 26
  },
  {
    "question": "19",
    "text": "19aiii",
    "x": 149,
    "y": 144,
    "page_width": 1755,
    "page_height": 1241,
    "page_no": 27
  },
  {
    "question": "19",
    "text": "19b",
    "x": 149,
    "y": 148,
    "page_width": 1755,
    "page_height": 1241,
    "page_no": 30
  },
  {
    "question": "20",
    "text": "20ai",
    "x": 147,
    "y": 201,
    "page_width": 1755,
    "page_height": 1241,
    "page_no": 31
  },
  {
    "question": "20",
    "text": "20aii",
    "x": 147,
    "y": 830,
    "page_width": 1755,
    "page_height": 1241,
    "page_no": 31
  },
  {
    "question": "20",
    "text": "20aiii",
    "x": 147,
    "y": 223,
    "page_width": 1755,
    "page_height": 1241,
    "page_no": 32
  },
  {
    "question": "21",
    "text": "21aji",
    "x": 147,
    "y": 202,
    "page_width": 1755,
    "page_height": 1241,
    "page_no": 35
  },
  {
    "question": "21",
    "text": "21aii",
    "x": 147,
    "y": 652,
    "page_width": 1755,
    "page_height": 1241,
    "page_no": 35
  },
  {
    "question": "21",
    "text": "21aiii",
    "x": 147,
    "y": 144,
    "page_width": 1755,
    "page_height": 1241,
    "page_no": 36
  },
  {
    "question": "21",
    "text": "21bi",
    "x": 147,
    "y": 144,
    "page_width": 1755,
    "page_height": 1241,
    "page_no": 37
  },
  {
    "question": "21",
    "text": "21bii",
    "x": 147,
    "y": 806,
    "page_width": 1755,
    "page_height": 1241,
    "page_no": 37
  },
  {
    "question": "21",
    "text": "21\u00a2",
    "x": 147,
    "y": 148,
    "page_width": 1755,
    "page_height": 1241,
    "page_no": 38
  },
  {
    "question": "21",
    "text": "21\u00a2ii",
    "x": 147,
    "y": 171,
    "page_width": 1755,
    "page_height": 1241,
    "page_no": 39
  },
  {
    "question": "21",
    "text": "21ciii",
    "x": 147,
    "y": 616,
    "page_width": 1755,
    "page_height": 1241,
    "page_no": 39
  }
]