[
  {
    "question": 0,
    "x": 129,
    "y": 1605,
    "page_no": 15,
    "page_width": 1241,
    "page_height": 1754
  },
  {
    "question": 9,
    "x": 143,
    "y": 368,
    "page_no": 8,
    "page_width": 1241,
    "page_height": 1754
  },
  {
    "question": 8,
    "x": 141,
    "y": 95,
    "page_no": 8,
    "page_width": 1241,
    "page_height": 1754
  },
  {
    "question": 7,
    "x": 141,
    "y": 1240,
    "page_no": 7,
    "page_width": 1241,
    "page_height": 1754
  },
  {
    "question": 6,
    "x": 141,
    "y": 1058,
    "page_no": 7,
    "page_width": 1241,
    "page_height": 1754
  },
  {
    "question": 5,
    "x": 143,
    "y": 844,
    "page_no": 7,
    "page_width": 1241,
    "page_height": 1754
  },
  {
    "question": 4,
    "x": 143,
    "y": 688,
    "page_no": 7,
    "page_width": 1241,
    "page_height": 1754
  },
  {
    "question": 3,
    "x": 145,
    "y": 500,
    "page_no": 7,
    "page_width": 1241,
    "page_height": 1754
  },
  {
    "question": 2,
    "x": 143,
    "y": 310,
    "page_no": 7,
    "page_width": 1241,
    "page_height": 1754
  },
  {
    "question": "1",
    "text": "1",
    "x": 144,
    "y": 154,
    "page_width": 1241,
    "page_height": 1754,
    "page_no": 7
  },
  {
    "question": "10",
    "text": "10",
    "x": 144,
    "y": 523,
    "page_width": 1241,
    "page_height": 1754,
    "page_no": 8
  },
  {
    "question": "11",
    "text": "11a",
    "x": 144,
    "y": 844,
    "page_width": 1241,
    "page_height": 1754,
    "page_no": 8
  },
  {
    "question": "12",
    "text": "12",
    "x": 144,
    "y": 1064,
    "page_width": 1241,
    "page_height": 1754,
    "page_no": 8
  },
  {
    "question": "13",
    "text": "13a",
    "x": 144,
    "y": 191,
    "page_width": 1241,
    "page_height": 1754,
    "page_no": 9
  },
  {
    "question": "14",
    "text": "14a",
    "x": 144,
    "y": 196,
    "page_width": 1241,
    "page_height": 1754,
    "page_no": 10
  },
  {
    "question": "15",
    "text": "15a",
    "x": 144,
    "y": 166,
    "page_width": 1241,
    "page_height": 1754,
    "page_no": 11
  },
  {
    "question": "16",
    "text": "16a",
    "x": 144,
    "y": 165,
    "page_width": 1241,
    "page_height": 1754,
    "page_no": 12
  },
  {
    "question": "17",
    "text": "17a",
    "x": 144,
    "y": 166,
    "page_width": 1241,
    "page_height": 1754,
    "page_no": 13
  },
  {
    "question": "18",
    "text": "18ai",
    "x": 144,
    "y": 165,
    "page_width": 1241,
    "page_height": 1754,
    "page_no": 14
  },
  {
    "question": "19",
    "text": "19a",
    "x": 144,
    "y": 165,
    "page_width": 1241,
    "page_height": 1754,
    "page_no": 15
  },
  {
    "question": "19",
    "text": "19c",
    "x": 144,
    "y": 940,
    "page_width": 1241,
    "page_height": 1754,
    "page_no": 15
  }
]