[
  {
    "question": 0,
    "x": 175,
    "y": 1488,
    "page_no": 13,
    "page_width": 1275,
    "page_height": 1650
  },
  {
    "question": 4,
    "x": 190,
    "y": 142,
    "page_no": 11,
    "page_width": 1275,
    "page_height": 1650
  },
  {
    "question": 3,
    "x": 205,
    "y": 137,
    "page_no": 9,
    "page_width": 1275,
    "page_height": 1650
  },
  {
    "question": 2,
    "x": 205,
    "y": 137,
    "page_no": 8,
    "page_width": 1275,
    "page_height": 1650
  },
  {
    "question": 1,
    "x": 206,
    "y": 130,
    "page_no": 7,
    "page_width": 1275,
    "page_height": 1650
  },
  {
    "question": "4",
    "text": "4.5",
    "x": 165,
    "y": 610,
    "page_width": 1275,
    "page_height": 1650,
    "page_no": 5
  }
]