[
  {
    "question": "1",
    "text": "1ayi",
    "x": 165,
    "y": 215,
    "page_width": 1755,
    "page_height": 1241,
    "page_no": 4
  },
  {
    "question": "1",
    "text": "1ayii",
    "x": 165,
    "y": 593,
    "page_width": 1755,
    "page_height": 1241,
    "page_no": 4
  },
  {
    "question": "4",
    "text": "4aiii",
    "x": 165,
    "y": 250,
    "page_width": 1755,
    "page_height": 1241,
    "page_no": 5
  },
  {
    "question": "1",
    "text": "1aiv",
    "x": 165,
    "y": 628,
    "page_width": 1755,
    "page_height": 1241,
    "page_no": 5
  },
  {
    "question": "1",
    "text": "1b",
    "x": 165,
    "y": 248,
    "page_width": 1755,
    "page_height": 1241,
    "page_no": 6
  },
  {
    "question": "1",
    "text": "1",
    "x": 166,
    "y": 267,
    "page_width": 1755,
    "page_height": 1241,
    "page_no": 13
  },
  {
    "question": "2",
    "text": "2a",
    "x": 164,
    "y": 666,
    "page_width": 1755,
    "page_height": 1241,
    "page_no": 6
  },
  {
    "question": "2",
    "text": "2bi",
    "x": 164,
    "y": 243,
    "page_width": 1755,
    "page_height": 1241,
    "page_no": 7
  },
  {
    "question": "2",
    "text": "2bii",
    "x": 164,
    "y": 666,
    "page_width": 1755,
    "page_height": 1241,
    "page_no": 7
  },
  {
    "question": "3",
    "text": "3a",
    "x": 164,
    "y": 279,
    "page_width": 1755,
    "page_height": 1241,
    "page_no": 8
  },
  {
    "question": "3",
    "text": "3bi",
    "x": 164,
    "y": 806,
    "page_width": 1755,
    "page_height": 1241,
    "page_no": 8
  },
  {
    "question": "3",
    "text": "3bii",
    "x": 164,
    "y": 243,
    "page_width": 1755,
    "page_height": 1241,
    "page_no": 9
  },
  {
    "question": "3",
    "text": "3c",
    "x": 164,
    "y": 702,
    "page_width": 1755,
    "page_height": 1241,
    "page_no": 9
  },
  {
    "question": "4",
    "text": "4ayi",
    "x": 164,
    "y": 279,
    "page_width": 1755,
    "page_height": 1241,
    "page_no": 10
  },
  {
    "question": "4",
    "text": "4aii",
    "x": 164,
    "y": 656,
    "page_width": 1755,
    "page_height": 1241,
    "page_no": 10
  },
  {
    "question": "4",
    "text": "4aiii",
    "x": 164,
    "y": 279,
    "page_width": 1755,
    "page_height": 1241,
    "page_no": 11
  },
  {
    "question": "4",
    "text": "4aiv",
    "x": 164,
    "y": 656,
    "page_width": 1755,
    "page_height": 1241,
    "page_no": 11
  },
  {
    "question": "4",
    "text": "4b",
    "x": 164,
    "y": 248,
    "page_width": 1755,
    "page_height": 1241,
    "page_no": 12
  },
  {
    "question": "2",
    "text": "2",
    "x": 164,
    "y": 454,
    "page_width": 1755,
    "page_height": 1241,
    "page_no": 13
  },
  {
    "question": "3",
    "text": "3",
    "x": 164,
    "y": 580,
    "page_width": 1755,
    "page_height": 1241,
    "page_no": 13
  },
  {
    "question": "5",
    "text": "5a",
    "x": 164,
    "y": 249,
    "page_width": 1755,
    "page_height": 1241,
    "page_no": 14
  },
  {
    "question": "5",
    "text": "5b",
    "x": 164,
    "y": 656,
    "page_width": 1755,
    "page_height": 1241,
    "page_no": 14
  },
  {
    "question": "5",
    "text": "5c",
    "x": 164,
    "y": 229,
    "page_width": 1755,
    "page_height": 1241,
    "page_no": 15
  },
  {
    "question": "6",
    "text": "6a",
    "x": 164,
    "y": 219,
    "page_width": 1755,
    "page_height": 1241,
    "page_no": 16
  },
  {
    "question": "6",
    "text": "6b",
    "x": 164,
    "y": 722,
    "page_width": 1755,
    "page_height": 1241,
    "page_no": 16
  },
  {
    "question": "6",
    "text": "6c",
    "x": 164,
    "y": 222,
    "page_width": 1755,
    "page_height": 1241,
    "page_no": 17
  },
  {
    "question": "6",
    "text": "6d",
    "x": 164,
    "y": 667,
    "page_width": 1755,
    "page_height": 1241,
    "page_no": 17
  },
  {
    "question": "7",
    "text": "7ai",
    "x": 164,
    "y": 217,
    "page_width": 1755,
    "page_height": 1241,
    "page_no": 18
  },
  {
    "question": "7",
    "text": "7aii",
    "x": 164,
    "y": 214,
    "page_width": 1755,
    "page_height": 1241,
    "page_no": 19
  },
  {
    "question": "7",
    "text": "7bi",
    "x": 164,
    "y": 660,
    "page_width": 1755,
    "page_height": 1241,
    "page_no": 19
  },
  {
    "question": "7",
    "text": "7bii",
    "x": 164,
    "y": 244,
    "page_width": 1755,
    "page_height": 1241,
    "page_no": 20
  },
  {
    "question": "8",
    "text": "8a",
    "x": 164,
    "y": 248,
    "page_width": 1755,
    "page_height": 1241,
    "page_no": 21
  },
  {
    "question": "8",
    "text": "8b",
    "x": 164,
    "y": 599,
    "page_width": 1755,
    "page_height": 1241,
    "page_no": 21
  },
  {
    "question": "8",
    "text": "8c",
    "x": 164,
    "y": 222,
    "page_width": 1755,
    "page_height": 1241,
    "page_no": 22
  },
  {
    "question": "8",
    "text": "8d",
    "x": 164,
    "y": 636,
    "page_width": 1755,
    "page_height": 1241,
    "page_no": 22
  },
  {
    "question": "8",
    "text": "8ei",
    "x": 164,
    "y": 244,
    "page_width": 1755,
    "page_height": 1241,
    "page_no": 23
  },
  {
    "question": "8",
    "text": "8eii",
    "x": 164,
    "y": 684,
    "page_width": 1755,
    "page_height": 1241,
    "page_no": 23
  }
]