[
  {
    "question": 3,
    "x": 149,
    "y": 182,
    "page_no": 11,
    "page_width": 1359,
    "page_height": 1873
  },
  {
    "question": 0,
    "x": 162,
    "y": 1641,
    "page_no": 17,
    "page_width": 1359,
    "page_height": 1873
  },
  {
    "question": 4,
    "x": 149,
    "y": 185,
    "page_no": 15,
    "page_width": 1359,
    "page_height": 1873
  },
  {
    "question": 2,
    "x": 151,
    "y": 185,
    "page_no": 8,
    "page_width": 1359,
    "page_height": 1873
  },
  {
    "question": 1,
    "x": 155,
    "y": 249,
    "page_no": 3,
    "page_width": 1359,
    "page_height": 1873
  },
  {
    "question": 1,
    "x": 153,
    "y": 249,
    "page_no": 3,
    "page_width": 1359,
    "page_height": 1873
  }
]