[
  {
    "question": "12",
    "text": "12",
    "x": 114,
    "y": 629,
    "page_width": 1241,
    "page_height": 1754,
    "page_no": 7
  },
  {
    "question": "4",
    "text": "4",
    "x": 113,
    "y": 602,
    "page_width": 1241,
    "page_height": 1754,
    "page_no": 10
  },
  {
    "question": "12",
    "text": "12",
    "x": 114,
    "y": 1240,
    "page_width": 1241,
    "page_height": 1754,
    "page_no": 11
  },
  {
    "question": "4",
    "text": "4.5%",
    "x": 113,
    "y": 968,
    "page_width": 1241,
    "page_height": 1754,
    "page_no": 24
  },
  {
    "question": "55",
    "text": "550",
    "x": 131,
    "y": 1470,
    "page_width": 1241,
    "page_height": 1754,
    "page_no": 7
  },
  {
    "question": "12",
    "text": "12",
    "x": 133,
    "y": 1511,
    "page_width": 1241,
    "page_height": 1754,
    "page_no": 8
  },
  {
    "question": "15",
    "text": "15",
    "x": 133,
    "y": 505,
    "page_width": 1241,
    "page_height": 1754,
    "page_no": 9
  },
  {
    "question": "31",
    "text": "31Dec",
    "x": 131,
    "y": 921,
    "page_width": 1241,
    "page_height": 1754,
    "page_no": 9
  },
  {
    "question": "15",
    "text": "15",
    "x": 127,
    "y": 634,
    "page_width": 1241,
    "page_height": 1754,
    "page_no": 9
  },
  {
    "question": "31",
    "text": "31",
    "x": 125,
    "y": 347,
    "page_width": 1241,
    "page_height": 1754,
    "page_no": 10
  },
  {
    "question": "20",
    "text": "2022",
    "x": 125,
    "y": 379,
    "page_width": 1241,
    "page_height": 1754,
    "page_no": 10
  },
  {
    "question": "31",
    "text": "31",
    "x": 125,
    "y": 411,
    "page_width": 1241,
    "page_height": 1754,
    "page_no": 10
  },
  {
    "question": "20",
    "text": "2022",
    "x": 125,
    "y": 442,
    "page_width": 1241,
    "page_height": 1754,
    "page_no": 10
  }
]