[
  {
    "question": "5",
    "text": "5.",
    "x": 127,
    "y": 133,
    "page_width": 1241,
    "page_height": 1754,
    "page_no": 5
  },
  {
    "question": "6",
    "text": "6.",
    "x": 127,
    "y": 270,
    "page_width": 1241,
    "page_height": 1754,
    "page_no": 5
  },
  {
    "question": "7",
    "text": "7.",
    "x": 127,
    "y": 438,
    "page_width": 1241,
    "page_height": 1754,
    "page_no": 5
  },
  {
    "question": "8",
    "text": "8.",
    "x": 127,
    "y": 519,
    "page_width": 1241,
    "page_height": 1754,
    "page_no": 5
  },
  {
    "question": "9",
    "text": "9.",
    "x": 127,
    "y": 1142,
    "page_width": 1241,
    "page_height": 1754,
    "page_no": 5
  },
  {
    "question": "1",
    "text": "1.",
    "x": 91,
    "y": 214,
    "page_width": 1241,
    "page_height": 1754,
    "page_no": 6
  },
  {
    "question": "2",
    "text": "2.",
    "x": 90,
    "y": 408,
    "page_width": 1241,
    "page_height": 1754,
    "page_no": 6
  },
  {
    "question": "3",
    "text": "3.",
    "x": 90,
    "y": 513,
    "page_width": 1241,
    "page_height": 1754,
    "page_no": 6
  },
  {
    "question": "1",
    "text": "1.",
    "x": 91,
    "y": 721,
    "page_width": 1241,
    "page_height": 1754,
    "page_no": 6
  },
  {
    "question": "2",
    "text": "2.",
    "x": 90,
    "y": 829,
    "page_width": 1241,
    "page_height": 1754,
    "page_no": 6
  },
  {
    "question": "1",
    "text": "1@",
    "x": 154,
    "y": 147,
    "page_width": 1241,
    "page_height": 1754,
    "page_no": 7
  },
  {
    "question": "2",
    "text": "2a",
    "x": 153,
    "y": 147,
    "page_width": 1241,
    "page_height": 1754,
    "page_no": 8
  },
  {
    "question": "3",
    "text": "3",
    "x": 155,
    "y": 147,
    "page_width": 1241,
    "page_height": 1754,
    "page_no": 9
  },
  {
    "question": "4",
    "text": "4a",
    "x": 153,
    "y": 147,
    "page_width": 1241,
    "page_height": 1754,
    "page_no": 10
  },
  {
    "question": "5",
    "text": "5a",
    "x": 153,
    "y": 180,
    "page_width": 1241,
    "page_height": 1754,
    "page_no": 12
  },
  {
    "question": "8",
    "text": "8a",
    "x": 153,
    "y": 180,
    "page_width": 1241,
    "page_height": 1754,
    "page_no": 18
  },
  {
    "question": "9",
    "text": "9a",
    "x": 153,
    "y": 180,
    "page_width": 1241,
    "page_height": 1754,
    "page_no": 20
  },
  {
    "question": "2",
    "text": "2",
    "x": 145,
    "y": 1057,
    "page_width": 1241,
    "page_height": 1754,
    "page_no": 16
  },
  {
    "question": "20",
    "text": "200",
    "x": 147,
    "y": 1199,
    "page_width": 1241,
    "page_height": 1754,
    "page_no": 18
  },
  {
    "question": "60",
    "text": "600",
    "x": 147,
    "y": 1286,
    "page_width": 1241,
    "page_height": 1754,
    "page_no": 18
  },
  {
    "question": "7",
    "text": "7",
    "x": 146,
    "y": 1504,
    "page_width": 1241,
    "page_height": 1754,
    "page_no": 18
  }
]