[
  {
    "question": "1",
    "text": "1",
    "x": 91,
    "y": 283,
    "page_width": 1241,
    "page_height": 1754,
    "page_no": 2
  },
  {
    "question": "2",
    "text": "2",
    "x": 89,
    "y": 282,
    "page_width": 1241,
    "page_height": 1754,
    "page_no": 9
  },
  {
    "question": "3",
    "text": "3",
    "x": 89,
    "y": 282,
    "page_width": 1241,
    "page_height": 1754,
    "page_no": 12
  },
  {
    "question": "11",
    "text": "11.8",
    "x": 91,
    "y": 778,
    "page_width": 1241,
    "page_height": 1754,
    "page_no": 19
  },
  {
    "question": "30",
    "text": "30-minute",
    "x": 90,
    "y": 345,
    "page_width": 1241,
    "page_height": 1754,
    "page_no": 21
  },
  {
    "question": "94",
    "text": "94be22ddd4a8",
    "x": 89,
    "y": 1621,
    "page_width": 1241,
    "page_height": 1754,
    "page_no": 24
  }
]