[
  {
    "question": "7",
    "text": "7a",
    "x": 156,
    "y": 273,
    "page_width": 1241,
    "page_height": 1754,
    "page_no": 6
  },
  {
    "question": "7",
    "text": "7",
    "x": 156,
    "y": 871,
    "page_width": 1241,
    "page_height": 1754,
    "page_no": 6
  },
  {
    "question": "7",
    "text": "7c",
    "x": 156,
    "y": 223,
    "page_width": 1241,
    "page_height": 1754,
    "page_no": 7
  },
  {
    "question": "7",
    "text": "7d",
    "x": 156,
    "y": 948,
    "page_width": 1241,
    "page_height": 1754,
    "page_no": 8
  }
]