[
  {
    "question": "2",
    "text": "2aii",
    "x": 166,
    "y": 200,
    "page_width": 1754,
    "page_height": 1241,
    "page_no": 8
  },
  {
    "question": "2",
    "text": "2bii",
    "x": 166,
    "y": 174,
    "page_width": 1754,
    "page_height": 1241,
    "page_no": 9
  },
  {
    "question": "2",
    "text": "2biii",
    "x": 166,
    "y": 629,
    "page_width": 1754,
    "page_height": 1241,
    "page_no": 9
  },
  {
    "question": "2",
    "text": "2biv",
    "x": 166,
    "y": 204,
    "page_width": 1754,
    "page_height": 1241,
    "page_no": 10
  },
  {
    "question": "2",
    "text": "2bi",
    "x": 163,
    "y": 590,
    "page_width": 1754,
    "page_height": 1241,
    "page_no": 8
  },
  {
    "question": "2",
    "text": "2bv",
    "x": 163,
    "y": 750,
    "page_width": 1754,
    "page_height": 1241,
    "page_no": 10
  },
  {
    "question": "3",
    "text": "3a",
    "x": 163,
    "y": 166,
    "page_width": 1754,
    "page_height": 1241,
    "page_no": 11
  },
  {
    "question": "3",
    "text": "3b",
    "x": 163,
    "y": 443,
    "page_width": 1754,
    "page_height": 1241,
    "page_no": 11
  },
  {
    "question": "3",
    "text": "3ci",
    "x": 163,
    "y": 243,
    "page_width": 1754,
    "page_height": 1241,
    "page_no": 12
  },
  {
    "question": "3",
    "text": "3dii",
    "x": 163,
    "y": 192,
    "page_width": 1754,
    "page_height": 1241,
    "page_no": 15
  },
  {
    "question": "3",
    "text": "3e",
    "x": 163,
    "y": 786,
    "page_width": 1754,
    "page_height": 1241,
    "page_no": 15
  }
]