[
  {
    "question": "1",
    "text": "1",
    "x": 91,
    "y": 310,
    "page_width": 1241,
    "page_height": 1754,
    "page_no": 2
  },
  {
    "question": "2",
    "text": "2.",
    "x": 89,
    "y": 309,
    "page_width": 1241,
    "page_height": 1754,
    "page_no": 8
  },
  {
    "question": "3",
    "text": "3",
    "x": 89,
    "y": 368,
    "page_width": 1241,
    "page_height": 1754,
    "page_no": 13
  },
  {
    "question": "18",
    "text": "180",
    "x": 91,
    "y": 1303,
    "page_width": 1241,
    "page_height": 1754,
    "page_no": 18
  },
  {
    "question": "5",
    "text": "5?r=US&IR=T#virgin-cola-in-a-major-brand-extension-branson-launched-virgin-cola-in-1994-2",
    "x": 90,
    "y": 1550,
    "page_width": 1241,
    "page_height": 1754,
    "page_no": 24
  },
  {
    "question": "5",
    "text": "5",
    "x": 28,
    "y": 360,
    "page_width": 1241,
    "page_height": 1754,
    "page_no": 13
  },
  {
    "question": "5",
    "text": "5",
    "x": 28,
    "y": 422,
    "page_width": 1241,
    "page_height": 1754,
    "page_no": 13
  },
  {
    "question": "4",
    "text": "4",
    "x": 28,
    "y": 455,
    "page_width": 1241,
    "page_height": 1754,
    "page_no": 13
  },
  {
    "question": "2",
    "text": "2}",
    "x": 28,
    "y": 477,
    "page_width": 1241,
    "page_height": 1754,
    "page_no": 13
  },
  {
    "question": "4",
    "text": "4",
    "x": 27,
    "y": 704,
    "page_width": 1241,
    "page_height": 1754,
    "page_no": 13
  },
  {
    "question": "4",
    "text": "4",
    "x": 28,
    "y": 734,
    "page_width": 1241,
    "page_height": 1754,
    "page_no": 13
  },
  {
    "question": "2",
    "text": "2}",
    "x": 28,
    "y": 946,
    "page_width": 1241,
    "page_height": 1754,
    "page_no": 13
  },
  {
    "question": "2",
    "text": "2",
    "x": 28,
    "y": 987,
    "page_width": 1241,
    "page_height": 1754,
    "page_no": 13
  },
  {
    "question": "3",
    "text": "3",
    "x": 28,
    "y": 1347,
    "page_width": 1241,
    "page_height": 1754,
    "page_no": 13
  }
]