[
  {
    "question": "7",
    "text": "7a",
    "x": 161,
    "y": 404,
    "page_width": 1241,
    "page_height": 1754,
    "page_no": 6
  },
  {
    "question": "7",
    "text": "7b",
    "x": 161,
    "y": 251,
    "page_width": 1241,
    "page_height": 1754,
    "page_no": 7
  },
  {
    "question": "7",
    "text": "7c",
    "x": 161,
    "y": 278,
    "page_width": 1241,
    "page_height": 1754,
    "page_no": 8
  },
  {
    "question": "7",
    "text": "7d",
    "x": 161,
    "y": 1390,
    "page_width": 1241,
    "page_height": 1754,
    "page_no": 8
  },
  {
    "question": "7",
    "text": "7e",
    "x": 161,
    "y": 267,
    "page_width": 1241,
    "page_height": 1754,
    "page_no": 10
  },
  {
    "question": "8",
    "text": "8",
    "x": 160,
    "y": 360,
    "page_width": 1241,
    "page_height": 1754,
    "page_no": 12
  },
  {
    "question": "9",
    "text": "9",
    "x": 161,
    "y": 331,
    "page_width": 1241,
    "page_height": 1754,
    "page_no": 14
  }
]