[
  {
    "question": 0,
    "x": 92,
    "y": 1466,
    "page_no": 16,
    "page_width": 1241,
    "page_height": 1754
  },
  {
    "question": 19,
    "x": 106,
    "y": 184,
    "page_no": 16,
    "page_width": 1241,
    "page_height": 1754
  },
  {
    "question": 15,
    "x": 110,
    "y": 859,
    "page_no": 10,
    "page_width": 1241,
    "page_height": 1754
  },
  {
    "question": "1",
    "text": "1",
    "x": 102,
    "y": 159,
    "page_width": 1241,
    "page_height": 1754,
    "page_no": 6
  },
  {
    "question": "10",
    "text": "10",
    "x": 102,
    "y": 513,
    "page_width": 1241,
    "page_height": 1754,
    "page_no": 8
  },
  {
    "question": "11",
    "text": "11a",
    "x": 102,
    "y": 846,
    "page_width": 1241,
    "page_height": 1754,
    "page_no": 8
  },
  {
    "question": "13",
    "text": "13a",
    "x": 102,
    "y": 744,
    "page_width": 1241,
    "page_height": 1754,
    "page_no": 9
  },
  {
    "question": "14",
    "text": "14a",
    "x": 102,
    "y": 215,
    "page_width": 1241,
    "page_height": 1754,
    "page_no": 10
  },
  {
    "question": "2",
    "text": "2",
    "x": 100,
    "y": 482,
    "page_width": 1241,
    "page_height": 1754,
    "page_no": 6
  },
  {
    "question": "3",
    "text": "3",
    "x": 100,
    "y": 992,
    "page_width": 1241,
    "page_height": 1754,
    "page_no": 6
  },
  {
    "question": "4",
    "text": "4",
    "x": 100,
    "y": 1290,
    "page_width": 1241,
    "page_height": 1754,
    "page_no": 6
  },
  {
    "question": "5",
    "text": "5",
    "x": 101,
    "y": 162,
    "page_width": 1241,
    "page_height": 1754,
    "page_no": 7
  },
  {
    "question": "6",
    "text": "6",
    "x": 101,
    "y": 460,
    "page_width": 1241,
    "page_height": 1754,
    "page_no": 7
  },
  {
    "question": "7",
    "text": "7",
    "x": 101,
    "y": 785,
    "page_width": 1241,
    "page_height": 1754,
    "page_no": 7
  },
  {
    "question": "8",
    "text": "8",
    "x": 101,
    "y": 1244,
    "page_width": 1241,
    "page_height": 1754,
    "page_no": 7
  },
  {
    "question": "9",
    "text": "9",
    "x": 100,
    "y": 215,
    "page_width": 1241,
    "page_height": 1754,
    "page_no": 8
  },
  {
    "question": "12",
    "text": "12",
    "x": 98,
    "y": 179,
    "page_width": 1241,
    "page_height": 1754,
    "page_no": 9
  },
  {
    "question": "16",
    "text": "16a",
    "x": 92,
    "y": 180,
    "page_width": 1241,
    "page_height": 1754,
    "page_no": 13
  },
  {
    "question": "17",
    "text": "17a",
    "x": 92,
    "y": 181,
    "page_width": 1241,
    "page_height": 1754,
    "page_no": 14
  },
  {
    "question": "18",
    "text": "18a",
    "x": 92,
    "y": 331,
    "page_width": 1241,
    "page_height": 1754,
    "page_no": 15
  },
  {
    "question": "18",
    "text": "18b",
    "x": 92,
    "y": 851,
    "page_width": 1241,
    "page_height": 1754,
    "page_no": 15
  }
]