[
  {
    "question": "86",
    "text": "86",
    "x": 49,
    "y": 561,
    "page_width": 1240,
    "page_height": 1755,
    "page_no": 9
  },
  {
    "question": "86",
    "text": "86",
    "x": 49,
    "y": 561,
    "page_width": 1240,
    "page_height": 1755,
    "page_no": 13
  },
  {
    "question": "86",
    "text": "86",
    "x": 49,
    "y": 561,
    "page_width": 1240,
    "page_height": 1755,
    "page_no": 17
  },
  {
    "question": "86",
    "text": "86",
    "x": 49,
    "y": 561,
    "page_width": 1240,
    "page_height": 1755,
    "page_no": 21
  },
  {
    "question": "86",
    "text": "86",
    "x": 49,
    "y": 561,
    "page_width": 1240,
    "page_height": 1755,
    "page_no": 25
  },
  {
    "question": "86",
    "text": "86",
    "x": 49,
    "y": 561,
    "page_width": 1240,
    "page_height": 1755,
    "page_no": 27
  }
]