[
  {
    "question": "1",
    "text": "1",
    "x": 97,
    "y": 267,
    "page_width": 1241,
    "page_height": 1755,
    "page_no": 4
  },
  {
    "question": "1",
    "text": "1",
    "x": 97,
    "y": 267,
    "page_width": 1241,
    "page_height": 1755,
    "page_no": 6
  },
  {
    "question": "2",
    "text": "2",
    "x": 96,
    "y": 230,
    "page_width": 1241,
    "page_height": 1755,
    "page_no": 9
  },
  {
    "question": "2",
    "text": "2aii",
    "x": 96,
    "y": 660,
    "page_width": 1241,
    "page_height": 1755,
    "page_no": 9
  },
  {
    "question": "2",
    "text": "2a",
    "x": 96,
    "y": 1165,
    "page_width": 1241,
    "page_height": 1755,
    "page_no": 9
  },
  {
    "question": "2",
    "text": "2a",
    "x": 96,
    "y": 266,
    "page_width": 1241,
    "page_height": 1755,
    "page_no": 10
  },
  {
    "question": "2",
    "text": "2av",
    "x": 96,
    "y": 808,
    "page_width": 1241,
    "page_height": 1755,
    "page_no": 10
  },
  {
    "question": "2",
    "text": "2a",
    "x": 96,
    "y": 1191,
    "page_width": 1241,
    "page_height": 1755,
    "page_no": 10
  },
  {
    "question": "2",
    "text": "2",
    "x": 96,
    "y": 230,
    "page_width": 1241,
    "page_height": 1755,
    "page_no": 11
  },
  {
    "question": "2",
    "text": "2",
    "x": 96,
    "y": 706,
    "page_width": 1241,
    "page_height": 1755,
    "page_no": 11
  },
  {
    "question": "2",
    "text": "2",
    "x": 96,
    "y": 1115,
    "page_width": 1241,
    "page_height": 1755,
    "page_no": 11
  },
  {
    "question": "2",
    "text": "2",
    "x": 96,
    "y": 287,
    "page_width": 1241,
    "page_height": 1755,
    "page_no": 12
  },
  {
    "question": "2",
    "text": "2\u00a2",
    "x": 96,
    "y": 283,
    "page_width": 1241,
    "page_height": 1755,
    "page_no": 13
  },
  {
    "question": "3",
    "text": "3",
    "x": 96,
    "y": 302,
    "page_width": 1241,
    "page_height": 1755,
    "page_no": 15
  },
  {
    "question": "3",
    "text": "3",
    "x": 96,
    "y": 757,
    "page_width": 1241,
    "page_height": 1755,
    "page_no": 15
  },
  {
    "question": "3",
    "text": "3b",
    "x": 96,
    "y": 1155,
    "page_width": 1241,
    "page_height": 1755,
    "page_no": 15
  },
  {
    "question": "3",
    "text": "3",
    "x": 96,
    "y": 302,
    "page_width": 1241,
    "page_height": 1755,
    "page_no": 16
  },
  {
    "question": "3",
    "text": "3biv",
    "x": 96,
    "y": 690,
    "page_width": 1241,
    "page_height": 1755,
    "page_no": 16
  },
  {
    "question": "3",
    "text": "3bv",
    "x": 96,
    "y": 1115,
    "page_width": 1241,
    "page_height": 1755,
    "page_no": 16
  },
  {
    "question": "3",
    "text": "3bvi",
    "x": 96,
    "y": 301,
    "page_width": 1241,
    "page_height": 1755,
    "page_no": 17
  },
  {
    "question": "3",
    "text": "3c",
    "x": 96,
    "y": 266,
    "page_width": 1241,
    "page_height": 1755,
    "page_no": 18
  },
  {
    "question": "4",
    "text": "4a",
    "x": 96,
    "y": 267,
    "page_width": 1241,
    "page_height": 1755,
    "page_no": 19
  },
  {
    "question": "4",
    "text": "4b",
    "x": 96,
    "y": 157,
    "page_width": 1241,
    "page_height": 1755,
    "page_no": 20
  },
  {
    "question": "4",
    "text": "4c",
    "x": 96,
    "y": 870,
    "page_width": 1241,
    "page_height": 1755,
    "page_no": 20
  },
  {
    "question": "4",
    "text": "4cii",
    "x": 96,
    "y": 230,
    "page_width": 1241,
    "page_height": 1755,
    "page_no": 22
  },
  {
    "question": "4",
    "text": "4",
    "x": 96,
    "y": 230,
    "page_width": 1241,
    "page_height": 1755,
    "page_no": 23
  },
  {
    "question": "5",
    "text": "5",
    "x": 96,
    "y": 231,
    "page_width": 1241,
    "page_height": 1755,
    "page_no": 25
  },
  {
    "question": "5",
    "text": "5",
    "x": 96,
    "y": 1084,
    "page_width": 1241,
    "page_height": 1755,
    "page_no": 25
  },
  {
    "question": "5",
    "text": "5",
    "x": 96,
    "y": 231,
    "page_width": 1241,
    "page_height": 1755,
    "page_no": 26
  },
  {
    "question": "5",
    "text": "5",
    "x": 96,
    "y": 231,
    "page_width": 1241,
    "page_height": 1755,
    "page_no": 29
  },
  {
    "question": "6",
    "text": "6",
    "x": 96,
    "y": 230,
    "page_width": 1241,
    "page_height": 1755,
    "page_no": 30
  },
  {
    "question": "6",
    "text": "6",
    "x": 96,
    "y": 750,
    "page_width": 1241,
    "page_height": 1755,
    "page_no": 30
  },
  {
    "question": "6",
    "text": "6",
    "x": 96,
    "y": 230,
    "page_width": 1241,
    "page_height": 1755,
    "page_no": 31
  },
  {
    "question": "6",
    "text": "6",
    "x": 96,
    "y": 660,
    "page_width": 1241,
    "page_height": 1755,
    "page_no": 31
  },
  {
    "question": "6",
    "text": "6e",
    "x": 96,
    "y": 1157,
    "page_width": 1241,
    "page_height": 1755,
    "page_no": 31
  },
  {
    "question": "6",
    "text": "6",
    "x": 96,
    "y": 230,
    "page_width": 1241,
    "page_height": 1755,
    "page_no": 32
  },
  {
    "question": "6",
    "text": "6",
    "x": 96,
    "y": 230,
    "page_width": 1241,
    "page_height": 1755,
    "page_no": 33
  }
]