[
  {
    "question": 0,
    "x": 173,
    "y": 990,
    "page_no": 15,
    "page_width": 1359,
    "page_height": 1873
  },
  {
    "question": "1",
    "text": "1",
    "x": 150,
    "y": 238,
    "page_width": 1359,
    "page_height": 1873,
    "page_no": 2
  },
  {
    "question": "2",
    "text": "2",
    "x": 148,
    "y": 189,
    "page_width": 1359,
    "page_height": 1873,
    "page_no": 4
  },
  {
    "question": "3",
    "text": "3",
    "x": 148,
    "y": 189,
    "page_width": 1359,
    "page_height": 1873,
    "page_no": 7
  },
  {
    "question": "4",
    "text": "4",
    "x": 148,
    "y": 189,
    "page_width": 1359,
    "page_height": 1873,
    "page_no": 10
  },
  {
    "question": "5",
    "text": "5",
    "x": 148,
    "y": 189,
    "page_width": 1359,
    "page_height": 1873,
    "page_no": 14
  },
  {
    "question": "3",
    "text": "3",
    "x": 15,
    "y": 325,
    "page_width": 1359,
    "page_height": 1873,
    "page_no": 17
  },
  {
    "question": "5",
    "text": "5",
    "x": 15,
    "y": 381,
    "page_width": 1359,
    "page_height": 1873,
    "page_no": 17
  },
  {
    "question": "2",
    "text": "2",
    "x": 11,
    "y": 421,
    "page_width": 1359,
    "page_height": 1873,
    "page_no": 17
  },
  {
    "question": "3",
    "text": "3S",
    "x": 11,
    "y": 505,
    "page_width": 1359,
    "page_height": 1873,
    "page_no": 17
  }
]