[
  {
    "question": "1",
    "text": "1b",
    "x": 87,
    "y": 922,
    "page_width": 1241,
    "page_height": 1755,
    "page_no": 4
  },
  {
    "question": "2",
    "text": "2a",
    "x": 86,
    "y": 235,
    "page_width": 1241,
    "page_height": 1755,
    "page_no": 5
  },
  {
    "question": "2",
    "text": "2b",
    "x": 86,
    "y": 1295,
    "page_width": 1241,
    "page_height": 1755,
    "page_no": 5
  },
  {
    "question": "3",
    "text": "3a",
    "x": 86,
    "y": 267,
    "page_width": 1241,
    "page_height": 1755,
    "page_no": 6
  },
  {
    "question": "3",
    "text": "3b",
    "x": 86,
    "y": 1069,
    "page_width": 1241,
    "page_height": 1755,
    "page_no": 6
  },
  {
    "question": "6",
    "text": "6a",
    "x": 86,
    "y": 235,
    "page_width": 1241,
    "page_height": 1755,
    "page_no": 11
  },
  {
    "question": "6",
    "text": "6b",
    "x": 86,
    "y": 800,
    "page_width": 1241,
    "page_height": 1755,
    "page_no": 11
  },
  {
    "question": "7",
    "text": "7a",
    "x": 86,
    "y": 224,
    "page_width": 1241,
    "page_height": 1755,
    "page_no": 12
  },
  {
    "question": "7",
    "text": "7b",
    "x": 86,
    "y": 1038,
    "page_width": 1241,
    "page_height": 1755,
    "page_no": 12
  },
  {
    "question": "11",
    "text": "11a",
    "x": 87,
    "y": 268,
    "page_width": 1241,
    "page_height": 1755,
    "page_no": 18
  },
  {
    "question": "11",
    "text": "11b",
    "x": 87,
    "y": 769,
    "page_width": 1241,
    "page_height": 1755,
    "page_no": 18
  },
  {
    "question": "12",
    "text": "12a",
    "x": 87,
    "y": 255,
    "page_width": 1241,
    "page_height": 1755,
    "page_no": 19
  },
  {
    "question": "12",
    "text": "12b",
    "x": 87,
    "y": 1119,
    "page_width": 1241,
    "page_height": 1755,
    "page_no": 19
  },
  {
    "question": "13",
    "text": "13a",
    "x": 87,
    "y": 173,
    "page_width": 1241,
    "page_height": 1755,
    "page_no": 20
  },
  {
    "question": "13",
    "text": "13b",
    "x": 87,
    "y": 644,
    "page_width": 1241,
    "page_height": 1755,
    "page_no": 20
  },
  {
    "question": "13",
    "text": "13c",
    "x": 87,
    "y": 1228,
    "page_width": 1241,
    "page_height": 1755,
    "page_no": 20
  },
  {
    "question": "2",
    "text": "2",
    "x": 149,
    "y": 451,
    "page_width": 1241,
    "page_height": 1755,
    "page_no": 8
  },
  {
    "question": "3",
    "text": "3",
    "x": 149,
    "y": 595,
    "page_width": 1241,
    "page_height": 1755,
    "page_no": 8
  },
  {
    "question": "2",
    "text": "2",
    "x": 149,
    "y": 451,
    "page_width": 1241,
    "page_height": 1755,
    "page_no": 15
  },
  {
    "question": "3",
    "text": "3",
    "x": 149,
    "y": 595,
    "page_width": 1241,
    "page_height": 1755,
    "page_no": 15
  },
  {
    "question": "4",
    "text": "4",
    "x": 149,
    "y": 741,
    "page_width": 1241,
    "page_height": 1755,
    "page_no": 15
  },
  {
    "question": "2",
    "text": "2",
    "x": 149,
    "y": 438,
    "page_width": 1241,
    "page_height": 1755,
    "page_no": 17
  },
  {
    "question": "3",
    "text": "3",
    "x": 149,
    "y": 583,
    "page_width": 1241,
    "page_height": 1755,
    "page_no": 17
  },
  {
    "question": "4",
    "text": "4",
    "x": 149,
    "y": 791,
    "page_width": 1241,
    "page_height": 1755,
    "page_no": 17
  },
  {
    "question": "2",
    "text": "2",
    "x": 149,
    "y": 451,
    "page_width": 1241,
    "page_height": 1755,
    "page_no": 22
  },
  {
    "question": "3",
    "text": "3",
    "x": 149,
    "y": 595,
    "page_width": 1241,
    "page_height": 1755,
    "page_no": 22
  }
]