[
  {
    "question": 0,
    "x": 92,
    "y": 444,
    "page_no": 19,
    "page_width": 1241,
    "page_height": 1754
  },
  {
    "question": 18,
    "x": 131,
    "y": 184,
    "page_no": 17,
    "page_width": 1241,
    "page_height": 1754
  },
  {
    "question": 14,
    "x": 134,
    "y": 198,
    "page_no": 12,
    "page_width": 1241,
    "page_height": 1754
  },
  {
    "question": 11,
    "x": 134,
    "y": 182,
    "page_no": 7,
    "page_width": 1241,
    "page_height": 1754
  },
  {
    "question": 9,
    "x": 133,
    "y": 1126,
    "page_no": 6,
    "page_width": 1241,
    "page_height": 1754
  },
  {
    "question": 8,
    "x": 131,
    "y": 1017,
    "page_no": 6,
    "page_width": 1241,
    "page_height": 1754
  },
  {
    "question": 7,
    "x": 136,
    "y": 909,
    "page_no": 6,
    "page_width": 1241,
    "page_height": 1754
  },
  {
    "question": 6,
    "x": 136,
    "y": 802,
    "page_no": 6,
    "page_width": 1241,
    "page_height": 1754
  },
  {
    "question": 5,
    "x": 133,
    "y": 698,
    "page_no": 6,
    "page_width": 1241,
    "page_height": 1754
  },
  {
    "question": 4,
    "x": 134,
    "y": 565,
    "page_no": 6,
    "page_width": 1241,
    "page_height": 1754
  },
  {
    "question": 3,
    "x": 133,
    "y": 438,
    "page_no": 6,
    "page_width": 1241,
    "page_height": 1754
  },
  {
    "question": 2,
    "x": 138,
    "y": 333,
    "page_no": 6,
    "page_width": 1241,
    "page_height": 1754
  },
  {
    "question": 1,
    "x": 138,
    "y": 219,
    "page_no": 6,
    "page_width": 1241,
    "page_height": 1754
  },
  {
    "question": "10",
    "text": "10",
    "x": 133,
    "y": 1270,
    "page_width": 1241,
    "page_height": 1754,
    "page_no": 6
  },
  {
    "question": "12",
    "text": "12a",
    "x": 132,
    "y": 194,
    "page_width": 1241,
    "page_height": 1754,
    "page_no": 8
  },
  {
    "question": "13",
    "text": "13a",
    "x": 131,
    "y": 190,
    "page_width": 1241,
    "page_height": 1754,
    "page_no": 10
  },
  {
    "question": "15",
    "text": "15ai",
    "x": 132,
    "y": 204,
    "page_width": 1241,
    "page_height": 1754,
    "page_no": 13
  },
  {
    "question": "16",
    "text": "16a",
    "x": 131,
    "y": 200,
    "page_width": 1241,
    "page_height": 1754,
    "page_no": 14
  },
  {
    "question": "17",
    "text": "17ai",
    "x": 132,
    "y": 198,
    "page_width": 1241,
    "page_height": 1754,
    "page_no": 15
  },
  {
    "question": "18",
    "text": "18cii",
    "x": 133,
    "y": 129,
    "page_width": 1241,
    "page_height": 1754,
    "page_no": 19
  }
]